time,q,raw_price,bid,ask,volume,open_interest,mark_type,stale
2025-04-22T17:00:00Z,0.105,0.105,,,,,trade,false
2025-04-22T18:00:00Z,0.11,0.11,,,,,trade,false
2025-04-22T19:00:00Z,0.105,0.105,,,,,trade,false
2025-04-22T20:00:00Z,0.105,0.105,,,,,trade,false
2025-04-22T21:00:00Z,0.09,0.09,,,,,trade,false
2025-04-22T22:00:00Z,0.095,0.095,,,,,trade,false
2025-04-22T23:00:00Z,0.095,0.095,,,,,trade,false
2025-04-23T00:00:00Z,0.095,0.095,,,,,trade,false
2025-04-23T01:00:00Z,0.095,0.095,,,,,trade,false
2025-04-23T02:00:00Z,0.09,0.09,,,,,trade,false
2025-04-23T03:00:00Z,0.09,0.09,,,,,trade,false
2025-04-23T04:00:00Z,0.09,0.09,,,,,trade,false
2025-04-23T05:00:00Z,0.09,0.09,,,,,trade,false
2025-04-23T06:00:00Z,0.09,0.09,,,,,trade,false
2025-04-23T07:00:00Z,0.09,0.09,,,,,trade,false
2025-04-23T08:00:00Z,0.085,0.085,,,,,trade,false
2025-04-23T09:00:00Z,0.085,0.085,,,,,trade,false
2025-04-23T10:00:00Z,0.085,0.085,,,,,trade,false
2025-04-23T11:00:00Z,0.085,0.085,,,,,trade,false
2025-04-23T12:00:00Z,0.085,0.085,,,,,trade,false
2025-04-23T13:00:00Z,0.085,0.085,,,,,trade,false
2025-04-23T14:00:00Z,0.085,0.085,,,,,trade,false
2025-04-23T15:00:00Z,0.085,0.085,,,,,trade,false
2025-04-23T16:00:00Z,0.085,0.085,,,,,trade,false
2025-04-23T17:00:00Z,0.085,0.085,,,,,trade,false
2025-04-23T18:00:00Z,0.085,0.085,,,,,trade,false
2025-04-23T19:00:00Z,0.085,0.085,,,,,trade,false
2025-04-23T20:00:00Z,0.085,0.085,,,,,trade,false
2025-04-23T21:00:00Z,0.085,0.085,,,,,trade,false
2025-04-23T22:00:00Z,0.085,0.085,,,,,trade,false
2025-04-23T23:00:00Z,0.085,0.085,,,,,trade,false
2025-04-24T00:00:00Z,0.085,0.085,,,,,trade,false
2025-04-24T01:00:00Z,0.085,0.085,,,,,trade,false
2025-04-24T02:00:00Z,0.085,0.085,,,,,trade,false
2025-04-24T03:00:00Z,0.085,0.085,,,,,trade,false
2025-04-24T04:00:00Z,0.09,0.09,,,,,trade,false
2025-04-24T05:00:00Z,0.09,0.09,,,,,trade,false
2025-04-24T06:00:00Z,0.09,0.09,,,,,trade,false
2025-04-24T07:00:00Z,0.09,0.09,,,,,trade,false
2025-04-24T08:00:00Z,0.09,0.09,,,,,trade,false
2025-04-24T09:00:00Z,0.09,0.09,,,,,trade,false
2025-04-24T10:00:00Z,0.09,0.09,,,,,trade,false
2025-04-24T11:00:00Z,0.09,0.09,,,,,trade,false
2025-04-24T12:00:00Z,0.09,0.09,,,,,trade,false
2025-04-24T13:00:00Z,0.09,0.09,,,,,trade,false
2025-04-24T14:00:00Z,0.09,0.09,,,,,trade,false
2025-04-24T15:00:00Z,0.09,0.09,,,,,trade,false
2025-04-24T16:00:00Z,0.09,0.09,,,,,trade,false
2025-04-24T17:00:00Z,0.09,0.09,,,,,trade,false
2025-04-24T18:00:00Z,0.09,0.09,,,,,trade,false
2025-04-24T19:00:00Z,0.09,0.09,,,,,trade,false
2025-04-24T20:00:00Z,0.09,0.09,,,,,trade,false
2025-04-24T21:00:00Z,0.09,0.09,,,,,trade,false
2025-04-24T22:00:00Z,0.09,0.09,,,,,trade,false
2025-04-24T23:00:00Z,0.09,0.09,,,,,trade,false
2025-04-25T00:00:00Z,0.09,0.09,,,,,trade,false
2025-04-25T01:00:00Z,0.09,0.09,,,,,trade,false
2025-04-25T02:00:00Z,0.09,0.09,,,,,trade,false
2025-04-25T03:00:00Z,0.09,0.09,,,,,trade,false
2025-04-25T04:00:00Z,0.09,0.09,,,,,trade,false
2025-04-25T05:00:00Z,0.09,0.09,,,,,trade,false
2025-04-25T06:00:00Z,0.09,0.09,,,,,trade,false
2025-04-25T07:00:00Z,0.09,0.09,,,,,trade,false
2025-04-25T08:00:00Z,0.09,0.09,,,,,trade,false
2025-04-25T09:00:00Z,0.09,0.09,,,,,trade,false
2025-04-25T10:00:00Z,0.09,0.09,,,,,trade,false
2025-04-25T11:00:00Z,0.09,0.09,,,,,trade,false
2025-04-25T12:00:00Z,0.09,0.09,,,,,trade,false
2025-04-25T13:00:00Z,0.09,0.09,,,,,trade,false
2025-04-25T14:00:00Z,0.09,0.09,,,,,trade,false
2025-04-25T15:00:00Z,0.09,0.09,,,,,trade,false
2025-04-25T16:00:00Z,0.09,0.09,,,,,trade,false
2025-04-25T17:00:00Z,0.09,0.09,,,,,trade,false
2025-04-25T18:00:00Z,0.09,0.09,,,,,trade,false
2025-04-25T19:00:00Z,0.09,0.09,,,,,trade,false
2025-04-25T20:00:00Z,0.09,0.09,,,,,trade,false
2025-04-25T21:00:00Z,0.09,0.09,,,,,trade,false
2025-04-25T22:00:00Z,0.09,0.09,,,,,trade,false
2025-04-25T23:00:00Z,0.09,0.09,,,,,trade,false
2025-04-26T00:00:00Z,0.09,0.09,,,,,trade,false
2025-04-26T01:00:00Z,0.09,0.09,,,,,trade,false
2025-04-26T02:00:00Z,0.09,0.09,,,,,trade,false
2025-04-26T03:00:00Z,0.09,0.09,,,,,trade,false
2025-04-26T04:00:00Z,0.09,0.09,,,,,trade,false
2025-04-26T05:00:00Z,0.09,0.09,,,,,trade,false
2025-04-26T06:00:00Z,0.09,0.09,,,,,trade,false
2025-04-26T07:00:00Z,0.09,0.09,,,,,trade,false
2025-04-26T08:00:00Z,0.09,0.09,,,,,trade,false
2025-04-26T09:00:00Z,0.09,0.09,,,,,trade,false
2025-04-26T10:00:00Z,0.09,0.09,,,,,trade,false
2025-04-26T11:00:00Z,0.09,0.09,,,,,trade,false
2025-04-26T12:00:00Z,0.09,0.09,,,,,trade,false
2025-04-26T13:00:00Z,0.09,0.09,,,,,trade,false
2025-04-26T14:00:00Z,0.09,0.09,,,,,trade,false
2025-04-26T15:00:00Z,0.09,0.09,,,,,trade,false
2025-04-26T16:00:00Z,0.09,0.09,,,,,trade,false
2025-04-26T17:00:00Z,0.09,0.09,,,,,trade,false
2025-04-26T18:00:00Z,0.09,0.09,,,,,trade,false
2025-04-26T19:00:00Z,0.09,0.09,,,,,trade,false
2025-04-26T20:00:00Z,0.09,0.09,,,,,trade,false
2025-04-26T21:00:00Z,0.09,0.09,,,,,trade,false
2025-04-26T22:00:00Z,0.08,0.08,,,,,trade,false
2025-04-26T23:00:00Z,0.08,0.08,,,,,trade,false
2025-04-27T00:00:00Z,0.08,0.08,,,,,trade,false
2025-04-27T01:00:00Z,0.08,0.08,,,,,trade,false
2025-04-27T02:00:00Z,0.08,0.08,,,,,trade,false
2025-04-27T03:00:00Z,0.08,0.08,,,,,trade,false
2025-04-27T04:00:00Z,0.08,0.08,,,,,trade,false
2025-04-27T05:00:00Z,0.08,0.08,,,,,trade,false
2025-04-27T06:00:00Z,0.08,0.08,,,,,trade,false
2025-04-27T07:00:00Z,0.08,0.08,,,,,trade,false
2025-04-27T08:00:00Z,0.08,0.08,,,,,trade,false
2025-04-27T09:00:00Z,0.08,0.08,,,,,trade,false
2025-04-27T10:00:00Z,0.08,0.08,,,,,trade,false
2025-04-27T11:00:00Z,0.08,0.08,,,,,trade,false
2025-04-27T12:00:00Z,0.08,0.08,,,,,trade,false
2025-04-27T13:00:00Z,0.08,0.08,,,,,trade,false
2025-04-27T14:00:00Z,0.08,0.08,,,,,trade,false
2025-04-27T15:00:00Z,0.08,0.08,,,,,trade,false
2025-04-27T16:00:00Z,0.08,0.08,,,,,trade,false
2025-04-27T17:00:00Z,0.08,0.08,,,,,trade,false
2025-04-27T18:00:00Z,0.08,0.08,,,,,trade,false
2025-04-27T19:00:00Z,0.08,0.08,,,,,trade,false
2025-04-27T20:00:00Z,0.08,0.08,,,,,trade,false
2025-04-27T21:00:00Z,0.08,0.08,,,,,trade,false
2025-04-27T22:00:00Z,0.08,0.08,,,,,trade,false
2025-04-27T23:00:00Z,0.08,0.08,,,,,trade,false
2025-04-28T00:00:00Z,0.08,0.08,,,,,trade,false
2025-04-28T01:00:00Z,0.08,0.08,,,,,trade,false
2025-04-28T02:00:00Z,0.08,0.08,,,,,trade,false
2025-04-28T03:00:00Z,0.08,0.08,,,,,trade,false
2025-04-28T04:00:00Z,0.08,0.08,,,,,trade,false
2025-04-28T05:00:00Z,0.08,0.08,,,,,trade,false
2025-04-28T06:00:00Z,0.08,0.08,,,,,trade,false
2025-04-28T07:00:00Z,0.08,0.08,,,,,trade,false
2025-04-28T08:00:00Z,0.08,0.08,,,,,trade,false
2025-04-28T09:00:00Z,0.08,0.08,,,,,trade,false
2025-04-28T10:00:00Z,0.08,0.08,,,,,trade,false
2025-04-28T11:00:00Z,0.08,0.08,,,,,trade,false
2025-04-28T12:00:00Z,0.08,0.08,,,,,trade,false
2025-04-28T13:00:00Z,0.08,0.08,,,,,trade,false
2025-04-28T14:00:00Z,0.08,0.08,,,,,trade,false
2025-04-28T15:00:00Z,0.08,0.08,,,,,trade,false
2025-04-28T16:00:00Z,0.08,0.08,,,,,trade,false
2025-04-28T17:00:00Z,0.08,0.08,,,,,trade,false
2025-04-28T18:00:00Z,0.08,0.08,,,,,trade,false
2025-04-28T19:00:00Z,0.08,0.08,,,,,trade,false
2025-04-28T20:00:00Z,0.08,0.08,,,,,trade,false
2025-04-28T21:00:00Z,0.08,0.08,,,,,trade,false
2025-04-28T22:00:00Z,0.08,0.08,,,,,trade,false
2025-04-28T23:00:00Z,0.08,0.08,,,,,trade,false
2025-04-29T00:00:00Z,0.08,0.08,,,,,trade,false
2025-04-29T01:00:00Z,0.08,0.08,,,,,trade,false
2025-04-29T02:00:00Z,0.08,0.08,,,,,trade,false
2025-04-29T03:00:00Z,0.08,0.08,,,,,trade,false
2025-04-29T04:00:00Z,0.08,0.08,,,,,trade,false
2025-04-29T05:00:00Z,0.08,0.08,,,,,trade,false
2025-04-29T06:00:00Z,0.08,0.08,,,,,trade,false
2025-04-29T07:00:00Z,0.08,0.08,,,,,trade,false
2025-04-29T08:00:00Z,0.08,0.08,,,,,trade,false
2025-04-29T09:00:00Z,0.08,0.08,,,,,trade,false
2025-04-29T10:00:00Z,0.08,0.08,,,,,trade,false
2025-04-29T11:00:00Z,0.08,0.08,,,,,trade,false
2025-04-29T12:00:00Z,0.08,0.08,,,,,trade,false
2025-04-29T13:00:00Z,0.08,0.08,,,,,trade,false
2025-04-29T14:00:00Z,0.08,0.08,,,,,trade,false
2025-04-29T15:00:00Z,0.08,0.08,,,,,trade,false
2025-04-29T16:00:00Z,0.08,0.08,,,,,trade,false
2025-04-29T17:00:00Z,0.08,0.08,,,,,trade,false
2025-04-29T18:00:00Z,0.08,0.08,,,,,trade,false
2025-04-29T19:00:00Z,0.08,0.08,,,,,trade,false
2025-04-29T20:00:00Z,0.08,0.08,,,,,trade,false
2025-04-29T21:00:00Z,0.08,0.08,,,,,trade,false
2025-04-29T22:00:00Z,0.08,0.08,,,,,trade,false
2025-04-29T23:00:00Z,0.08,0.08,,,,,trade,false
2025-04-30T00:00:00Z,0.08,0.08,,,,,trade,false
2025-04-30T01:00:00Z,0.08,0.08,,,,,trade,false
2025-04-30T02:00:00Z,0.08,0.08,,,,,trade,false
2025-04-30T03:00:00Z,0.08,0.08,,,,,trade,false
2025-04-30T04:00:00Z,0.08,0.08,,,,,trade,false
2025-04-30T05:00:00Z,0.08,0.08,,,,,trade,false
2025-04-30T06:00:00Z,0.08,0.08,,,,,trade,false
2025-04-30T07:00:00Z,0.08,0.08,,,,,trade,false
2025-04-30T08:00:00Z,0.08,0.08,,,,,trade,false
2025-04-30T09:00:00Z,0.08,0.08,,,,,trade,false
2025-04-30T10:00:00Z,0.08,0.08,,,,,trade,false
2025-04-30T11:00:00Z,0.08,0.08,,,,,trade,false
2025-04-30T12:00:00Z,0.08,0.08,,,,,trade,false
2025-04-30T13:00:00Z,0.08,0.08,,,,,trade,false
2025-04-30T14:00:00Z,0.08,0.08,,,,,trade,false
2025-04-30T15:00:00Z,0.08,0.08,,,,,trade,false
2025-04-30T16:00:00Z,0.08,0.08,,,,,trade,false
2025-04-30T17:00:00Z,0.08,0.08,,,,,trade,false
2025-04-30T18:00:00Z,0.08,0.08,,,,,trade,false
2025-04-30T19:00:00Z,0.08,0.08,,,,,trade,false
2025-04-30T20:00:00Z,0.08,0.08,,,,,trade,false
2025-04-30T21:00:00Z,0.08,0.08,,,,,trade,false
2025-04-30T22:00:00Z,0.08,0.08,,,,,trade,false
2025-04-30T23:00:00Z,0.08,0.08,,,,,trade,false
2025-05-01T00:00:00Z,0.08,0.08,,,,,trade,false
2025-05-01T01:00:00Z,0.08,0.08,,,,,trade,false
2025-05-01T02:00:00Z,0.08,0.08,,,,,trade,false
2025-05-01T03:00:00Z,0.08,0.08,,,,,trade,false
2025-05-01T04:00:00Z,0.08,0.08,,,,,trade,false
2025-05-01T05:00:00Z,0.08,0.08,,,,,trade,false
2025-05-01T06:00:00Z,0.08,0.08,,,,,trade,false
2025-05-01T07:00:00Z,0.08,0.08,,,,,trade,false
2025-05-01T08:00:00Z,0.08,0.08,,,,,trade,false
2025-05-01T09:00:00Z,0.08,0.08,,,,,trade,false
2025-05-01T10:00:00Z,0.08,0.08,,,,,trade,false
2025-05-01T11:00:00Z,0.08,0.08,,,,,trade,false
2025-05-01T12:00:00Z,0.08,0.08,,,,,trade,false
2025-05-01T13:00:00Z,0.08,0.08,,,,,trade,false
2025-05-01T14:00:00Z,0.08,0.08,,,,,trade,false
2025-05-01T15:00:00Z,0.08,0.08,,,,,trade,false
2025-05-01T16:00:00Z,0.08,0.08,,,,,trade,false
2025-05-01T17:00:00Z,0.08,0.08,,,,,trade,false
2025-05-01T18:00:00Z,0.08,0.08,,,,,trade,false
2025-05-01T19:00:00Z,0.08,0.08,,,,,trade,false
2025-05-01T20:00:00Z,0.08,0.08,,,,,trade,false
2025-05-01T21:00:00Z,0.08,0.08,,,,,trade,false
2025-05-01T22:00:00Z,0.08,0.08,,,,,trade,false
2025-05-01T23:00:00Z,0.08,0.08,,,,,trade,false
2025-05-02T00:00:00Z,0.08,0.08,,,,,trade,false
2025-05-02T01:00:00Z,0.08,0.08,,,,,trade,false
2025-05-02T02:00:00Z,0.08,0.08,,,,,trade,false
2025-05-02T03:00:00Z,0.08,0.08,,,,,trade,false
2025-05-02T04:00:00Z,0.08,0.08,,,,,trade,false
2025-05-02T05:00:00Z,0.08,0.08,,,,,trade,false
2025-05-02T06:00:00Z,0.08,0.08,,,,,trade,false
2025-05-02T07:00:00Z,0.08,0.08,,,,,trade,false
2025-05-02T08:00:00Z,0.08,0.08,,,,,trade,false
2025-05-02T09:00:00Z,0.08,0.08,,,,,trade,false
2025-05-02T10:00:00Z,0.08,0.08,,,,,trade,false
2025-05-02T11:00:00Z,0.08,0.08,,,,,trade,false
2025-05-02T12:00:00Z,0.08,0.08,,,,,trade,false
2025-05-02T13:00:00Z,0.08,0.08,,,,,trade,false
2025-05-02T14:00:00Z,0.08,0.08,,,,,trade,false
2025-05-02T15:00:00Z,0.08,0.08,,,,,trade,false
2025-05-02T16:00:00Z,0.08,0.08,,,,,trade,false
2025-05-02T17:00:00Z,0.08,0.08,,,,,trade,false
2025-05-02T18:00:00Z,0.08,0.08,,,,,trade,false
2025-05-02T19:00:00Z,0.08,0.08,,,,,trade,false
2025-05-02T20:00:00Z,0.08,0.08,,,,,trade,false
2025-05-02T21:00:00Z,0.08,0.08,,,,,trade,false
2025-05-02T22:00:00Z,0.08,0.08,,,,,trade,false
2025-05-02T23:00:00Z,0.08,0.08,,,,,trade,false
2025-05-03T00:00:00Z,0.08,0.08,,,,,trade,false
2025-05-03T01:00:00Z,0.08,0.08,,,,,trade,false
2025-05-03T02:00:00Z,0.08,0.08,,,,,trade,false
2025-05-03T03:00:00Z,0.08,0.08,,,,,trade,false
2025-05-03T04:00:00Z,0.08,0.08,,,,,trade,false
2025-05-03T05:00:00Z,0.08,0.08,,,,,trade,false
2025-05-03T06:00:00Z,0.08,0.08,,,,,trade,false
2025-05-03T07:00:00Z,0.08,0.08,,,,,trade,false
2025-05-03T08:00:00Z,0.08,0.08,,,,,trade,false
2025-05-03T09:00:00Z,0.08,0.08,,,,,trade,false
2025-05-03T10:00:00Z,0.08,0.08,,,,,trade,false
2025-05-03T11:00:00Z,0.08,0.08,,,,,trade,false
2025-05-03T12:00:00Z,0.08,0.08,,,,,trade,false
2025-05-03T13:00:00Z,0.08,0.08,,,,,trade,false
2025-05-03T14:00:00Z,0.08,0.08,,,,,trade,false
2025-05-03T15:00:00Z,0.08,0.08,,,,,trade,false
2025-05-03T16:00:00Z,0.08,0.08,,,,,trade,false
2025-05-03T17:00:00Z,0.08,0.08,,,,,trade,false
2025-05-03T18:00:00Z,0.08,0.08,,,,,trade,false
2025-05-03T19:00:00Z,0.08,0.08,,,,,trade,false
2025-05-03T20:00:00Z,0.08,0.08,,,,,trade,false
2025-05-03T21:00:00Z,0.08,0.08,,,,,trade,false
2025-05-03T22:00:00Z,0.08,0.08,,,,,trade,false
2025-05-03T23:00:00Z,0.08,0.08,,,,,trade,false
2025-05-04T00:00:00Z,0.08,0.08,,,,,trade,false
2025-05-04T01:00:00Z,0.08,0.08,,,,,trade,false
2025-05-04T02:00:00Z,0.08,0.08,,,,,trade,false
2025-05-04T03:00:00Z,0.08,0.08,,,,,trade,false
2025-05-04T04:00:00Z,0.08,0.08,,,,,trade,false
2025-05-04T05:00:00Z,0.08,0.08,,,,,trade,false
2025-05-04T06:00:00Z,0.08,0.08,,,,,trade,false
2025-05-04T07:00:00Z,0.08,0.08,,,,,trade,false
2025-05-04T08:00:00Z,0.08,0.08,,,,,trade,false
2025-05-04T09:00:00Z,0.08,0.08,,,,,trade,false
2025-05-04T10:00:00Z,0.08,0.08,,,,,trade,false
2025-05-04T11:00:00Z,0.08,0.08,,,,,trade,false
2025-05-04T12:00:00Z,0.08,0.08,,,,,trade,false
2025-05-04T13:00:00Z,0.08,0.08,,,,,trade,false
2025-05-04T14:00:00Z,0.08,0.08,,,,,trade,false
2025-05-04T15:00:00Z,0.08,0.08,,,,,trade,false
2025-05-04T16:00:00Z,0.08,0.08,,,,,trade,false
2025-05-04T17:00:00Z,0.08,0.08,,,,,trade,false
2025-05-04T18:00:00Z,0.08,0.08,,,,,trade,false
2025-05-04T19:00:00Z,0.08,0.08,,,,,trade,false
2025-05-04T20:00:00Z,0.08,0.08,,,,,trade,false
2025-05-04T21:00:00Z,0.08,0.08,,,,,trade,false
2025-05-04T22:00:00Z,0.08,0.08,,,,,trade,false
2025-05-04T23:00:00Z,0.08,0.08,,,,,trade,false
2025-05-05T00:00:00Z,0.08,0.08,,,,,trade,false
2025-05-05T01:00:00Z,0.08,0.08,,,,,trade,false
2025-05-05T02:00:00Z,0.08,0.08,,,,,trade,false
2025-05-05T03:00:00Z,0.08,0.08,,,,,trade,false
2025-05-05T04:00:00Z,0.08,0.08,,,,,trade,false
2025-05-05T05:00:00Z,0.08,0.08,,,,,trade,false
2025-05-05T06:00:00Z,0.08,0.08,,,,,trade,false
2025-05-05T07:00:00Z,0.08,0.08,,,,,trade,false
2025-05-05T08:00:00Z,0.08,0.08,,,,,trade,false
2025-05-05T09:00:00Z,0.08,0.08,,,,,trade,false
2025-05-05T10:00:00Z,0.08,0.08,,,,,trade,false
2025-05-05T11:00:00Z,0.08,0.08,,,,,trade,false
2025-05-05T12:00:00Z,0.08,0.08,,,,,trade,false
2025-05-05T13:00:00Z,0.08,0.08,,,,,trade,false
2025-05-05T14:00:00Z,0.08,0.08,,,,,trade,false
2025-05-05T15:00:00Z,0.08,0.08,,,,,trade,false
2025-05-05T16:00:00Z,0.08,0.08,,,,,trade,false
2025-05-05T17:00:00Z,0.08,0.08,,,,,trade,false
2025-05-05T18:00:00Z,0.08,0.08,,,,,trade,false
2025-05-05T19:00:00Z,0.08,0.08,,,,,trade,false
2025-05-05T20:00:00Z,0.08,0.08,,,,,trade,false
2025-05-05T21:00:00Z,0.08,0.08,,,,,trade,false
2025-05-05T22:00:00Z,0.08,0.08,,,,,trade,false
2025-05-05T23:00:00Z,0.08,0.08,,,,,trade,false
2025-05-06T00:00:00Z,0.08,0.08,,,,,trade,false
2025-05-06T01:00:00Z,0.08,0.08,,,,,trade,false
2025-05-06T02:00:00Z,0.08,0.08,,,,,trade,false
2025-05-06T03:00:00Z,0.08,0.08,,,,,trade,false
2025-05-06T04:00:00Z,0.08,0.08,,,,,trade,false
2025-05-06T05:00:00Z,0.08,0.08,,,,,trade,false
2025-05-06T06:00:00Z,0.08,0.08,,,,,trade,false
2025-05-06T07:00:00Z,0.08,0.08,,,,,trade,false
2025-05-06T08:00:00Z,0.08,0.08,,,,,trade,false
2025-05-06T09:00:00Z,0.08,0.08,,,,,trade,false
2025-05-06T10:00:00Z,0.08,0.08,,,,,trade,false
2025-05-06T11:00:00Z,0.08,0.08,,,,,trade,false
2025-05-06T12:00:00Z,0.08,0.08,,,,,trade,false
2025-05-06T13:00:00Z,0.08,0.08,,,,,trade,false
2025-05-06T14:00:00Z,0.08,0.08,,,,,trade,false
2025-05-06T15:00:00Z,0.08,0.08,,,,,trade,false
2025-05-06T16:00:00Z,0.08,0.08,,,,,trade,false
2025-05-06T17:00:00Z,0.08,0.08,,,,,trade,false
2025-05-06T18:00:00Z,0.08,0.08,,,,,trade,false
2025-05-06T19:00:00Z,0.08,0.08,,,,,trade,false
2025-05-06T20:00:00Z,0.08,0.08,,,,,trade,false
2025-05-06T21:00:00Z,0.08,0.08,,,,,trade,false
2025-05-06T22:00:00Z,0.08,0.08,,,,,trade,false
2025-05-06T23:00:00Z,0.08,0.08,,,,,trade,false
2025-05-07T00:00:00Z,0.08,0.08,,,,,trade,false
2025-05-07T01:00:00Z,0.08,0.08,,,,,trade,false
2025-05-07T02:00:00Z,0.08,0.08,,,,,trade,false
2025-05-07T03:00:00Z,0.08,0.08,,,,,trade,false
2025-05-07T04:00:00Z,0.08,0.08,,,,,trade,false
2025-05-07T05:00:00Z,0.08,0.08,,,,,trade,false
2025-05-07T06:00:00Z,0.08,0.08,,,,,trade,false
2025-05-07T07:00:00Z,0.08,0.08,,,,,trade,false
2025-05-07T08:00:00Z,0.08,0.08,,,,,trade,false
2025-05-07T09:00:00Z,0.08,0.08,,,,,trade,false
2025-05-07T10:00:00Z,0.08,0.08,,,,,trade,false
2025-05-07T11:00:00Z,0.08,0.08,,,,,trade,false
2025-05-07T12:00:00Z,0.08,0.08,,,,,trade,false
2025-05-07T13:00:00Z,0.075,0.075,,,,,trade,false
2025-05-07T14:00:00Z,0.07,0.07,,,,,trade,false
2025-05-07T15:00:00Z,0.07,0.07,,,,,trade,false
2025-05-07T16:00:00Z,0.07,0.07,,,,,trade,false
2025-05-07T17:00:00Z,0.07,0.07,,,,,trade,false
2025-05-07T18:00:00Z,0.07,0.07,,,,,trade,false
2025-05-07T19:00:00Z,0.07,0.07,,,,,trade,false
2025-05-07T20:00:00Z,0.07,0.07,,,,,trade,false
2025-05-07T21:00:00Z,0.07,0.07,,,,,trade,false
2025-05-07T22:00:00Z,0.07,0.07,,,,,trade,false
2025-05-07T23:00:00Z,0.07,0.07,,,,,trade,false
2025-05-08T00:00:00Z,0.07,0.07,,,,,trade,false
2025-05-08T01:00:00Z,0.07,0.07,,,,,trade,false
2025-05-08T02:00:00Z,0.07,0.07,,,,,trade,false
2025-05-08T03:00:00Z,0.07,0.07,,,,,trade,false
2025-05-08T04:00:00Z,0.07,0.07,,,,,trade,false
2025-05-08T05:00:00Z,0.07,0.07,,,,,trade,false
2025-05-08T06:00:00Z,0.07,0.07,,,,,trade,false
2025-05-08T07:00:00Z,0.07,0.07,,,,,trade,false
2025-05-08T08:00:00Z,0.07,0.07,,,,,trade,false
2025-05-08T09:00:00Z,0.07,0.07,,,,,trade,false
2025-05-08T10:00:00Z,0.07,0.07,,,,,trade,false
2025-05-08T11:00:00Z,0.07,0.07,,,,,trade,false
2025-05-08T12:00:00Z,0.07,0.07,,,,,trade,false
2025-05-08T13:00:00Z,0.07,0.07,,,,,trade,false
2025-05-08T14:00:00Z,0.07,0.07,,,,,trade,false
2025-05-08T15:00:00Z,0.07,0.07,,,,,trade,false
2025-05-08T16:00:00Z,0.07,0.07,,,,,trade,false
2025-05-08T17:00:00Z,0.07,0.07,,,,,trade,false
2025-05-08T18:00:00Z,0.07,0.07,,,,,trade,false
2025-05-08T19:00:00Z,0.07,0.07,,,,,trade,false
2025-05-08T20:00:00Z,0.07,0.07,,,,,trade,false
2025-05-08T21:00:00Z,0.07,0.07,,,,,trade,false
2025-05-08T22:00:00Z,0.07,0.07,,,,,trade,false
2025-05-08T23:00:00Z,0.07,0.07,,,,,trade,false
2025-05-09T00:00:00Z,0.07,0.07,,,,,trade,false
2025-05-09T01:00:00Z,0.07,0.07,,,,,trade,false
2025-05-09T02:00:00Z,0.07,0.07,,,,,trade,false
2025-05-09T03:00:00Z,0.07,0.07,,,,,trade,false
2025-05-09T04:00:00Z,0.07,0.07,,,,,trade,false
2025-05-09T05:00:00Z,0.07,0.07,,,,,trade,false
2025-05-09T06:00:00Z,0.07,0.07,,,,,trade,false
2025-05-09T07:00:00Z,0.07,0.07,,,,,trade,false
2025-05-09T08:00:00Z,0.07,0.07,,,,,trade,false
2025-05-09T09:00:00Z,0.07,0.07,,,,,trade,false
2025-05-09T10:00:00Z,0.07,0.07,,,,,trade,false
2025-05-09T11:00:00Z,0.07,0.07,,,,,trade,false
2025-05-09T12:00:00Z,0.07,0.07,,,,,trade,false
2025-05-09T13:00:00Z,0.07,0.07,,,,,trade,false
2025-05-09T14:00:00Z,0.07,0.07,,,,,trade,false
2025-05-09T15:00:00Z,0.07,0.07,,,,,trade,false
2025-05-09T16:00:00Z,0.07,0.07,,,,,trade,false
2025-05-09T17:00:00Z,0.07,0.07,,,,,trade,false
2025-05-09T18:00:00Z,0.07,0.07,,,,,trade,false
2025-05-09T19:00:00Z,0.07,0.07,,,,,trade,false
2025-05-09T20:00:00Z,0.07,0.07,,,,,trade,false
2025-05-09T21:00:00Z,0.07,0.07,,,,,trade,false
2025-05-09T22:00:00Z,0.07,0.07,,,,,trade,false
2025-05-09T23:00:00Z,0.07,0.07,,,,,trade,false
2025-05-10T00:00:00Z,0.07,0.07,,,,,trade,false
2025-05-10T01:00:00Z,0.07,0.07,,,,,trade,false
2025-05-10T02:00:00Z,0.07,0.07,,,,,trade,false
2025-05-10T03:00:00Z,0.07,0.07,,,,,trade,false
2025-05-10T04:00:00Z,0.07,0.07,,,,,trade,false
2025-05-10T05:00:00Z,0.07,0.07,,,,,trade,false
2025-05-10T06:00:00Z,0.07,0.07,,,,,trade,false
2025-05-10T07:00:00Z,0.07,0.07,,,,,trade,false
2025-05-10T08:00:00Z,0.07,0.07,,,,,trade,false
2025-05-10T09:00:00Z,0.07,0.07,,,,,trade,false
2025-05-10T10:00:00Z,0.07,0.07,,,,,trade,false
2025-05-10T11:00:00Z,0.07,0.07,,,,,trade,false
2025-05-10T12:00:00Z,0.07,0.07,,,,,trade,false
2025-05-10T13:00:00Z,0.07,0.07,,,,,trade,false
2025-05-10T14:00:00Z,0.07,0.07,,,,,trade,false
2025-05-10T15:00:00Z,0.07,0.07,,,,,trade,false
2025-05-10T16:00:00Z,0.07,0.07,,,,,trade,false
2025-05-10T17:00:00Z,0.07,0.07,,,,,trade,false
2025-05-10T18:00:00Z,0.07,0.07,,,,,trade,false
2025-05-10T19:00:00Z,0.07,0.07,,,,,trade,false
2025-05-10T20:00:00Z,0.07,0.07,,,,,trade,false
2025-05-10T21:00:00Z,0.07,0.07,,,,,trade,false
2025-05-10T22:00:00Z,0.07,0.07,,,,,trade,false
2025-05-10T23:00:00Z,0.07,0.07,,,,,trade,false
2025-05-11T00:00:00Z,0.07,0.07,,,,,trade,false
2025-05-11T01:00:00Z,0.07,0.07,,,,,trade,false
2025-05-11T02:00:00Z,0.07,0.07,,,,,trade,false
2025-05-11T03:00:00Z,0.07,0.07,,,,,trade,false
2025-05-11T04:00:00Z,0.07,0.07,,,,,trade,false
2025-05-11T05:00:00Z,0.07,0.07,,,,,trade,false
2025-05-11T06:00:00Z,0.07,0.07,,,,,trade,false
2025-05-11T07:00:00Z,0.07,0.07,,,,,trade,false
2025-05-11T08:00:00Z,0.07,0.07,,,,,trade,false
2025-05-11T09:00:00Z,0.07,0.07,,,,,trade,false
2025-05-11T10:00:00Z,0.07,0.07,,,,,trade,false
2025-05-11T11:00:00Z,0.07,0.07,,,,,trade,false
2025-05-11T12:00:00Z,0.07,0.07,,,,,trade,false
2025-05-11T13:00:00Z,0.07,0.07,,,,,trade,false
2025-05-11T14:00:00Z,0.07,0.07,,,,,trade,false
2025-05-11T15:00:00Z,0.07,0.07,,,,,trade,false
2025-05-11T16:00:00Z,0.07,0.07,,,,,trade,false
2025-05-11T17:00:00Z,0.07,0.07,,,,,trade,false
2025-05-11T18:00:00Z,0.07,0.07,,,,,trade,false
2025-05-11T19:00:00Z,0.07,0.07,,,,,trade,false
2025-05-11T20:00:00Z,0.07,0.07,,,,,trade,false
2025-05-11T21:00:00Z,0.07,0.07,,,,,trade,false
2025-05-11T22:00:00Z,0.07,0.07,,,,,trade,false
2025-05-11T23:00:00Z,0.07,0.07,,,,,trade,false
2025-05-12T00:00:00Z,0.07,0.07,,,,,trade,false
2025-05-12T01:00:00Z,0.07,0.07,,,,,trade,false
2025-05-12T02:00:00Z,0.07,0.07,,,,,trade,false
2025-05-12T03:00:00Z,0.07,0.07,,,,,trade,false
2025-05-12T04:00:00Z,0.07,0.07,,,,,trade,false
2025-05-12T05:00:00Z,0.07,0.07,,,,,trade,false
2025-05-12T06:00:00Z,0.07,0.07,,,,,trade,false
2025-05-12T07:00:00Z,0.07,0.07,,,,,trade,false
2025-05-12T08:00:00Z,0.07,0.07,,,,,trade,false
2025-05-12T09:00:00Z,0.07,0.07,,,,,trade,false
2025-05-12T10:00:00Z,0.07,0.07,,,,,trade,false
2025-05-12T11:00:00Z,0.07,0.07,,,,,trade,false
2025-05-12T12:00:00Z,0.07,0.07,,,,,trade,false
2025-05-12T13:00:00Z,0.07,0.07,,,,,trade,false
2025-05-12T14:00:00Z,0.07,0.07,,,,,trade,false
2025-05-12T15:00:00Z,0.07,0.07,,,,,trade,false
2025-05-12T16:00:00Z,0.07,0.07,,,,,trade,false
2025-05-12T17:00:00Z,0.07,0.07,,,,,trade,false
2025-05-12T18:00:00Z,0.07,0.07,,,,,trade,false
2025-05-12T19:00:00Z,0.07,0.07,,,,,trade,false
2025-05-12T20:00:00Z,0.07,0.07,,,,,trade,false
2025-05-12T21:00:00Z,0.07,0.07,,,,,trade,false
2025-05-12T22:00:00Z,0.07,0.07,,,,,trade,false
2025-05-12T23:00:00Z,0.07,0.07,,,,,trade,false
2025-05-13T00:00:00Z,0.07,0.07,,,,,trade,false
2025-05-13T01:00:00Z,0.07,0.07,,,,,trade,false
2025-05-13T02:00:00Z,0.07,0.07,,,,,trade,false
2025-05-13T03:00:00Z,0.07,0.07,,,,,trade,false
2025-05-13T04:00:00Z,0.07,0.07,,,,,trade,false
2025-05-13T05:00:00Z,0.07,0.07,,,,,trade,false
2025-05-13T06:00:00Z,0.07,0.07,,,,,trade,false
2025-05-13T07:00:00Z,0.07,0.07,,,,,trade,false
2025-05-13T08:00:00Z,0.07,0.07,,,,,trade,false
2025-05-13T09:00:00Z,0.07,0.07,,,,,trade,false
2025-05-13T10:00:00Z,0.07,0.07,,,,,trade,false
2025-05-13T11:00:00Z,0.07,0.07,,,,,trade,false
2025-05-13T12:00:00Z,0.07,0.07,,,,,trade,false
2025-05-13T13:00:00Z,0.07,0.07,,,,,trade,false
2025-05-13T14:00:00Z,0.07,0.07,,,,,trade,false
2025-05-13T15:00:00Z,0.07,0.07,,,,,trade,false
2025-05-13T16:00:00Z,0.07,0.07,,,,,trade,false
2025-05-13T17:00:00Z,0.07,0.07,,,,,trade,false
2025-05-13T18:00:00Z,0.07,0.07,,,,,trade,false
2025-05-13T19:00:00Z,0.07,0.07,,,,,trade,false
2025-05-13T20:00:00Z,0.07,0.07,,,,,trade,false
2025-05-13T21:00:00Z,0.07,0.07,,,,,trade,false
2025-05-13T22:00:00Z,0.07,0.07,,,,,trade,false
2025-05-13T23:00:00Z,0.07,0.07,,,,,trade,false
2025-05-14T00:00:00Z,0.07,0.07,,,,,trade,false
2025-05-14T01:00:00Z,0.07,0.07,,,,,trade,false
2025-05-14T02:00:00Z,0.07,0.07,,,,,trade,false
2025-05-14T03:00:00Z,0.07,0.07,,,,,trade,false
2025-05-14T04:00:00Z,0.07,0.07,,,,,trade,false
2025-05-14T05:00:00Z,0.07,0.07,,,,,trade,false
2025-05-14T06:00:00Z,0.07,0.07,,,,,trade,false
2025-05-14T07:00:00Z,0.07,0.07,,,,,trade,false
2025-05-14T08:00:00Z,0.07,0.07,,,,,trade,false
2025-05-14T09:00:00Z,0.07,0.07,,,,,trade,false
2025-05-14T10:00:00Z,0.07,0.07,,,,,trade,false
2025-05-14T11:00:00Z,0.07,0.07,,,,,trade,false
2025-05-14T12:00:00Z,0.07,0.07,,,,,trade,false
2025-05-14T13:00:00Z,0.07,0.07,,,,,trade,false
2025-05-14T14:00:00Z,0.07,0.07,,,,,trade,false
2025-05-14T15:00:00Z,0.07,0.07,,,,,trade,false
2025-05-14T16:00:00Z,0.07,0.07,,,,,trade,false
2025-05-14T17:00:00Z,0.07,0.07,,,,,trade,false
2025-05-14T18:00:00Z,0.07,0.07,,,,,trade,false
2025-05-14T19:00:00Z,0.07,0.07,,,,,trade,false
2025-05-14T20:00:00Z,0.07,0.07,,,,,trade,false
2025-05-14T21:00:00Z,0.07,0.07,,,,,trade,false
2025-05-14T22:00:00Z,0.07,0.07,,,,,trade,false
2025-05-14T23:00:00Z,0.07,0.07,,,,,trade,false
2025-05-15T00:00:00Z,0.07,0.07,,,,,trade,false
2025-05-15T01:00:00Z,0.07,0.07,,,,,trade,false
2025-05-15T02:00:00Z,0.07,0.07,,,,,trade,false
2025-05-15T03:00:00Z,0.07,0.07,,,,,trade,false
2025-05-15T04:00:00Z,0.07,0.07,,,,,trade,false
2025-05-15T05:00:00Z,0.07,0.07,,,,,trade,false
2025-05-15T06:00:00Z,0.07,0.07,,,,,trade,false
2025-05-15T07:00:00Z,0.07,0.07,,,,,trade,false
2025-05-15T08:00:00Z,0.07,0.07,,,,,trade,false
2025-05-15T09:00:00Z,0.07,0.07,,,,,trade,false
2025-05-15T10:00:00Z,0.07,0.07,,,,,trade,false
2025-05-15T11:00:00Z,0.07,0.07,,,,,trade,false
2025-05-15T12:00:00Z,0.07,0.07,,,,,trade,false
2025-05-15T13:00:00Z,0.07,0.07,,,,,trade,false
2025-05-15T14:00:00Z,0.07,0.07,,,,,trade,false
2025-05-15T15:00:00Z,0.07,0.07,,,,,trade,false
2025-05-15T16:00:00Z,0.07,0.07,,,,,trade,false
2025-05-15T17:00:00Z,0.07,0.07,,,,,trade,false
2025-05-15T18:00:00Z,0.07,0.07,,,,,trade,false
2025-05-15T19:00:00Z,0.07,0.07,,,,,trade,false
2025-05-15T20:00:00Z,0.07,0.07,,,,,trade,false
2025-05-15T21:00:00Z,0.07,0.07,,,,,trade,false
2025-05-15T22:00:00Z,0.07,0.07,,,,,trade,false
2025-05-15T23:00:00Z,0.07,0.07,,,,,trade,false
2025-05-16T00:00:00Z,0.07,0.07,,,,,trade,false
2025-05-16T01:00:00Z,0.07,0.07,,,,,trade,false
2025-05-16T02:00:00Z,0.07,0.07,,,,,trade,false
2025-05-16T03:00:00Z,0.07,0.07,,,,,trade,false
2025-05-16T04:00:00Z,0.07,0.07,,,,,trade,false
2025-05-16T05:00:00Z,0.07,0.07,,,,,trade,false
2025-05-16T06:00:00Z,0.07,0.07,,,,,trade,false
2025-05-16T07:00:00Z,0.07,0.07,,,,,trade,false
2025-05-16T08:00:00Z,0.07,0.07,,,,,trade,false
2025-05-16T09:00:00Z,0.07,0.07,,,,,trade,false
2025-05-16T10:00:00Z,0.07,0.07,,,,,trade,false
2025-05-16T11:00:00Z,0.07,0.07,,,,,trade,false
2025-05-16T12:00:00Z,0.07,0.07,,,,,trade,false
2025-05-16T13:00:00Z,0.07,0.07,,,,,trade,false
2025-05-16T14:00:00Z,0.07,0.07,,,,,trade,false
2025-05-16T15:00:00Z,0.07,0.07,,,,,trade,false
2025-05-16T16:00:00Z,0.07,0.07,,,,,trade,false
2025-05-16T17:00:00Z,0.07,0.07,,,,,trade,false
2025-05-16T18:00:00Z,0.07,0.07,,,,,trade,false
2025-05-16T19:00:00Z,0.07,0.07,,,,,trade,false
2025-05-16T20:00:00Z,0.07,0.07,,,,,trade,false
2025-05-16T21:00:00Z,0.07,0.07,,,,,trade,false
2025-05-16T22:00:00Z,0.07,0.07,,,,,trade,false
2025-05-16T23:00:00Z,0.07,0.07,,,,,trade,false
2025-05-17T00:00:00Z,0.07,0.07,,,,,trade,false
2025-05-17T01:00:00Z,0.07,0.07,,,,,trade,false
2025-05-17T02:00:00Z,0.07,0.07,,,,,trade,false
2025-05-17T03:00:00Z,0.065,0.065,,,,,trade,false
2025-05-17T04:00:00Z,0.065,0.065,,,,,trade,false
2025-05-17T05:00:00Z,0.065,0.065,,,,,trade,false
2025-05-17T06:00:00Z,0.065,0.065,,,,,trade,false
2025-05-17T07:00:00Z,0.07,0.07,,,,,trade,false
2025-05-17T08:00:00Z,0.07,0.07,,,,,trade,false
2025-05-17T09:00:00Z,0.07,0.07,,,,,trade,false
2025-05-17T10:00:00Z,0.07,0.07,,,,,trade,false
2025-05-17T11:00:00Z,0.065,0.065,,,,,trade,false
2025-05-17T12:00:00Z,0.065,0.065,,,,,trade,false
2025-05-17T13:00:00Z,0.07,0.07,,,,,trade,false
2025-05-17T14:00:00Z,0.065,0.065,,,,,trade,false
2025-05-17T15:00:00Z,0.065,0.065,,,,,trade,false
2025-05-17T16:00:00Z,0.065,0.065,,,,,trade,false
2025-05-17T17:00:00Z,0.065,0.065,,,,,trade,false
2025-05-17T18:00:00Z,0.065,0.065,,,,,trade,false
2025-05-17T19:00:00Z,0.065,0.065,,,,,trade,false
2025-05-17T20:00:00Z,0.065,0.065,,,,,trade,false
2025-05-17T21:00:00Z,0.065,0.065,,,,,trade,false
2025-05-17T22:00:00Z,0.065,0.065,,,,,trade,false
2025-05-17T23:00:00Z,0.065,0.065,,,,,trade,false
2025-05-18T00:00:00Z,0.065,0.065,,,,,trade,false
2025-05-18T01:00:00Z,0.06,0.06,,,,,trade,false
2025-05-18T02:00:00Z,0.06,0.06,,,,,trade,false
2025-05-18T03:00:00Z,0.06,0.06,,,,,trade,false
2025-05-18T04:00:00Z,0.06,0.06,,,,,trade,false
2025-05-18T05:00:00Z,0.06,0.06,,,,,trade,false
2025-05-18T06:00:00Z,0.06,0.06,,,,,trade,false
2025-05-18T07:00:00Z,0.06,0.06,,,,,trade,false
2025-05-18T08:00:00Z,0.06,0.06,,,,,trade,false
2025-05-18T09:00:00Z,0.06,0.06,,,,,trade,false
2025-05-18T10:00:00Z,0.06,0.06,,,,,trade,false
2025-05-18T11:00:00Z,0.06,0.06,,,,,trade,false
2025-05-18T12:00:00Z,0.06,0.06,,,,,trade,false
2025-05-18T13:00:00Z,0.06,0.06,,,,,trade,false
2025-05-18T14:00:00Z,0.06,0.06,,,,,trade,false
2025-05-18T15:00:00Z,0.06,0.06,,,,,trade,false
2025-05-18T16:00:00Z,0.06,0.06,,,,,trade,false
2025-05-18T17:00:00Z,0.06,0.06,,,,,trade,false
2025-05-18T18:00:00Z,0.06,0.06,,,,,trade,false
2025-05-18T19:00:00Z,0.06,0.06,,,,,trade,false
2025-05-18T20:00:00Z,0.06,0.06,,,,,trade,false
2025-05-18T21:00:00Z,0.06,0.06,,,,,trade,false
2025-05-18T22:00:00Z,0.06,0.06,,,,,trade,false
2025-05-18T23:00:00Z,0.06,0.06,,,,,trade,false
2025-05-19T00:00:00Z,0.06,0.06,,,,,trade,false
2025-05-19T01:00:00Z,0.06,0.06,,,,,trade,false
2025-05-19T02:00:00Z,0.06,0.06,,,,,trade,false
2025-05-19T03:00:00Z,0.06,0.06,,,,,trade,false
2025-05-19T04:00:00Z,0.06,0.06,,,,,trade,false
2025-05-19T05:00:00Z,0.06,0.06,,,,,trade,false
2025-05-19T06:00:00Z,0.06,0.06,,,,,trade,false
2025-05-19T07:00:00Z,0.06,0.06,,,,,trade,false
2025-05-19T08:00:00Z,0.06,0.06,,,,,trade,false
2025-05-19T09:00:00Z,0.06,0.06,,,,,trade,false
2025-05-19T10:00:00Z,0.06,0.06,,,,,trade,false
2025-05-19T11:00:00Z,0.06,0.06,,,,,trade,false
2025-05-19T12:00:00Z,0.06,0.06,,,,,trade,false
2025-05-19T13:00:00Z,0.06,0.06,,,,,trade,false
2025-05-19T14:00:00Z,0.06,0.06,,,,,trade,false
2025-05-19T15:00:00Z,0.06,0.06,,,,,trade,false
2025-05-19T16:00:00Z,0.06,0.06,,,,,trade,false
2025-05-19T17:00:00Z,0.06,0.06,,,,,trade,false
2025-05-19T18:00:00Z,0.06,0.06,,,,,trade,false
2025-05-19T19:00:00Z,0.055,0.055,,,,,trade,false
2025-05-19T20:00:00Z,0.055,0.055,,,,,trade,false
2025-05-19T21:00:00Z,0.055,0.055,,,,,trade,false
2025-05-19T22:00:00Z,0.055,0.055,,,,,trade,false
2025-05-19T23:00:00Z,0.055,0.055,,,,,trade,false
2025-05-20T00:00:00Z,0.055,0.055,,,,,trade,false
2025-05-20T01:00:00Z,0.055,0.055,,,,,trade,false
2025-05-20T02:00:00Z,0.05,0.05,,,,,trade,false
2025-05-20T03:00:00Z,0.05,0.05,,,,,trade,false
2025-05-20T04:00:00Z,0.05,0.05,,,,,trade,false
2025-05-20T05:00:00Z,0.05,0.05,,,,,trade,false
2025-05-20T06:00:00Z,0.045,0.045,,,,,trade,false
2025-05-20T07:00:00Z,0.045,0.045,,,,,trade,false
2025-05-20T08:00:00Z,0.045,0.045,,,,,trade,false
2025-05-20T09:00:00Z,0.045,0.045,,,,,trade,false
2025-05-20T10:00:00Z,0.045,0.045,,,,,trade,false
2025-05-20T11:00:00Z,0.045,0.045,,,,,trade,false
2025-05-20T12:00:00Z,0.045,0.045,,,,,trade,false
2025-05-20T13:00:00Z,0.045,0.045,,,,,trade,false
2025-05-20T14:00:00Z,0.045,0.045,,,,,trade,false
2025-05-20T15:00:00Z,0.045,0.045,,,,,trade,false
2025-05-20T16:00:00Z,0.045,0.045,,,,,trade,false
2025-05-20T17:00:00Z,0.045,0.045,,,,,trade,false
2025-05-20T18:00:00Z,0.045,0.045,,,,,trade,false
2025-05-20T19:00:00Z,0.045,0.045,,,,,trade,false
2025-05-20T20:00:00Z,0.045,0.045,,,,,trade,false
2025-05-20T21:00:00Z,0.045,0.045,,,,,trade,false
2025-05-20T22:00:00Z,0.045,0.045,,,,,trade,false
2025-05-20T23:00:00Z,0.045,0.045,,,,,trade,false
2025-05-21T00:00:00Z,0.045,0.045,,,,,trade,false
2025-05-21T01:00:00Z,0.045,0.045,,,,,trade,false
2025-05-21T02:00:00Z,0.045,0.045,,,,,trade,false
2025-05-21T03:00:00Z,0.045,0.045,,,,,trade,false
2025-05-21T04:00:00Z,0.045,0.045,,,,,trade,false
2025-05-21T05:00:00Z,0.045,0.045,,,,,trade,false
2025-05-21T06:00:00Z,0.045,0.045,,,,,trade,false
2025-05-21T07:00:00Z,0.045,0.045,,,,,trade,false
2025-05-21T08:00:00Z,0.045,0.045,,,,,trade,false
2025-05-21T09:00:00Z,0.045,0.045,,,,,trade,false
2025-05-21T10:00:00Z,0.045,0.045,,,,,trade,false
2025-05-21T11:00:00Z,0.045,0.045,,,,,trade,false
2025-05-21T12:00:00Z,0.045,0.045,,,,,trade,false
2025-05-21T13:00:00Z,0.045,0.045,,,,,trade,false
2025-05-21T14:00:00Z,0.045,0.045,,,,,trade,false
2025-05-21T15:00:00Z,0.045,0.045,,,,,trade,false
2025-05-21T16:00:00Z,0.045,0.045,,,,,trade,false
2025-05-21T17:00:00Z,0.045,0.045,,,,,trade,false
2025-05-21T18:00:00Z,0.045,0.045,,,,,trade,false
2025-05-21T19:00:00Z,0.045,0.045,,,,,trade,false
2025-05-21T20:00:00Z,0.045,0.045,,,,,trade,false
2025-05-21T21:00:00Z,0.045,0.045,,,,,trade,false
2025-05-21T22:00:00Z,0.045,0.045,,,,,trade,false
2025-05-21T23:00:00Z,0.045,0.045,,,,,trade,false
2025-05-22T00:00:00Z,0.045,0.045,,,,,trade,false
2025-05-22T01:00:00Z,0.045,0.045,,,,,trade,false
2025-05-22T02:00:00Z,0.045,0.045,,,,,trade,false
2025-05-22T03:00:00Z,0.045,0.045,,,,,trade,false
2025-05-22T04:00:00Z,0.045,0.045,,,,,trade,false
2025-05-22T05:00:00Z,0.045,0.045,,,,,trade,false
2025-05-22T06:00:00Z,0.045,0.045,,,,,trade,false
2025-05-22T07:00:00Z,0.045,0.045,,,,,trade,false
2025-05-22T08:00:00Z,0.045,0.045,,,,,trade,false
2025-05-22T09:00:00Z,0.045,0.045,,,,,trade,false
2025-05-22T10:00:00Z,0.045,0.045,,,,,trade,false
2025-05-22T11:00:00Z,0.045,0.045,,,,,trade,false
2025-05-22T12:00:00Z,0.045,0.045,,,,,trade,false
2025-05-22T13:00:00Z,0.045,0.045,,,,,trade,false
2025-05-22T14:00:00Z,0.045,0.045,,,,,trade,false
2025-05-22T15:00:00Z,0.045,0.045,,,,,trade,false
2025-05-22T16:00:00Z,0.045,0.045,,,,,trade,false
2025-05-22T17:00:00Z,0.045,0.045,,,,,trade,false
2025-05-22T18:00:00Z,0.045,0.045,,,,,trade,false
2025-05-22T19:00:00Z,0.045,0.045,,,,,trade,false
2025-05-22T20:00:00Z,0.045,0.045,,,,,trade,false
2025-05-22T21:00:00Z,0.045,0.045,,,,,trade,false
2025-05-22T22:00:00Z,0.045,0.045,,,,,trade,false
2025-05-22T23:00:00Z,0.045,0.045,,,,,trade,false
2025-05-23T00:00:00Z,0.045,0.045,,,,,trade,false
2025-05-23T01:00:00Z,0.045,0.045,,,,,trade,false
2025-05-23T02:00:00Z,0.045,0.045,,,,,trade,false
2025-05-23T03:00:00Z,0.045,0.045,,,,,trade,false
2025-05-23T04:00:00Z,0.045,0.045,,,,,trade,false
2025-05-23T05:00:00Z,0.045,0.045,,,,,trade,false
2025-05-23T06:00:00Z,0.045,0.045,,,,,trade,false
2025-05-23T07:00:00Z,0.045,0.045,,,,,trade,false
2025-05-23T08:00:00Z,0.045,0.045,,,,,trade,false
2025-05-23T09:00:00Z,0.045,0.045,,,,,trade,false
2025-05-23T10:00:00Z,0.045,0.045,,,,,trade,false
2025-05-23T11:00:00Z,0.045,0.045,,,,,trade,false
2025-05-23T12:00:00Z,0.045,0.045,,,,,trade,false
2025-05-23T13:00:00Z,0.045,0.045,,,,,trade,false
2025-05-23T14:00:00Z,0.045,0.045,,,,,trade,false
2025-05-23T15:00:00Z,0.045,0.045,,,,,trade,false
2025-05-23T16:00:00Z,0.045,0.045,,,,,trade,false
2025-05-23T17:00:00Z,0.045,0.045,,,,,trade,false
2025-05-23T18:00:00Z,0.04,0.04,,,,,trade,false
2025-05-23T19:00:00Z,0.04,0.04,,,,,trade,false
2025-05-23T20:00:00Z,0.04,0.04,,,,,trade,false
2025-05-23T21:00:00Z,0.0355,0.0355,,,,,trade,false
2025-05-23T22:00:00Z,0.0355,0.0355,,,,,trade,false
2025-05-23T23:00:00Z,0.035,0.035,,,,,trade,false
2025-05-24T00:00:00Z,0.0355,0.0355,,,,,trade,false
2025-05-24T01:00:00Z,0.0355,0.0355,,,,,trade,false
2025-05-24T02:00:00Z,0.041,0.041,,,,,trade,false
2025-05-24T03:00:00Z,0.041,0.041,,,,,trade,false
2025-05-24T04:00:00Z,0.041,0.041,,,,,trade,false
2025-05-24T05:00:00Z,0.041,0.041,,,,,trade,false
2025-05-24T06:00:00Z,0.0405,0.0405,,,,,trade,false
2025-05-24T07:00:00Z,0.041,0.041,,,,,trade,false
2025-05-24T08:00:00Z,0.041,0.041,,,,,trade,false
2025-05-24T09:00:00Z,0.04,0.04,,,,,trade,false
2025-05-24T10:00:00Z,0.04,0.04,,,,,trade,false
2025-05-24T11:00:00Z,0.04,0.04,,,,,trade,false
2025-05-24T12:00:00Z,0.0415,0.0415,,,,,trade,false
2025-05-24T13:00:00Z,0.04,0.04,,,,,trade,false
2025-05-24T14:00:00Z,0.04,0.04,,,,,trade,false
2025-05-24T15:00:00Z,0.04,0.04,,,,,trade,false
2025-05-24T16:00:00Z,0.04,0.04,,,,,trade,false
2025-05-24T17:00:00Z,0.04,0.04,,,,,trade,false
2025-05-24T18:00:00Z,0.04,0.04,,,,,trade,false
2025-05-24T19:00:00Z,0.04,0.04,,,,,trade,false
2025-05-24T20:00:00Z,0.04,0.04,,,,,trade,false
2025-05-24T21:00:00Z,0.04,0.04,,,,,trade,false
2025-05-24T22:00:00Z,0.04,0.04,,,,,trade,false
2025-05-24T23:00:00Z,0.0405,0.0405,,,,,trade,false
2025-05-25T00:00:00Z,0.04,0.04,,,,,trade,false
2025-05-25T01:00:00Z,0.04,0.04,,,,,trade,false
2025-05-25T02:00:00Z,0.04,0.04,,,,,trade,false
2025-05-25T03:00:00Z,0.04,0.04,,,,,trade,false
2025-05-25T04:00:00Z,0.04,0.04,,,,,trade,false
2025-05-25T05:00:00Z,0.04,0.04,,,,,trade,false
2025-05-25T06:00:00Z,0.0405,0.0405,,,,,trade,false
2025-05-25T07:00:00Z,0.039,0.039,,,,,trade,false
2025-05-25T08:00:00Z,0.0375,0.0375,,,,,trade,false
2025-05-25T09:00:00Z,0.037,0.037,,,,,trade,false
2025-05-25T10:00:00Z,0.0375,0.0375,,,,,trade,false
2025-05-25T11:00:00Z,0.0375,0.0375,,,,,trade,false
2025-05-25T12:00:00Z,0.0375,0.0375,,,,,trade,false
2025-05-25T13:00:00Z,0.0375,0.0375,,,,,trade,false
2025-05-25T14:00:00Z,0.036,0.036,,,,,trade,false
2025-05-25T15:00:00Z,0.039,0.039,,,,,trade,false
2025-05-25T16:00:00Z,0.0375,0.0375,,,,,trade,false
2025-05-25T17:00:00Z,0.038,0.038,,,,,trade,false
2025-05-25T18:00:00Z,0.039,0.039,,,,,trade,false
2025-05-25T19:00:00Z,0.039,0.039,,,,,trade,false
2025-05-25T20:00:00Z,0.039,0.039,,,,,trade,false
2025-05-25T21:00:00Z,0.042,0.042,,,,,trade,false
2025-05-25T22:00:00Z,0.039,0.039,,,,,trade,false
2025-05-25T23:00:00Z,0.039,0.039,,,,,trade,false
2025-05-26T00:00:00Z,0.039,0.039,,,,,trade,false
2025-05-26T01:00:00Z,0.039,0.039,,,,,trade,false
2025-05-26T02:00:00Z,0.039,0.039,,,,,trade,false
2025-05-26T03:00:00Z,0.042,0.042,,,,,trade,false
2025-05-26T04:00:00Z,0.0395,0.0395,,,,,trade,false
2025-05-26T05:00:00Z,0.0445,0.0445,,,,,trade,false
2025-05-26T06:00:00Z,0.0445,0.0445,,,,,trade,false
2025-05-26T07:00:00Z,0.0445,0.0445,,,,,trade,false
2025-05-26T08:00:00Z,0.0445,0.0445,,,,,trade,false
2025-05-26T09:00:00Z,0.0445,0.0445,,,,,trade,false
2025-05-26T10:00:00Z,0.0445,0.0445,,,,,trade,false
2025-05-26T11:00:00Z,0.0445,0.0445,,,,,trade,false
2025-05-26T12:00:00Z,0.045,0.045,,,,,trade,false
2025-05-26T13:00:00Z,0.045,0.045,,,,,trade,false
2025-05-26T14:00:00Z,0.0415,0.0415,,,,,trade,false
2025-05-26T15:00:00Z,0.0355,0.0355,,,,,trade,false
2025-05-26T16:00:00Z,0.0355,0.0355,,,,,trade,false
2025-05-26T17:00:00Z,0.0355,0.0355,,,,,trade,false
2025-05-26T18:00:00Z,0.038,0.038,,,,,trade,false
2025-05-26T19:00:00Z,0.038,0.038,,,,,trade,false
2025-05-26T20:00:00Z,0.038,0.038,,,,,trade,false
2025-05-26T21:00:00Z,0.038,0.038,,,,,trade,false
2025-05-26T22:00:00Z,0.042,0.042,,,,,trade,false
2025-05-26T23:00:00Z,0.045,0.045,,,,,trade,false
2025-05-27T00:00:00Z,0.0455,0.0455,,,,,trade,false
2025-05-27T01:00:00Z,0.0455,0.0455,,,,,trade,false
2025-05-27T02:00:00Z,0.046,0.046,,,,,trade,false
2025-05-27T03:00:00Z,0.0455,0.0455,,,,,trade,false
2025-05-27T04:00:00Z,0.0455,0.0455,,,,,trade,false
2025-05-27T05:00:00Z,0.0455,0.0455,,,,,trade,false
2025-05-27T06:00:00Z,0.046,0.046,,,,,trade,false
2025-05-27T07:00:00Z,0.0465,0.0465,,,,,trade,false
2025-05-27T08:00:00Z,0.045,0.045,,,,,trade,false
2025-05-27T09:00:00Z,0.0455,0.0455,,,,,trade,false
2025-05-27T10:00:00Z,0.045,0.045,,,,,trade,false
2025-05-27T11:00:00Z,0.0455,0.0455,,,,,trade,false
2025-05-27T12:00:00Z,0.0455,0.0455,,,,,trade,false
2025-05-27T13:00:00Z,0.0455,0.0455,,,,,trade,false
2025-05-27T14:00:00Z,0.0455,0.0455,,,,,trade,false
2025-05-27T15:00:00Z,0.0475,0.0475,,,,,trade,false
2025-05-27T16:00:00Z,0.0505,0.0505,,,,,trade,false
2025-05-27T17:00:00Z,0.051,0.051,,,,,trade,false
2025-05-27T18:00:00Z,0.0515,0.0515,,,,,trade,false
2025-05-27T19:00:00Z,0.0505,0.0505,,,,,trade,false
2025-05-27T20:00:00Z,0.0505,0.0505,,,,,trade,false
2025-05-27T21:00:00Z,0.052,0.052,,,,,trade,false
2025-05-27T22:00:00Z,0.052,0.052,,,,,trade,false
2025-05-27T23:00:00Z,0.052,0.052,,,,,trade,false
2025-05-28T00:00:00Z,0.0515,0.0515,,,,,trade,false
2025-05-28T01:00:00Z,0.052,0.052,,,,,trade,false
2025-05-28T02:00:00Z,0.0515,0.0515,,,,,trade,false
2025-05-28T03:00:00Z,0.051,0.051,,,,,trade,false
2025-05-28T04:00:00Z,0.0505,0.0505,,,,,trade,false
2025-05-28T05:00:00Z,0.051,0.051,,,,,trade,false
2025-05-28T06:00:00Z,0.051,0.051,,,,,trade,false
2025-05-28T07:00:00Z,0.05,0.05,,,,,trade,false
2025-05-28T08:00:00Z,0.0505,0.0505,,,,,trade,false
2025-05-28T09:00:00Z,0.051,0.051,,,,,trade,false
2025-05-28T10:00:00Z,0.0495,0.0495,,,,,trade,false
2025-05-28T11:00:00Z,0.05,0.05,,,,,trade,false
2025-05-28T12:00:00Z,0.05,0.05,,,,,trade,false
2025-05-28T13:00:00Z,0.049,0.049,,,,,trade,false
2025-05-28T14:00:00Z,0.0495,0.0495,,,,,trade,false
2025-05-28T15:00:00Z,0.0495,0.0495,,,,,trade,false
2025-05-28T16:00:00Z,0.0505,0.0505,,,,,trade,false
2025-05-28T17:00:00Z,0.051,0.051,,,,,trade,false
2025-05-28T18:00:00Z,0.052,0.052,,,,,trade,false
2025-05-28T19:00:00Z,0.052,0.052,,,,,trade,false
2025-05-28T20:00:00Z,0.053,0.053,,,,,trade,false
2025-05-28T21:00:00Z,0.053,0.053,,,,,trade,false
2025-05-28T22:00:00Z,0.0625,0.0625,,,,,trade,false
2025-05-28T23:00:00Z,0.0625,0.0625,,,,,trade,false
2025-05-29T00:00:00Z,0.0625,0.0625,,,,,trade,false
2025-05-29T01:00:00Z,0.0625,0.0625,,,,,trade,false
2025-05-29T02:00:00Z,0.0625,0.0625,,,,,trade,false
2025-05-29T03:00:00Z,0.0625,0.0625,,,,,trade,false
2025-05-29T04:00:00Z,0.062,0.062,,,,,trade,false
2025-05-29T05:00:00Z,0.0615,0.0615,,,,,trade,false
2025-05-29T06:00:00Z,0.0555,0.0555,,,,,trade,false
2025-05-29T07:00:00Z,0.0565,0.0565,,,,,trade,false
2025-05-29T08:00:00Z,0.0535,0.0535,,,,,trade,false
2025-05-29T09:00:00Z,0.057,0.057,,,,,trade,false
2025-05-29T10:00:00Z,0.0545,0.0545,,,,,trade,false
2025-05-29T11:00:00Z,0.0545,0.0545,,,,,trade,false
2025-05-29T12:00:00Z,0.0565,0.0565,,,,,trade,false
2025-05-29T13:00:00Z,0.0535,0.0535,,,,,trade,false
2025-05-29T14:00:00Z,0.0515,0.0515,,,,,trade,false
2025-05-29T15:00:00Z,0.052,0.052,,,,,trade,false
2025-05-29T16:00:00Z,0.053,0.053,,,,,trade,false
2025-05-29T17:00:00Z,0.052,0.052,,,,,trade,false
2025-05-29T18:00:00Z,0.067,0.067,,,,,trade,false
2025-05-29T19:00:00Z,0.0665,0.0665,,,,,trade,false
2025-05-29T20:00:00Z,0.071,0.071,,,,,trade,false
2025-05-29T21:00:00Z,0.0825,0.0825,,,,,trade,false
2025-05-29T22:00:00Z,0.0865,0.0865,,,,,trade,false
2025-05-29T23:00:00Z,0.0815,0.0815,,,,,trade,false
2025-05-30T00:00:00Z,0.084,0.084,,,,,trade,false
2025-05-30T01:00:00Z,0.092,0.092,,,,,trade,false
2025-05-30T02:00:00Z,0.083,0.083,,,,,trade,false
2025-05-30T03:00:00Z,0.083,0.083,,,,,trade,false
2025-05-30T04:00:00Z,0.0815,0.0815,,,,,trade,false
2025-05-30T05:00:00Z,0.0825,0.0825,,,,,trade,false
2025-05-30T06:00:00Z,0.086,0.086,,,,,trade,false
2025-05-30T07:00:00Z,0.0865,0.0865,,,,,trade,false
2025-05-30T08:00:00Z,0.086,0.086,,,,,trade,false
2025-05-30T09:00:00Z,0.087,0.087,,,,,trade,false
2025-05-30T10:00:00Z,0.087,0.087,,,,,trade,false
2025-05-30T11:00:00Z,0.0865,0.0865,,,,,trade,false
2025-05-30T12:00:00Z,0.098,0.098,,,,,trade,false
2025-05-30T13:00:00Z,0.1045,0.1045,,,,,trade,false
2025-05-30T14:00:00Z,0.103,0.103,,,,,trade,false
2025-05-30T15:00:00Z,0.1065,0.1065,,,,,trade,false
2025-05-30T16:00:00Z,0.1035,0.1035,,,,,trade,false
2025-05-30T17:00:00Z,0.105,0.105,,,,,trade,false
2025-05-30T18:00:00Z,0.1005,0.1005,,,,,trade,false
2025-05-30T19:00:00Z,0.099,0.099,,,,,trade,false
2025-05-30T20:00:00Z,0.0985,0.0985,,,,,trade,false
2025-05-30T21:00:00Z,0.099,0.099,,,,,trade,false
2025-05-30T22:00:00Z,0.1005,0.1005,,,,,trade,false
2025-05-30T23:00:00Z,0.1005,0.1005,,,,,trade,false
2025-05-31T00:00:00Z,0.101,0.101,,,,,trade,false
2025-05-31T01:00:00Z,0.103,0.103,,,,,trade,false
2025-05-31T02:00:00Z,0.1005,0.1005,,,,,trade,false
2025-05-31T03:00:00Z,0.1005,0.1005,,,,,trade,false
2025-05-31T04:00:00Z,0.101,0.101,,,,,trade,false
2025-05-31T05:00:00Z,0.1015,0.1015,,,,,trade,false
2025-05-31T06:00:00Z,0.101,0.101,,,,,trade,false
2025-05-31T07:00:00Z,0.1055,0.1055,,,,,trade,false
2025-05-31T08:00:00Z,0.1055,0.1055,,,,,trade,false
2025-05-31T09:00:00Z,0.103,0.103,,,,,trade,false
2025-05-31T10:00:00Z,0.1035,0.1035,,,,,trade,false
2025-05-31T11:00:00Z,0.106,0.106,,,,,trade,false
2025-05-31T12:00:00Z,0.1035,0.1035,,,,,trade,false
2025-05-31T13:00:00Z,0.1025,0.1025,,,,,trade,false
2025-05-31T14:00:00Z,0.1015,0.1015,,,,,trade,false
2025-05-31T15:00:00Z,0.094,0.094,,,,,trade,false
2025-05-31T16:00:00Z,0.1005,0.1005,,,,,trade,false
2025-05-31T17:00:00Z,0.101,0.101,,,,,trade,false
2025-05-31T18:00:00Z,0.097,0.097,,,,,trade,false
2025-05-31T19:00:00Z,0.097,0.097,,,,,trade,false
2025-05-31T20:00:00Z,0.097,0.097,,,,,trade,false
2025-05-31T21:00:00Z,0.0975,0.0975,,,,,trade,false
2025-05-31T22:00:00Z,0.097,0.097,,,,,trade,false
2025-05-31T23:00:00Z,0.0975,0.0975,,,,,trade,false
2025-06-01T00:00:00Z,0.095,0.095,,,,,trade,false
2025-06-01T01:00:00Z,0.0975,0.0975,,,,,trade,false
2025-06-01T02:00:00Z,0.098,0.098,,,,,trade,false
2025-06-01T03:00:00Z,0.099,0.099,,,,,trade,false
2025-06-01T04:00:00Z,0.0985,0.0985,,,,,trade,false
2025-06-01T05:00:00Z,0.098,0.098,,,,,trade,false
2025-06-01T06:00:00Z,0.1,0.1,,,,,trade,false
2025-06-01T07:00:00Z,0.099,0.099,,,,,trade,false
2025-06-01T08:00:00Z,0.0985,0.0985,,,,,trade,false
2025-06-01T09:00:00Z,0.099,0.099,,,,,trade,false
2025-06-01T10:00:00Z,0.099,0.099,,,,,trade,false
2025-06-01T11:00:00Z,0.0965,0.0965,,,,,trade,false
2025-06-01T12:00:00Z,0.098,0.098,,,,,trade,false
2025-06-01T13:00:00Z,0.0975,0.0975,,,,,trade,false
2025-06-01T14:00:00Z,0.0965,0.0965,,,,,trade,false
2025-06-01T15:00:00Z,0.0965,0.0965,,,,,trade,false
2025-06-01T16:00:00Z,0.0985,0.0985,,,,,trade,false
2025-06-01T17:00:00Z,0.0975,0.0975,,,,,trade,false
2025-06-01T18:00:00Z,0.097,0.097,,,,,trade,false
2025-06-01T19:00:00Z,0.0975,0.0975,,,,,trade,false
2025-06-01T20:00:00Z,0.098,0.098,,,,,trade,false
2025-06-01T21:00:00Z,0.0985,0.0985,,,,,trade,false
2025-06-01T22:00:00Z,0.0985,0.0985,,,,,trade,false
2025-06-01T23:00:00Z,0.099,0.099,,,,,trade,false
2025-06-02T00:00:00Z,0.0985,0.0985,,,,,trade,false
2025-06-02T01:00:00Z,0.0985,0.0985,,,,,trade,false
2025-06-02T02:00:00Z,0.0995,0.0995,,,,,trade,false
2025-06-02T03:00:00Z,0.0995,0.0995,,,,,trade,false
2025-06-02T04:00:00Z,0.1,0.1,,,,,trade,false
2025-06-02T05:00:00Z,0.1,0.1,,,,,trade,false
2025-06-02T06:00:00Z,0.0995,0.0995,,,,,trade,false
2025-06-02T07:00:00Z,0.0995,0.0995,,,,,trade,false
2025-06-02T08:00:00Z,0.099,0.099,,,,,trade,false
2025-06-02T09:00:00Z,0.099,0.099,,,,,trade,false
2025-06-02T10:00:00Z,0.099,0.099,,,,,trade,false
2025-06-02T11:00:00Z,0.0995,0.0995,,,,,trade,false
2025-06-02T12:00:00Z,0.099,0.099,,,,,trade,false
2025-06-02T13:00:00Z,0.0995,0.0995,,,,,trade,false
2025-06-02T14:00:00Z,0.0995,0.0995,,,,,trade,false
2025-06-02T15:00:00Z,0.1015,0.1015,,,,,trade,false
2025-06-02T16:00:00Z,0.1015,0.1015,,,,,trade,false
2025-06-02T17:00:00Z,0.1005,0.1005,,,,,trade,false
2025-06-02T18:00:00Z,0.1005,0.1005,,,,,trade,false
2025-06-02T19:00:00Z,0.1095,0.1095,,,,,trade,false
2025-06-02T20:00:00Z,0.125,0.125,,,,,trade,false
2025-06-02T21:00:00Z,0.1215,0.1215,,,,,trade,false
2025-06-02T22:00:00Z,0.12,0.12,,,,,trade,false
2025-06-02T23:00:00Z,0.1215,0.1215,,,,,trade,false
2025-06-03T00:00:00Z,0.1215,0.1215,,,,,trade,false
2025-06-03T01:00:00Z,0.1225,0.1225,,,,,trade,false
2025-06-03T02:00:00Z,0.122,0.122,,,,,trade,false
2025-06-03T03:00:00Z,0.124,0.124,,,,,trade,false
2025-06-03T04:00:00Z,0.126,0.126,,,,,trade,false
2025-06-03T05:00:00Z,0.1275,0.1275,,,,,trade,false
2025-06-03T06:00:00Z,0.1255,0.1255,,,,,trade,false
2025-06-03T07:00:00Z,0.1255,0.1255,,,,,trade,false
2025-06-03T08:00:00Z,0.1225,0.1225,,,,,trade,false
2025-06-03T09:00:00Z,0.123,0.123,,,,,trade,false
2025-06-03T10:00:00Z,0.1225,0.1225,,,,,trade,false
2025-06-03T11:00:00Z,0.142,0.142,,,,,trade,false
2025-06-03T12:00:00Z,0.133,0.133,,,,,trade,false
2025-06-03T13:00:00Z,0.133,0.133,,,,,trade,false
2025-06-03T14:00:00Z,0.1335,0.1335,,,,,trade,false
2025-06-03T15:00:00Z,0.135,0.135,,,,,trade,false
2025-06-03T16:00:00Z,0.1395,0.1395,,,,,trade,false
2025-06-03T17:00:00Z,0.1395,0.1395,,,,,trade,false
2025-06-03T18:00:00Z,0.1555,0.1555,,,,,trade,false
2025-06-03T19:00:00Z,0.1645,0.1645,,,,,trade,false
2025-06-03T20:00:00Z,0.115,0.115,,,,,trade,false
2025-06-03T21:00:00Z,0.1155,0.1155,,,,,trade,false
2025-06-03T22:00:00Z,0.1145,0.1145,,,,,trade,false
2025-06-03T23:00:00Z,0.1235,0.1235,,,,,trade,false
2025-06-04T00:00:00Z,0.1245,0.1245,,,,,trade,false
2025-06-04T01:00:00Z,0.127,0.127,,,,,trade,false
2025-06-04T02:00:00Z,0.1255,0.1255,,,,,trade,false
2025-06-04T03:00:00Z,0.123,0.123,,,,,trade,false
2025-06-04T04:00:00Z,0.125,0.125,,,,,trade,false
2025-06-04T05:00:00Z,0.1265,0.1265,,,,,trade,false
2025-06-04T06:00:00Z,0.1215,0.1215,,,,,trade,false
2025-06-04T07:00:00Z,0.122,0.122,,,,,trade,false
2025-06-04T08:00:00Z,0.1205,0.1205,,,,,trade,false
2025-06-04T09:00:00Z,0.122,0.122,,,,,trade,false
2025-06-04T10:00:00Z,0.1215,0.1215,,,,,trade,false
2025-06-04T11:00:00Z,0.121,0.121,,,,,trade,false
2025-06-04T12:00:00Z,0.1215,0.1215,,,,,trade,false
2025-06-04T13:00:00Z,0.113,0.113,,,,,trade,false
2025-06-04T14:00:00Z,0.113,0.113,,,,,trade,false
2025-06-04T15:00:00Z,0.1065,0.1065,,,,,trade,false
2025-06-04T16:00:00Z,0.107,0.107,,,,,trade,false
2025-06-04T17:00:00Z,0.1025,0.1025,,,,,trade,false
2025-06-04T18:00:00Z,0.104,0.104,,,,,trade,false
2025-06-04T19:00:00Z,0.113,0.113,,,,,trade,false
2025-06-04T20:00:00Z,0.116,0.116,,,,,trade,false
2025-06-04T21:00:00Z,0.112,0.112,,,,,trade,false
2025-06-04T22:00:00Z,0.1155,0.1155,,,,,trade,false
2025-06-04T23:00:00Z,0.115,0.115,,,,,trade,false
2025-06-05T00:00:00Z,0.115,0.115,,,,,trade,false
2025-06-05T01:00:00Z,0.114,0.114,,,,,trade,false
2025-06-05T02:00:00Z,0.1115,0.1115,,,,,trade,false
2025-06-05T03:00:00Z,0.135,0.135,,,,,trade,false
2025-06-05T04:00:00Z,0.142,0.142,,,,,trade,false
2025-06-05T05:00:00Z,0.152,0.152,,,,,trade,false
2025-06-05T06:00:00Z,0.15,0.15,,,,,trade,false
2025-06-05T07:00:00Z,0.15,0.15,,,,,trade,false
2025-06-05T08:00:00Z,0.1515,0.1515,,,,,trade,false
2025-06-05T09:00:00Z,0.153,0.153,,,,,trade,false
2025-06-05T10:00:00Z,0.1335,0.1335,,,,,trade,false
2025-06-05T11:00:00Z,0.138,0.138,,,,,trade,false
2025-06-05T12:00:00Z,0.1335,0.1335,,,,,trade,false
2025-06-05T13:00:00Z,0.1345,0.1345,,,,,trade,false
2025-06-05T14:00:00Z,0.1335,0.1335,,,,,trade,false
2025-06-05T15:00:00Z,0.1305,0.1305,,,,,trade,false
2025-06-05T16:00:00Z,0.1395,0.1395,,,,,trade,false
2025-06-05T17:00:00Z,0.134,0.134,,,,,trade,false
2025-06-05T18:00:00Z,0.1335,0.1335,,,,,trade,false
2025-06-05T19:00:00Z,0.1385,0.1385,,,,,trade,false
2025-06-05T20:00:00Z,0.1425,0.1425,,,,,trade,false
2025-06-05T21:00:00Z,0.1365,0.1365,,,,,trade,false
2025-06-05T22:00:00Z,0.14,0.14,,,,,trade,false
2025-06-05T23:00:00Z,0.139,0.139,,,,,trade,false
2025-06-06T00:00:00Z,0.1345,0.1345,,,,,trade,false
2025-06-06T01:00:00Z,0.132,0.132,,,,,trade,false
2025-06-06T02:00:00Z,0.1365,0.1365,,,,,trade,false
2025-06-06T03:00:00Z,0.138,0.138,,,,,trade,false
2025-06-06T04:00:00Z,0.151,0.151,,,,,trade,false
2025-06-06T05:00:00Z,0.148,0.148,,,,,trade,false
2025-06-06T06:00:00Z,0.1395,0.1395,,,,,trade,false
2025-06-06T07:00:00Z,0.1395,0.1395,,,,,trade,false
2025-06-06T08:00:00Z,0.1415,0.1415,,,,,trade,false
2025-06-06T09:00:00Z,0.1395,0.1395,,,,,trade,false
2025-06-06T10:00:00Z,0.1385,0.1385,,,,,trade,false
2025-06-06T11:00:00Z,0.145,0.145,,,,,trade,false
2025-06-06T12:00:00Z,0.1405,0.1405,,,,,trade,false
2025-06-06T13:00:00Z,0.1405,0.1405,,,,,trade,false
2025-06-06T14:00:00Z,0.1425,0.1425,,,,,trade,false
2025-06-06T15:00:00Z,0.1405,0.1405,,,,,trade,false
2025-06-06T16:00:00Z,0.143,0.143,,,,,trade,false
2025-06-06T17:00:00Z,0.1415,0.1415,,,,,trade,false
2025-06-06T18:00:00Z,0.157,0.157,,,,,trade,false
2025-06-06T19:00:00Z,0.157,0.157,,,,,trade,false
2025-06-06T20:00:00Z,0.159,0.159,,,,,trade,false
2025-06-06T21:00:00Z,0.159,0.159,,,,,trade,false
2025-06-06T22:00:00Z,0.1585,0.1585,,,,,trade,false
2025-06-06T23:00:00Z,0.1605,0.1605,,,,,trade,false
2025-06-07T00:00:00Z,0.161,0.161,,,,,trade,false
2025-06-07T01:00:00Z,0.161,0.161,,,,,trade,false
2025-06-07T02:00:00Z,0.162,0.162,,,,,trade,false
2025-06-07T03:00:00Z,0.162,0.162,,,,,trade,false
2025-06-07T04:00:00Z,0.162,0.162,,,,,trade,false
2025-06-07T05:00:00Z,0.164,0.164,,,,,trade,false
2025-06-07T06:00:00Z,0.163,0.163,,,,,trade,false
2025-06-07T07:00:00Z,0.1615,0.1615,,,,,trade,false
2025-06-07T08:00:00Z,0.1605,0.1605,,,,,trade,false
2025-06-07T09:00:00Z,0.1615,0.1615,,,,,trade,false
2025-06-07T10:00:00Z,0.1615,0.1615,,,,,trade,false
2025-06-07T11:00:00Z,0.1625,0.1625,,,,,trade,false
2025-06-07T12:00:00Z,0.16,0.16,,,,,trade,false
2025-06-07T13:00:00Z,0.16,0.16,,,,,trade,false
2025-06-07T14:00:00Z,0.17,0.17,,,,,trade,false
2025-06-07T15:00:00Z,0.176,0.176,,,,,trade,false
2025-06-07T16:00:00Z,0.174,0.174,,,,,trade,false
2025-06-07T17:00:00Z,0.1755,0.1755,,,,,trade,false
2025-06-07T18:00:00Z,0.1755,0.1755,,,,,trade,false
2025-06-07T19:00:00Z,0.1755,0.1755,,,,,trade,false
2025-06-07T20:00:00Z,0.179,0.179,,,,,trade,false
2025-06-07T21:00:00Z,0.1845,0.1845,,,,,trade,false
2025-06-07T22:00:00Z,0.186,0.186,,,,,trade,false
2025-06-07T23:00:00Z,0.186,0.186,,,,,trade,false
2025-06-08T00:00:00Z,0.186,0.186,,,,,trade,false
2025-06-08T01:00:00Z,0.186,0.186,,,,,trade,false
2025-06-08T02:00:00Z,0.1795,0.1795,,,,,trade,false
2025-06-08T03:00:00Z,0.1745,0.1745,,,,,trade,false
2025-06-08T04:00:00Z,0.1745,0.1745,,,,,trade,false
2025-06-08T05:00:00Z,0.17,0.17,,,,,trade,false
2025-06-08T06:00:00Z,0.17,0.17,,,,,trade,false
2025-06-08T07:00:00Z,0.17,0.17,,,,,trade,false
2025-06-08T08:00:00Z,0.17,0.17,,,,,trade,false
2025-06-08T09:00:00Z,0.173,0.173,,,,,trade,false
2025-06-08T10:00:00Z,0.1765,0.1765,,,,,trade,false
2025-06-08T11:00:00Z,0.1765,0.1765,,,,,trade,false
2025-06-08T12:00:00Z,0.1765,0.1765,,,,,trade,false
2025-06-08T13:00:00Z,0.177,0.177,,,,,trade,false
2025-06-08T14:00:00Z,0.175,0.175,,,,,trade,false
2025-06-08T15:00:00Z,0.176,0.176,,,,,trade,false
2025-06-08T16:00:00Z,0.1735,0.1735,,,,,trade,false
2025-06-08T17:00:00Z,0.1745,0.1745,,,,,trade,false
2025-06-08T18:00:00Z,0.1905,0.1905,,,,,trade,false
2025-06-08T19:00:00Z,0.1875,0.1875,,,,,trade,false
2025-06-08T20:00:00Z,0.172,0.172,,,,,trade,false
2025-06-08T21:00:00Z,0.172,0.172,,,,,trade,false
2025-06-08T22:00:00Z,0.175,0.175,,,,,trade,false
2025-06-08T23:00:00Z,0.1755,0.1755,,,,,trade,false
2025-06-09T00:00:00Z,0.184,0.184,,,,,trade,false
2025-06-09T01:00:00Z,0.185,0.185,,,,,trade,false
2025-06-09T02:00:00Z,0.193,0.193,,,,,trade,false
2025-06-09T03:00:00Z,0.1815,0.1815,,,,,trade,false
2025-06-09T04:00:00Z,0.1755,0.1755,,,,,trade,false
2025-06-09T05:00:00Z,0.177,0.177,,,,,trade,false
2025-06-09T06:00:00Z,0.175,0.175,,,,,trade,false
2025-06-09T07:00:00Z,0.175,0.175,,,,,trade,false
2025-06-09T08:00:00Z,0.17,0.17,,,,,trade,false
2025-06-09T09:00:00Z,0.17,0.17,,,,,trade,false
2025-06-09T10:00:00Z,0.17,0.17,,,,,trade,false
2025-06-09T11:00:00Z,0.1695,0.1695,,,,,trade,false
2025-06-09T12:00:00Z,0.169,0.169,,,,,trade,false
2025-06-09T13:00:00Z,0.189,0.189,,,,,trade,false
2025-06-09T14:00:00Z,0.189,0.189,,,,,trade,false
2025-06-09T15:00:00Z,0.189,0.189,,,,,trade,false
2025-06-09T16:00:00Z,0.19,0.19,,,,,trade,false
2025-06-09T17:00:00Z,0.1935,0.1935,,,,,trade,false
2025-06-09T18:00:00Z,0.195,0.195,,,,,trade,false
2025-06-09T19:00:00Z,0.192,0.192,,,,,trade,false
2025-06-09T20:00:00Z,0.1965,0.1965,,,,,trade,false
2025-06-09T21:00:00Z,0.1975,0.1975,,,,,trade,false
2025-06-09T22:00:00Z,0.1985,0.1985,,,,,trade,false
2025-06-09T23:00:00Z,0.2065,0.2065,,,,,trade,false
2025-06-10T00:00:00Z,0.2325,0.2325,,,,,trade,false
2025-06-10T01:00:00Z,0.237,0.237,,,,,trade,false
2025-06-10T02:00:00Z,0.2305,0.2305,,,,,trade,false
2025-06-10T03:00:00Z,0.231,0.231,,,,,trade,false
2025-06-10T04:00:00Z,0.229,0.229,,,,,trade,false
2025-06-10T05:00:00Z,0.2295,0.2295,,,,,trade,false
2025-06-10T06:00:00Z,0.2185,0.2185,,,,,trade,false
2025-06-10T07:00:00Z,0.2135,0.2135,,,,,trade,false
2025-06-10T08:00:00Z,0.213,0.213,,,,,trade,false
2025-06-10T09:00:00Z,0.212,0.212,,,,,trade,false
2025-06-10T10:00:00Z,0.213,0.213,,,,,trade,false
2025-06-10T11:00:00Z,0.2135,0.2135,,,,,trade,false
2025-06-10T12:00:00Z,0.2135,0.2135,,,,,trade,false
2025-06-10T13:00:00Z,0.2135,0.2135,,,,,trade,false
2025-06-10T14:00:00Z,0.219,0.219,,,,,trade,false
2025-06-10T15:00:00Z,0.217,0.217,,,,,trade,false
2025-06-10T16:00:00Z,0.22,0.22,,,,,trade,false
2025-06-10T17:00:00Z,0.2185,0.2185,,,,,trade,false
2025-06-10T18:00:00Z,0.2185,0.2185,,,,,trade,false
2025-06-10T19:00:00Z,0.2285,0.2285,,,,,trade,false
2025-06-10T20:00:00Z,0.2305,0.2305,,,,,trade,false
2025-06-10T21:00:00Z,0.2375,0.2375,,,,,trade,false
2025-06-10T22:00:00Z,0.231,0.231,,,,,trade,false
2025-06-10T23:00:00Z,0.23,0.23,,,,,trade,false
2025-06-11T00:00:00Z,0.2315,0.2315,,,,,trade,false
2025-06-11T01:00:00Z,0.232,0.232,,,,,trade,false
2025-06-11T02:00:00Z,0.261,0.261,,,,,trade,false
2025-06-11T03:00:00Z,0.253,0.253,,,,,trade,false
2025-06-11T04:00:00Z,0.242,0.242,,,,,trade,false
2025-06-11T05:00:00Z,0.231,0.231,,,,,trade,false
2025-06-11T06:00:00Z,0.2355,0.2355,,,,,trade,false
2025-06-11T07:00:00Z,0.2355,0.2355,,,,,trade,false
2025-06-11T08:00:00Z,0.2355,0.2355,,,,,trade,false
2025-06-11T09:00:00Z,0.2355,0.2355,,,,,trade,false
2025-06-11T10:00:00Z,0.235,0.235,,,,,trade,false
2025-06-11T11:00:00Z,0.235,0.235,,,,,trade,false
2025-06-11T12:00:00Z,0.235,0.235,,,,,trade,false
2025-06-11T13:00:00Z,0.237,0.237,,,,,trade,false
2025-06-11T14:00:00Z,0.2365,0.2365,,,,,trade,false
2025-06-11T15:00:00Z,0.2365,0.2365,,,,,trade,false
2025-06-11T16:00:00Z,0.2365,0.2365,,,,,trade,false
2025-06-11T17:00:00Z,0.238,0.238,,,,,trade,false
2025-06-11T18:00:00Z,0.2375,0.2375,,,,,trade,false
2025-06-11T19:00:00Z,0.237,0.237,,,,,trade,false
2025-06-11T20:00:00Z,0.2395,0.2395,,,,,trade,false
2025-06-11T21:00:00Z,0.2955,0.2955,,,,,trade,false
2025-06-11T22:00:00Z,0.2865,0.2865,,,,,trade,false
2025-06-11T23:00:00Z,0.2865,0.2865,,,,,trade,false
2025-06-12T00:00:00Z,0.2985,0.2985,,,,,trade,false
2025-06-12T01:00:00Z,0.304,0.304,,,,,trade,false
2025-06-12T02:00:00Z,0.305,0.305,,,,,trade,false
2025-06-12T03:00:00Z,0.3195,0.3195,,,,,trade,false
2025-06-12T04:00:00Z,0.332,0.332,,,,,trade,false
2025-06-12T05:00:00Z,0.3285,0.3285,,,,,trade,false
2025-06-12T06:00:00Z,0.328,0.328,,,,,trade,false
2025-06-12T07:00:00Z,0.3235,0.3235,,,,,trade,false
2025-06-12T08:00:00Z,0.3325,0.3325,,,,,trade,false
2025-06-12T09:00:00Z,0.333,0.333,,,,,trade,false
2025-06-12T10:00:00Z,0.3315,0.3315,,,,,trade,false
2025-06-12T11:00:00Z,0.3345,0.3345,,,,,trade,false
2025-06-12T12:00:00Z,0.336,0.336,,,,,trade,false
2025-06-12T13:00:00Z,0.3355,0.3355,,,,,trade,false
2025-06-12T14:00:00Z,0.338,0.338,,,,,trade,false
2025-06-12T15:00:00Z,0.338,0.338,,,,,trade,false
2025-06-12T16:00:00Z,0.3525,0.3525,,,,,trade,false
2025-06-12T17:00:00Z,0.344,0.344,,,,,trade,false
2025-06-12T18:00:00Z,0.3465,0.3465,,,,,trade,false
2025-06-12T19:00:00Z,0.3465,0.3465,,,,,trade,false
2025-06-12T20:00:00Z,0.3455,0.3455,,,,,trade,false
2025-06-12T21:00:00Z,0.3255,0.3255,,,,,trade,false
2025-06-12T22:00:00Z,0.33,0.33,,,,,trade,false
2025-06-12T23:00:00Z,0.337,0.337,,,,,trade,false
2025-06-13T00:00:00Z,0.337,0.337,,,,,trade,false
2025-06-13T01:00:00Z,0.3435,0.3435,,,,,trade,false
2025-06-13T02:00:00Z,0.3445,0.3445,,,,,trade,false
2025-06-13T03:00:00Z,0.333,0.333,,,,,trade,false
2025-06-13T04:00:00Z,0.3275,0.3275,,,,,trade,false
2025-06-13T05:00:00Z,0.318,0.318,,,,,trade,false
2025-06-13T06:00:00Z,0.333,0.333,,,,,trade,false
2025-06-13T08:00:00Z,0.3345,0.3345,,,,,trade,false
2025-06-13T09:00:00Z,0.3345,0.3345,,,,,trade,false
2025-06-13T10:00:00Z,0.333,0.333,,,,,trade,false
2025-06-13T11:00:00Z,0.3355,0.3355,,,,,trade,false
2025-06-13T12:00:00Z,0.3345,0.3345,,,,,trade,false
2025-06-13T13:00:00Z,0.3345,0.3345,,,,,trade,false
2025-06-13T14:00:00Z,0.292,0.292,,,,,trade,false
2025-06-13T15:00:00Z,0.2825,0.2825,,,,,trade,false
2025-06-13T16:00:00Z,0.2985,0.2985,,,,,trade,false
2025-06-13T17:00:00Z,0.2985,0.2985,,,,,trade,false
2025-06-13T18:00:00Z,0.3165,0.3165,,,,,trade,false
2025-06-13T19:00:00Z,0.3,0.3,,,,,trade,false
2025-06-13T20:00:00Z,0.2905,0.2905,,,,,trade,false
2025-06-13T21:00:00Z,0.2905,0.2905,,,,,trade,false
2025-06-13T22:00:00Z,0.289,0.289,,,,,trade,false
2025-06-13T23:00:00Z,0.3125,0.3125,,,,,trade,false
2025-06-14T00:00:00Z,0.312,0.312,,,,,trade,false
2025-06-14T01:00:00Z,0.3105,0.3105,,,,,trade,false
2025-06-14T02:00:00Z,0.311,0.311,,,,,trade,false
2025-06-14T03:00:00Z,0.3105,0.3105,,,,,trade,false
2025-06-14T04:00:00Z,0.3115,0.3115,,,,,trade,false
2025-06-14T05:00:00Z,0.3125,0.3125,,,,,trade,false
2025-06-14T06:00:00Z,0.312,0.312,,,,,trade,false
2025-06-14T07:00:00Z,0.311,0.311,,,,,trade,false
2025-06-14T08:00:00Z,0.3095,0.3095,,,,,trade,false
2025-06-14T09:00:00Z,0.311,0.311,,,,,trade,false
2025-06-14T10:00:00Z,0.3125,0.3125,,,,,trade,false
2025-06-14T11:00:00Z,0.3125,0.3125,,,,,trade,false
2025-06-14T12:00:00Z,0.313,0.313,,,,,trade,false
2025-06-14T13:00:00Z,0.3035,0.3035,,,,,trade,false
2025-06-14T14:00:00Z,0.3125,0.3125,,,,,trade,false
2025-06-14T15:00:00Z,0.312,0.312,,,,,trade,false
2025-06-14T16:00:00Z,0.312,0.312,,,,,trade,false
2025-06-14T17:00:00Z,0.3135,0.3135,,,,,trade,false
2025-06-14T18:00:00Z,0.3135,0.3135,,,,,trade,false
2025-06-14T19:00:00Z,0.3135,0.3135,,,,,trade,false
2025-06-14T20:00:00Z,0.3135,0.3135,,,,,trade,false
2025-06-14T21:00:00Z,0.3135,0.3135,,,,,trade,false
2025-06-14T22:00:00Z,0.312,0.312,,,,,trade,false
2025-06-14T23:00:00Z,0.3115,0.3115,,,,,trade,false
2025-06-15T00:00:00Z,0.3115,0.3115,,,,,trade,false
2025-06-15T01:00:00Z,0.3145,0.3145,,,,,trade,false
2025-06-15T02:00:00Z,0.3135,0.3135,,,,,trade,false
2025-06-15T03:00:00Z,0.312,0.312,,,,,trade,false
2025-06-15T04:00:00Z,0.3095,0.3095,,,,,trade,false
2025-06-15T05:00:00Z,0.3085,0.3085,,,,,trade,false
2025-06-15T06:00:00Z,0.305,0.305,,,,,trade,false
2025-06-15T07:00:00Z,0.305,0.305,,,,,trade,false
2025-06-15T08:00:00Z,0.305,0.305,,,,,trade,false
2025-06-15T09:00:00Z,0.305,0.305,,,,,trade,false
2025-06-15T10:00:00Z,0.305,0.305,,,,,trade,false
2025-06-15T11:00:00Z,0.308,0.308,,,,,trade,false
2025-06-15T12:00:00Z,0.308,0.308,,,,,trade,false
2025-06-15T13:00:00Z,0.3075,0.3075,,,,,trade,false
2025-06-15T14:00:00Z,0.2985,0.2985,,,,,trade,false
2025-06-15T15:00:00Z,0.2995,0.2995,,,,,trade,false
2025-06-15T16:00:00Z,0.288,0.288,,,,,trade,false
2025-06-15T17:00:00Z,0.2935,0.2935,,,,,trade,false
2025-06-15T18:00:00Z,0.294,0.294,,,,,trade,false
2025-06-15T19:00:00Z,0.294,0.294,,,,,trade,false
2025-06-15T20:00:00Z,0.2945,0.2945,,,,,trade,false
2025-06-15T21:00:00Z,0.2935,0.2935,,,,,trade,false
2025-06-15T22:00:00Z,0.2935,0.2935,,,,,trade,false
2025-06-15T23:00:00Z,0.292,0.292,,,,,trade,false
2025-06-16T00:00:00Z,0.2895,0.2895,,,,,trade,false
2025-06-16T01:00:00Z,0.29,0.29,,,,,trade,false
2025-06-16T02:00:00Z,0.29,0.29,,,,,trade,false
2025-06-16T03:00:00Z,0.293,0.293,,,,,trade,false
2025-06-16T04:00:00Z,0.2925,0.2925,,,,,trade,false
2025-06-16T05:00:00Z,0.289,0.289,,,,,trade,false
2025-06-16T06:00:00Z,0.2945,0.2945,,,,,trade,false
2025-06-16T07:00:00Z,0.2985,0.2985,,,,,trade,false
2025-06-16T08:00:00Z,0.2975,0.2975,,,,,trade,false
2025-06-16T09:00:00Z,0.2975,0.2975,,,,,trade,false
2025-06-16T10:00:00Z,0.298,0.298,,,,,trade,false
2025-06-16T11:00:00Z,0.2985,0.2985,,,,,trade,false
2025-06-16T12:00:00Z,0.2955,0.2955,,,,,trade,false
2025-06-16T13:00:00Z,0.2845,0.2845,,,,,trade,false
2025-06-16T14:00:00Z,0.2835,0.2835,,,,,trade,false
2025-06-16T15:00:00Z,0.2775,0.2775,,,,,trade,false
2025-06-16T16:00:00Z,0.2565,0.2565,,,,,trade,false
2025-06-16T17:00:00Z,0.2325,0.2325,,,,,trade,false
2025-06-16T18:00:00Z,0.222,0.222,,,,,trade,false
2025-06-16T19:00:00Z,0.2235,0.2235,,,,,trade,false
2025-06-16T20:00:00Z,0.2185,0.2185,,,,,trade,false
2025-06-16T21:00:00Z,0.2185,0.2185,,,,,trade,false
2025-06-16T22:00:00Z,0.2225,0.2225,,,,,trade,false
2025-06-16T23:00:00Z,0.223,0.223,,,,,trade,false
2025-06-17T00:00:00Z,0.224,0.224,,,,,trade,false
2025-06-17T01:00:00Z,0.225,0.225,,,,,trade,false
2025-06-17T02:00:00Z,0.2215,0.2215,,,,,trade,false
2025-06-17T03:00:00Z,0.2225,0.2225,,,,,trade,false
2025-06-17T04:00:00Z,0.2195,0.2195,,,,,trade,false
2025-06-17T05:00:00Z,0.217,0.217,,,,,trade,false
2025-06-17T06:00:00Z,0.217,0.217,,,,,trade,false
2025-06-17T07:00:00Z,0.2165,0.2165,,,,,trade,false
2025-06-17T08:00:00Z,0.219,0.219,,,,,trade,false
2025-06-17T09:00:00Z,0.219,0.219,,,,,trade,false
2025-06-17T10:00:00Z,0.218,0.218,,,,,trade,false
2025-06-17T11:00:00Z,0.2175,0.2175,,,,,trade,false
2025-06-17T12:00:00Z,0.2115,0.2115,,,,,trade,false
2025-06-17T13:00:00Z,0.2105,0.2105,,,,,trade,false
2025-06-17T14:00:00Z,0.2145,0.2145,,,,,trade,false
2025-06-17T15:00:00Z,0.21,0.21,,,,,trade,false
2025-06-17T16:00:00Z,0.2025,0.2025,,,,,trade,false
2025-06-17T17:00:00Z,0.2025,0.2025,,,,,trade,false
2025-06-17T18:00:00Z,0.2025,0.2025,,,,,trade,false
2025-06-17T19:00:00Z,0.2025,0.2025,,,,,trade,false
2025-06-17T20:00:00Z,0.2025,0.2025,,,,,trade,false
2025-06-17T21:00:00Z,0.2025,0.2025,,,,,trade,false
2025-06-17T22:00:00Z,0.1475,0.1475,,,,,trade,false
2025-06-17T23:00:00Z,0.1495,0.1495,,,,,trade,false
2025-06-18T00:00:00Z,0.1295,0.1295,,,,,trade,false
2025-06-18T01:00:00Z,0.127,0.127,,,,,trade,false
2025-06-18T02:00:00Z,0.153,0.153,,,,,trade,false
2025-06-18T03:00:00Z,0.152,0.152,,,,,trade,false
2025-06-18T04:00:00Z,0.152,0.152,,,,,trade,false
2025-06-18T05:00:00Z,0.1495,0.1495,,,,,trade,false
2025-06-18T06:00:00Z,0.1485,0.1485,,,,,trade,false
2025-06-18T07:00:00Z,0.142,0.142,,,,,trade,false
2025-06-18T08:00:00Z,0.1305,0.1305,,,,,trade,false
2025-06-18T09:00:00Z,0.1155,0.1155,,,,,trade,false
2025-06-18T10:00:00Z,0.1155,0.1155,,,,,trade,false
2025-06-18T11:00:00Z,0.1155,0.1155,,,,,trade,false
2025-06-18T12:00:00Z,0.0965,0.0965,,,,,trade,false
2025-06-18T13:00:00Z,0.0965,0.0965,,,,,trade,false
2025-06-18T14:00:00Z,0.0895,0.0895,,,,,trade,false
2025-06-18T15:00:00Z,0.093,0.093,,,,,trade,false
2025-06-18T16:00:00Z,0.0935,0.0935,,,,,trade,false
2025-06-18T17:00:00Z,0.0945,0.0945,,,,,trade,false
2025-06-18T18:00:00Z,0.121,0.121,,,,,trade,false
2025-06-18T19:00:00Z,0.1245,0.1245,,,,,trade,false
2025-06-18T20:00:00Z,0.123,0.123,,,,,trade,false
2025-06-18T21:00:00Z,0.123,0.123,,,,,trade,false
2025-06-18T22:00:00Z,0.126,0.126,,,,,trade,false
2025-06-18T23:00:00Z,0.126,0.126,,,,,trade,false
2025-06-19T00:00:00Z,0.1305,0.1305,,,,,trade,false
2025-06-19T01:00:00Z,0.1305,0.1305,,,,,trade,false
2025-06-19T02:00:00Z,0.1305,0.1305,,,,,trade,false
2025-06-19T03:00:00Z,0.1305,0.1305,,,,,trade,false
2025-06-19T04:00:00Z,0.1325,0.1325,,,,,trade,false
2025-06-19T05:00:00Z,0.132,0.132,,,,,trade,false
2025-06-19T06:00:00Z,0.1325,0.1325,,,,,trade,false
2025-06-19T07:00:00Z,0.1325,0.1325,,,,,trade,false
2025-06-19T08:00:00Z,0.1325,0.1325,,,,,trade,false
2025-06-19T09:00:00Z,0.1325,0.1325,,,,,trade,false
2025-06-19T10:00:00Z,0.1325,0.1325,,,,,trade,false
2025-06-19T11:00:00Z,0.1325,0.1325,,,,,trade,false
2025-06-19T12:00:00Z,0.1325,0.1325,,,,,trade,false
2025-06-19T13:00:00Z,0.1325,0.1325,,,,,trade,false
2025-06-19T14:00:00Z,0.1325,0.1325,,,,,trade,false
2025-06-19T15:00:00Z,0.1325,0.1325,,,,,trade,false
2025-06-19T16:00:00Z,0.1325,0.1325,,,,,trade,false
2025-06-19T17:00:00Z,0.1325,0.1325,,,,,trade,false
2025-06-19T18:00:00Z,0.1325,0.1325,,,,,trade,false
2025-06-19T19:00:00Z,0.1325,0.1325,,,,,trade,false
2025-06-19T20:00:00Z,0.1325,0.1325,,,,,trade,false
2025-06-19T21:00:00Z,0.133,0.133,,,,,trade,false
2025-06-19T22:00:00Z,0.133,0.133,,,,,trade,false
2025-06-19T23:00:00Z,0.1355,0.1355,,,,,trade,false
2025-06-20T00:00:00Z,0.1395,0.1395,,,,,trade,false
2025-06-20T01:00:00Z,0.1405,0.1405,,,,,trade,false
2025-06-20T02:00:00Z,0.1405,0.1405,,,,,trade,false
2025-06-20T03:00:00Z,0.1445,0.1445,,,,,trade,false
2025-06-20T04:00:00Z,0.145,0.145,,,,,trade,false
2025-06-20T05:00:00Z,0.144,0.144,,,,,trade,false
2025-06-20T06:00:00Z,0.145,0.145,,,,,trade,false
2025-06-20T07:00:00Z,0.145,0.145,,,,,trade,false
2025-06-20T08:00:00Z,0.145,0.145,,,,,trade,false
2025-06-20T09:00:00Z,0.144,0.144,,,,,trade,false
2025-06-20T10:00:00Z,0.143,0.143,,,,,trade,false
2025-06-20T11:00:00Z,0.1525,0.1525,,,,,trade,false
2025-06-20T12:00:00Z,0.1525,0.1525,,,,,trade,false
2025-06-20T13:00:00Z,0.1595,0.1595,,,,,trade,false
2025-06-20T14:00:00Z,0.159,0.159,,,,,trade,false
2025-06-20T15:00:00Z,0.158,0.158,,,,,trade,false
2025-06-20T16:00:00Z,0.159,0.159,,,,,trade,false
2025-06-20T17:00:00Z,0.16,0.16,,,,,trade,false
2025-06-20T18:00:00Z,0.16,0.16,,,,,trade,false
2025-06-20T19:00:00Z,0.1595,0.1595,,,,,trade,false
2025-06-20T20:00:00Z,0.1595,0.1595,,,,,trade,false
2025-06-20T21:00:00Z,0.1595,0.1595,,,,,trade,false
2025-06-20T22:00:00Z,0.159,0.159,,,,,trade,false
2025-06-20T23:00:00Z,0.1565,0.1565,,,,,trade,false
2025-06-21T00:00:00Z,0.1575,0.1575,,,,,trade,false
2025-06-21T01:00:00Z,0.1575,0.1575,,,,,trade,false
2025-06-21T02:00:00Z,0.157,0.157,,,,,trade,false
2025-06-21T03:00:00Z,0.1575,0.1575,,,,,trade,false
2025-06-21T04:00:00Z,0.157,0.157,,,,,trade,false
2025-06-21T05:00:00Z,0.1575,0.1575,,,,,trade,false
2025-06-21T06:00:00Z,0.166,0.166,,,,,trade,false
2025-06-21T07:00:00Z,0.1675,0.1675,,,,,trade,false
2025-06-21T08:00:00Z,0.1705,0.1705,,,,,trade,false
2025-06-21T09:00:00Z,0.171,0.171,,,,,trade,false
2025-06-21T10:00:00Z,0.172,0.172,,,,,trade,false
2025-06-21T11:00:00Z,0.175,0.175,,,,,trade,false
2025-06-21T12:00:00Z,0.177,0.177,,,,,trade,false
2025-06-21T13:00:00Z,0.1765,0.1765,,,,,trade,false
2025-06-21T14:00:00Z,0.1835,0.1835,,,,,trade,false
2025-06-21T15:00:00Z,0.182,0.182,,,,,trade,false
2025-06-21T16:00:00Z,0.181,0.181,,,,,trade,false
2025-06-21T17:00:00Z,0.1815,0.1815,,,,,trade,false
2025-06-21T18:00:00Z,0.1815,0.1815,,,,,trade,false
2025-06-21T19:00:00Z,0.1755,0.1755,,,,,trade,false
2025-06-21T20:00:00Z,0.1785,0.1785,,,,,trade,false
2025-06-21T21:00:00Z,0.174,0.174,,,,,trade,false
2025-06-21T22:00:00Z,0.184,0.184,,,,,trade,false
2025-06-21T23:00:00Z,0.182,0.182,,,,,trade,false
2025-06-22T00:00:00Z,0.1865,0.1865,,,,,trade,false
2025-06-22T01:00:00Z,0.1865,0.1865,,,,,trade,false
2025-06-22T02:00:00Z,0.1865,0.1865,,,,,trade,false
2025-06-22T03:00:00Z,0.186,0.186,,,,,trade,false
2025-06-22T04:00:00Z,0.1865,0.1865,,,,,trade,false
2025-06-22T05:00:00Z,0.1865,0.1865,,,,,trade,false
2025-06-22T06:00:00Z,0.186,0.186,,,,,trade,false
2025-06-22T07:00:00Z,0.1865,0.1865,,,,,trade,false
2025-06-22T08:00:00Z,0.186,0.186,,,,,trade,false
2025-06-22T09:00:00Z,0.187,0.187,,,,,trade,false
2025-06-22T10:00:00Z,0.19,0.19,,,,,trade,false
2025-06-22T11:00:00Z,0.184,0.184,,,,,trade,false
2025-06-22T12:00:00Z,0.1845,0.1845,,,,,trade,false
2025-06-22T13:00:00Z,0.1745,0.1745,,,,,trade,false
2025-06-22T14:00:00Z,0.173,0.173,,,,,trade,false
2025-06-22T15:00:00Z,0.173,0.173,,,,,trade,false
2025-06-22T16:00:00Z,0.1665,0.1665,,,,,trade,false
2025-06-22T17:00:00Z,0.1665,0.1665,,,,,trade,false
2025-06-22T18:00:00Z,0.1665,0.1665,,,,,trade,false
2025-06-22T19:00:00Z,0.1665,0.1665,,,,,trade,false
2025-06-22T20:00:00Z,0.17,0.17,,,,,trade,false
2025-06-22T21:00:00Z,0.1805,0.1805,,,,,trade,false
2025-06-22T22:00:00Z,0.1895,0.1895,,,,,trade,false
2025-06-22T23:00:00Z,0.1895,0.1895,,,,,trade,false
2025-06-23T00:00:00Z,0.1955,0.1955,,,,,trade,false
2025-06-23T01:00:00Z,0.1915,0.1915,,,,,trade,false
2025-06-23T02:00:00Z,0.191,0.191,,,,,trade,false
2025-06-23T03:00:00Z,0.1915,0.1915,,,,,trade,false
2025-06-23T04:00:00Z,0.1975,0.1975,,,,,trade,false
2025-06-23T05:00:00Z,0.199,0.199,,,,,trade,false
2025-06-23T06:00:00Z,0.2285,0.2285,,,,,trade,false
2025-06-23T07:00:00Z,0.227,0.227,,,,,trade,false
2025-06-23T08:00:00Z,0.227,0.227,,,,,trade,false
2025-06-23T09:00:00Z,0.2265,0.2265,,,,,trade,false
2025-06-23T10:00:00Z,0.2265,0.2265,,,,,trade,false
2025-06-23T11:00:00Z,0.4515,0.4515,,,,,trade,false
2025-06-23T12:00:00Z,0.329,0.329,,,,,trade,false
2025-06-23T13:00:00Z,0.43,0.43,,,,,trade,false
2025-06-23T14:00:00Z,0.5205,0.5205,,,,,trade,false
2025-06-23T15:00:00Z,0.4635,0.4635,,,,,trade,false
2025-06-23T16:00:00Z,0.423,0.423,,,,,trade,false
2025-06-23T17:00:00Z,0.393,0.393,,,,,trade,false
2025-06-23T18:00:00Z,0.3075,0.3075,,,,,trade,false
2025-06-23T19:00:00Z,0.311,0.311,,,,,trade,false
2025-06-23T20:00:00Z,0.297,0.297,,,,,trade,false
2025-06-23T21:00:00Z,0.3495,0.3495,,,,,trade,false
2025-06-23T22:00:00Z,0.3755,0.3755,,,,,trade,false
2025-06-23T23:00:00Z,0.363,0.363,,,,,trade,false
2025-06-24T00:00:00Z,0.3685,0.3685,,,,,trade,false
2025-06-24T01:00:00Z,0.3945,0.3945,,,,,trade,false
2025-06-24T02:00:00Z,0.435,0.435,,,,,trade,false
2025-06-24T03:00:00Z,0.4205,0.4205,,,,,trade,false
2025-06-24T04:00:00Z,0.464,0.464,,,,,trade,false
2025-06-24T05:00:00Z,0.475,0.475,,,,,trade,false
2025-06-24T06:00:00Z,0.46,0.46,,,,,trade,false
2025-06-24T07:00:00Z,0.496,0.496,,,,,trade,false
2025-06-24T08:00:00Z,0.4895,0.4895,,,,,trade,false
2025-06-24T09:00:00Z,0.49,0.49,,,,,trade,false
2025-06-24T10:00:00Z,0.47,0.47,,,,,trade,false
2025-06-24T11:00:00Z,0.448,0.448,,,,,trade,false
2025-06-24T12:00:00Z,0.466,0.466,,,,,trade,false
2025-06-24T13:00:00Z,0.4545,0.4545,,,,,trade,false
2025-06-24T14:00:00Z,0.466,0.466,,,,,trade,false
2025-06-24T15:00:00Z,0.4545,0.4545,,,,,trade,false
2025-06-24T16:00:00Z,0.451,0.451,,,,,trade,false
2025-06-24T17:00:00Z,0.4365,0.4365,,,,,trade,false
2025-06-24T18:00:00Z,0.437,0.437,,,,,trade,false
2025-06-24T19:00:00Z,0.4165,0.4165,,,,,trade,false
2025-06-24T20:00:00Z,0.3745,0.3745,,,,,trade,false
2025-06-24T21:00:00Z,0.366,0.366,,,,,trade,false
2025-06-24T22:00:00Z,0.3755,0.3755,,,,,trade,false
2025-06-24T23:00:00Z,0.3905,0.3905,,,,,trade,false
2025-06-25T00:00:00Z,0.378,0.378,,,,,trade,false
2025-06-25T01:00:00Z,0.334,0.334,,,,,trade,false
2025-06-25T02:00:00Z,0.7725,0.7725,,,,,trade,false
2025-06-25T03:00:00Z,0.7525,0.7525,,,,,trade,false
2025-06-25T04:00:00Z,0.7335,0.7335,,,,,trade,false
2025-06-25T05:00:00Z,0.754,0.754,,,,,trade,false
2025-06-25T06:00:00Z,0.735,0.735,,,,,trade,false
2025-06-25T07:00:00Z,0.752,0.752,,,,,trade,false
2025-06-25T08:00:00Z,0.735,0.735,,,,,trade,false
2025-06-25T09:00:00Z,0.736,0.736,,,,,trade,false
2025-06-25T10:00:00Z,0.7355,0.7355,,,,,trade,false
2025-06-25T11:00:00Z,0.7325,0.7325,,,,,trade,false
2025-06-25T12:00:00Z,0.738,0.738,,,,,trade,false
2025-06-25T13:00:00Z,0.7325,0.7325,,,,,trade,false
2025-06-25T14:00:00Z,0.729,0.729,,,,,trade,false
2025-06-25T15:00:00Z,0.7385,0.7385,,,,,trade,false
2025-06-25T16:00:00Z,0.734,0.734,,,,,trade,false
2025-06-25T17:00:00Z,0.7225,0.7225,,,,,trade,false
2025-06-25T18:00:00Z,0.7175,0.7175,,,,,trade,false
2025-06-25T19:00:00Z,0.7185,0.7185,,,,,trade,false
2025-06-25T20:00:00Z,0.7205,0.7205,,,,,trade,false
2025-06-25T21:00:00Z,0.7205,0.7205,,,,,trade,false
2025-06-25T22:00:00Z,0.7155,0.7155,,,,,trade,false
2025-06-25T23:00:00Z,0.716,0.716,,,,,trade,false
2025-06-26T00:00:00Z,0.7265,0.7265,,,,,trade,false
2025-06-26T01:00:00Z,0.726,0.726,,,,,trade,false
2025-06-26T02:00:00Z,0.7335,0.7335,,,,,trade,false
2025-06-26T03:00:00Z,0.7355,0.7355,,,,,trade,false
2025-06-26T04:00:00Z,0.7405,0.7405,,,,,trade,false
2025-06-26T05:00:00Z,0.745,0.745,,,,,trade,false
2025-06-26T06:00:00Z,0.7455,0.7455,,,,,trade,false
2025-06-26T07:00:00Z,0.7495,0.7495,,,,,trade,false
2025-06-26T08:00:00Z,0.75,0.75,,,,,trade,false
2025-06-26T09:00:00Z,0.7485,0.7485,,,,,trade,false
2025-06-26T10:00:00Z,0.7525,0.7525,,,,,trade,false
2025-06-26T11:00:00Z,0.739,0.739,,,,,trade,false
2025-06-26T12:00:00Z,0.7465,0.7465,,,,,trade,false
2025-06-26T13:00:00Z,0.7425,0.7425,,,,,trade,false
2025-06-26T14:00:00Z,0.746,0.746,,,,,trade,false
2025-06-26T15:00:00Z,0.736,0.736,,,,,trade,false
2025-06-26T16:00:00Z,0.7325,0.7325,,,,,trade,false
2025-06-26T17:00:00Z,0.728,0.728,,,,,trade,false
2025-06-26T18:00:00Z,0.742,0.742,,,,,trade,false
2025-06-26T19:00:00Z,0.743,0.743,,,,,trade,false
2025-06-26T20:00:00Z,0.7425,0.7425,,,,,trade,false
2025-06-26T21:00:00Z,0.7435,0.7435,,,,,trade,false
2025-06-26T22:00:00Z,0.7455,0.7455,,,,,trade,false
2025-06-26T23:00:00Z,0.7405,0.7405,,,,,trade,false
2025-06-27T00:00:00Z,0.7405,0.7405,,,,,trade,false
2025-06-27T01:00:00Z,0.7405,0.7405,,,,,trade,false
2025-06-27T02:00:00Z,0.7415,0.7415,,,,,trade,false
2025-06-27T03:00:00Z,0.7415,0.7415,,,,,trade,false
2025-06-27T04:00:00Z,0.7425,0.7425,,,,,trade,false
2025-06-27T05:00:00Z,0.7425,0.7425,,,,,trade,false
2025-06-27T06:00:00Z,0.7445,0.7445,,,,,trade,false
2025-06-27T07:00:00Z,0.7445,0.7445,,,,,trade,false
2025-06-27T08:00:00Z,0.745,0.745,,,,,trade,false
2025-06-27T09:00:00Z,0.744,0.744,,,,,trade,false
2025-06-27T10:00:00Z,0.745,0.745,,,,,trade,false
2025-06-27T11:00:00Z,0.7465,0.7465,,,,,trade,false
2025-06-27T12:00:00Z,0.744,0.744,,,,,trade,false
2025-06-27T13:00:00Z,0.7445,0.7445,,,,,trade,false
2025-06-27T14:00:00Z,0.7415,0.7415,,,,,trade,false
2025-06-27T15:00:00Z,0.7415,0.7415,,,,,trade,false
2025-06-27T16:00:00Z,0.741,0.741,,,,,trade,false
2025-06-27T17:00:00Z,0.7405,0.7405,,,,,trade,false
2025-06-27T18:00:00Z,0.7405,0.7405,,,,,trade,false
2025-06-27T19:00:00Z,0.7255,0.7255,,,,,trade,false
2025-06-27T20:00:00Z,0.727,0.727,,,,,trade,false
2025-06-27T21:00:00Z,0.7335,0.7335,,,,,trade,false
2025-06-27T22:00:00Z,0.6885,0.6885,,,,,trade,false
2025-06-27T23:00:00Z,0.707,0.707,,,,,trade,false
2025-06-28T00:00:00Z,0.6915,0.6915,,,,,trade,false
2025-06-28T01:00:00Z,0.686,0.686,,,,,trade,false
2025-06-28T02:00:00Z,0.6945,0.6945,,,,,trade,false
2025-06-28T03:00:00Z,0.694,0.694,,,,,trade,false
2025-06-28T04:00:00Z,0.694,0.694,,,,,trade,false
2025-06-28T05:00:00Z,0.6935,0.6935,,,,,trade,false
2025-06-28T06:00:00Z,0.6955,0.6955,,,,,trade,false
2025-06-28T07:00:00Z,0.6975,0.6975,,,,,trade,false
2025-06-28T08:00:00Z,0.696,0.696,,,,,trade,false
2025-06-28T09:00:00Z,0.697,0.697,,,,,trade,false
2025-06-28T10:00:00Z,0.697,0.697,,,,,trade,false
2025-06-28T11:00:00Z,0.694,0.694,,,,,trade,false
2025-06-28T12:00:00Z,0.681,0.681,,,,,trade,false
2025-06-28T13:00:00Z,0.693,0.693,,,,,trade,false
2025-06-28T14:00:00Z,0.6975,0.6975,,,,,trade,false
2025-06-28T15:00:00Z,0.6755,0.6755,,,,,trade,false
2025-06-28T16:00:00Z,0.679,0.679,,,,,trade,false
2025-06-28T17:00:00Z,0.672,0.672,,,,,trade,false
2025-06-28T18:00:00Z,0.674,0.674,,,,,trade,false
2025-06-28T19:00:00Z,0.6745,0.6745,,,,,trade,false
2025-06-28T20:00:00Z,0.6725,0.6725,,,,,trade,false
2025-06-28T21:00:00Z,0.675,0.675,,,,,trade,false
2025-06-28T22:00:00Z,0.688,0.688,,,,,trade,false
2025-06-28T23:00:00Z,0.6935,0.6935,,,,,trade,false
2025-06-29T00:00:00Z,0.6965,0.6965,,,,,trade,false
2025-06-29T01:00:00Z,0.697,0.697,,,,,trade,false
2025-06-29T02:00:00Z,0.701,0.701,,,,,trade,false
2025-06-29T03:00:00Z,0.703,0.703,,,,,trade,false
2025-06-29T04:00:00Z,0.7025,0.7025,,,,,trade,false
2025-06-29T05:00:00Z,0.7015,0.7015,,,,,trade,false
2025-06-29T06:00:00Z,0.7035,0.7035,,,,,trade,false
2025-06-29T07:00:00Z,0.7065,0.7065,,,,,trade,false
2025-06-29T08:00:00Z,0.681,0.681,,,,,trade,false
2025-06-29T09:00:00Z,0.684,0.684,,,,,trade,false
2025-06-29T10:00:00Z,0.6845,0.6845,,,,,trade,false
2025-06-29T11:00:00Z,0.6845,0.6845,,,,,trade,false
2025-06-29T12:00:00Z,0.6845,0.6845,,,,,trade,false
2025-06-29T13:00:00Z,0.686,0.686,,,,,trade,false
2025-06-29T14:00:00Z,0.693,0.693,,,,,trade,false
2025-06-29T15:00:00Z,0.6765,0.6765,,,,,trade,false
2025-06-29T16:00:00Z,0.6785,0.6785,,,,,trade,false
2025-06-29T17:00:00Z,0.6735,0.6735,,,,,trade,false
2025-06-29T18:00:00Z,0.682,0.682,,,,,trade,false
2025-06-29T19:00:00Z,0.6645,0.6645,,,,,trade,false
2025-06-29T20:00:00Z,0.686,0.686,,,,,trade,false
2025-06-29T21:00:00Z,0.6865,0.6865,,,,,trade,false
2025-06-29T22:00:00Z,0.682,0.682,,,,,trade,false
2025-06-29T23:00:00Z,0.683,0.683,,,,,trade,false
2025-06-30T00:00:00Z,0.6835,0.6835,,,,,trade,false
2025-06-30T01:00:00Z,0.6895,0.6895,,,,,trade,false
2025-06-30T02:00:00Z,0.6865,0.6865,,,,,trade,false
2025-06-30T03:00:00Z,0.687,0.687,,,,,trade,false
2025-06-30T04:00:00Z,0.6915,0.6915,,,,,trade,false
2025-06-30T05:00:00Z,0.691,0.691,,,,,trade,false
2025-06-30T06:00:00Z,0.693,0.693,,,,,trade,false
2025-06-30T07:00:00Z,0.6945,0.6945,,,,,trade,false
2025-06-30T08:00:00Z,0.703,0.703,,,,,trade,false
2025-06-30T09:00:00Z,0.7035,0.7035,,,,,trade,false
2025-06-30T10:00:00Z,0.7055,0.7055,,,,,trade,false
2025-06-30T11:00:00Z,0.706,0.706,,,,,trade,false
2025-06-30T12:00:00Z,0.7055,0.7055,,,,,trade,false
2025-06-30T13:00:00Z,0.702,0.702,,,,,trade,false
2025-06-30T14:00:00Z,0.7035,0.7035,,,,,trade,false
2025-06-30T15:00:00Z,0.702,0.702,,,,,trade,false
2025-06-30T16:00:00Z,0.6965,0.6965,,,,,trade,false
2025-06-30T17:00:00Z,0.698,0.698,,,,,trade,false
2025-06-30T18:00:00Z,0.6935,0.6935,,,,,trade,false
2025-06-30T19:00:00Z,0.6975,0.6975,,,,,trade,false
2025-06-30T20:00:00Z,0.6915,0.6915,,,,,trade,false
2025-06-30T21:00:00Z,0.697,0.697,,,,,trade,false
2025-06-30T22:00:00Z,0.701,0.701,,,,,trade,false
2025-06-30T23:00:00Z,0.7005,0.7005,,,,,trade,false
2025-07-01T00:00:00Z,0.7025,0.7025,,,,,trade,false
2025-07-01T01:00:00Z,0.703,0.703,,,,,trade,false
2025-07-01T02:00:00Z,0.7015,0.7015,,,,,trade,false
2025-07-01T03:00:00Z,0.703,0.703,,,,,trade,false
2025-07-01T04:00:00Z,0.7065,0.7065,,,,,trade,false
2025-07-01T05:00:00Z,0.711,0.711,,,,,trade,false
2025-07-01T06:00:00Z,0.711,0.711,,,,,trade,false
2025-07-01T07:00:00Z,0.7115,0.7115,,,,,trade,false
2025-07-01T08:00:00Z,0.7125,0.7125,,,,,trade,false
2025-07-01T09:00:00Z,0.7135,0.7135,,,,,trade,false
2025-07-01T10:00:00Z,0.713,0.713,,,,,trade,false
2025-07-01T11:00:00Z,0.7105,0.7105,,,,,trade,false
2025-07-01T12:00:00Z,0.7125,0.7125,,,,,trade,false
2025-07-01T13:00:00Z,0.7125,0.7125,,,,,trade,false
2025-07-01T14:00:00Z,0.7145,0.7145,,,,,trade,false
2025-07-01T15:00:00Z,0.714,0.714,,,,,trade,false
2025-07-01T16:00:00Z,0.7115,0.7115,,,,,trade,false
2025-07-01T17:00:00Z,0.7045,0.7045,,,,,trade,false
2025-07-01T18:00:00Z,0.7145,0.7145,,,,,trade,false
2025-07-01T19:00:00Z,0.715,0.715,,,,,trade,false
2025-07-01T20:00:00Z,0.72,0.72,,,,,trade,false
2025-07-01T21:00:00Z,0.7185,0.7185,,,,,trade,false
2025-07-01T22:00:00Z,0.7215,0.7215,,,,,trade,false
2025-07-01T23:00:00Z,0.7145,0.7145,,,,,trade,false
2025-07-02T00:00:00Z,0.7145,0.7145,,,,,trade,false
2025-07-02T01:00:00Z,0.7155,0.7155,,,,,trade,false
2025-07-02T02:00:00Z,0.7175,0.7175,,,,,trade,false
2025-07-02T03:00:00Z,0.7195,0.7195,,,,,trade,false
2025-07-02T04:00:00Z,0.7205,0.7205,,,,,trade,false
2025-07-02T05:00:00Z,0.7225,0.7225,,,,,trade,false
2025-07-02T06:00:00Z,0.721,0.721,,,,,trade,false
2025-07-02T07:00:00Z,0.7185,0.7185,,,,,trade,false
2025-07-02T08:00:00Z,0.7205,0.7205,,,,,trade,false
2025-07-02T09:00:00Z,0.722,0.722,,,,,trade,false
2025-07-02T10:00:00Z,0.728,0.728,,,,,trade,false
2025-07-02T11:00:00Z,0.732,0.732,,,,,trade,false
2025-07-02T12:00:00Z,0.7315,0.7315,,,,,trade,false
2025-07-02T13:00:00Z,0.73,0.73,,,,,trade,false
2025-07-02T14:00:00Z,0.7305,0.7305,,,,,trade,false
2025-07-02T15:00:00Z,0.7315,0.7315,,,,,trade,false
2025-07-02T16:00:00Z,0.7005,0.7005,,,,,trade,false
2025-07-02T17:00:00Z,0.7215,0.7215,,,,,trade,false
2025-07-02T18:00:00Z,0.7225,0.7225,,,,,trade,false
2025-07-02T19:00:00Z,0.7185,0.7185,,,,,trade,false
2025-07-02T20:00:00Z,0.7175,0.7175,,,,,trade,false
2025-07-02T21:00:00Z,0.7135,0.7135,,,,,trade,false
2025-07-02T22:00:00Z,0.7115,0.7115,,,,,trade,false
2025-07-02T23:00:00Z,0.7195,0.7195,,,,,trade,false
2025-07-03T00:00:00Z,0.722,0.722,,,,,trade,false
2025-07-03T01:00:00Z,0.7195,0.7195,,,,,trade,false
2025-07-03T02:00:00Z,0.7115,0.7115,,,,,trade,false
2025-07-03T03:00:00Z,0.714,0.714,,,,,trade,false
2025-07-03T04:00:00Z,0.7135,0.7135,,,,,trade,false
2025-07-03T05:00:00Z,0.716,0.716,,,,,trade,false
2025-07-03T06:00:00Z,0.7145,0.7145,,,,,trade,false
2025-07-03T07:00:00Z,0.7125,0.7125,,,,,trade,false
2025-07-03T08:00:00Z,0.7145,0.7145,,,,,trade,false
2025-07-03T09:00:00Z,0.7135,0.7135,,,,,trade,false
2025-07-03T10:00:00Z,0.684,0.684,,,,,trade,false
2025-07-03T11:00:00Z,0.7085,0.7085,,,,,trade,false
2025-07-03T12:00:00Z,0.6945,0.6945,,,,,trade,false
2025-07-03T13:00:00Z,0.6955,0.6955,,,,,trade,false
2025-07-03T14:00:00Z,0.696,0.696,,,,,trade,false
2025-07-03T15:00:00Z,0.695,0.695,,,,,trade,false
2025-07-03T16:00:00Z,0.6975,0.6975,,,,,trade,false
2025-07-03T17:00:00Z,0.6965,0.6965,,,,,trade,false
2025-07-03T18:00:00Z,0.699,0.699,,,,,trade,false
2025-07-03T19:00:00Z,0.7045,0.7045,,,,,trade,false
2025-07-03T20:00:00Z,0.7085,0.7085,,,,,trade,false
2025-07-03T21:00:00Z,0.7045,0.7045,,,,,trade,false
2025-07-03T22:00:00Z,0.7015,0.7015,,,,,trade,false
2025-07-03T23:00:00Z,0.702,0.702,,,,,trade,false
2025-07-04T00:00:00Z,0.7025,0.7025,,,,,trade,false
2025-07-04T01:00:00Z,0.703,0.703,,,,,trade,false
2025-07-04T02:00:00Z,0.704,0.704,,,,,trade,false
2025-07-04T03:00:00Z,0.6985,0.6985,,,,,trade,false
2025-07-04T04:00:00Z,0.6985,0.6985,,,,,trade,false
2025-07-04T05:00:00Z,0.6965,0.6965,,,,,trade,false
2025-07-04T06:00:00Z,0.6975,0.6975,,,,,trade,false
2025-07-04T07:00:00Z,0.6955,0.6955,,,,,trade,false
2025-07-04T08:00:00Z,0.698,0.698,,,,,trade,false
2025-07-04T09:00:00Z,0.6995,0.6995,,,,,trade,false
2025-07-04T10:00:00Z,0.701,0.701,,,,,trade,false
2025-07-04T11:00:00Z,0.6995,0.6995,,,,,trade,false
2025-07-04T12:00:00Z,0.6975,0.6975,,,,,trade,false
2025-07-04T13:00:00Z,0.6985,0.6985,,,,,trade,false
2025-07-04T14:00:00Z,0.6985,0.6985,,,,,trade,false
2025-07-04T15:00:00Z,0.6965,0.6965,,,,,trade,false
2025-07-04T16:00:00Z,0.6985,0.6985,,,,,trade,false
2025-07-04T17:00:00Z,0.699,0.699,,,,,trade,false
2025-07-04T18:00:00Z,0.6965,0.6965,,,,,trade,false
2025-07-04T19:00:00Z,0.697,0.697,,,,,trade,false
2025-07-04T20:00:00Z,0.696,0.696,,,,,trade,false
2025-07-04T21:00:00Z,0.696,0.696,,,,,trade,false
2025-07-04T22:00:00Z,0.696,0.696,,,,,trade,false
2025-07-04T23:00:00Z,0.695,0.695,,,,,trade,false
2025-07-05T00:00:00Z,0.697,0.697,,,,,trade,false
2025-07-05T01:00:00Z,0.6975,0.6975,,,,,trade,false
2025-07-05T02:00:00Z,0.6975,0.6975,,,,,trade,false
2025-07-05T03:00:00Z,0.696,0.696,,,,,trade,false
2025-07-05T04:00:00Z,0.6985,0.6985,,,,,trade,false
2025-07-05T05:00:00Z,0.6985,0.6985,,,,,trade,false
2025-07-05T06:00:00Z,0.697,0.697,,,,,trade,false
2025-07-05T07:00:00Z,0.6935,0.6935,,,,,trade,false
2025-07-05T08:00:00Z,0.6965,0.6965,,,,,trade,false
2025-07-05T09:00:00Z,0.6945,0.6945,,,,,trade,false
2025-07-05T10:00:00Z,0.6945,0.6945,,,,,trade,false
2025-07-05T11:00:00Z,0.6965,0.6965,,,,,trade,false
2025-07-05T12:00:00Z,0.6965,0.6965,,,,,trade,false
2025-07-05T13:00:00Z,0.6975,0.6975,,,,,trade,false
2025-07-05T14:00:00Z,0.6985,0.6985,,,,,trade,false
2025-07-05T15:00:00Z,0.698,0.698,,,,,trade,false
2025-07-05T16:00:00Z,0.6965,0.6965,,,,,trade,false
2025-07-05T17:00:00Z,0.695,0.695,,,,,trade,false
2025-07-05T18:00:00Z,0.694,0.694,,,,,trade,false
2025-07-05T19:00:00Z,0.6925,0.6925,,,,,trade,false
2025-07-05T20:00:00Z,0.694,0.694,,,,,trade,false
2025-07-05T21:00:00Z,0.697,0.697,,,,,trade,false
2025-07-05T22:00:00Z,0.6975,0.6975,,,,,trade,false
2025-07-05T23:00:00Z,0.695,0.695,,,,,trade,false
2025-07-06T00:00:00Z,0.695,0.695,,,,,trade,false
2025-07-06T01:00:00Z,0.696,0.696,,,,,trade,false
2025-07-06T02:00:00Z,0.697,0.697,,,,,trade,false
2025-07-06T03:00:00Z,0.6965,0.6965,,,,,trade,false
2025-07-06T04:00:00Z,0.6965,0.6965,,,,,trade,false
2025-07-06T05:00:00Z,0.697,0.697,,,,,trade,false
2025-07-06T06:00:00Z,0.6975,0.6975,,,,,trade,false
2025-07-06T07:00:00Z,0.697,0.697,,,,,trade,false
2025-07-06T08:00:00Z,0.697,0.697,,,,,trade,false
2025-07-06T09:00:00Z,0.6975,0.6975,,,,,trade,false
2025-07-06T10:00:00Z,0.6975,0.6975,,,,,trade,false
2025-07-06T11:00:00Z,0.6975,0.6975,,,,,trade,false
2025-07-06T12:00:00Z,0.6985,0.6985,,,,,trade,false
2025-07-06T13:00:00Z,0.6955,0.6955,,,,,trade,false
2025-07-06T14:00:00Z,0.695,0.695,,,,,trade,false
2025-07-06T15:00:00Z,0.6925,0.6925,,,,,trade,false
2025-07-06T16:00:00Z,0.693,0.693,,,,,trade,false
2025-07-06T17:00:00Z,0.6905,0.6905,,,,,trade,false
2025-07-06T18:00:00Z,0.6925,0.6925,,,,,trade,false
2025-07-06T19:00:00Z,0.6935,0.6935,,,,,trade,false
2025-07-06T20:00:00Z,0.6935,0.6935,,,,,trade,false
2025-07-06T21:00:00Z,0.6935,0.6935,,,,,trade,false
2025-07-06T22:00:00Z,0.695,0.695,,,,,trade,false
2025-07-06T23:00:00Z,0.695,0.695,,,,,trade,false
2025-07-07T00:00:00Z,0.693,0.693,,,,,trade,false
2025-07-07T01:00:00Z,0.692,0.692,,,,,trade,false
2025-07-07T02:00:00Z,0.6935,0.6935,,,,,trade,false
2025-07-07T03:00:00Z,0.6915,0.6915,,,,,trade,false
2025-07-07T04:00:00Z,0.6905,0.6905,,,,,trade,false
2025-07-07T05:00:00Z,0.6905,0.6905,,,,,trade,false
2025-07-07T06:00:00Z,0.6905,0.6905,,,,,trade,false
2025-07-07T07:00:00Z,0.6905,0.6905,,,,,trade,false
2025-07-07T08:00:00Z,0.6905,0.6905,,,,,trade,false
2025-07-07T09:00:00Z,0.6905,0.6905,,,,,trade,false
2025-07-07T10:00:00Z,0.6915,0.6915,,,,,trade,false
2025-07-07T11:00:00Z,0.6905,0.6905,,,,,trade,false
2025-07-07T12:00:00Z,0.6895,0.6895,,,,,trade,false
2025-07-07T13:00:00Z,0.6895,0.6895,,,,,trade,false
2025-07-07T14:00:00Z,0.689,0.689,,,,,trade,false
2025-07-07T15:00:00Z,0.689,0.689,,,,,trade,false
2025-07-07T16:00:00Z,0.689,0.689,,,,,trade,false
2025-07-07T17:00:00Z,0.687,0.687,,,,,trade,false
2025-07-07T18:00:00Z,0.6855,0.6855,,,,,trade,false
2025-07-07T19:00:00Z,0.687,0.687,,,,,trade,false
2025-07-07T20:00:00Z,0.686,0.686,,,,,trade,false
2025-07-07T21:00:00Z,0.685,0.685,,,,,trade,false
2025-07-07T22:00:00Z,0.686,0.686,,,,,trade,false
2025-07-07T23:00:00Z,0.6865,0.6865,,,,,trade,false
2025-07-08T00:00:00Z,0.681,0.681,,,,,trade,false
2025-07-08T01:00:00Z,0.6815,0.6815,,,,,trade,false
2025-07-08T02:00:00Z,0.681,0.681,,,,,trade,false
2025-07-08T03:00:00Z,0.68,0.68,,,,,trade,false
2025-07-08T04:00:00Z,0.6795,0.6795,,,,,trade,false
2025-07-08T05:00:00Z,0.6795,0.6795,,,,,trade,false
2025-07-08T06:00:00Z,0.679,0.679,,,,,trade,false
2025-07-08T07:00:00Z,0.6785,0.6785,,,,,trade,false
2025-07-08T08:00:00Z,0.6785,0.6785,,,,,trade,false
2025-07-08T09:00:00Z,0.6805,0.6805,,,,,trade,false
2025-07-08T10:00:00Z,0.6805,0.6805,,,,,trade,false
2025-07-08T11:00:00Z,0.6815,0.6815,,,,,trade,false
2025-07-08T12:00:00Z,0.6835,0.6835,,,,,trade,false
2025-07-08T13:00:00Z,0.685,0.685,,,,,trade,false
2025-07-08T14:00:00Z,0.689,0.689,,,,,trade,false
2025-07-08T15:00:00Z,0.69,0.69,,,,,trade,false
2025-07-08T16:00:00Z,0.6885,0.6885,,,,,trade,false
2025-07-08T17:00:00Z,0.68,0.68,,,,,trade,false
2025-07-08T18:00:00Z,0.69,0.69,,,,,trade,false
2025-07-08T19:00:00Z,0.69,0.69,,,,,trade,false
2025-07-08T20:00:00Z,0.69,0.69,,,,,trade,false
2025-07-08T21:00:00Z,0.692,0.692,,,,,trade,false
2025-07-08T22:00:00Z,0.6955,0.6955,,,,,trade,false
2025-07-08T23:00:00Z,0.694,0.694,,,,,trade,false
2025-07-09T00:00:00Z,0.6885,0.6885,,,,,trade,false
2025-07-09T01:00:00Z,0.7005,0.7005,,,,,trade,false
2025-07-09T02:00:00Z,0.707,0.707,,,,,trade,false
2025-07-09T03:00:00Z,0.7065,0.7065,,,,,trade,false
2025-07-09T04:00:00Z,0.707,0.707,,,,,trade,false
2025-07-09T05:00:00Z,0.7075,0.7075,,,,,trade,false
2025-07-09T06:00:00Z,0.7105,0.7105,,,,,trade,false
2025-07-09T07:00:00Z,0.71,0.71,,,,,trade,false
2025-07-09T08:00:00Z,0.7095,0.7095,,,,,trade,false
2025-07-09T09:00:00Z,0.709,0.709,,,,,trade,false
2025-07-09T10:00:00Z,0.7075,0.7075,,,,,trade,false
2025-07-09T11:00:00Z,0.7085,0.7085,,,,,trade,false
2025-07-09T12:00:00Z,0.707,0.707,,,,,trade,false
2025-07-09T13:00:00Z,0.7065,0.7065,,,,,trade,false
2025-07-09T14:00:00Z,0.7105,0.7105,,,,,trade,false
2025-07-09T15:00:00Z,0.709,0.709,,,,,trade,false
2025-07-09T16:00:00Z,0.7095,0.7095,,,,,trade,false
2025-07-09T17:00:00Z,0.709,0.709,,,,,trade,false
2025-07-09T18:00:00Z,0.7095,0.7095,,,,,trade,false
2025-07-09T19:00:00Z,0.7095,0.7095,,,,,trade,false
2025-07-09T20:00:00Z,0.717,0.717,,,,,trade,false
2025-07-09T21:00:00Z,0.7185,0.7185,,,,,trade,false
2025-07-09T22:00:00Z,0.718,0.718,,,,,trade,false
2025-07-09T23:00:00Z,0.729,0.729,,,,,trade,false
2025-07-10T00:00:00Z,0.7285,0.7285,,,,,trade,false
2025-07-10T01:00:00Z,0.734,0.734,,,,,trade,false
2025-07-10T02:00:00Z,0.7335,0.7335,,,,,trade,false
2025-07-10T03:00:00Z,0.7345,0.7345,,,,,trade,false
2025-07-10T04:00:00Z,0.7335,0.7335,,,,,trade,false
2025-07-10T05:00:00Z,0.7345,0.7345,,,,,trade,false
2025-07-10T06:00:00Z,0.7365,0.7365,,,,,trade,false
2025-07-10T07:00:00Z,0.7365,0.7365,,,,,trade,false
2025-07-10T08:00:00Z,0.7365,0.7365,,,,,trade,false
2025-07-10T09:00:00Z,0.732,0.732,,,,,trade,false
2025-07-10T10:00:00Z,0.733,0.733,,,,,trade,false
2025-07-10T11:00:00Z,0.7325,0.7325,,,,,trade,false
2025-07-10T12:00:00Z,0.733,0.733,,,,,trade,false
2025-07-10T13:00:00Z,0.7365,0.7365,,,,,trade,false
2025-07-10T14:00:00Z,0.74,0.74,,,,,trade,false
2025-07-10T15:00:00Z,0.739,0.739,,,,,trade,false
2025-07-10T16:00:00Z,0.739,0.739,,,,,trade,false
2025-07-10T17:00:00Z,0.74,0.74,,,,,trade,false
2025-07-10T18:00:00Z,0.7365,0.7365,,,,,trade,false
2025-07-10T19:00:00Z,0.7375,0.7375,,,,,trade,false
2025-07-10T20:00:00Z,0.739,0.739,,,,,trade,false
2025-07-10T21:00:00Z,0.737,0.737,,,,,trade,false
2025-07-10T22:00:00Z,0.735,0.735,,,,,trade,false
2025-07-10T23:00:00Z,0.737,0.737,,,,,trade,false
2025-07-11T00:00:00Z,0.735,0.735,,,,,trade,false
2025-07-11T01:00:00Z,0.7365,0.7365,,,,,trade,false
2025-07-11T02:00:00Z,0.735,0.735,,,,,trade,false
2025-07-11T03:00:00Z,0.736,0.736,,,,,trade,false
2025-07-11T04:00:00Z,0.7355,0.7355,,,,,trade,false
2025-07-11T05:00:00Z,0.736,0.736,,,,,trade,false
2025-07-11T06:00:00Z,0.7355,0.7355,,,,,trade,false
2025-07-11T07:00:00Z,0.7355,0.7355,,,,,trade,false
2025-07-11T08:00:00Z,0.7355,0.7355,,,,,trade,false
2025-07-11T09:00:00Z,0.7325,0.7325,,,,,trade,false
2025-07-11T10:00:00Z,0.7325,0.7325,,,,,trade,false
2025-07-11T11:00:00Z,0.7335,0.7335,,,,,trade,false
2025-07-11T12:00:00Z,0.734,0.734,,,,,trade,false
2025-07-11T13:00:00Z,0.734,0.734,,,,,trade,false
2025-07-11T14:00:00Z,0.727,0.727,,,,,trade,false
2025-07-11T15:00:00Z,0.73,0.73,,,,,trade,false
2025-07-11T16:00:00Z,0.7275,0.7275,,,,,trade,false
2025-07-11T17:00:00Z,0.726,0.726,,,,,trade,false
2025-07-11T18:00:00Z,0.7305,0.7305,,,,,trade,false
2025-07-11T19:00:00Z,0.7315,0.7315,,,,,trade,false
2025-07-11T20:00:00Z,0.731,0.731,,,,,trade,false
2025-07-11T21:00:00Z,0.731,0.731,,,,,trade,false
2025-07-11T22:00:00Z,0.7315,0.7315,,,,,trade,false
2025-07-11T23:00:00Z,0.727,0.727,,,,,trade,false
2025-07-12T00:00:00Z,0.729,0.729,,,,,trade,false
2025-07-12T01:00:00Z,0.7285,0.7285,,,,,trade,false
2025-07-12T02:00:00Z,0.7295,0.7295,,,,,trade,false
2025-07-12T03:00:00Z,0.73,0.73,,,,,trade,false
2025-07-12T04:00:00Z,0.73,0.73,,,,,trade,false
2025-07-12T05:00:00Z,0.73,0.73,,,,,trade,false
2025-07-12T06:00:00Z,0.7305,0.7305,,,,,trade,false
2025-07-12T07:00:00Z,0.7305,0.7305,,,,,trade,false
2025-07-12T08:00:00Z,0.733,0.733,,,,,trade,false
2025-07-12T09:00:00Z,0.7335,0.7335,,,,,trade,false
2025-07-12T10:00:00Z,0.7325,0.7325,,,,,trade,false
2025-07-12T11:00:00Z,0.7315,0.7315,,,,,trade,false
2025-07-12T12:00:00Z,0.7315,0.7315,,,,,trade,false
2025-07-12T13:00:00Z,0.732,0.732,,,,,trade,false
2025-07-12T14:00:00Z,0.7345,0.7345,,,,,trade,false
2025-07-12T15:00:00Z,0.7345,0.7345,,,,,trade,false
2025-07-12T16:00:00Z,0.7345,0.7345,,,,,trade,false
2025-07-12T17:00:00Z,0.735,0.735,,,,,trade,false
2025-07-12T18:00:00Z,0.739,0.739,,,,,trade,false
2025-07-12T19:00:00Z,0.7385,0.7385,,,,,trade,false
2025-07-12T20:00:00Z,0.7385,0.7385,,,,,trade,false
2025-07-12T21:00:00Z,0.7395,0.7395,,,,,trade,false
2025-07-12T22:00:00Z,0.74,0.74,,,,,trade,false
2025-07-12T23:00:00Z,0.74,0.74,,,,,trade,false
2025-07-13T00:00:00Z,0.7395,0.7395,,,,,trade,false
2025-07-13T01:00:00Z,0.7405,0.7405,,,,,trade,false
2025-07-13T02:00:00Z,0.74,0.74,,,,,trade,false
2025-07-13T03:00:00Z,0.74,0.74,,,,,trade,false
2025-07-13T04:00:00Z,0.7395,0.7395,,,,,trade,false
2025-07-13T05:00:00Z,0.7405,0.7405,,,,,trade,false
2025-07-13T06:00:00Z,0.7395,0.7395,,,,,trade,false
2025-07-13T07:00:00Z,0.7395,0.7395,,,,,trade,false
2025-07-13T08:00:00Z,0.737,0.737,,,,,trade,false
2025-07-13T09:00:00Z,0.736,0.736,,,,,trade,false
2025-07-13T10:00:00Z,0.7355,0.7355,,,,,trade,false
2025-07-13T11:00:00Z,0.7365,0.7365,,,,,trade,false
2025-07-13T12:00:00Z,0.7365,0.7365,,,,,trade,false
2025-07-13T13:00:00Z,0.7355,0.7355,,,,,trade,false
2025-07-13T14:00:00Z,0.731,0.731,,,,,trade,false
2025-07-13T15:00:00Z,0.7255,0.7255,,,,,trade,false
2025-07-13T16:00:00Z,0.7295,0.7295,,,,,trade,false
2025-07-13T17:00:00Z,0.73,0.73,,,,,trade,false
2025-07-13T18:00:00Z,0.7295,0.7295,,,,,trade,false
2025-07-13T19:00:00Z,0.731,0.731,,,,,trade,false
2025-07-13T20:00:00Z,0.728,0.728,,,,,trade,false
2025-07-13T21:00:00Z,0.7285,0.7285,,,,,trade,false
2025-07-13T22:00:00Z,0.7345,0.7345,,,,,trade,false
2025-07-13T23:00:00Z,0.7345,0.7345,,,,,trade,false
2025-07-14T00:00:00Z,0.7315,0.7315,,,,,trade,false
2025-07-14T01:00:00Z,0.739,0.739,,,,,trade,false
2025-07-14T02:00:00Z,0.7385,0.7385,,,,,trade,false
2025-07-14T03:00:00Z,0.735,0.735,,,,,trade,false
2025-07-14T04:00:00Z,0.7275,0.7275,,,,,trade,false
2025-07-14T05:00:00Z,0.73,0.73,,,,,trade,false
2025-07-14T06:00:00Z,0.727,0.727,,,,,trade,false
2025-07-14T07:00:00Z,0.728,0.728,,,,,trade,false
2025-07-14T08:00:00Z,0.73,0.73,,,,,trade,false
2025-07-14T09:00:00Z,0.7295,0.7295,,,,,trade,false
2025-07-14T10:00:00Z,0.7315,0.7315,,,,,trade,false
2025-07-14T11:00:00Z,0.7325,0.7325,,,,,trade,false
2025-07-14T12:00:00Z,0.726,0.726,,,,,trade,false
2025-07-14T13:00:00Z,0.7255,0.7255,,,,,trade,false
2025-07-14T14:00:00Z,0.731,0.731,,,,,trade,false
2025-07-14T15:00:00Z,0.7325,0.7325,,,,,trade,false
2025-07-14T16:00:00Z,0.728,0.728,,,,,trade,false
2025-07-14T17:00:00Z,0.7265,0.7265,,,,,trade,false
2025-07-14T18:00:00Z,0.7325,0.7325,,,,,trade,false
2025-07-14T19:00:00Z,0.7325,0.7325,,,,,trade,false
2025-07-14T20:00:00Z,0.73,0.73,,,,,trade,false
2025-07-14T21:00:00Z,0.731,0.731,,,,,trade,false
2025-07-14T22:00:00Z,0.7335,0.7335,,,,,trade,false
2025-07-14T23:00:00Z,0.7355,0.7355,,,,,trade,false
2025-07-15T00:00:00Z,0.7355,0.7355,,,,,trade,false
2025-07-15T01:00:00Z,0.7345,0.7345,,,,,trade,false
2025-07-15T02:00:00Z,0.7355,0.7355,,,,,trade,false
2025-07-15T03:00:00Z,0.735,0.735,,,,,trade,false
2025-07-15T04:00:00Z,0.7355,0.7355,,,,,trade,false
2025-07-15T05:00:00Z,0.735,0.735,,,,,trade,false
2025-07-15T06:00:00Z,0.7345,0.7345,,,,,trade,false
2025-07-15T07:00:00Z,0.7355,0.7355,,,,,trade,false
2025-07-15T08:00:00Z,0.7245,0.7245,,,,,trade,false
2025-07-15T09:00:00Z,0.7165,0.7165,,,,,trade,false
2025-07-15T10:00:00Z,0.712,0.712,,,,,trade,false
2025-07-15T11:00:00Z,0.7165,0.7165,,,,,trade,false
2025-07-15T12:00:00Z,0.718,0.718,,,,,trade,false
2025-07-15T13:00:00Z,0.7185,0.7185,,,,,trade,false
2025-07-15T14:00:00Z,0.7175,0.7175,,,,,trade,false
2025-07-15T15:00:00Z,0.7195,0.7195,,,,,trade,false
2025-07-15T16:00:00Z,0.7215,0.7215,,,,,trade,false
2025-07-15T17:00:00Z,0.724,0.724,,,,,trade,false
2025-07-15T18:00:00Z,0.7215,0.7215,,,,,trade,false
2025-07-15T19:00:00Z,0.7255,0.7255,,,,,trade,false
2025-07-15T20:00:00Z,0.726,0.726,,,,,trade,false
2025-07-15T21:00:00Z,0.7255,0.7255,,,,,trade,false
2025-07-15T22:00:00Z,0.7255,0.7255,,,,,trade,false
2025-07-15T23:00:00Z,0.7225,0.7225,,,,,trade,false
2025-07-16T00:00:00Z,0.722,0.722,,,,,trade,false
2025-07-16T01:00:00Z,0.721,0.721,,,,,trade,false
2025-07-16T02:00:00Z,0.7175,0.7175,,,,,trade,false
2025-07-16T03:00:00Z,0.7155,0.7155,,,,,trade,false
2025-07-16T04:00:00Z,0.7145,0.7145,,,,,trade,false
2025-07-16T05:00:00Z,0.718,0.718,,,,,trade,false
2025-07-16T06:00:00Z,0.7165,0.7165,,,,,trade,false
2025-07-16T07:00:00Z,0.7185,0.7185,,,,,trade,false
2025-07-16T08:00:00Z,0.7175,0.7175,,,,,trade,false
2025-07-16T09:00:00Z,0.718,0.718,,,,,trade,false
2025-07-16T10:00:00Z,0.7155,0.7155,,,,,trade,false
2025-07-16T11:00:00Z,0.7165,0.7165,,,,,trade,false
2025-07-16T12:00:00Z,0.7095,0.7095,,,,,trade,false
2025-07-16T13:00:00Z,0.709,0.709,,,,,trade,false
2025-07-16T14:00:00Z,0.709,0.709,,,,,trade,false
2025-07-16T15:00:00Z,0.7075,0.7075,,,,,trade,false
2025-07-16T16:00:00Z,0.708,0.708,,,,,trade,false
2025-07-16T17:00:00Z,0.707,0.707,,,,,trade,false
2025-07-16T18:00:00Z,0.7075,0.7075,,,,,trade,false
2025-07-16T19:00:00Z,0.708,0.708,,,,,trade,false
2025-07-16T20:00:00Z,0.7075,0.7075,,,,,trade,false
2025-07-16T21:00:00Z,0.708,0.708,,,,,trade,false
2025-07-16T22:00:00Z,0.708,0.708,,,,,trade,false
2025-07-16T23:00:00Z,0.708,0.708,,,,,trade,false
2025-07-17T00:00:00Z,0.71,0.71,,,,,trade,false
2025-07-17T01:00:00Z,0.7105,0.7105,,,,,trade,false
2025-07-17T02:00:00Z,0.7115,0.7115,,,,,trade,false
2025-07-17T03:00:00Z,0.712,0.712,,,,,trade,false
2025-07-17T04:00:00Z,0.7135,0.7135,,,,,trade,false
2025-07-17T05:00:00Z,0.7155,0.7155,,,,,trade,false
2025-07-17T06:00:00Z,0.7145,0.7145,,,,,trade,false
2025-07-17T07:00:00Z,0.7145,0.7145,,,,,trade,false
2025-07-17T08:00:00Z,0.7145,0.7145,,,,,trade,false
2025-07-17T09:00:00Z,0.7135,0.7135,,,,,trade,false
2025-07-17T10:00:00Z,0.7135,0.7135,,,,,trade,false
2025-07-17T11:00:00Z,0.715,0.715,,,,,trade,false
2025-07-17T12:00:00Z,0.7145,0.7145,,,,,trade,false
2025-07-17T13:00:00Z,0.711,0.711,,,,,trade,false
2025-07-17T14:00:00Z,0.7075,0.7075,,,,,trade,false
2025-07-17T15:00:00Z,0.7065,0.7065,,,,,trade,false
2025-07-17T16:00:00Z,0.7065,0.7065,,,,,trade,false
2025-07-17T17:00:00Z,0.706,0.706,,,,,trade,false
2025-07-17T18:00:00Z,0.707,0.707,,,,,trade,false
2025-07-17T19:00:00Z,0.7075,0.7075,,,,,trade,false
2025-07-17T20:00:00Z,0.709,0.709,,,,,trade,false
2025-07-17T21:00:00Z,0.71,0.71,,,,,trade,false
2025-07-17T22:00:00Z,0.7105,0.7105,,,,,trade,false
2025-07-17T23:00:00Z,0.7115,0.7115,,,,,trade,false
2025-07-18T00:00:00Z,0.7125,0.7125,,,,,trade,false
2025-07-18T01:00:00Z,0.7145,0.7145,,,,,trade,false
2025-07-18T02:00:00Z,0.7145,0.7145,,,,,trade,false
2025-07-18T03:00:00Z,0.7155,0.7155,,,,,trade,false
2025-07-18T04:00:00Z,0.7125,0.7125,,,,,trade,false
2025-07-18T05:00:00Z,0.7125,0.7125,,,,,trade,false
2025-07-18T06:00:00Z,0.7125,0.7125,,,,,trade,false
2025-07-18T07:00:00Z,0.712,0.712,,,,,trade,false
2025-07-18T08:00:00Z,0.71,0.71,,,,,trade,false
2025-07-18T09:00:00Z,0.71,0.71,,,,,trade,false
2025-07-18T10:00:00Z,0.71,0.71,,,,,trade,false
2025-07-18T11:00:00Z,0.71,0.71,,,,,trade,false
2025-07-18T12:00:00Z,0.7105,0.7105,,,,,trade,false
2025-07-18T13:00:00Z,0.711,0.711,,,,,trade,false
2025-07-18T14:00:00Z,0.7095,0.7095,,,,,trade,false
2025-07-18T15:00:00Z,0.711,0.711,,,,,trade,false
2025-07-18T16:00:00Z,0.711,0.711,,,,,trade,false
2025-07-18T17:00:00Z,0.711,0.711,,,,,trade,false
2025-07-18T18:00:00Z,0.7115,0.7115,,,,,trade,false
2025-07-18T19:00:00Z,0.7095,0.7095,,,,,trade,false
2025-07-18T20:00:00Z,0.7095,0.7095,,,,,trade,false
2025-07-18T21:00:00Z,0.7085,0.7085,,,,,trade,false
2025-07-18T22:00:00Z,0.708,0.708,,,,,trade,false
2025-07-18T23:00:00Z,0.7065,0.7065,,,,,trade,false
2025-07-19T00:00:00Z,0.7085,0.7085,,,,,trade,false
2025-07-19T01:00:00Z,0.7085,0.7085,,,,,trade,false
2025-07-19T02:00:00Z,0.7085,0.7085,,,,,trade,false
2025-07-19T03:00:00Z,0.7095,0.7095,,,,,trade,false
2025-07-19T04:00:00Z,0.7095,0.7095,,,,,trade,false
2025-07-19T05:00:00Z,0.7095,0.7095,,,,,trade,false
2025-07-19T06:00:00Z,0.7095,0.7095,,,,,trade,false
2025-07-19T07:00:00Z,0.7095,0.7095,,,,,trade,false
2025-07-19T08:00:00Z,0.7095,0.7095,,,,,trade,false
2025-07-19T09:00:00Z,0.7105,0.7105,,,,,trade,false
2025-07-19T10:00:00Z,0.7045,0.7045,,,,,trade,false
2025-07-19T11:00:00Z,0.7035,0.7035,,,,,trade,false
2025-07-19T12:00:00Z,0.7045,0.7045,,,,,trade,false
2025-07-19T13:00:00Z,0.704,0.704,,,,,trade,false
2025-07-19T14:00:00Z,0.703,0.703,,,,,trade,false
2025-07-19T15:00:00Z,0.704,0.704,,,,,trade,false
2025-07-19T16:00:00Z,0.7045,0.7045,,,,,trade,false
2025-07-19T17:00:00Z,0.7055,0.7055,,,,,trade,false
2025-07-19T18:00:00Z,0.7065,0.7065,,,,,trade,false
2025-07-19T19:00:00Z,0.7065,0.7065,,,,,trade,false
2025-07-19T20:00:00Z,0.707,0.707,,,,,trade,false
2025-07-19T21:00:00Z,0.707,0.707,,,,,trade,false
2025-07-19T22:00:00Z,0.7075,0.7075,,,,,trade,false
2025-07-19T23:00:00Z,0.708,0.708,,,,,trade,false
2025-07-20T00:00:00Z,0.708,0.708,,,,,trade,false
2025-07-20T01:00:00Z,0.708,0.708,,,,,trade,false
2025-07-20T02:00:00Z,0.708,0.708,,,,,trade,false
2025-07-20T03:00:00Z,0.7075,0.7075,,,,,trade,false
2025-07-20T04:00:00Z,0.706,0.706,,,,,trade,false
2025-07-20T05:00:00Z,0.706,0.706,,,,,trade,false
2025-07-20T06:00:00Z,0.7065,0.7065,,,,,trade,false
2025-07-20T07:00:00Z,0.7065,0.7065,,,,,trade,false
2025-07-20T08:00:00Z,0.7065,0.7065,,,,,trade,false
2025-07-20T09:00:00Z,0.707,0.707,,,,,trade,false
2025-07-20T10:00:00Z,0.7075,0.7075,,,,,trade,false
2025-07-20T11:00:00Z,0.7085,0.7085,,,,,trade,false
2025-07-20T12:00:00Z,0.7085,0.7085,,,,,trade,false
2025-07-20T13:00:00Z,0.708,0.708,,,,,trade,false
2025-07-20T14:00:00Z,0.7075,0.7075,,,,,trade,false
2025-07-20T15:00:00Z,0.708,0.708,,,,,trade,false
2025-07-20T16:00:00Z,0.707,0.707,,,,,trade,false
2025-07-20T17:00:00Z,0.71,0.71,,,,,trade,false
2025-07-20T18:00:00Z,0.7115,0.7115,,,,,trade,false
2025-07-20T19:00:00Z,0.7105,0.7105,,,,,trade,false
2025-07-20T20:00:00Z,0.711,0.711,,,,,trade,false
2025-07-20T21:00:00Z,0.711,0.711,,,,,trade,false
2025-07-20T22:00:00Z,0.711,0.711,,,,,trade,false
2025-07-20T23:00:00Z,0.711,0.711,,,,,trade,false
2025-07-21T00:00:00Z,0.711,0.711,,,,,trade,false
2025-07-21T01:00:00Z,0.711,0.711,,,,,trade,false
2025-07-21T02:00:00Z,0.711,0.711,,,,,trade,false
2025-07-21T03:00:00Z,0.711,0.711,,,,,trade,false
2025-07-21T04:00:00Z,0.712,0.712,,,,,trade,false
2025-07-21T05:00:00Z,0.7135,0.7135,,,,,trade,false
2025-07-21T06:00:00Z,0.7145,0.7145,,,,,trade,false
2025-07-21T07:00:00Z,0.7145,0.7145,,,,,trade,false
2025-07-21T08:00:00Z,0.7145,0.7145,,,,,trade,false
2025-07-21T09:00:00Z,0.715,0.715,,,,,trade,false
2025-07-21T10:00:00Z,0.7165,0.7165,,,,,trade,false
2025-07-21T11:00:00Z,0.7155,0.7155,,,,,trade,false
2025-07-21T12:00:00Z,0.716,0.716,,,,,trade,false
2025-07-21T13:00:00Z,0.7175,0.7175,,,,,trade,false
2025-07-21T14:00:00Z,0.7165,0.7165,,,,,trade,false
2025-07-21T15:00:00Z,0.7035,0.7035,,,,,trade,false
2025-07-21T16:00:00Z,0.704,0.704,,,,,trade,false
2025-07-21T17:00:00Z,0.7035,0.7035,,,,,trade,false
2025-07-21T18:00:00Z,0.7055,0.7055,,,,,trade,false
2025-07-21T19:00:00Z,0.7165,0.7165,,,,,trade,false
2025-07-21T20:00:00Z,0.718,0.718,,,,,trade,false
2025-07-21T21:00:00Z,0.7175,0.7175,,,,,trade,false
2025-07-21T22:00:00Z,0.7145,0.7145,,,,,trade,false
2025-07-21T23:00:00Z,0.717,0.717,,,,,trade,false
2025-07-22T00:00:00Z,0.714,0.714,,,,,trade,false
2025-07-22T01:00:00Z,0.719,0.719,,,,,trade,false
2025-07-22T02:00:00Z,0.7175,0.7175,,,,,trade,false
2025-07-22T03:00:00Z,0.719,0.719,,,,,trade,false
2025-07-22T04:00:00Z,0.716,0.716,,,,,trade,false
2025-07-22T05:00:00Z,0.7155,0.7155,,,,,trade,false
2025-07-22T06:00:00Z,0.715,0.715,,,,,trade,false
2025-07-22T07:00:00Z,0.715,0.715,,,,,trade,false
2025-07-22T08:00:00Z,0.7155,0.7155,,,,,trade,false
2025-07-22T09:00:00Z,0.716,0.716,,,,,trade,false
2025-07-22T10:00:00Z,0.7165,0.7165,,,,,trade,false
2025-07-22T11:00:00Z,0.7165,0.7165,,,,,trade,false
2025-07-22T12:00:00Z,0.714,0.714,,,,,trade,false
2025-07-22T13:00:00Z,0.714,0.714,,,,,trade,false
2025-07-22T14:00:00Z,0.712,0.712,,,,,trade,false
2025-07-22T15:00:00Z,0.712,0.712,,,,,trade,false
2025-07-22T16:00:00Z,0.713,0.713,,,,,trade,false
2025-07-22T17:00:00Z,0.713,0.713,,,,,trade,false
2025-07-22T18:00:00Z,0.7115,0.7115,,,,,trade,false
2025-07-22T19:00:00Z,0.7155,0.7155,,,,,trade,false
2025-07-22T20:00:00Z,0.7165,0.7165,,,,,trade,false
2025-07-22T21:00:00Z,0.716,0.716,,,,,trade,false
2025-07-22T22:00:00Z,0.715,0.715,,,,,trade,false
2025-07-22T23:00:00Z,0.7165,0.7165,,,,,trade,false
2025-07-23T00:00:00Z,0.7165,0.7165,,,,,trade,false
2025-07-23T01:00:00Z,0.7165,0.7165,,,,,trade,false
2025-07-23T02:00:00Z,0.7145,0.7145,,,,,trade,false
2025-07-23T03:00:00Z,0.7155,0.7155,,,,,trade,false
2025-07-23T04:00:00Z,0.716,0.716,,,,,trade,false
2025-07-23T05:00:00Z,0.7155,0.7155,,,,,trade,false
2025-07-23T06:00:00Z,0.7165,0.7165,,,,,trade,false
2025-07-23T07:00:00Z,0.7165,0.7165,,,,,trade,false
2025-07-23T08:00:00Z,0.717,0.717,,,,,trade,false
2025-07-23T09:00:00Z,0.7175,0.7175,,,,,trade,false
2025-07-23T10:00:00Z,0.7175,0.7175,,,,,trade,false
2025-07-23T11:00:00Z,0.7175,0.7175,,,,,trade,false
2025-07-23T12:00:00Z,0.717,0.717,,,,,trade,false
2025-07-23T13:00:00Z,0.717,0.717,,,,,trade,false
2025-07-23T14:00:00Z,0.7165,0.7165,,,,,trade,false
2025-07-23T15:00:00Z,0.717,0.717,,,,,trade,false
2025-07-23T16:00:00Z,0.716,0.716,,,,,trade,false
2025-07-23T17:00:00Z,0.717,0.717,,,,,trade,false
2025-07-23T18:00:00Z,0.7175,0.7175,,,,,trade,false
2025-07-23T19:00:00Z,0.7175,0.7175,,,,,trade,false
2025-07-23T20:00:00Z,0.7185,0.7185,,,,,trade,false
2025-07-23T21:00:00Z,0.719,0.719,,,,,trade,false
2025-07-23T22:00:00Z,0.719,0.719,,,,,trade,false
2025-07-23T23:00:00Z,0.718,0.718,,,,,trade,false
2025-07-24T00:00:00Z,0.7175,0.7175,,,,,trade,false
2025-07-24T01:00:00Z,0.717,0.717,,,,,trade,false
2025-07-24T02:00:00Z,0.7175,0.7175,,,,,trade,false
2025-07-24T03:00:00Z,0.7175,0.7175,,,,,trade,false
2025-07-24T04:00:00Z,0.717,0.717,,,,,trade,false
2025-07-24T05:00:00Z,0.7195,0.7195,,,,,trade,false
2025-07-24T06:00:00Z,0.7205,0.7205,,,,,trade,false
2025-07-24T07:00:00Z,0.7175,0.7175,,,,,trade,false
2025-07-24T08:00:00Z,0.718,0.718,,,,,trade,false
2025-07-24T09:00:00Z,0.718,0.718,,,,,trade,false
2025-07-24T10:00:00Z,0.717,0.717,,,,,trade,false
2025-07-24T11:00:00Z,0.7185,0.7185,,,,,trade,false
2025-07-24T12:00:00Z,0.718,0.718,,,,,trade,false
2025-07-24T13:00:00Z,0.718,0.718,,,,,trade,false
2025-07-24T14:00:00Z,0.7175,0.7175,,,,,trade,false
2025-07-24T15:00:00Z,0.7185,0.7185,,,,,trade,false
2025-07-24T16:00:00Z,0.7225,0.7225,,,,,trade,false
2025-07-24T17:00:00Z,0.7225,0.7225,,,,,trade,false
2025-07-24T18:00:00Z,0.7225,0.7225,,,,,trade,false
2025-07-24T19:00:00Z,0.722,0.722,,,,,trade,false
2025-07-24T20:00:00Z,0.7225,0.7225,,,,,trade,false
2025-07-24T21:00:00Z,0.7225,0.7225,,,,,trade,false
2025-07-24T22:00:00Z,0.7215,0.7215,,,,,trade,false
2025-07-24T23:00:00Z,0.7215,0.7215,,,,,trade,false
2025-07-25T00:00:00Z,0.722,0.722,,,,,trade,false
2025-07-25T01:00:00Z,0.722,0.722,,,,,trade,false
2025-07-25T02:00:00Z,0.7225,0.7225,,,,,trade,false
2025-07-25T03:00:00Z,0.7225,0.7225,,,,,trade,false
2025-07-25T04:00:00Z,0.7225,0.7225,,,,,trade,false
2025-07-25T05:00:00Z,0.7225,0.7225,,,,,trade,false
2025-07-25T06:00:00Z,0.7225,0.7225,,,,,trade,false
2025-07-25T07:00:00Z,0.7225,0.7225,,,,,trade,false
2025-07-25T08:00:00Z,0.724,0.724,,,,,trade,false
2025-07-25T09:00:00Z,0.7235,0.7235,,,,,trade,false
2025-07-25T10:00:00Z,0.7235,0.7235,,,,,trade,false
2025-07-25T11:00:00Z,0.724,0.724,,,,,trade,false
2025-07-25T12:00:00Z,0.724,0.724,,,,,trade,false
2025-07-25T13:00:00Z,0.724,0.724,,,,,trade,false
2025-07-25T14:00:00Z,0.724,0.724,,,,,trade,false
2025-07-25T15:00:00Z,0.7245,0.7245,,,,,trade,false
2025-07-25T16:00:00Z,0.725,0.725,,,,,trade,false
2025-07-25T17:00:00Z,0.7255,0.7255,,,,,trade,false
2025-07-25T18:00:00Z,0.7255,0.7255,,,,,trade,false
2025-07-25T19:00:00Z,0.7245,0.7245,,,,,trade,false
2025-07-25T20:00:00Z,0.725,0.725,,,,,trade,false
2025-07-25T21:00:00Z,0.7265,0.7265,,,,,trade,false
2025-07-25T22:00:00Z,0.7265,0.7265,,,,,trade,false
2025-07-25T23:00:00Z,0.7265,0.7265,,,,,trade,false
2025-07-26T00:00:00Z,0.7275,0.7275,,,,,trade,false
2025-07-26T01:00:00Z,0.7285,0.7285,,,,,trade,false
2025-07-26T02:00:00Z,0.7275,0.7275,,,,,trade,false
2025-07-26T03:00:00Z,0.7275,0.7275,,,,,trade,false
2025-07-26T04:00:00Z,0.7275,0.7275,,,,,trade,false
2025-07-26T05:00:00Z,0.7275,0.7275,,,,,trade,false
2025-07-26T06:00:00Z,0.7285,0.7285,,,,,trade,false
2025-07-26T07:00:00Z,0.7295,0.7295,,,,,trade,false
2025-07-26T08:00:00Z,0.7295,0.7295,,,,,trade,false
2025-07-26T09:00:00Z,0.729,0.729,,,,,trade,false
2025-07-26T10:00:00Z,0.7295,0.7295,,,,,trade,false
2025-07-26T11:00:00Z,0.7275,0.7275,,,,,trade,false
2025-07-26T12:00:00Z,0.728,0.728,,,,,trade,false
2025-07-26T13:00:00Z,0.7275,0.7275,,,,,trade,false
2025-07-26T14:00:00Z,0.7285,0.7285,,,,,trade,false
2025-07-26T15:00:00Z,0.729,0.729,,,,,trade,false
2025-07-26T16:00:00Z,0.7285,0.7285,,,,,trade,false
2025-07-26T17:00:00Z,0.729,0.729,,,,,trade,false
2025-07-26T18:00:00Z,0.7305,0.7305,,,,,trade,false
2025-07-26T19:00:00Z,0.7305,0.7305,,,,,trade,false
2025-07-26T20:00:00Z,0.7315,0.7315,,,,,trade,false
2025-07-26T21:00:00Z,0.7345,0.7345,,,,,trade,false
2025-07-26T22:00:00Z,0.7345,0.7345,,,,,trade,false
2025-07-26T23:00:00Z,0.7335,0.7335,,,,,trade,false
2025-07-27T00:00:00Z,0.7335,0.7335,,,,,trade,false
2025-07-27T01:00:00Z,0.733,0.733,,,,,trade,false
2025-07-27T02:00:00Z,0.7335,0.7335,,,,,trade,false
2025-07-27T03:00:00Z,0.7325,0.7325,,,,,trade,false
2025-07-27T04:00:00Z,0.732,0.732,,,,,trade,false
2025-07-27T05:00:00Z,0.732,0.732,,,,,trade,false
2025-07-27T06:00:00Z,0.7335,0.7335,,,,,trade,false
2025-07-27T07:00:00Z,0.734,0.734,,,,,trade,false
2025-07-27T08:00:00Z,0.7335,0.7335,,,,,trade,false
2025-07-27T09:00:00Z,0.733,0.733,,,,,trade,false
2025-07-27T10:00:00Z,0.7335,0.7335,,,,,trade,false
2025-07-27T11:00:00Z,0.732,0.732,,,,,trade,false
2025-07-27T12:00:00Z,0.7355,0.7355,,,,,trade,false
2025-07-27T13:00:00Z,0.7365,0.7365,,,,,trade,false
2025-07-27T14:00:00Z,0.736,0.736,,,,,trade,false
2025-07-27T15:00:00Z,0.734,0.734,,,,,trade,false
2025-07-27T16:00:00Z,0.734,0.734,,,,,trade,false
2025-07-27T17:00:00Z,0.735,0.735,,,,,trade,false
2025-07-27T18:00:00Z,0.7325,0.7325,,,,,trade,false
2025-07-27T19:00:00Z,0.7325,0.7325,,,,,trade,false
2025-07-27T20:00:00Z,0.7325,0.7325,,,,,trade,false
2025-07-27T21:00:00Z,0.7305,0.7305,,,,,trade,false
2025-07-27T22:00:00Z,0.731,0.731,,,,,trade,false
2025-07-27T23:00:00Z,0.7315,0.7315,,,,,trade,false
2025-07-28T00:00:00Z,0.732,0.732,,,,,trade,false
2025-07-28T01:00:00Z,0.732,0.732,,,,,trade,false
2025-07-28T02:00:00Z,0.7315,0.7315,,,,,trade,false
2025-07-28T03:00:00Z,0.7315,0.7315,,,,,trade,false
2025-07-28T04:00:00Z,0.7315,0.7315,,,,,trade,false
2025-07-28T05:00:00Z,0.7315,0.7315,,,,,trade,false
2025-07-28T06:00:00Z,0.732,0.732,,,,,trade,false
2025-07-28T07:00:00Z,0.7325,0.7325,,,,,trade,false
2025-07-28T08:00:00Z,0.7315,0.7315,,,,,trade,false
2025-07-28T09:00:00Z,0.7315,0.7315,,,,,trade,false
2025-07-28T10:00:00Z,0.7315,0.7315,,,,,trade,false
2025-07-28T11:00:00Z,0.7315,0.7315,,,,,trade,false
2025-07-28T12:00:00Z,0.7315,0.7315,,,,,trade,false
2025-07-28T13:00:00Z,0.731,0.731,,,,,trade,false
2025-07-28T14:00:00Z,0.7315,0.7315,,,,,trade,false
2025-07-28T15:00:00Z,0.7315,0.7315,,,,,trade,false
2025-07-28T16:00:00Z,0.7315,0.7315,,,,,trade,false
2025-07-28T17:00:00Z,0.732,0.732,,,,,trade,false
2025-07-28T18:00:00Z,0.732,0.732,,,,,trade,false
2025-07-28T19:00:00Z,0.731,0.731,,,,,trade,false
2025-07-28T20:00:00Z,0.7305,0.7305,,,,,trade,false
2025-07-28T21:00:00Z,0.7305,0.7305,,,,,trade,false
2025-07-28T22:00:00Z,0.731,0.731,,,,,trade,false
2025-07-28T23:00:00Z,0.7305,0.7305,,,,,trade,false
2025-07-29T00:00:00Z,0.73,0.73,,,,,trade,false
2025-07-29T01:00:00Z,0.73,0.73,,,,,trade,false
2025-07-29T02:00:00Z,0.7295,0.7295,,,,,trade,false
2025-07-29T03:00:00Z,0.7295,0.7295,,,,,trade,false
2025-07-29T04:00:00Z,0.7285,0.7285,,,,,trade,false
2025-07-29T05:00:00Z,0.7285,0.7285,,,,,trade,false
2025-07-29T06:00:00Z,0.7285,0.7285,,,,,trade,false
2025-07-29T07:00:00Z,0.7285,0.7285,,,,,trade,false
2025-07-29T08:00:00Z,0.7285,0.7285,,,,,trade,false
2025-07-29T09:00:00Z,0.7285,0.7285,,,,,trade,false
2025-07-29T10:00:00Z,0.7285,0.7285,,,,,trade,false
2025-07-29T11:00:00Z,0.7285,0.7285,,,,,trade,false
2025-07-29T12:00:00Z,0.728,0.728,,,,,trade,false
2025-07-29T13:00:00Z,0.729,0.729,,,,,trade,false
2025-07-29T14:00:00Z,0.7305,0.7305,,,,,trade,false
2025-07-29T15:00:00Z,0.7295,0.7295,,,,,trade,false
2025-07-29T16:00:00Z,0.729,0.729,,,,,trade,false
2025-07-29T17:00:00Z,0.73,0.73,,,,,trade,false
2025-07-29T18:00:00Z,0.7305,0.7305,,,,,trade,false
2025-07-29T19:00:00Z,0.7415,0.7415,,,,,trade,false
2025-07-29T20:00:00Z,0.7545,0.7545,,,,,trade,false
2025-07-29T21:00:00Z,0.7605,0.7605,,,,,trade,false
2025-07-29T22:00:00Z,0.7605,0.7605,,,,,trade,false
2025-07-29T23:00:00Z,0.7605,0.7605,,,,,trade,false
2025-07-30T00:00:00Z,0.763,0.763,,,,,trade,false
2025-07-30T01:00:00Z,0.763,0.763,,,,,trade,false
2025-07-30T02:00:00Z,0.7695,0.7695,,,,,trade,false
2025-07-30T03:00:00Z,0.7685,0.7685,,,,,trade,false
2025-07-30T04:00:00Z,0.777,0.777,,,,,trade,false
2025-07-30T05:00:00Z,0.772,0.772,,,,,trade,false
2025-07-30T06:00:00Z,0.7715,0.7715,,,,,trade,false
2025-07-30T07:00:00Z,0.7725,0.7725,,,,,trade,false
2025-07-30T08:00:00Z,0.772,0.772,,,,,trade,false
2025-07-30T09:00:00Z,0.775,0.775,,,,,trade,false
2025-07-30T10:00:00Z,0.775,0.775,,,,,trade,false
2025-07-30T11:00:00Z,0.7765,0.7765,,,,,trade,false
2025-07-30T12:00:00Z,0.7805,0.7805,,,,,trade,false
2025-07-30T13:00:00Z,0.779,0.779,,,,,trade,false
2025-07-30T14:00:00Z,0.78,0.78,,,,,trade,false
2025-07-30T15:00:00Z,0.774,0.774,,,,,trade,false
2025-07-30T16:00:00Z,0.778,0.778,,,,,trade,false
2025-07-30T17:00:00Z,0.778,0.778,,,,,trade,false
2025-07-30T18:00:00Z,0.7825,0.7825,,,,,trade,false
2025-07-30T19:00:00Z,0.783,0.783,,,,,trade,false
2025-07-30T20:00:00Z,0.7875,0.7875,,,,,trade,false
2025-07-30T21:00:00Z,0.791,0.791,,,,,trade,false
2025-07-30T22:00:00Z,0.7935,0.7935,,,,,trade,false
2025-07-30T23:00:00Z,0.7935,0.7935,,,,,trade,false
2025-07-31T00:00:00Z,0.796,0.796,,,,,trade,false
2025-07-31T01:00:00Z,0.795,0.795,,,,,trade,false
2025-07-31T02:00:00Z,0.796,0.796,,,,,trade,false
2025-07-31T03:00:00Z,0.7955,0.7955,,,,,trade,false
2025-07-31T04:00:00Z,0.796,0.796,,,,,trade,false
2025-07-31T05:00:00Z,0.7965,0.7965,,,,,trade,false
2025-07-31T06:00:00Z,0.7955,0.7955,,,,,trade,false
2025-07-31T07:00:00Z,0.794,0.794,,,,,trade,false
2025-07-31T08:00:00Z,0.794,0.794,,,,,trade,false
2025-07-31T09:00:00Z,0.7905,0.7905,,,,,trade,false
2025-07-31T10:00:00Z,0.793,0.793,,,,,trade,false
2025-07-31T11:00:00Z,0.794,0.794,,,,,trade,false
2025-07-31T12:00:00Z,0.794,0.794,,,,,trade,false
2025-07-31T13:00:00Z,0.7915,0.7915,,,,,trade,false
2025-07-31T14:00:00Z,0.7955,0.7955,,,,,trade,false
2025-07-31T15:00:00Z,0.7975,0.7975,,,,,trade,false
2025-07-31T16:00:00Z,0.7985,0.7985,,,,,trade,false
2025-07-31T17:00:00Z,0.798,0.798,,,,,trade,false
2025-07-31T18:00:00Z,0.798,0.798,,,,,trade,false
2025-07-31T19:00:00Z,0.7995,0.7995,,,,,trade,false
2025-07-31T20:00:00Z,0.798,0.798,,,,,trade,false
2025-07-31T21:00:00Z,0.797,0.797,,,,,trade,false
2025-07-31T22:00:00Z,0.8015,0.8015,,,,,trade,false
2025-07-31T23:00:00Z,0.8005,0.8005,,,,,trade,false
2025-08-01T00:00:00Z,0.803,0.803,,,,,trade,false
2025-08-01T01:00:00Z,0.806,0.806,,,,,trade,false
2025-08-01T02:00:00Z,0.8055,0.8055,,,,,trade,false
2025-08-01T03:00:00Z,0.8055,0.8055,,,,,trade,false
2025-08-01T04:00:00Z,0.8085,0.8085,,,,,trade,false
2025-08-01T05:00:00Z,0.8085,0.8085,,,,,trade,false
2025-08-01T06:00:00Z,0.8085,0.8085,,,,,trade,false
2025-08-01T07:00:00Z,0.809,0.809,,,,,trade,false
2025-08-01T08:00:00Z,0.8095,0.8095,,,,,trade,false
2025-08-01T09:00:00Z,0.81,0.81,,,,,trade,false
2025-08-01T10:00:00Z,0.8135,0.8135,,,,,trade,false
2025-08-01T11:00:00Z,0.8145,0.8145,,,,,trade,false
2025-08-01T12:00:00Z,0.8135,0.8135,,,,,trade,false
2025-08-01T13:00:00Z,0.814,0.814,,,,,trade,false
2025-08-01T14:00:00Z,0.8165,0.8165,,,,,trade,false
2025-08-01T15:00:00Z,0.8175,0.8175,,,,,trade,false
2025-08-01T16:00:00Z,0.8205,0.8205,,,,,trade,false
2025-08-01T17:00:00Z,0.82,0.82,,,,,trade,false
2025-08-01T18:00:00Z,0.82,0.82,,,,,trade,false
2025-08-01T19:00:00Z,0.8185,0.8185,,,,,trade,false
2025-08-01T20:00:00Z,0.818,0.818,,,,,trade,false
2025-08-01T21:00:00Z,0.818,0.818,,,,,trade,false
2025-08-01T22:00:00Z,0.818,0.818,,,,,trade,false
2025-08-01T23:00:00Z,0.8185,0.8185,,,,,trade,false
2025-08-02T00:00:00Z,0.8185,0.8185,,,,,trade,false
2025-08-02T01:00:00Z,0.817,0.817,,,,,trade,false
2025-08-02T02:00:00Z,0.818,0.818,,,,,trade,false
2025-08-02T03:00:00Z,0.817,0.817,,,,,trade,false
2025-08-02T04:00:00Z,0.8185,0.8185,,,,,trade,false
2025-08-02T05:00:00Z,0.818,0.818,,,,,trade,false
2025-08-02T06:00:00Z,0.8175,0.8175,,,,,trade,false
2025-08-02T07:00:00Z,0.8165,0.8165,,,,,trade,false
2025-08-02T08:00:00Z,0.8175,0.8175,,,,,trade,false
2025-08-02T09:00:00Z,0.816,0.816,,,,,trade,false
2025-08-02T10:00:00Z,0.8185,0.8185,,,,,trade,false
2025-08-02T11:00:00Z,0.8175,0.8175,,,,,trade,false
2025-08-02T12:00:00Z,0.8165,0.8165,,,,,trade,false
2025-08-02T13:00:00Z,0.816,0.816,,,,,trade,false
2025-08-02T14:00:00Z,0.816,0.816,,,,,trade,false
2025-08-02T15:00:00Z,0.8155,0.8155,,,,,trade,false
2025-08-02T16:00:00Z,0.816,0.816,,,,,trade,false
2025-08-02T17:00:00Z,0.815,0.815,,,,,trade,false
2025-08-02T18:00:00Z,0.816,0.816,,,,,trade,false
2025-08-02T19:00:00Z,0.8145,0.8145,,,,,trade,false
2025-08-02T20:00:00Z,0.815,0.815,,,,,trade,false
2025-08-02T21:00:00Z,0.814,0.814,,,,,trade,false
2025-08-02T22:00:00Z,0.815,0.815,,,,,trade,false
2025-08-02T23:00:00Z,0.816,0.816,,,,,trade,false
2025-08-03T00:00:00Z,0.8165,0.8165,,,,,trade,false
2025-08-03T01:00:00Z,0.8165,0.8165,,,,,trade,false
2025-08-03T02:00:00Z,0.816,0.816,,,,,trade,false
2025-08-03T03:00:00Z,0.816,0.816,,,,,trade,false
2025-08-03T04:00:00Z,0.8165,0.8165,,,,,trade,false
2025-08-03T05:00:00Z,0.817,0.817,,,,,trade,false
2025-08-03T06:00:00Z,0.817,0.817,,,,,trade,false
2025-08-03T07:00:00Z,0.817,0.817,,,,,trade,false
2025-08-03T08:00:00Z,0.817,0.817,,,,,trade,false
2025-08-03T09:00:00Z,0.8165,0.8165,,,,,trade,false
2025-08-03T10:00:00Z,0.8175,0.8175,,,,,trade,false
2025-08-03T11:00:00Z,0.8175,0.8175,,,,,trade,false
2025-08-03T12:00:00Z,0.8155,0.8155,,,,,trade,false
2025-08-03T13:00:00Z,0.8155,0.8155,,,,,trade,false
2025-08-03T14:00:00Z,0.817,0.817,,,,,trade,false
2025-08-03T15:00:00Z,0.817,0.817,,,,,trade,false
2025-08-03T16:00:00Z,0.817,0.817,,,,,trade,false
2025-08-03T17:00:00Z,0.818,0.818,,,,,trade,false
2025-08-03T18:00:00Z,0.819,0.819,,,,,trade,false
2025-08-03T19:00:00Z,0.818,0.818,,,,,trade,false
2025-08-03T20:00:00Z,0.818,0.818,,,,,trade,false
2025-08-03T21:00:00Z,0.8185,0.8185,,,,,trade,false
2025-08-03T22:00:00Z,0.818,0.818,,,,,trade,false
2025-08-03T23:00:00Z,0.818,0.818,,,,,trade,false
2025-08-04T00:00:00Z,0.818,0.818,,,,,trade,false
2025-08-04T01:00:00Z,0.818,0.818,,,,,trade,false
2025-08-04T02:00:00Z,0.818,0.818,,,,,trade,false
2025-08-04T03:00:00Z,0.818,0.818,,,,,trade,false
2025-08-04T04:00:00Z,0.818,0.818,,,,,trade,false
2025-08-04T05:00:00Z,0.818,0.818,,,,,trade,false
2025-08-04T06:00:00Z,0.818,0.818,,,,,trade,false
2025-08-04T07:00:00Z,0.818,0.818,,,,,trade,false
2025-08-04T08:00:00Z,0.818,0.818,,,,,trade,false
2025-08-04T09:00:00Z,0.818,0.818,,,,,trade,false
2025-08-04T10:00:00Z,0.817,0.817,,,,,trade,false
2025-08-04T11:00:00Z,0.817,0.817,,,,,trade,false
2025-08-04T12:00:00Z,0.818,0.818,,,,,trade,false
2025-08-04T13:00:00Z,0.8175,0.8175,,,,,trade,false
2025-08-04T14:00:00Z,0.817,0.817,,,,,trade,false
2025-08-04T15:00:00Z,0.8105,0.8105,,,,,trade,false
2025-08-04T16:00:00Z,0.8035,0.8035,,,,,trade,false
2025-08-04T17:00:00Z,0.801,0.801,,,,,trade,false
2025-08-04T18:00:00Z,0.804,0.804,,,,,trade,false
2025-08-04T19:00:00Z,0.8065,0.8065,,,,,trade,false
2025-08-04T20:00:00Z,0.8035,0.8035,,,,,trade,false
2025-08-04T21:00:00Z,0.804,0.804,,,,,trade,false
2025-08-04T22:00:00Z,0.807,0.807,,,,,trade,false
2025-08-04T23:00:00Z,0.8065,0.8065,,,,,trade,false
2025-08-05T00:00:00Z,0.807,0.807,,,,,trade,false
2025-08-05T01:00:00Z,0.8075,0.8075,,,,,trade,false
2025-08-05T02:00:00Z,0.8075,0.8075,,,,,trade,false
2025-08-05T03:00:00Z,0.8075,0.8075,,,,,trade,false
2025-08-05T04:00:00Z,0.809,0.809,,,,,trade,false
2025-08-05T05:00:00Z,0.8105,0.8105,,,,,trade,false
2025-08-05T06:00:00Z,0.811,0.811,,,,,trade,false
2025-08-05T07:00:00Z,0.812,0.812,,,,,trade,false
2025-08-05T08:00:00Z,0.812,0.812,,,,,trade,false
2025-08-05T09:00:00Z,0.812,0.812,,,,,trade,false
2025-08-05T10:00:00Z,0.8125,0.8125,,,,,trade,false
2025-08-05T11:00:00Z,0.812,0.812,,,,,trade,false
2025-08-05T12:00:00Z,0.812,0.812,,,,,trade,false
2025-08-05T13:00:00Z,0.8155,0.8155,,,,,trade,false
2025-08-05T14:00:00Z,0.816,0.816,,,,,trade,false
2025-08-05T15:00:00Z,0.816,0.816,,,,,trade,false
2025-08-05T16:00:00Z,0.816,0.816,,,,,trade,false
2025-08-05T17:00:00Z,0.816,0.816,,,,,trade,false
2025-08-05T18:00:00Z,0.8145,0.8145,,,,,trade,false
2025-08-05T19:00:00Z,0.815,0.815,,,,,trade,false
2025-08-05T20:00:00Z,0.8155,0.8155,,,,,trade,false
2025-08-05T21:00:00Z,0.816,0.816,,,,,trade,false
2025-08-05T22:00:00Z,0.8165,0.8165,,,,,trade,false
2025-08-05T23:00:00Z,0.817,0.817,,,,,trade,false
2025-08-06T00:00:00Z,0.8175,0.8175,,,,,trade,false
2025-08-06T01:00:00Z,0.8175,0.8175,,,,,trade,false
2025-08-06T02:00:00Z,0.817,0.817,,,,,trade,false
2025-08-06T03:00:00Z,0.818,0.818,,,,,trade,false
2025-08-06T04:00:00Z,0.818,0.818,,,,,trade,false
2025-08-06T05:00:00Z,0.8185,0.8185,,,,,trade,false
2025-08-06T06:00:00Z,0.8185,0.8185,,,,,trade,false
2025-08-06T07:00:00Z,0.818,0.818,,,,,trade,false
2025-08-06T08:00:00Z,0.818,0.818,,,,,trade,false
2025-08-06T09:00:00Z,0.818,0.818,,,,,trade,false
2025-08-06T10:00:00Z,0.818,0.818,,,,,trade,false
2025-08-06T11:00:00Z,0.818,0.818,,,,,trade,false
2025-08-06T12:00:00Z,0.818,0.818,,,,,trade,false
2025-08-06T13:00:00Z,0.817,0.817,,,,,trade,false
2025-08-06T14:00:00Z,0.817,0.817,,,,,trade,false
2025-08-06T15:00:00Z,0.817,0.817,,,,,trade,false
2025-08-06T16:00:00Z,0.817,0.817,,,,,trade,false
2025-08-06T17:00:00Z,0.817,0.817,,,,,trade,false
2025-08-06T18:00:00Z,0.817,0.817,,,,,trade,false
2025-08-06T19:00:00Z,0.8175,0.8175,,,,,trade,false
2025-08-06T20:00:00Z,0.7885,0.7885,,,,,trade,false
2025-08-06T21:00:00Z,0.796,0.796,,,,,trade,false
2025-08-06T22:00:00Z,0.7995,0.7995,,,,,trade,false
2025-08-06T23:00:00Z,0.7915,0.7915,,,,,trade,false
2025-08-07T00:00:00Z,0.8,0.8,,,,,trade,false
2025-08-07T01:00:00Z,0.7995,0.7995,,,,,trade,false
2025-08-07T02:00:00Z,0.7995,0.7995,,,,,trade,false
2025-08-07T03:00:00Z,0.7995,0.7995,,,,,trade,false
2025-08-07T04:00:00Z,0.7925,0.7925,,,,,trade,false
2025-08-07T05:00:00Z,0.793,0.793,,,,,trade,false
2025-08-07T06:00:00Z,0.794,0.794,,,,,trade,false
2025-08-07T07:00:00Z,0.793,0.793,,,,,trade,false
2025-08-07T08:00:00Z,0.794,0.794,,,,,trade,false
2025-08-07T09:00:00Z,0.795,0.795,,,,,trade,false
2025-08-07T10:00:00Z,0.7945,0.7945,,,,,trade,false
2025-08-07T11:00:00Z,0.794,0.794,,,,,trade,false
2025-08-07T12:00:00Z,0.7945,0.7945,,,,,trade,false
2025-08-07T13:00:00Z,0.7965,0.7965,,,,,trade,false
2025-08-07T14:00:00Z,0.7965,0.7965,,,,,trade,false
2025-08-07T15:00:00Z,0.797,0.797,,,,,trade,false
2025-08-07T16:00:00Z,0.7985,0.7985,,,,,trade,false
2025-08-07T17:00:00Z,0.8,0.8,,,,,trade,false
2025-08-07T18:00:00Z,0.799,0.799,,,,,trade,false
2025-08-07T19:00:00Z,0.799,0.799,,,,,trade,false
2025-08-07T20:00:00Z,0.798,0.798,,,,,trade,false
2025-08-07T21:00:00Z,0.8045,0.8045,,,,,trade,false
2025-08-07T22:00:00Z,0.8035,0.8035,,,,,trade,false
2025-08-07T23:00:00Z,0.8035,0.8035,,,,,trade,false
2025-08-08T00:00:00Z,0.8045,0.8045,,,,,trade,false
2025-08-08T01:00:00Z,0.8045,0.8045,,,,,trade,false
2025-08-08T02:00:00Z,0.8045,0.8045,,,,,trade,false
2025-08-08T03:00:00Z,0.807,0.807,,,,,trade,false
2025-08-08T04:00:00Z,0.806,0.806,,,,,trade,false
2025-08-08T05:00:00Z,0.806,0.806,,,,,trade,false
2025-08-08T06:00:00Z,0.806,0.806,,,,,trade,false
2025-08-08T07:00:00Z,0.804,0.804,,,,,trade,false
2025-08-08T08:00:00Z,0.8045,0.8045,,,,,trade,false
2025-08-08T09:00:00Z,0.804,0.804,,,,,trade,false
2025-08-08T10:00:00Z,0.805,0.805,,,,,trade,false
2025-08-08T11:00:00Z,0.8055,0.8055,,,,,trade,false
2025-08-08T12:00:00Z,0.804,0.804,,,,,trade,false
2025-08-08T13:00:00Z,0.806,0.806,,,,,trade,false
2025-08-08T14:00:00Z,0.804,0.804,,,,,trade,false
2025-08-08T15:00:00Z,0.8045,0.8045,,,,,trade,false
2025-08-08T16:00:00Z,0.803,0.803,,,,,trade,false
2025-08-08T17:00:00Z,0.8025,0.8025,,,,,trade,false
2025-08-08T18:00:00Z,0.8025,0.8025,,,,,trade,false
2025-08-08T19:00:00Z,0.809,0.809,,,,,trade,false
2025-08-08T20:00:00Z,0.811,0.811,,,,,trade,false
2025-08-08T21:00:00Z,0.81,0.81,,,,,trade,false
2025-08-08T22:00:00Z,0.8105,0.8105,,,,,trade,false
2025-08-08T23:00:00Z,0.81,0.81,,,,,trade,false
2025-08-09T00:00:00Z,0.81,0.81,,,,,trade,false
2025-08-09T01:00:00Z,0.81,0.81,,,,,trade,false
2025-08-09T02:00:00Z,0.8145,0.8145,,,,,trade,false
2025-08-09T03:00:00Z,0.8145,0.8145,,,,,trade,false
2025-08-09T04:00:00Z,0.8115,0.8115,,,,,trade,false
2025-08-09T05:00:00Z,0.8145,0.8145,,,,,trade,false
2025-08-09T06:00:00Z,0.814,0.814,,,,,trade,false
2025-08-09T07:00:00Z,0.814,0.814,,,,,trade,false
2025-08-09T08:00:00Z,0.8135,0.8135,,,,,trade,false
2025-08-09T09:00:00Z,0.813,0.813,,,,,trade,false
2025-08-09T10:00:00Z,0.813,0.813,,,,,trade,false
2025-08-09T11:00:00Z,0.813,0.813,,,,,trade,false
2025-08-09T12:00:00Z,0.8105,0.8105,,,,,trade,false
2025-08-09T13:00:00Z,0.8105,0.8105,,,,,trade,false
2025-08-09T14:00:00Z,0.8105,0.8105,,,,,trade,false
2025-08-09T15:00:00Z,0.811,0.811,,,,,trade,false
2025-08-09T16:00:00Z,0.81,0.81,,,,,trade,false
2025-08-09T17:00:00Z,0.8105,0.8105,,,,,trade,false
2025-08-09T18:00:00Z,0.8115,0.8115,,,,,trade,false
2025-08-09T19:00:00Z,0.8095,0.8095,,,,,trade,false
2025-08-09T20:00:00Z,0.81,0.81,,,,,trade,false
2025-08-09T21:00:00Z,0.81,0.81,,,,,trade,false
2025-08-09T22:00:00Z,0.812,0.812,,,,,trade,false
2025-08-09T23:00:00Z,0.8115,0.8115,,,,,trade,false
2025-08-10T00:00:00Z,0.811,0.811,,,,,trade,false
2025-08-10T01:00:00Z,0.811,0.811,,,,,trade,false
2025-08-10T02:00:00Z,0.8105,0.8105,,,,,trade,false
2025-08-10T03:00:00Z,0.811,0.811,,,,,trade,false
2025-08-10T04:00:00Z,0.8115,0.8115,,,,,trade,false
2025-08-10T05:00:00Z,0.8085,0.8085,,,,,trade,false
2025-08-10T06:00:00Z,0.808,0.808,,,,,trade,false
2025-08-10T07:00:00Z,0.8085,0.8085,,,,,trade,false
2025-08-10T08:00:00Z,0.809,0.809,,,,,trade,false
2025-08-10T09:00:00Z,0.8075,0.8075,,,,,trade,false
2025-08-10T10:00:00Z,0.8075,0.8075,,,,,trade,false
2025-08-10T11:00:00Z,0.8065,0.8065,,,,,trade,false
2025-08-10T12:00:00Z,0.8065,0.8065,,,,,trade,false
2025-08-10T13:00:00Z,0.806,0.806,,,,,trade,false
2025-08-10T14:00:00Z,0.7995,0.7995,,,,,trade,false
2025-08-10T15:00:00Z,0.798,0.798,,,,,trade,false
2025-08-10T16:00:00Z,0.799,0.799,,,,,trade,false
2025-08-10T17:00:00Z,0.8005,0.8005,,,,,trade,false
2025-08-10T18:00:00Z,0.8005,0.8005,,,,,trade,false
2025-08-10T19:00:00Z,0.804,0.804,,,,,trade,false
2025-08-10T20:00:00Z,0.804,0.804,,,,,trade,false
2025-08-10T21:00:00Z,0.804,0.804,,,,,trade,false
2025-08-10T22:00:00Z,0.804,0.804,,,,,trade,false
2025-08-10T23:00:00Z,0.804,0.804,,,,,trade,false
2025-08-11T00:00:00Z,0.8035,0.8035,,,,,trade,false
2025-08-11T01:00:00Z,0.803,0.803,,,,,trade,false
2025-08-11T02:00:00Z,0.804,0.804,,,,,trade,false
2025-08-11T03:00:00Z,0.803,0.803,,,,,trade,false
2025-08-11T04:00:00Z,0.8035,0.8035,,,,,trade,false
2025-08-11T05:00:00Z,0.8045,0.8045,,,,,trade,false
2025-08-11T06:00:00Z,0.805,0.805,,,,,trade,false
2025-08-11T07:00:00Z,0.805,0.805,,,,,trade,false
2025-08-11T08:00:00Z,0.805,0.805,,,,,trade,false
2025-08-11T09:00:00Z,0.8025,0.8025,,,,,trade,false
2025-08-11T10:00:00Z,0.8025,0.8025,,,,,trade,false
2025-08-11T11:00:00Z,0.8025,0.8025,,,,,trade,false
2025-08-11T12:00:00Z,0.8025,0.8025,,,,,trade,false
2025-08-11T13:00:00Z,0.8025,0.8025,,,,,trade,false
2025-08-11T14:00:00Z,0.803,0.803,,,,,trade,false
2025-08-11T15:00:00Z,0.8025,0.8025,,,,,trade,false
2025-08-11T16:00:00Z,0.8045,0.8045,,,,,trade,false
2025-08-11T17:00:00Z,0.804,0.804,,,,,trade,false
2025-08-11T18:00:00Z,0.804,0.804,,,,,trade,false
2025-08-11T19:00:00Z,0.8035,0.8035,,,,,trade,false
2025-08-11T20:00:00Z,0.803,0.803,,,,,trade,false
2025-08-11T21:00:00Z,0.804,0.804,,,,,trade,false
2025-08-11T22:00:00Z,0.806,0.806,,,,,trade,false
2025-08-11T23:00:00Z,0.807,0.807,,,,,trade,false
2025-08-12T00:00:00Z,0.806,0.806,,,,,trade,false
2025-08-12T01:00:00Z,0.805,0.805,,,,,trade,false
2025-08-12T02:00:00Z,0.807,0.807,,,,,trade,false
2025-08-12T03:00:00Z,0.808,0.808,,,,,trade,false
2025-08-12T04:00:00Z,0.805,0.805,,,,,trade,false
2025-08-12T05:00:00Z,0.8055,0.8055,,,,,trade,false
2025-08-12T06:00:00Z,0.808,0.808,,,,,trade,false
2025-08-12T07:00:00Z,0.8085,0.8085,,,,,trade,false
2025-08-12T08:00:00Z,0.808,0.808,,,,,trade,false
2025-08-12T09:00:00Z,0.808,0.808,,,,,trade,false
2025-08-12T10:00:00Z,0.8085,0.8085,,,,,trade,false
2025-08-12T11:00:00Z,0.808,0.808,,,,,trade,false
2025-08-12T12:00:00Z,0.8085,0.8085,,,,,trade,false
2025-08-12T13:00:00Z,0.809,0.809,,,,,trade,false
2025-08-12T14:00:00Z,0.8105,0.8105,,,,,trade,false
2025-08-12T15:00:00Z,0.813,0.813,,,,,trade,false
2025-08-12T16:00:00Z,0.813,0.813,,,,,trade,false
2025-08-12T17:00:00Z,0.813,0.813,,,,,trade,false
2025-08-12T18:00:00Z,0.818,0.818,,,,,trade,false
2025-08-12T19:00:00Z,0.8185,0.8185,,,,,trade,false
2025-08-12T20:00:00Z,0.818,0.818,,,,,trade,false
2025-08-12T21:00:00Z,0.8175,0.8175,,,,,trade,false
2025-08-12T22:00:00Z,0.8185,0.8185,,,,,trade,false
2025-08-12T23:00:00Z,0.8195,0.8195,,,,,trade,false
2025-08-13T00:00:00Z,0.82,0.82,,,,,trade,false
2025-08-13T01:00:00Z,0.819,0.819,,,,,trade,false
2025-08-13T02:00:00Z,0.8215,0.8215,,,,,trade,false
2025-08-13T03:00:00Z,0.821,0.821,,,,,trade,false
2025-08-13T04:00:00Z,0.8215,0.8215,,,,,trade,false
2025-08-13T05:00:00Z,0.8195,0.8195,,,,,trade,false
2025-08-13T06:00:00Z,0.8185,0.8185,,,,,trade,false
2025-08-13T07:00:00Z,0.8175,0.8175,,,,,trade,false
2025-08-13T08:00:00Z,0.8165,0.8165,,,,,trade,false
2025-08-13T09:00:00Z,0.8165,0.8165,,,,,trade,false
2025-08-13T10:00:00Z,0.818,0.818,,,,,trade,false
2025-08-13T11:00:00Z,0.8195,0.8195,,,,,trade,false
2025-08-13T12:00:00Z,0.8185,0.8185,,,,,trade,false
2025-08-13T13:00:00Z,0.8225,0.8225,,,,,trade,false
2025-08-13T14:00:00Z,0.8195,0.8195,,,,,trade,false
2025-08-13T15:00:00Z,0.818,0.818,,,,,trade,false
2025-08-13T16:00:00Z,0.8225,0.8225,,,,,trade,false
2025-08-13T17:00:00Z,0.8245,0.8245,,,,,trade,false
2025-08-13T18:00:00Z,0.8245,0.8245,,,,,trade,false
2025-08-13T19:00:00Z,0.8235,0.8235,,,,,trade,false
2025-08-13T20:00:00Z,0.8255,0.8255,,,,,trade,false
2025-08-13T21:00:00Z,0.8225,0.8225,,,,,trade,false
2025-08-13T22:00:00Z,0.825,0.825,,,,,trade,false
2025-08-13T23:00:00Z,0.824,0.824,,,,,trade,false
2025-08-14T00:00:00Z,0.823,0.823,,,,,trade,false
2025-08-14T01:00:00Z,0.8225,0.8225,,,,,trade,false
2025-08-14T02:00:00Z,0.823,0.823,,,,,trade,false
2025-08-14T03:00:00Z,0.8235,0.8235,,,,,trade,false
2025-08-14T04:00:00Z,0.823,0.823,,,,,trade,false
2025-08-14T05:00:00Z,0.823,0.823,,,,,trade,false
2025-08-14T06:00:00Z,0.823,0.823,,,,,trade,false
2025-08-14T07:00:00Z,0.823,0.823,,,,,trade,false
2025-08-14T08:00:00Z,0.823,0.823,,,,,trade,false
2025-08-14T09:00:00Z,0.823,0.823,,,,,trade,false
2025-08-14T10:00:00Z,0.8235,0.8235,,,,,trade,false
2025-08-14T11:00:00Z,0.823,0.823,,,,,trade,false
2025-08-14T12:00:00Z,0.8235,0.8235,,,,,trade,false
2025-08-14T13:00:00Z,0.8235,0.8235,,,,,trade,false
2025-08-14T14:00:00Z,0.823,0.823,,,,,trade,false
2025-08-14T15:00:00Z,0.823,0.823,,,,,trade,false
2025-08-14T16:00:00Z,0.823,0.823,,,,,trade,false
2025-08-14T17:00:00Z,0.823,0.823,,,,,trade,false
2025-08-14T18:00:00Z,0.823,0.823,,,,,trade,false
2025-08-14T19:00:00Z,0.824,0.824,,,,,trade,false
2025-08-14T20:00:00Z,0.824,0.824,,,,,trade,false
2025-08-14T21:00:00Z,0.824,0.824,,,,,trade,false
2025-08-14T22:00:00Z,0.824,0.824,,,,,trade,false
2025-08-14T23:00:00Z,0.8235,0.8235,,,,,trade,false
2025-08-15T00:00:00Z,0.8245,0.8245,,,,,trade,false
2025-08-15T01:00:00Z,0.8245,0.8245,,,,,trade,false
2025-08-15T02:00:00Z,0.825,0.825,,,,,trade,false
2025-08-15T03:00:00Z,0.8265,0.8265,,,,,trade,false
2025-08-15T04:00:00Z,0.8265,0.8265,,,,,trade,false
2025-08-15T05:00:00Z,0.8265,0.8265,,,,,trade,false
2025-08-15T06:00:00Z,0.8265,0.8265,,,,,trade,false
2025-08-15T07:00:00Z,0.825,0.825,,,,,trade,false
2025-08-15T08:00:00Z,0.8245,0.8245,,,,,trade,false
2025-08-15T09:00:00Z,0.8245,0.8245,,,,,trade,false
2025-08-15T10:00:00Z,0.8245,0.8245,,,,,trade,false
2025-08-15T11:00:00Z,0.8245,0.8245,,,,,trade,false
2025-08-15T12:00:00Z,0.8255,0.8255,,,,,trade,false
2025-08-15T13:00:00Z,0.8245,0.8245,,,,,trade,false
2025-08-15T14:00:00Z,0.824,0.824,,,,,trade,false
2025-08-15T15:00:00Z,0.825,0.825,,,,,trade,false
2025-08-15T16:00:00Z,0.824,0.824,,,,,trade,false
2025-08-15T17:00:00Z,0.8235,0.8235,,,,,trade,false
2025-08-15T18:00:00Z,0.8275,0.8275,,,,,trade,false
2025-08-15T19:00:00Z,0.8265,0.8265,,,,,trade,false
2025-08-15T20:00:00Z,0.828,0.828,,,,,trade,false
2025-08-15T21:00:00Z,0.8275,0.8275,,,,,trade,false
2025-08-15T22:00:00Z,0.8285,0.8285,,,,,trade,false
2025-08-15T23:00:00Z,0.8285,0.8285,,,,,trade,false
2025-08-16T00:00:00Z,0.8285,0.8285,,,,,trade,false
2025-08-16T01:00:00Z,0.829,0.829,,,,,trade,false
2025-08-16T02:00:00Z,0.83,0.83,,,,,trade,false
2025-08-16T03:00:00Z,0.829,0.829,,,,,trade,false
2025-08-16T04:00:00Z,0.829,0.829,,,,,trade,false
2025-08-16T05:00:00Z,0.829,0.829,,,,,trade,false
2025-08-16T06:00:00Z,0.829,0.829,,,,,trade,false
2025-08-16T07:00:00Z,0.828,0.828,,,,,trade,false
2025-08-16T08:00:00Z,0.829,0.829,,,,,trade,false
2025-08-16T09:00:00Z,0.829,0.829,,,,,trade,false
2025-08-16T10:00:00Z,0.831,0.831,,,,,trade,false
2025-08-16T11:00:00Z,0.831,0.831,,,,,trade,false
2025-08-16T12:00:00Z,0.831,0.831,,,,,trade,false
2025-08-16T13:00:00Z,0.8295,0.8295,,,,,trade,false
2025-08-16T14:00:00Z,0.8255,0.8255,,,,,trade,false
2025-08-16T15:00:00Z,0.828,0.828,,,,,trade,false
2025-08-16T16:00:00Z,0.827,0.827,,,,,trade,false
2025-08-16T17:00:00Z,0.827,0.827,,,,,trade,false
2025-08-16T18:00:00Z,0.826,0.826,,,,,trade,false
2025-08-16T19:00:00Z,0.8255,0.8255,,,,,trade,false
2025-08-16T20:00:00Z,0.826,0.826,,,,,trade,false
2025-08-16T21:00:00Z,0.826,0.826,,,,,trade,false
2025-08-16T22:00:00Z,0.826,0.826,,,,,trade,false
2025-08-16T23:00:00Z,0.827,0.827,,,,,trade,false
2025-08-17T00:00:00Z,0.8275,0.8275,,,,,trade,false
2025-08-17T01:00:00Z,0.828,0.828,,,,,trade,false
2025-08-17T02:00:00Z,0.828,0.828,,,,,trade,false
2025-08-17T03:00:00Z,0.827,0.827,,,,,trade,false
2025-08-17T04:00:00Z,0.827,0.827,,,,,trade,false
2025-08-17T05:00:00Z,0.8265,0.8265,,,,,trade,false
2025-08-17T06:00:00Z,0.8275,0.8275,,,,,trade,false
2025-08-17T07:00:00Z,0.8265,0.8265,,,,,trade,false
2025-08-17T08:00:00Z,0.8265,0.8265,,,,,trade,false
2025-08-17T09:00:00Z,0.828,0.828,,,,,trade,false
2025-08-17T10:00:00Z,0.8265,0.8265,,,,,trade,false
2025-08-17T11:00:00Z,0.8265,0.8265,,,,,trade,false
2025-08-17T12:00:00Z,0.827,0.827,,,,,trade,false
2025-08-17T13:00:00Z,0.8265,0.8265,,,,,trade,false
2025-08-17T14:00:00Z,0.8265,0.8265,,,,,trade,false
2025-08-17T15:00:00Z,0.827,0.827,,,,,trade,false
2025-08-17T16:00:00Z,0.826,0.826,,,,,trade,false
2025-08-17T17:00:00Z,0.826,0.826,,,,,trade,false
2025-08-17T18:00:00Z,0.827,0.827,,,,,trade,false
2025-08-17T19:00:00Z,0.828,0.828,,,,,trade,false
2025-08-17T20:00:00Z,0.828,0.828,,,,,trade,false
2025-08-17T21:00:00Z,0.8285,0.8285,,,,,trade,false
2025-08-17T22:00:00Z,0.8275,0.8275,,,,,trade,false
2025-08-17T23:00:00Z,0.828,0.828,,,,,trade,false
2025-08-18T00:00:00Z,0.827,0.827,,,,,trade,false
2025-08-18T01:00:00Z,0.827,0.827,,,,,trade,false
2025-08-18T02:00:00Z,0.8275,0.8275,,,,,trade,false
2025-08-18T03:00:00Z,0.828,0.828,,,,,trade,false
2025-08-18T04:00:00Z,0.8255,0.8255,,,,,trade,false
2025-08-18T05:00:00Z,0.8255,0.8255,,,,,trade,false
2025-08-18T06:00:00Z,0.8255,0.8255,,,,,trade,false
2025-08-18T07:00:00Z,0.827,0.827,,,,,trade,false
2025-08-18T08:00:00Z,0.8305,0.8305,,,,,trade,false
2025-08-18T09:00:00Z,0.8305,0.8305,,,,,trade,false
2025-08-18T10:00:00Z,0.828,0.828,,,,,trade,false
2025-08-18T11:00:00Z,0.8275,0.8275,,,,,trade,false
2025-08-18T12:00:00Z,0.8275,0.8275,,,,,trade,false
2025-08-18T13:00:00Z,0.8275,0.8275,,,,,trade,false
2025-08-18T14:00:00Z,0.8275,0.8275,,,,,trade,false
2025-08-18T15:00:00Z,0.8275,0.8275,,,,,trade,false
2025-08-18T16:00:00Z,0.827,0.827,,,,,trade,false
2025-08-18T17:00:00Z,0.8275,0.8275,,,,,trade,false
2025-08-18T18:00:00Z,0.829,0.829,,,,,trade,false
2025-08-18T19:00:00Z,0.829,0.829,,,,,trade,false
2025-08-18T20:00:00Z,0.8285,0.8285,,,,,trade,false
2025-08-18T21:00:00Z,0.8285,0.8285,,,,,trade,false
2025-08-18T22:00:00Z,0.8275,0.8275,,,,,trade,false
2025-08-18T23:00:00Z,0.8275,0.8275,,,,,trade,false
2025-08-19T00:00:00Z,0.827,0.827,,,,,trade,false
2025-08-19T01:00:00Z,0.8285,0.8285,,,,,trade,false
2025-08-19T02:00:00Z,0.828,0.828,,,,,trade,false
2025-08-19T03:00:00Z,0.8275,0.8275,,,,,trade,false
2025-08-19T04:00:00Z,0.828,0.828,,,,,trade,false
2025-08-19T05:00:00Z,0.828,0.828,,,,,trade,false
2025-08-19T06:00:00Z,0.8285,0.8285,,,,,trade,false
2025-08-19T07:00:00Z,0.8275,0.8275,,,,,trade,false
2025-08-19T08:00:00Z,0.8285,0.8285,,,,,trade,false
2025-08-19T09:00:00Z,0.8285,0.8285,,,,,trade,false
2025-08-19T10:00:00Z,0.8285,0.8285,,,,,trade,false
2025-08-19T11:00:00Z,0.829,0.829,,,,,trade,false
2025-08-19T12:00:00Z,0.829,0.829,,,,,trade,false
2025-08-19T13:00:00Z,0.83,0.83,,,,,trade,false
2025-08-19T14:00:00Z,0.8305,0.8305,,,,,trade,false
2025-08-19T15:00:00Z,0.831,0.831,,,,,trade,false
2025-08-19T16:00:00Z,0.829,0.829,,,,,trade,false
2025-08-19T17:00:00Z,0.8295,0.8295,,,,,trade,false
2025-08-19T18:00:00Z,0.8305,0.8305,,,,,trade,false
2025-08-19T19:00:00Z,0.83,0.83,,,,,trade,false
2025-08-19T20:00:00Z,0.831,0.831,,,,,trade,false
2025-08-19T21:00:00Z,0.831,0.831,,,,,trade,false
2025-08-19T22:00:00Z,0.8305,0.8305,,,,,trade,false
2025-08-19T23:00:00Z,0.8325,0.8325,,,,,trade,false
2025-08-20T00:00:00Z,0.8325,0.8325,,,,,trade,false
2025-08-20T01:00:00Z,0.8325,0.8325,,,,,trade,false
2025-08-20T02:00:00Z,0.8325,0.8325,,,,,trade,false
2025-08-20T03:00:00Z,0.833,0.833,,,,,trade,false
2025-08-20T04:00:00Z,0.8325,0.8325,,,,,trade,false
2025-08-20T05:00:00Z,0.8325,0.8325,,,,,trade,false
2025-08-20T06:00:00Z,0.833,0.833,,,,,trade,false
2025-08-20T07:00:00Z,0.833,0.833,,,,,trade,false
2025-08-20T08:00:00Z,0.833,0.833,,,,,trade,false
2025-08-20T09:00:00Z,0.833,0.833,,,,,trade,false
2025-08-20T10:00:00Z,0.8335,0.8335,,,,,trade,false
2025-08-20T11:00:00Z,0.8335,0.8335,,,,,trade,false
2025-08-20T12:00:00Z,0.8335,0.8335,,,,,trade,false
2025-08-20T13:00:00Z,0.8335,0.8335,,,,,trade,false
2025-08-20T14:00:00Z,0.8335,0.8335,,,,,trade,false
2025-08-20T15:00:00Z,0.836,0.836,,,,,trade,false
2025-08-20T16:00:00Z,0.8365,0.8365,,,,,trade,false
2025-08-20T17:00:00Z,0.836,0.836,,,,,trade,false
2025-08-20T18:00:00Z,0.836,0.836,,,,,trade,false
2025-08-20T19:00:00Z,0.836,0.836,,,,,trade,false
2025-08-20T20:00:00Z,0.836,0.836,,,,,trade,false
2025-08-20T21:00:00Z,0.8365,0.8365,,,,,trade,false
2025-08-20T22:00:00Z,0.8355,0.8355,,,,,trade,false
2025-08-20T23:00:00Z,0.8375,0.8375,,,,,trade,false
2025-08-21T00:00:00Z,0.8375,0.8375,,,,,trade,false
2025-08-21T01:00:00Z,0.837,0.837,,,,,trade,false
2025-08-21T02:00:00Z,0.837,0.837,,,,,trade,false
2025-08-21T03:00:00Z,0.837,0.837,,,,,trade,false
2025-08-21T04:00:00Z,0.837,0.837,,,,,trade,false
2025-08-21T05:00:00Z,0.837,0.837,,,,,trade,false
2025-08-21T06:00:00Z,0.837,0.837,,,,,trade,false
2025-08-21T07:00:00Z,0.837,0.837,,,,,trade,false
2025-08-21T08:00:00Z,0.8375,0.8375,,,,,trade,false
2025-08-21T09:00:00Z,0.8375,0.8375,,,,,trade,false
2025-08-21T10:00:00Z,0.8375,0.8375,,,,,trade,false
2025-08-21T11:00:00Z,0.8375,0.8375,,,,,trade,false
2025-08-21T12:00:00Z,0.8375,0.8375,,,,,trade,false
2025-08-21T13:00:00Z,0.839,0.839,,,,,trade,false
2025-08-21T14:00:00Z,0.839,0.839,,,,,trade,false
2025-08-21T15:00:00Z,0.838,0.838,,,,,trade,false
2025-08-21T16:00:00Z,0.838,0.838,,,,,trade,false
2025-08-21T17:00:00Z,0.838,0.838,,,,,trade,false
2025-08-21T18:00:00Z,0.8405,0.8405,,,,,trade,false
2025-08-21T19:00:00Z,0.8405,0.8405,,,,,trade,false
2025-08-21T20:00:00Z,0.8405,0.8405,,,,,trade,false
2025-08-21T21:00:00Z,0.843,0.843,,,,,trade,false
2025-08-21T22:00:00Z,0.843,0.843,,,,,trade,false
2025-08-21T23:00:00Z,0.8415,0.8415,,,,,trade,false
2025-08-22T00:00:00Z,0.8415,0.8415,,,,,trade,false
2025-08-22T01:00:00Z,0.842,0.842,,,,,trade,false
2025-08-22T02:00:00Z,0.842,0.842,,,,,trade,false
2025-08-22T03:00:00Z,0.8435,0.8435,,,,,trade,false
2025-08-22T04:00:00Z,0.8435,0.8435,,,,,trade,false
2025-08-22T05:00:00Z,0.8435,0.8435,,,,,trade,false
2025-08-22T06:00:00Z,0.8435,0.8435,,,,,trade,false
2025-08-22T07:00:00Z,0.8435,0.8435,,,,,trade,false
2025-08-22T08:00:00Z,0.8435,0.8435,,,,,trade,false
2025-08-22T09:00:00Z,0.847,0.847,,,,,trade,false
2025-08-22T10:00:00Z,0.844,0.844,,,,,trade,false
2025-08-22T11:00:00Z,0.844,0.844,,,,,trade,false
2025-08-22T12:00:00Z,0.8435,0.8435,,,,,trade,false
2025-08-22T13:00:00Z,0.844,0.844,,,,,trade,false
2025-08-22T14:00:00Z,0.847,0.847,,,,,trade,false
2025-08-22T15:00:00Z,0.8435,0.8435,,,,,trade,false
2025-08-22T16:00:00Z,0.8435,0.8435,,,,,trade,false
2025-08-22T17:00:00Z,0.8435,0.8435,,,,,trade,false
2025-08-22T18:00:00Z,0.8435,0.8435,,,,,trade,false
2025-08-22T19:00:00Z,0.8425,0.8425,,,,,trade,false
2025-08-22T20:00:00Z,0.8425,0.8425,,,,,trade,false
2025-08-22T21:00:00Z,0.8435,0.8435,,,,,trade,false
2025-08-22T22:00:00Z,0.8435,0.8435,,,,,trade,false
2025-08-22T23:00:00Z,0.8435,0.8435,,,,,trade,false
2025-08-23T00:00:00Z,0.8445,0.8445,,,,,trade,false
2025-08-23T01:00:00Z,0.845,0.845,,,,,trade,false
2025-08-23T02:00:00Z,0.844,0.844,,,,,trade,false
2025-08-23T03:00:00Z,0.844,0.844,,,,,trade,false
2025-08-23T04:00:00Z,0.844,0.844,,,,,trade,false
2025-08-23T05:00:00Z,0.8475,0.8475,,,,,trade,false
2025-08-23T06:00:00Z,0.846,0.846,,,,,trade,false
2025-08-23T07:00:00Z,0.8435,0.8435,,,,,trade,false
2025-08-23T08:00:00Z,0.843,0.843,,,,,trade,false
2025-08-23T09:00:00Z,0.8425,0.8425,,,,,trade,false
2025-08-23T10:00:00Z,0.844,0.844,,,,,trade,false
2025-08-23T11:00:00Z,0.847,0.847,,,,,trade,false
2025-08-23T12:00:00Z,0.8465,0.8465,,,,,trade,false
2025-08-23T13:00:00Z,0.843,0.843,,,,,trade,false
2025-08-23T14:00:00Z,0.843,0.843,,,,,trade,false
2025-08-23T15:00:00Z,0.8425,0.8425,,,,,trade,false
2025-08-23T16:00:00Z,0.843,0.843,,,,,trade,false
2025-08-23T17:00:00Z,0.8415,0.8415,,,,,trade,false
2025-08-23T18:00:00Z,0.8415,0.8415,,,,,trade,false
2025-08-23T19:00:00Z,0.8415,0.8415,,,,,trade,false
2025-08-23T20:00:00Z,0.842,0.842,,,,,trade,false
2025-08-23T21:00:00Z,0.848,0.848,,,,,trade,false
2025-08-23T22:00:00Z,0.844,0.844,,,,,trade,false
2025-08-23T23:00:00Z,0.844,0.844,,,,,trade,false
2025-08-24T00:00:00Z,0.8445,0.8445,,,,,trade,false
2025-08-24T01:00:00Z,0.844,0.844,,,,,trade,false
2025-08-24T02:00:00Z,0.844,0.844,,,,,trade,false
2025-08-24T03:00:00Z,0.8435,0.8435,,,,,trade,false
2025-08-24T04:00:00Z,0.8435,0.8435,,,,,trade,false
2025-08-24T05:00:00Z,0.8445,0.8445,,,,,trade,false
2025-08-24T06:00:00Z,0.844,0.844,,,,,trade,false
2025-08-24T07:00:00Z,0.8445,0.8445,,,,,trade,false
2025-08-24T08:00:00Z,0.8445,0.8445,,,,,trade,false
2025-08-24T09:00:00Z,0.8445,0.8445,,,,,trade,false
2025-08-24T10:00:00Z,0.8445,0.8445,,,,,trade,false
2025-08-24T11:00:00Z,0.8445,0.8445,,,,,trade,false
2025-08-24T12:00:00Z,0.8445,0.8445,,,,,trade,false
2025-08-24T13:00:00Z,0.8445,0.8445,,,,,trade,false
2025-08-24T14:00:00Z,0.8445,0.8445,,,,,trade,false
2025-08-24T15:00:00Z,0.8445,0.8445,,,,,trade,false
2025-08-24T16:00:00Z,0.8445,0.8445,,,,,trade,false
2025-08-24T17:00:00Z,0.844,0.844,,,,,trade,false
2025-08-24T18:00:00Z,0.844,0.844,,,,,trade,false
2025-08-24T19:00:00Z,0.844,0.844,,,,,trade,false
2025-08-24T20:00:00Z,0.8485,0.8485,,,,,trade,false
2025-08-24T21:00:00Z,0.848,0.848,,,,,trade,false
2025-08-24T22:00:00Z,0.8485,0.8485,,,,,trade,false
2025-08-24T23:00:00Z,0.8495,0.8495,,,,,trade,false
2025-08-25T00:00:00Z,0.8495,0.8495,,,,,trade,false
2025-08-25T01:00:00Z,0.8495,0.8495,,,,,trade,false
2025-08-25T02:00:00Z,0.8495,0.8495,,,,,trade,false
2025-08-25T03:00:00Z,0.8495,0.8495,,,,,trade,false
2025-08-25T04:00:00Z,0.8495,0.8495,,,,,trade,false
2025-08-25T05:00:00Z,0.8495,0.8495,,,,,trade,false
2025-08-25T06:00:00Z,0.8495,0.8495,,,,,trade,false
2025-08-25T07:00:00Z,0.8495,0.8495,,,,,trade,false
2025-08-25T08:00:00Z,0.8495,0.8495,,,,,trade,false
2025-08-25T09:00:00Z,0.8525,0.8525,,,,,trade,false
2025-08-25T10:00:00Z,0.8515,0.8515,,,,,trade,false
2025-08-25T11:00:00Z,0.8525,0.8525,,,,,trade,false
2025-08-25T12:00:00Z,0.8555,0.8555,,,,,trade,false
2025-08-25T13:00:00Z,0.855,0.855,,,,,trade,false
2025-08-25T14:00:00Z,0.8525,0.8525,,,,,trade,false
2025-08-25T15:00:00Z,0.8525,0.8525,,,,,trade,false
2025-08-25T16:00:00Z,0.852,0.852,,,,,trade,false
2025-08-25T17:00:00Z,0.8545,0.8545,,,,,trade,false
2025-08-25T18:00:00Z,0.8565,0.8565,,,,,trade,false
2025-08-25T19:00:00Z,0.8565,0.8565,,,,,trade,false
2025-08-25T20:00:00Z,0.8525,0.8525,,,,,trade,false
2025-08-25T21:00:00Z,0.8525,0.8525,,,,,trade,false
2025-08-25T22:00:00Z,0.853,0.853,,,,,trade,false
2025-08-25T23:00:00Z,0.8525,0.8525,,,,,trade,false
2025-08-26T00:00:00Z,0.8525,0.8525,,,,,trade,false
2025-08-26T01:00:00Z,0.8525,0.8525,,,,,trade,false
2025-08-26T02:00:00Z,0.8575,0.8575,,,,,trade,false
2025-08-26T03:00:00Z,0.858,0.858,,,,,trade,false
2025-08-26T04:00:00Z,0.858,0.858,,,,,trade,false
2025-08-26T05:00:00Z,0.8595,0.8595,,,,,trade,false
2025-08-26T06:00:00Z,0.856,0.856,,,,,trade,false
2025-08-26T07:00:00Z,0.856,0.856,,,,,trade,false
2025-08-26T08:00:00Z,0.856,0.856,,,,,trade,false
2025-08-26T09:00:00Z,0.856,0.856,,,,,trade,false
2025-08-26T10:00:00Z,0.8545,0.8545,,,,,trade,false
2025-08-26T11:00:00Z,0.8555,0.8555,,,,,trade,false
2025-08-26T12:00:00Z,0.8555,0.8555,,,,,trade,false
2025-08-26T13:00:00Z,0.855,0.855,,,,,trade,false
2025-08-26T14:00:00Z,0.8545,0.8545,,,,,trade,false
2025-08-26T15:00:00Z,0.8545,0.8545,,,,,trade,false
2025-08-26T16:00:00Z,0.8545,0.8545,,,,,trade,false
2025-08-26T17:00:00Z,0.855,0.855,,,,,trade,false
2025-08-26T18:00:00Z,0.8555,0.8555,,,,,trade,false
2025-08-26T19:00:00Z,0.856,0.856,,,,,trade,false
2025-08-26T20:00:00Z,0.8555,0.8555,,,,,trade,false
2025-08-26T21:00:00Z,0.8555,0.8555,,,,,trade,false
2025-08-26T22:00:00Z,0.856,0.856,,,,,trade,false
2025-08-26T23:00:00Z,0.856,0.856,,,,,trade,false
2025-08-27T00:00:00Z,0.8575,0.8575,,,,,trade,false
2025-08-27T01:00:00Z,0.8575,0.8575,,,,,trade,false
2025-08-27T02:00:00Z,0.8565,0.8565,,,,,trade,false
2025-08-27T03:00:00Z,0.8525,0.8525,,,,,trade,false
2025-08-27T04:00:00Z,0.8525,0.8525,,,,,trade,false
2025-08-27T05:00:00Z,0.8515,0.8515,,,,,trade,false
2025-08-27T06:00:00Z,0.8515,0.8515,,,,,trade,false
2025-08-27T07:00:00Z,0.8515,0.8515,,,,,trade,false
2025-08-27T08:00:00Z,0.8445,0.8445,,,,,trade,false
2025-08-27T09:00:00Z,0.845,0.845,,,,,trade,false
2025-08-27T10:00:00Z,0.846,0.846,,,,,trade,false
2025-08-27T11:00:00Z,0.846,0.846,,,,,trade,false
2025-08-27T12:00:00Z,0.846,0.846,,,,,trade,false
2025-08-27T13:00:00Z,0.846,0.846,,,,,trade,false
2025-08-27T14:00:00Z,0.846,0.846,,,,,trade,false
2025-08-27T15:00:00Z,0.846,0.846,,,,,trade,false
2025-08-27T16:00:00Z,0.8445,0.8445,,,,,trade,false
2025-08-27T17:00:00Z,0.848,0.848,,,,,trade,false
2025-08-27T18:00:00Z,0.848,0.848,,,,,trade,false
2025-08-27T19:00:00Z,0.8475,0.8475,,,,,trade,false
2025-08-27T20:00:00Z,0.848,0.848,,,,,trade,false
2025-08-27T21:00:00Z,0.851,0.851,,,,,trade,false
2025-08-27T22:00:00Z,0.8465,0.8465,,,,,trade,false
2025-08-27T23:00:00Z,0.8465,0.8465,,,,,trade,false
2025-08-28T00:00:00Z,0.8465,0.8465,,,,,trade,false
2025-08-28T01:00:00Z,0.848,0.848,,,,,trade,false
2025-08-28T02:00:00Z,0.848,0.848,,,,,trade,false
2025-08-28T03:00:00Z,0.848,0.848,,,,,trade,false
2025-08-28T04:00:00Z,0.8485,0.8485,,,,,trade,false
2025-08-28T05:00:00Z,0.848,0.848,,,,,trade,false
2025-08-28T06:00:00Z,0.8475,0.8475,,,,,trade,false
2025-08-28T07:00:00Z,0.8475,0.8475,,,,,trade,false
2025-08-28T08:00:00Z,0.8465,0.8465,,,,,trade,false
2025-08-28T09:00:00Z,0.846,0.846,,,,,trade,false
2025-08-28T10:00:00Z,0.8465,0.8465,,,,,trade,false
2025-08-28T11:00:00Z,0.8465,0.8465,,,,,trade,false
2025-08-28T12:00:00Z,0.8465,0.8465,,,,,trade,false
2025-08-28T13:00:00Z,0.8465,0.8465,,,,,trade,false
2025-08-28T14:00:00Z,0.8465,0.8465,,,,,trade,false
2025-08-28T15:00:00Z,0.848,0.848,,,,,trade,false
2025-08-28T16:00:00Z,0.8475,0.8475,,,,,trade,false
2025-08-28T17:00:00Z,0.849,0.849,,,,,trade,false
2025-08-28T18:00:00Z,0.846,0.846,,,,,trade,false
2025-08-28T19:00:00Z,0.8435,0.8435,,,,,trade,false
2025-08-28T20:00:00Z,0.8435,0.8435,,,,,trade,false
2025-08-28T21:00:00Z,0.849,0.849,,,,,trade,false
2025-08-28T22:00:00Z,0.847,0.847,,,,,trade,false
2025-08-28T23:00:00Z,0.846,0.846,,,,,trade,false
2025-08-29T00:00:00Z,0.8455,0.8455,,,,,trade,false
2025-08-29T01:00:00Z,0.8455,0.8455,,,,,trade,false
2025-08-29T02:00:00Z,0.846,0.846,,,,,trade,false
2025-08-29T03:00:00Z,0.847,0.847,,,,,trade,false
2025-08-29T04:00:00Z,0.847,0.847,,,,,trade,false
2025-08-29T05:00:00Z,0.8485,0.8485,,,,,trade,false
2025-08-29T06:00:00Z,0.8435,0.8435,,,,,trade,false
2025-08-29T07:00:00Z,0.8435,0.8435,,,,,trade,false
2025-08-29T08:00:00Z,0.843,0.843,,,,,trade,false
2025-08-29T09:00:00Z,0.8435,0.8435,,,,,trade,false
2025-08-29T10:00:00Z,0.844,0.844,,,,,trade,false
2025-08-29T11:00:00Z,0.8455,0.8455,,,,,trade,false
2025-08-29T12:00:00Z,0.8435,0.8435,,,,,trade,false
2025-08-29T13:00:00Z,0.8435,0.8435,,,,,trade,false
2025-08-29T14:00:00Z,0.843,0.843,,,,,trade,false
2025-08-29T15:00:00Z,0.845,0.845,,,,,trade,false
2025-08-29T16:00:00Z,0.845,0.845,,,,,trade,false
2025-08-29T17:00:00Z,0.8445,0.8445,,,,,trade,false
2025-08-29T18:00:00Z,0.8445,0.8445,,,,,trade,false
2025-08-29T19:00:00Z,0.8445,0.8445,,,,,trade,false
2025-08-29T20:00:00Z,0.8445,0.8445,,,,,trade,false
2025-08-29T21:00:00Z,0.845,0.845,,,,,trade,false
2025-08-29T22:00:00Z,0.845,0.845,,,,,trade,false
2025-08-29T23:00:00Z,0.844,0.844,,,,,trade,false
2025-08-30T00:00:00Z,0.845,0.845,,,,,trade,false
2025-08-30T01:00:00Z,0.8445,0.8445,,,,,trade,false
2025-08-30T02:00:00Z,0.846,0.846,,,,,trade,false
2025-08-30T03:00:00Z,0.8475,0.8475,,,,,trade,false
2025-08-30T04:00:00Z,0.846,0.846,,,,,trade,false
2025-08-30T05:00:00Z,0.8435,0.8435,,,,,trade,false
2025-08-30T06:00:00Z,0.8435,0.8435,,,,,trade,false
2025-08-30T07:00:00Z,0.8435,0.8435,,,,,trade,false
2025-08-30T08:00:00Z,0.8435,0.8435,,,,,trade,false
2025-08-30T09:00:00Z,0.8435,0.8435,,,,,trade,false
2025-08-30T10:00:00Z,0.8445,0.8445,,,,,trade,false
2025-08-30T11:00:00Z,0.8445,0.8445,,,,,trade,false
2025-08-30T12:00:00Z,0.8445,0.8445,,,,,trade,false
2025-08-30T13:00:00Z,0.8445,0.8445,,,,,trade,false
2025-08-30T14:00:00Z,0.8445,0.8445,,,,,trade,false
2025-08-30T15:00:00Z,0.8445,0.8445,,,,,trade,false
2025-08-30T16:00:00Z,0.8445,0.8445,,,,,trade,false
2025-08-30T17:00:00Z,0.8445,0.8445,,,,,trade,false
2025-08-30T18:00:00Z,0.846,0.846,,,,,trade,false
2025-08-30T19:00:00Z,0.8465,0.8465,,,,,trade,false
2025-08-30T20:00:00Z,0.847,0.847,,,,,trade,false
2025-08-30T21:00:00Z,0.8475,0.8475,,,,,trade,false
2025-08-30T22:00:00Z,0.8465,0.8465,,,,,trade,false
2025-08-30T23:00:00Z,0.8455,0.8455,,,,,trade,false
2025-08-31T00:00:00Z,0.8455,0.8455,,,,,trade,false
2025-08-31T01:00:00Z,0.8455,0.8455,,,,,trade,false
2025-08-31T02:00:00Z,0.8455,0.8455,,,,,trade,false
2025-08-31T03:00:00Z,0.8455,0.8455,,,,,trade,false
2025-08-31T04:00:00Z,0.8455,0.8455,,,,,trade,false
2025-08-31T05:00:00Z,0.8475,0.8475,,,,,trade,false
2025-08-31T06:00:00Z,0.8475,0.8475,,,,,trade,false
2025-08-31T07:00:00Z,0.8475,0.8475,,,,,trade,false
2025-08-31T08:00:00Z,0.8475,0.8475,,,,,trade,false
2025-08-31T09:00:00Z,0.8475,0.8475,,,,,trade,false
2025-08-31T10:00:00Z,0.8485,0.8485,,,,,trade,false
2025-08-31T11:00:00Z,0.849,0.849,,,,,trade,false
2025-08-31T12:00:00Z,0.849,0.849,,,,,trade,false
2025-08-31T13:00:00Z,0.8485,0.8485,,,,,trade,false
2025-08-31T14:00:00Z,0.849,0.849,,,,,trade,false
2025-08-31T15:00:00Z,0.849,0.849,,,,,trade,false
2025-08-31T16:00:00Z,0.8495,0.8495,,,,,trade,false
2025-08-31T17:00:00Z,0.85,0.85,,,,,trade,false
2025-08-31T18:00:00Z,0.85,0.85,,,,,trade,false
2025-08-31T19:00:00Z,0.85,0.85,,,,,trade,false
2025-08-31T20:00:00Z,0.852,0.852,,,,,trade,false
2025-08-31T21:00:00Z,0.852,0.852,,,,,trade,false
2025-08-31T22:00:00Z,0.852,0.852,,,,,trade,false
2025-08-31T23:00:00Z,0.853,0.853,,,,,trade,false
2025-09-01T00:00:00Z,0.853,0.853,,,,,trade,false
2025-09-01T01:00:00Z,0.853,0.853,,,,,trade,false
2025-09-01T02:00:00Z,0.853,0.853,,,,,trade,false
2025-09-01T03:00:00Z,0.855,0.855,,,,,trade,false
2025-09-01T04:00:00Z,0.855,0.855,,,,,trade,false
2025-09-01T05:00:00Z,0.8555,0.8555,,,,,trade,false
2025-09-01T06:00:00Z,0.8555,0.8555,,,,,trade,false
2025-09-01T07:00:00Z,0.8555,0.8555,,,,,trade,false
2025-09-01T08:00:00Z,0.8565,0.8565,,,,,trade,false
2025-09-01T09:00:00Z,0.8555,0.8555,,,,,trade,false
2025-09-01T10:00:00Z,0.8555,0.8555,,,,,trade,false
2025-09-01T11:00:00Z,0.8555,0.8555,,,,,trade,false
2025-09-01T12:00:00Z,0.856,0.856,,,,,trade,false
2025-09-01T13:00:00Z,0.856,0.856,,,,,trade,false
2025-09-01T14:00:00Z,0.8565,0.8565,,,,,trade,false
2025-09-01T15:00:00Z,0.8565,0.8565,,,,,trade,false
2025-09-01T16:00:00Z,0.8575,0.8575,,,,,trade,false
2025-09-01T17:00:00Z,0.8575,0.8575,,,,,trade,false
2025-09-01T18:00:00Z,0.8565,0.8565,,,,,trade,false
2025-09-01T19:00:00Z,0.8565,0.8565,,,,,trade,false
2025-09-01T20:00:00Z,0.857,0.857,,,,,trade,false
2025-09-01T21:00:00Z,0.858,0.858,,,,,trade,false
2025-09-01T22:00:00Z,0.8555,0.8555,,,,,trade,false
2025-09-01T23:00:00Z,0.8565,0.8565,,,,,trade,false
2025-09-02T00:00:00Z,0.855,0.855,,,,,trade,false
2025-09-02T01:00:00Z,0.8545,0.8545,,,,,trade,false
2025-09-02T02:00:00Z,0.8545,0.8545,,,,,trade,false
2025-09-02T03:00:00Z,0.8535,0.8535,,,,,trade,false
2025-09-02T04:00:00Z,0.8545,0.8545,,,,,trade,false
2025-09-02T05:00:00Z,0.8545,0.8545,,,,,trade,false
2025-09-02T06:00:00Z,0.855,0.855,,,,,trade,false
2025-09-02T07:00:00Z,0.855,0.855,,,,,trade,false
2025-09-02T08:00:00Z,0.855,0.855,,,,,trade,false
2025-09-02T09:00:00Z,0.855,0.855,,,,,trade,false
2025-09-02T10:00:00Z,0.855,0.855,,,,,trade,false
2025-09-02T11:00:00Z,0.855,0.855,,,,,trade,false
2025-09-02T12:00:00Z,0.855,0.855,,,,,trade,false
2025-09-02T13:00:00Z,0.855,0.855,,,,,trade,false
2025-09-02T14:00:00Z,0.8555,0.8555,,,,,trade,false
2025-09-02T15:00:00Z,0.856,0.856,,,,,trade,false
2025-09-02T16:00:00Z,0.856,0.856,,,,,trade,false
2025-09-02T17:00:00Z,0.8555,0.8555,,,,,trade,false
2025-09-02T18:00:00Z,0.855,0.855,,,,,trade,false
2025-09-02T19:00:00Z,0.8545,0.8545,,,,,trade,false
2025-09-02T20:00:00Z,0.855,0.855,,,,,trade,false
2025-09-02T21:00:00Z,0.856,0.856,,,,,trade,false
2025-09-02T22:00:00Z,0.8555,0.8555,,,,,trade,false
2025-09-02T23:00:00Z,0.855,0.855,,,,,trade,false
2025-09-03T00:00:00Z,0.852,0.852,,,,,trade,false
2025-09-03T01:00:00Z,0.8515,0.8515,,,,,trade,false
2025-09-03T02:00:00Z,0.851,0.851,,,,,trade,false
2025-09-03T03:00:00Z,0.851,0.851,,,,,trade,false
2025-09-03T04:00:00Z,0.8515,0.8515,,,,,trade,false
2025-09-03T05:00:00Z,0.839,0.839,,,,,trade,false
2025-09-03T06:00:00Z,0.8385,0.8385,,,,,trade,false
2025-09-03T07:00:00Z,0.839,0.839,,,,,trade,false
2025-09-03T08:00:00Z,0.8425,0.8425,,,,,trade,false
2025-09-03T09:00:00Z,0.842,0.842,,,,,trade,false
2025-09-03T10:00:00Z,0.841,0.841,,,,,trade,false
2025-09-03T11:00:00Z,0.841,0.841,,,,,trade,false
2025-09-03T12:00:00Z,0.841,0.841,,,,,trade,false
2025-09-03T13:00:00Z,0.84,0.84,,,,,trade,false
2025-09-03T14:00:00Z,0.8315,0.8315,,,,,trade,false
2025-09-03T15:00:00Z,0.831,0.831,,,,,trade,false
2025-09-03T16:00:00Z,0.8275,0.8275,,,,,trade,false
2025-09-03T17:00:00Z,0.8245,0.8245,,,,,trade,false
2025-09-03T18:00:00Z,0.794,0.794,,,,,trade,false
2025-09-03T19:00:00Z,0.802,0.802,,,,,trade,false
2025-09-03T20:00:00Z,0.798,0.798,,,,,trade,false
2025-09-03T21:00:00Z,0.795,0.795,,,,,trade,false
2025-09-03T22:00:00Z,0.8095,0.8095,,,,,trade,false
2025-09-03T23:00:00Z,0.8015,0.8015,,,,,trade,false
2025-09-04T00:00:00Z,0.8125,0.8125,,,,,trade,false
2025-09-04T01:00:00Z,0.815,0.815,,,,,trade,false
2025-09-04T02:00:00Z,0.8185,0.8185,,,,,trade,false
2025-09-04T03:00:00Z,0.8105,0.8105,,,,,trade,false
2025-09-04T04:00:00Z,0.807,0.807,,,,,trade,false
2025-09-04T05:00:00Z,0.8075,0.8075,,,,,trade,false
2025-09-04T06:00:00Z,0.8065,0.8065,,,,,trade,false
2025-09-04T07:00:00Z,0.807,0.807,,,,,trade,false
2025-09-04T08:00:00Z,0.805,0.805,,,,,trade,false
2025-09-04T09:00:00Z,0.805,0.805,,,,,trade,false
2025-09-04T10:00:00Z,0.805,0.805,,,,,trade,false
2025-09-04T11:00:00Z,0.8075,0.8075,,,,,trade,false
2025-09-04T12:00:00Z,0.8065,0.8065,,,,,trade,false
2025-09-04T13:00:00Z,0.8075,0.8075,,,,,trade,false
2025-09-04T14:00:00Z,0.8075,0.8075,,,,,trade,false
2025-09-04T15:00:00Z,0.808,0.808,,,,,trade,false
2025-09-04T16:00:00Z,0.811,0.811,,,,,trade,false
2025-09-04T17:00:00Z,0.8125,0.8125,,,,,trade,false
2025-09-04T18:00:00Z,0.813,0.813,,,,,trade,false
2025-09-04T19:00:00Z,0.813,0.813,,,,,trade,false
2025-09-04T20:00:00Z,0.8155,0.8155,,,,,trade,false
2025-09-04T21:00:00Z,0.8225,0.8225,,,,,trade,false
2025-09-04T22:00:00Z,0.803,0.803,,,,,trade,false
2025-09-04T23:00:00Z,0.7945,0.7945,,,,,trade,false
2025-09-05T00:00:00Z,0.7935,0.7935,,,,,trade,false
2025-09-05T01:00:00Z,0.7945,0.7945,,,,,trade,false
2025-09-05T02:00:00Z,0.799,0.799,,,,,trade,false
2025-09-05T03:00:00Z,0.7975,0.7975,,,,,trade,false
2025-09-05T04:00:00Z,0.7965,0.7965,,,,,trade,false
2025-09-05T05:00:00Z,0.7975,0.7975,,,,,trade,false
2025-09-05T06:00:00Z,0.799,0.799,,,,,trade,false
2025-09-05T07:00:00Z,0.799,0.799,,,,,trade,false
2025-09-05T08:00:00Z,0.8,0.8,,,,,trade,false
2025-09-05T09:00:00Z,0.797,0.797,,,,,trade,false
2025-09-05T10:00:00Z,0.7965,0.7965,,,,,trade,false
2025-09-05T11:00:00Z,0.797,0.797,,,,,trade,false
2025-09-05T12:00:00Z,0.7965,0.7965,,,,,trade,false
2025-09-05T13:00:00Z,0.795,0.795,,,,,trade,false
2025-09-05T14:00:00Z,0.794,0.794,,,,,trade,false
2025-09-05T15:00:00Z,0.7915,0.7915,,,,,trade,false
2025-09-05T16:00:00Z,0.79,0.79,,,,,trade,false
2025-09-05T17:00:00Z,0.785,0.785,,,,,trade,false
2025-09-05T18:00:00Z,0.7705,0.7705,,,,,trade,false
2025-09-05T19:00:00Z,0.771,0.771,,,,,trade,false
2025-09-05T20:00:00Z,0.767,0.767,,,,,trade,false
2025-09-05T21:00:00Z,0.8115,0.8115,,,,,trade,false
2025-09-05T22:00:00Z,0.833,0.833,,,,,trade,false
2025-09-05T23:00:00Z,0.8255,0.8255,,,,,trade,false
2025-09-06T00:00:00Z,0.8315,0.8315,,,,,trade,false
2025-09-06T01:00:00Z,0.8335,0.8335,,,,,trade,false
2025-09-06T02:00:00Z,0.8345,0.8345,,,,,trade,false
2025-09-06T03:00:00Z,0.8345,0.8345,,,,,trade,false
2025-09-06T04:00:00Z,0.824,0.824,,,,,trade,false
2025-09-06T05:00:00Z,0.8305,0.8305,,,,,trade,false
2025-09-06T06:00:00Z,0.8275,0.8275,,,,,trade,false
2025-09-06T07:00:00Z,0.8245,0.8245,,,,,trade,false
2025-09-06T08:00:00Z,0.8245,0.8245,,,,,trade,false
2025-09-06T09:00:00Z,0.8225,0.8225,,,,,trade,false
2025-09-06T10:00:00Z,0.8225,0.8225,,,,,trade,false
2025-09-06T11:00:00Z,0.8225,0.8225,,,,,trade,false
2025-09-06T12:00:00Z,0.8185,0.8185,,,,,trade,false
2025-09-06T13:00:00Z,0.819,0.819,,,,,trade,false
2025-09-06T14:00:00Z,0.817,0.817,,,,,trade,false
2025-09-06T15:00:00Z,0.8185,0.8185,,,,,trade,false
2025-09-06T16:00:00Z,0.8185,0.8185,,,,,trade,false
2025-09-06T17:00:00Z,0.8185,0.8185,,,,,trade,false
2025-09-06T18:00:00Z,0.806,0.806,,,,,trade,false
2025-09-06T19:00:00Z,0.8055,0.8055,,,,,trade,false
2025-09-06T20:00:00Z,0.8045,0.8045,,,,,trade,false
2025-09-06T21:00:00Z,0.8065,0.8065,,,,,trade,false
2025-09-06T22:00:00Z,0.809,0.809,,,,,trade,false
2025-09-06T23:00:00Z,0.8085,0.8085,,,,,trade,false
2025-09-07T00:00:00Z,0.8095,0.8095,,,,,trade,false
2025-09-07T01:00:00Z,0.809,0.809,,,,,trade,false
2025-09-07T02:00:00Z,0.8085,0.8085,,,,,trade,false
2025-09-07T03:00:00Z,0.809,0.809,,,,,trade,false
2025-09-07T04:00:00Z,0.8085,0.8085,,,,,trade,false
2025-09-07T05:00:00Z,0.809,0.809,,,,,trade,false
2025-09-07T06:00:00Z,0.8095,0.8095,,,,,trade,false
2025-09-07T07:00:00Z,0.81,0.81,,,,,trade,false
2025-09-07T08:00:00Z,0.809,0.809,,,,,trade,false
2025-09-07T09:00:00Z,0.8085,0.8085,,,,,trade,false
2025-09-07T10:00:00Z,0.8085,0.8085,,,,,trade,false
2025-09-07T11:00:00Z,0.808,0.808,,,,,trade,false
2025-09-07T12:00:00Z,0.8095,0.8095,,,,,trade,false
2025-09-07T13:00:00Z,0.8095,0.8095,,,,,trade,false
2025-09-07T14:00:00Z,0.8095,0.8095,,,,,trade,false
2025-09-07T15:00:00Z,0.8105,0.8105,,,,,trade,false
2025-09-07T16:00:00Z,0.8105,0.8105,,,,,trade,false
2025-09-07T17:00:00Z,0.8115,0.8115,,,,,trade,false
2025-09-07T18:00:00Z,0.8115,0.8115,,,,,trade,false
2025-09-07T19:00:00Z,0.811,0.811,,,,,trade,false
2025-09-07T20:00:00Z,0.8105,0.8105,,,,,trade,false
2025-09-07T21:00:00Z,0.8105,0.8105,,,,,trade,false
2025-09-07T22:00:00Z,0.811,0.811,,,,,trade,false
2025-09-07T23:00:00Z,0.811,0.811,,,,,trade,false
2025-09-08T00:00:00Z,0.811,0.811,,,,,trade,false
2025-09-08T01:00:00Z,0.811,0.811,,,,,trade,false
2025-09-08T02:00:00Z,0.811,0.811,,,,,trade,false
2025-09-08T03:00:00Z,0.8115,0.8115,,,,,trade,false
2025-09-08T04:00:00Z,0.807,0.807,,,,,trade,false
2025-09-08T05:00:00Z,0.8065,0.8065,,,,,trade,false
2025-09-08T06:00:00Z,0.807,0.807,,,,,trade,false
2025-09-08T07:00:00Z,0.8055,0.8055,,,,,trade,false
2025-09-08T08:00:00Z,0.804,0.804,,,,,trade,false
2025-09-08T09:00:00Z,0.803,0.803,,,,,trade,false
2025-09-08T10:00:00Z,0.803,0.803,,,,,trade,false
2025-09-08T11:00:00Z,0.802,0.802,,,,,trade,false
2025-09-08T12:00:00Z,0.802,0.802,,,,,trade,false
2025-09-08T13:00:00Z,0.803,0.803,,,,,trade,false
2025-09-08T14:00:00Z,0.803,0.803,,,,,trade,false
2025-09-08T15:00:00Z,0.803,0.803,,,,,trade,false
2025-09-08T16:00:00Z,0.8035,0.8035,,,,,trade,false
2025-09-08T17:00:00Z,0.8035,0.8035,,,,,trade,false
2025-09-08T18:00:00Z,0.8025,0.8025,,,,,trade,false
2025-09-08T19:00:00Z,0.8035,0.8035,,,,,trade,false
2025-09-08T20:00:00Z,0.804,0.804,,,,,trade,false
2025-09-08T21:00:00Z,0.8115,0.8115,,,,,trade,false
2025-09-08T22:00:00Z,0.8115,0.8115,,,,,trade,false
2025-09-08T23:00:00Z,0.812,0.812,,,,,trade,false
2025-09-09T00:00:00Z,0.8065,0.8065,,,,,trade,false
2025-09-09T01:00:00Z,0.805,0.805,,,,,trade,false
2025-09-09T02:00:00Z,0.8055,0.8055,,,,,trade,false
2025-09-09T03:00:00Z,0.807,0.807,,,,,trade,false
2025-09-09T04:00:00Z,0.8065,0.8065,,,,,trade,false
2025-09-09T05:00:00Z,0.8065,0.8065,,,,,trade,false
2025-09-09T06:00:00Z,0.8065,0.8065,,,,,trade,false
2025-09-09T07:00:00Z,0.806,0.806,,,,,trade,false
2025-09-09T08:00:00Z,0.8065,0.8065,,,,,trade,false
2025-09-09T09:00:00Z,0.8055,0.8055,,,,,trade,false
2025-09-09T10:00:00Z,0.8055,0.8055,,,,,trade,false
2025-09-09T11:00:00Z,0.8035,0.8035,,,,,trade,false
2025-09-09T12:00:00Z,0.8035,0.8035,,,,,trade,false
2025-09-09T13:00:00Z,0.804,0.804,,,,,trade,false
2025-09-09T14:00:00Z,0.804,0.804,,,,,trade,false
2025-09-09T15:00:00Z,0.8045,0.8045,,,,,trade,false
2025-09-09T16:00:00Z,0.8055,0.8055,,,,,trade,false
2025-09-09T17:00:00Z,0.8055,0.8055,,,,,trade,false
2025-09-09T18:00:00Z,0.8055,0.8055,,,,,trade,false
2025-09-09T19:00:00Z,0.8065,0.8065,,,,,trade,false
2025-09-09T20:00:00Z,0.8065,0.8065,,,,,trade,false
2025-09-09T21:00:00Z,0.8065,0.8065,,,,,trade,false
2025-09-09T22:00:00Z,0.8065,0.8065,,,,,trade,false
2025-09-09T23:00:00Z,0.806,0.806,,,,,trade,false
2025-09-10T00:00:00Z,0.806,0.806,,,,,trade,false
2025-09-10T01:00:00Z,0.8065,0.8065,,,,,trade,false
2025-09-10T02:00:00Z,0.817,0.817,,,,,trade,false
2025-09-10T03:00:00Z,0.818,0.818,,,,,trade,false
2025-09-10T04:00:00Z,0.82,0.82,,,,,trade,false
2025-09-10T05:00:00Z,0.8185,0.8185,,,,,trade,false
2025-09-10T06:00:00Z,0.814,0.814,,,,,trade,false
2025-09-10T07:00:00Z,0.814,0.814,,,,,trade,false
2025-09-10T08:00:00Z,0.811,0.811,,,,,trade,false
2025-09-10T09:00:00Z,0.8105,0.8105,,,,,trade,false
2025-09-10T10:00:00Z,0.814,0.814,,,,,trade,false
2025-09-10T11:00:00Z,0.813,0.813,,,,,trade,false
2025-09-10T12:00:00Z,0.819,0.819,,,,,trade,false
2025-09-10T13:00:00Z,0.818,0.818,,,,,trade,false
2025-09-10T14:00:00Z,0.817,0.817,,,,,trade,false
2025-09-10T15:00:00Z,0.8155,0.8155,,,,,trade,false
2025-09-10T16:00:00Z,0.8155,0.8155,,,,,trade,false
2025-09-10T17:00:00Z,0.8155,0.8155,,,,,trade,false
2025-09-10T18:00:00Z,0.8155,0.8155,,,,,trade,false
2025-09-10T19:00:00Z,0.8165,0.8165,,,,,trade,false
2025-09-10T20:00:00Z,0.809,0.809,,,,,trade,false
2025-09-10T21:00:00Z,0.809,0.809,,,,,trade,false
2025-09-10T22:00:00Z,0.8085,0.8085,,,,,trade,false
2025-09-10T23:00:00Z,0.8095,0.8095,,,,,trade,false
2025-09-11T00:00:00Z,0.81,0.81,,,,,trade,false
2025-09-11T01:00:00Z,0.81,0.81,,,,,trade,false
2025-09-11T02:00:00Z,0.809,0.809,,,,,trade,false
2025-09-11T03:00:00Z,0.809,0.809,,,,,trade,false
2025-09-11T04:00:00Z,0.808,0.808,,,,,trade,false
2025-09-11T05:00:00Z,0.808,0.808,,,,,trade,false
2025-09-11T06:00:00Z,0.808,0.808,,,,,trade,false
2025-09-11T07:00:00Z,0.8095,0.8095,,,,,trade,false
2025-09-11T08:00:00Z,0.8085,0.8085,,,,,trade,false
2025-09-11T09:00:00Z,0.8085,0.8085,,,,,trade,false
2025-09-11T10:00:00Z,0.808,0.808,,,,,trade,false
2025-09-11T11:00:00Z,0.807,0.807,,,,,trade,false
2025-09-11T12:00:00Z,0.808,0.808,,,,,trade,false
2025-09-11T13:00:00Z,0.808,0.808,,,,,trade,false
2025-09-11T14:00:00Z,0.807,0.807,,,,,trade,false
2025-09-11T15:00:00Z,0.807,0.807,,,,,trade,false
2025-09-11T16:00:00Z,0.807,0.807,,,,,trade,false
2025-09-11T17:00:00Z,0.806,0.806,,,,,trade,false
2025-09-11T18:00:00Z,0.8065,0.8065,,,,,trade,false
2025-09-11T19:00:00Z,0.8055,0.8055,,,,,trade,false
2025-09-11T20:00:00Z,0.8055,0.8055,,,,,trade,false
2025-09-11T21:00:00Z,0.8045,0.8045,,,,,trade,false
2025-09-11T22:00:00Z,0.806,0.806,,,,,trade,false
2025-09-11T23:00:00Z,0.8055,0.8055,,,,,trade,false
2025-09-12T00:00:00Z,0.808,0.808,,,,,trade,false
2025-09-12T01:00:00Z,0.808,0.808,,,,,trade,false
2025-09-12T02:00:00Z,0.8075,0.8075,,,,,trade,false
2025-09-12T03:00:00Z,0.808,0.808,,,,,trade,false
2025-09-12T04:00:00Z,0.809,0.809,,,,,trade,false
2025-09-12T05:00:00Z,0.811,0.811,,,,,trade,false
2025-09-12T06:00:00Z,0.8115,0.8115,,,,,trade,false
2025-09-12T07:00:00Z,0.8135,0.8135,,,,,trade,false
2025-09-12T08:00:00Z,0.813,0.813,,,,,trade,false
2025-09-12T09:00:00Z,0.8135,0.8135,,,,,trade,false
2025-09-12T10:00:00Z,0.8115,0.8115,,,,,trade,false
2025-09-12T11:00:00Z,0.813,0.813,,,,,trade,false
2025-09-12T12:00:00Z,0.813,0.813,,,,,trade,false
2025-09-12T13:00:00Z,0.812,0.812,,,,,trade,false
2025-09-12T14:00:00Z,0.813,0.813,,,,,trade,false
2025-09-12T15:00:00Z,0.813,0.813,,,,,trade,false
2025-09-12T16:00:00Z,0.812,0.812,,,,,trade,false
2025-09-12T17:00:00Z,0.8105,0.8105,,,,,trade,false
2025-09-12T18:00:00Z,0.811,0.811,,,,,trade,false
2025-09-12T19:00:00Z,0.8105,0.8105,,,,,trade,false
2025-09-12T20:00:00Z,0.81,0.81,,,,,trade,false
2025-09-12T21:00:00Z,0.809,0.809,,,,,trade,false
2025-09-12T22:00:00Z,0.8095,0.8095,,,,,trade,false
2025-09-12T23:00:00Z,0.8095,0.8095,,,,,trade,false
2025-09-13T00:00:00Z,0.8095,0.8095,,,,,trade,false
2025-09-13T01:00:00Z,0.809,0.809,,,,,trade,false
2025-09-13T02:00:00Z,0.809,0.809,,,,,trade,false
2025-09-13T03:00:00Z,0.811,0.811,,,,,trade,false
2025-09-13T04:00:00Z,0.809,0.809,,,,,trade,false
2025-09-13T05:00:00Z,0.8115,0.8115,,,,,trade,false
2025-09-13T06:00:00Z,0.81,0.81,,,,,trade,false
2025-09-13T07:00:00Z,0.81,0.81,,,,,trade,false
2025-09-13T08:00:00Z,0.808,0.808,,,,,trade,false
2025-09-13T09:00:00Z,0.8075,0.8075,,,,,trade,false
2025-09-13T10:00:00Z,0.8075,0.8075,,,,,trade,false
2025-09-13T11:00:00Z,0.8085,0.8085,,,,,trade,false
2025-09-13T12:00:00Z,0.8095,0.8095,,,,,trade,false
2025-09-13T13:00:00Z,0.8075,0.8075,,,,,trade,false
2025-09-13T14:00:00Z,0.808,0.808,,,,,trade,false
2025-09-13T15:00:00Z,0.8055,0.8055,,,,,trade,false
2025-09-13T16:00:00Z,0.806,0.806,,,,,trade,false
2025-09-13T17:00:00Z,0.8065,0.8065,,,,,trade,false
2025-09-13T18:00:00Z,0.8085,0.8085,,,,,trade,false
2025-09-13T19:00:00Z,0.809,0.809,,,,,trade,false
2025-09-13T20:00:00Z,0.8095,0.8095,,,,,trade,false
2025-09-13T21:00:00Z,0.809,0.809,,,,,trade,false
2025-09-13T22:00:00Z,0.81,0.81,,,,,trade,false
2025-09-13T23:00:00Z,0.809,0.809,,,,,trade,false
2025-09-14T00:00:00Z,0.809,0.809,,,,,trade,false
2025-09-14T01:00:00Z,0.809,0.809,,,,,trade,false
2025-09-14T02:00:00Z,0.809,0.809,,,,,trade,false
2025-09-14T03:00:00Z,0.8095,0.8095,,,,,trade,false
2025-09-14T04:00:00Z,0.81,0.81,,,,,trade,false
2025-09-14T05:00:00Z,0.81,0.81,,,,,trade,false
2025-09-14T06:00:00Z,0.8105,0.8105,,,,,trade,false
2025-09-14T07:00:00Z,0.811,0.811,,,,,trade,false
2025-09-14T08:00:00Z,0.8095,0.8095,,,,,trade,false
2025-09-14T09:00:00Z,0.8095,0.8095,,,,,trade,false
2025-09-14T10:00:00Z,0.809,0.809,,,,,trade,false
2025-09-14T11:00:00Z,0.809,0.809,,,,,trade,false
2025-09-14T12:00:00Z,0.809,0.809,,,,,trade,false
2025-09-14T13:00:00Z,0.809,0.809,,,,,trade,false
2025-09-14T14:00:00Z,0.8105,0.8105,,,,,trade,false
2025-09-14T15:00:00Z,0.811,0.811,,,,,trade,false
2025-09-14T16:00:00Z,0.811,0.811,,,,,trade,false
2025-09-14T17:00:00Z,0.811,0.811,,,,,trade,false
2025-09-14T18:00:00Z,0.811,0.811,,,,,trade,false
2025-09-14T19:00:00Z,0.81,0.81,,,,,trade,false
2025-09-14T20:00:00Z,0.8105,0.8105,,,,,trade,false
2025-09-14T21:00:00Z,0.81,0.81,,,,,trade,false
2025-09-14T22:00:00Z,0.8095,0.8095,,,,,trade,false
2025-09-14T23:00:00Z,0.809,0.809,,,,,trade,false
2025-09-15T00:00:00Z,0.815,0.815,,,,,trade,false
2025-09-15T01:00:00Z,0.8145,0.8145,,,,,trade,false
2025-09-15T02:00:00Z,0.811,0.811,,,,,trade,false
2025-09-15T03:00:00Z,0.8145,0.8145,,,,,trade,false
2025-09-15T04:00:00Z,0.818,0.818,,,,,trade,false
2025-09-15T05:00:00Z,0.8175,0.8175,,,,,trade,false
2025-09-15T06:00:00Z,0.8155,0.8155,,,,,trade,false
2025-09-15T07:00:00Z,0.817,0.817,,,,,trade,false
2025-09-15T08:00:00Z,0.818,0.818,,,,,trade,false
2025-09-15T09:00:00Z,0.8165,0.8165,,,,,trade,false
2025-09-15T10:00:00Z,0.8165,0.8165,,,,,trade,false
2025-09-15T11:00:00Z,0.8185,0.8185,,,,,trade,false
2025-09-15T12:00:00Z,0.8195,0.8195,,,,,trade,false
2025-09-15T13:00:00Z,0.82,0.82,,,,,trade,false
2025-09-15T14:00:00Z,0.8235,0.8235,,,,,trade,false
2025-09-15T15:00:00Z,0.8235,0.8235,,,,,trade,false
2025-09-15T16:00:00Z,0.8245,0.8245,,,,,trade,false
2025-09-15T17:00:00Z,0.8255,0.8255,,,,,trade,false
2025-09-15T18:00:00Z,0.813,0.813,,,,,trade,false
2025-09-15T19:00:00Z,0.814,0.814,,,,,trade,false
2025-09-15T20:00:00Z,0.8115,0.8115,,,,,trade,false
2025-09-15T21:00:00Z,0.814,0.814,,,,,trade,false
2025-09-15T22:00:00Z,0.811,0.811,,,,,trade,false
2025-09-15T23:00:00Z,0.816,0.816,,,,,trade,false
2025-09-16T00:00:00Z,0.816,0.816,,,,,trade,false
2025-09-16T01:00:00Z,0.816,0.816,,,,,trade,false
2025-09-16T02:00:00Z,0.816,0.816,,,,,trade,false
2025-09-16T03:00:00Z,0.829,0.829,,,,,trade,false
2025-09-16T04:00:00Z,0.829,0.829,,,,,trade,false
2025-09-16T05:00:00Z,0.83,0.83,,,,,trade,false
2025-09-16T06:00:00Z,0.83,0.83,,,,,trade,false
2025-09-16T07:00:00Z,0.8315,0.8315,,,,,trade,false
2025-09-16T08:00:00Z,0.833,0.833,,,,,trade,false
2025-09-16T09:00:00Z,0.8335,0.8335,,,,,trade,false
2025-09-16T10:00:00Z,0.828,0.828,,,,,trade,false
2025-09-16T11:00:00Z,0.8295,0.8295,,,,,trade,false
2025-09-16T12:00:00Z,0.83,0.83,,,,,trade,false
2025-09-16T13:00:00Z,0.83,0.83,,,,,trade,false
2025-09-16T14:00:00Z,0.83,0.83,,,,,trade,false
2025-09-16T15:00:00Z,0.8295,0.8295,,,,,trade,false
2025-09-16T16:00:00Z,0.829,0.829,,,,,trade,false
2025-09-16T17:00:00Z,0.829,0.829,,,,,trade,false
2025-09-16T18:00:00Z,0.8315,0.8315,,,,,trade,false
2025-09-16T19:00:00Z,0.8335,0.8335,,,,,trade,false
2025-09-16T20:00:00Z,0.834,0.834,,,,,trade,false
2025-09-16T21:00:00Z,0.836,0.836,,,,,trade,false
2025-09-16T22:00:00Z,0.839,0.839,,,,,trade,false
2025-09-16T23:00:00Z,0.841,0.841,,,,,trade,false
2025-09-17T00:00:00Z,0.8415,0.8415,,,,,trade,false
2025-09-17T01:00:00Z,0.8415,0.8415,,,,,trade,false
2025-09-17T02:00:00Z,0.841,0.841,,,,,trade,false
2025-09-17T03:00:00Z,0.8405,0.8405,,,,,trade,false
2025-09-17T04:00:00Z,0.8355,0.8355,,,,,trade,false
2025-09-17T05:00:00Z,0.8355,0.8355,,,,,trade,false
2025-09-17T06:00:00Z,0.836,0.836,,,,,trade,false
2025-09-17T07:00:00Z,0.836,0.836,,,,,trade,false
2025-09-17T08:00:00Z,0.835,0.835,,,,,trade,false
2025-09-17T09:00:00Z,0.829,0.829,,,,,trade,false
2025-09-17T10:00:00Z,0.826,0.826,,,,,trade,false
2025-09-17T11:00:00Z,0.822,0.822,,,,,trade,false
2025-09-17T12:00:00Z,0.8235,0.8235,,,,,trade,false
2025-09-17T13:00:00Z,0.827,0.827,,,,,trade,false
2025-09-17T14:00:00Z,0.832,0.832,,,,,trade,false
2025-09-17T15:00:00Z,0.8295,0.8295,,,,,trade,false
2025-09-17T16:00:00Z,0.8265,0.8265,,,,,trade,false
2025-09-17T17:00:00Z,0.8305,0.8305,,,,,trade,false
2025-09-17T19:00:00Z,0.833,0.833,,,,,trade,false
2025-09-17T20:00:00Z,0.834,0.834,,,,,trade,false
2025-09-17T21:00:00Z,0.8355,0.8355,,,,,trade,false
2025-09-17T22:00:00Z,0.837,0.837,,,,,trade,false
2025-09-17T23:00:00Z,0.839,0.839,,,,,trade,false
2025-09-18T00:00:00Z,0.8405,0.8405,,,,,trade,false
2025-09-18T01:00:00Z,0.8405,0.8405,,,,,trade,false
2025-09-18T02:00:00Z,0.84,0.84,,,,,trade,false
2025-09-18T03:00:00Z,0.8405,0.8405,,,,,trade,false
2025-09-18T04:00:00Z,0.841,0.841,,,,,trade,false
2025-09-18T05:00:00Z,0.8405,0.8405,,,,,trade,false
2025-09-18T06:00:00Z,0.8405,0.8405,,,,,trade,false
2025-09-18T07:00:00Z,0.8405,0.8405,,,,,trade,false
2025-09-18T08:00:00Z,0.8415,0.8415,,,,,trade,false
2025-09-18T09:00:00Z,0.8375,0.8375,,,,,trade,false
2025-09-18T10:00:00Z,0.8375,0.8375,,,,,trade,false
2025-09-18T11:00:00Z,0.8385,0.8385,,,,,trade,false
2025-09-18T12:00:00Z,0.8405,0.8405,,,,,trade,false
2025-09-18T13:00:00Z,0.8395,0.8395,,,,,trade,false
2025-09-18T14:00:00Z,0.8425,0.8425,,,,,trade,false
2025-09-18T15:00:00Z,0.846,0.846,,,,,trade,false
2025-09-18T16:00:00Z,0.851,0.851,,,,,trade,false
2025-09-18T17:00:00Z,0.853,0.853,,,,,trade,false
2025-09-18T18:00:00Z,0.853,0.853,,,,,trade,false
2025-09-18T19:00:00Z,0.8495,0.8495,,,,,trade,false
2025-09-18T20:00:00Z,0.852,0.852,,,,,trade,false
2025-09-18T21:00:00Z,0.852,0.852,,,,,trade,false
2025-09-18T22:00:00Z,0.852,0.852,,,,,trade,false
2025-09-18T23:00:00Z,0.8505,0.8505,,,,,trade,false
2025-09-19T00:00:00Z,0.8545,0.8545,,,,,trade,false
2025-09-19T01:00:00Z,0.8535,0.8535,,,,,trade,false
2025-09-19T02:00:00Z,0.854,0.854,,,,,trade,false
2025-09-19T03:00:00Z,0.854,0.854,,,,,trade,false
2025-09-19T04:00:00Z,0.8545,0.8545,,,,,trade,false
2025-09-19T05:00:00Z,0.8555,0.8555,,,,,trade,false
2025-09-19T06:00:00Z,0.8555,0.8555,,,,,trade,false
2025-09-19T07:00:00Z,0.856,0.856,,,,,trade,false
2025-09-19T08:00:00Z,0.8565,0.8565,,,,,trade,false
2025-09-19T09:00:00Z,0.859,0.859,,,,,trade,false
2025-09-19T10:00:00Z,0.861,0.861,,,,,trade,false
2025-09-19T11:00:00Z,0.861,0.861,,,,,trade,false
2025-09-19T12:00:00Z,0.863,0.863,,,,,trade,false
2025-09-19T13:00:00Z,0.8615,0.8615,,,,,trade,false
2025-09-19T14:00:00Z,0.8625,0.8625,,,,,trade,false
2025-09-19T15:00:00Z,0.8625,0.8625,,,,,trade,false
2025-09-19T16:00:00Z,0.8625,0.8625,,,,,trade,false
2025-09-19T17:00:00Z,0.8615,0.8615,,,,,trade,false
2025-09-19T18:00:00Z,0.8635,0.8635,,,,,trade,false
2025-09-19T19:00:00Z,0.865,0.865,,,,,trade,false
2025-09-19T20:00:00Z,0.8655,0.8655,,,,,trade,false
2025-09-19T21:00:00Z,0.8655,0.8655,,,,,trade,false
2025-09-19T22:00:00Z,0.8645,0.8645,,,,,trade,false
2025-09-19T23:00:00Z,0.865,0.865,,,,,trade,false
2025-09-20T00:00:00Z,0.864,0.864,,,,,trade,false
2025-09-20T01:00:00Z,0.8625,0.8625,,,,,trade,false
2025-09-20T02:00:00Z,0.8635,0.8635,,,,,trade,false
2025-09-20T03:00:00Z,0.8645,0.8645,,,,,trade,false
2025-09-20T04:00:00Z,0.8645,0.8645,,,,,trade,false
2025-09-20T05:00:00Z,0.862,0.862,,,,,trade,false
2025-09-20T06:00:00Z,0.8615,0.8615,,,,,trade,false
2025-09-20T07:00:00Z,0.864,0.864,,,,,trade,false
2025-09-20T08:00:00Z,0.8645,0.8645,,,,,trade,false
2025-09-20T09:00:00Z,0.8645,0.8645,,,,,trade,false
2025-09-20T10:00:00Z,0.8655,0.8655,,,,,trade,false
2025-09-20T11:00:00Z,0.863,0.863,,,,,trade,false
2025-09-20T12:00:00Z,0.8635,0.8635,,,,,trade,false
2025-09-20T13:00:00Z,0.8635,0.8635,,,,,trade,false
2025-09-20T14:00:00Z,0.8635,0.8635,,,,,trade,false
2025-09-20T15:00:00Z,0.8645,0.8645,,,,,trade,false
2025-09-20T16:00:00Z,0.8665,0.8665,,,,,trade,false
2025-09-20T17:00:00Z,0.865,0.865,,,,,trade,false
2025-09-20T18:00:00Z,0.8655,0.8655,,,,,trade,false
2025-09-20T19:00:00Z,0.8665,0.8665,,,,,trade,false
2025-09-20T20:00:00Z,0.8665,0.8665,,,,,trade,false
2025-09-20T21:00:00Z,0.866,0.866,,,,,trade,false
2025-09-20T22:00:00Z,0.8665,0.8665,,,,,trade,false
2025-09-20T23:00:00Z,0.866,0.866,,,,,trade,false
2025-09-21T00:00:00Z,0.866,0.866,,,,,trade,false
2025-09-21T01:00:00Z,0.864,0.864,,,,,trade,false
2025-09-21T02:00:00Z,0.8645,0.8645,,,,,trade,false
2025-09-21T03:00:00Z,0.865,0.865,,,,,trade,false
2025-09-21T04:00:00Z,0.868,0.868,,,,,trade,false
2025-09-21T05:00:00Z,0.868,0.868,,,,,trade,false
2025-09-21T06:00:00Z,0.8685,0.8685,,,,,trade,false
2025-09-21T07:00:00Z,0.8685,0.8685,,,,,trade,false
2025-09-21T08:00:00Z,0.8685,0.8685,,,,,trade,false
2025-09-21T09:00:00Z,0.866,0.866,,,,,trade,false
2025-09-21T10:00:00Z,0.867,0.867,,,,,trade,false
2025-09-21T11:00:00Z,0.8685,0.8685,,,,,trade,false
2025-09-21T12:00:00Z,0.8675,0.8675,,,,,trade,false
2025-09-21T13:00:00Z,0.8685,0.8685,,,,,trade,false
2025-09-21T14:00:00Z,0.8685,0.8685,,,,,trade,false
2025-09-21T15:00:00Z,0.8685,0.8685,,,,,trade,false
2025-09-21T16:00:00Z,0.8685,0.8685,,,,,trade,false
2025-09-21T17:00:00Z,0.8675,0.8675,,,,,trade,false
2025-09-21T18:00:00Z,0.8685,0.8685,,,,,trade,false
2025-09-21T19:00:00Z,0.868,0.868,,,,,trade,false
2025-09-21T20:00:00Z,0.869,0.869,,,,,trade,false
2025-09-21T21:00:00Z,0.869,0.869,,,,,trade,false
2025-09-21T22:00:00Z,0.8705,0.8705,,,,,trade,false
2025-09-21T23:00:00Z,0.871,0.871,,,,,trade,false
2025-09-22T00:00:00Z,0.8725,0.8725,,,,,trade,false
2025-09-22T01:00:00Z,0.8705,0.8705,,,,,trade,false
2025-09-22T02:00:00Z,0.871,0.871,,,,,trade,false
2025-09-22T03:00:00Z,0.8705,0.8705,,,,,trade,false
2025-09-22T04:00:00Z,0.87,0.87,,,,,trade,false
2025-09-22T05:00:00Z,0.866,0.866,,,,,trade,false
2025-09-22T06:00:00Z,0.8665,0.8665,,,,,trade,false
2025-09-22T07:00:00Z,0.8705,0.8705,,,,,trade,false
2025-09-22T08:00:00Z,0.873,0.873,,,,,trade,false
2025-09-22T09:00:00Z,0.8775,0.8775,,,,,trade,false
2025-09-22T10:00:00Z,0.8815,0.8815,,,,,trade,false
2025-09-22T11:00:00Z,0.8725,0.8725,,,,,trade,false
2025-09-22T12:00:00Z,0.873,0.873,,,,,trade,false
2025-09-22T13:00:00Z,0.8735,0.8735,,,,,trade,false
2025-09-22T14:00:00Z,0.8745,0.8745,,,,,trade,false
2025-09-22T15:00:00Z,0.878,0.878,,,,,trade,false
2025-09-22T16:00:00Z,0.8795,0.8795,,,,,trade,false
2025-09-22T17:00:00Z,0.8815,0.8815,,,,,trade,false
2025-09-22T18:00:00Z,0.889,0.889,,,,,trade,false
2025-09-22T19:00:00Z,0.8875,0.8875,,,,,trade,false
2025-09-22T20:00:00Z,0.8845,0.8845,,,,,trade,false
2025-09-22T21:00:00Z,0.885,0.885,,,,,trade,false
2025-09-22T22:00:00Z,0.885,0.885,,,,,trade,false
2025-09-22T23:00:00Z,0.8835,0.8835,,,,,trade,false
2025-09-23T00:00:00Z,0.8815,0.8815,,,,,trade,false
2025-09-23T01:00:00Z,0.881,0.881,,,,,trade,false
2025-09-23T02:00:00Z,0.881,0.881,,,,,trade,false
2025-09-23T03:00:00Z,0.8815,0.8815,,,,,trade,false
2025-09-23T04:00:00Z,0.8805,0.8805,,,,,trade,false
2025-09-23T05:00:00Z,0.878,0.878,,,,,trade,false
2025-09-23T06:00:00Z,0.8775,0.8775,,,,,trade,false
2025-09-23T07:00:00Z,0.8765,0.8765,,,,,trade,false
2025-09-23T08:00:00Z,0.8755,0.8755,,,,,trade,false
2025-09-23T09:00:00Z,0.8755,0.8755,,,,,trade,false
2025-09-23T10:00:00Z,0.8745,0.8745,,,,,trade,false
2025-09-23T11:00:00Z,0.8765,0.8765,,,,,trade,false
2025-09-23T12:00:00Z,0.8775,0.8775,,,,,trade,false
2025-09-23T13:00:00Z,0.8775,0.8775,,,,,trade,false
2025-09-23T14:00:00Z,0.8765,0.8765,,,,,trade,false
2025-09-23T15:00:00Z,0.8765,0.8765,,,,,trade,false
2025-09-23T16:00:00Z,0.8775,0.8775,,,,,trade,false
2025-09-23T17:00:00Z,0.8835,0.8835,,,,,trade,false
2025-09-23T18:00:00Z,0.88,0.88,,,,,trade,false
2025-09-23T19:00:00Z,0.8785,0.8785,,,,,trade,false
2025-09-23T20:00:00Z,0.878,0.878,,,,,trade,false
2025-09-23T21:00:00Z,0.8765,0.8765,,,,,trade,false
2025-09-23T22:00:00Z,0.878,0.878,,,,,trade,false
2025-09-23T23:00:00Z,0.877,0.877,,,,,trade,false
2025-09-24T00:00:00Z,0.8795,0.8795,,,,,trade,false
2025-09-24T01:00:00Z,0.8765,0.8765,,,,,trade,false
2025-09-24T02:00:00Z,0.8785,0.8785,,,,,trade,false
2025-09-24T03:00:00Z,0.8785,0.8785,,,,,trade,false
2025-09-24T04:00:00Z,0.8795,0.8795,,,,,trade,false
2025-09-24T05:00:00Z,0.878,0.878,,,,,trade,false
2025-09-24T06:00:00Z,0.8775,0.8775,,,,,trade,false
2025-09-24T07:00:00Z,0.8745,0.8745,,,,,trade,false
2025-09-24T08:00:00Z,0.8745,0.8745,,,,,trade,false
2025-09-24T09:00:00Z,0.8745,0.8745,,,,,trade,false
2025-09-24T10:00:00Z,0.8795,0.8795,,,,,trade,false
2025-09-24T11:00:00Z,0.8775,0.8775,,,,,trade,false
2025-09-24T12:00:00Z,0.8755,0.8755,,,,,trade,false
2025-09-24T13:00:00Z,0.8785,0.8785,,,,,trade,false
2025-09-24T14:00:00Z,0.8755,0.8755,,,,,trade,false
2025-09-24T15:00:00Z,0.8755,0.8755,,,,,trade,false
2025-09-24T16:00:00Z,0.878,0.878,,,,,trade,false
2025-09-24T17:00:00Z,0.879,0.879,,,,,trade,false
2025-09-24T18:00:00Z,0.8815,0.8815,,,,,trade,false
2025-09-24T19:00:00Z,0.8775,0.8775,,,,,trade,false
2025-09-24T20:00:00Z,0.8775,0.8775,,,,,trade,false
2025-09-24T21:00:00Z,0.8795,0.8795,,,,,trade,false
2025-09-24T22:00:00Z,0.8795,0.8795,,,,,trade,false
2025-09-24T23:00:00Z,0.8795,0.8795,,,,,trade,false
2025-09-25T00:00:00Z,0.878,0.878,,,,,trade,false
2025-09-25T01:00:00Z,0.8765,0.8765,,,,,trade,false
2025-09-25T02:00:00Z,0.8785,0.8785,,,,,trade,false
2025-09-25T03:00:00Z,0.8785,0.8785,,,,,trade,false
2025-09-25T04:00:00Z,0.8765,0.8765,,,,,trade,false
2025-09-25T05:00:00Z,0.8765,0.8765,,,,,trade,false
2025-09-25T06:00:00Z,0.877,0.877,,,,,trade,false
2025-09-25T07:00:00Z,0.8775,0.8775,,,,,trade,false
2025-09-25T08:00:00Z,0.8775,0.8775,,,,,trade,false
2025-09-25T09:00:00Z,0.8775,0.8775,,,,,trade,false
2025-09-25T10:00:00Z,0.8765,0.8765,,,,,trade,false
2025-09-25T11:00:00Z,0.8765,0.8765,,,,,trade,false
2025-09-25T12:00:00Z,0.8765,0.8765,,,,,trade,false
2025-09-25T13:00:00Z,0.8785,0.8785,,,,,trade,false
2025-09-25T14:00:00Z,0.876,0.876,,,,,trade,false
2025-09-25T15:00:00Z,0.8775,0.8775,,,,,trade,false
2025-09-25T16:00:00Z,0.8775,0.8775,,,,,trade,false
2025-09-25T17:00:00Z,0.8775,0.8775,,,,,trade,false
2025-09-25T18:00:00Z,0.8745,0.8745,,,,,trade,false
2025-09-25T19:00:00Z,0.874,0.874,,,,,trade,false
2025-09-25T20:00:00Z,0.8735,0.8735,,,,,trade,false
2025-09-25T21:00:00Z,0.8735,0.8735,,,,,trade,false
2025-09-25T22:00:00Z,0.8735,0.8735,,,,,trade,false
2025-09-25T23:00:00Z,0.8735,0.8735,,,,,trade,false
2025-09-26T00:00:00Z,0.8735,0.8735,,,,,trade,false
2025-09-26T01:00:00Z,0.873,0.873,,,,,trade,false
2025-09-26T02:00:00Z,0.8715,0.8715,,,,,trade,false
2025-09-26T03:00:00Z,0.8725,0.8725,,,,,trade,false
2025-09-26T04:00:00Z,0.872,0.872,,,,,trade,false
2025-09-26T05:00:00Z,0.8725,0.8725,,,,,trade,false
2025-09-26T06:00:00Z,0.8725,0.8725,,,,,trade,false
2025-09-26T07:00:00Z,0.8715,0.8715,,,,,trade,false
2025-09-26T08:00:00Z,0.8705,0.8705,,,,,trade,false
2025-09-26T09:00:00Z,0.8695,0.8695,,,,,trade,false
2025-09-26T10:00:00Z,0.8675,0.8675,,,,,trade,false
2025-09-26T11:00:00Z,0.8715,0.8715,,,,,trade,false
2025-09-26T12:00:00Z,0.874,0.874,,,,,trade,false
2025-09-26T13:00:00Z,0.8745,0.8745,,,,,trade,false
2025-09-26T14:00:00Z,0.871,0.871,,,,,trade,false
2025-09-26T15:00:00Z,0.8705,0.8705,,,,,trade,false
2025-09-26T16:00:00Z,0.8735,0.8735,,,,,trade,false
2025-09-26T17:00:00Z,0.869,0.869,,,,,trade,false
2025-09-26T18:00:00Z,0.869,0.869,,,,,trade,false
2025-09-26T19:00:00Z,0.8685,0.8685,,,,,trade,false
2025-09-26T20:00:00Z,0.869,0.869,,,,,trade,false
2025-09-26T21:00:00Z,0.8695,0.8695,,,,,trade,false
2025-09-26T22:00:00Z,0.8695,0.8695,,,,,trade,false
2025-09-26T23:00:00Z,0.8695,0.8695,,,,,trade,false
2025-09-27T00:00:00Z,0.8715,0.8715,,,,,trade,false
2025-09-27T01:00:00Z,0.8705,0.8705,,,,,trade,false
2025-09-27T02:00:00Z,0.8725,0.8725,,,,,trade,false
2025-09-27T03:00:00Z,0.8725,0.8725,,,,,trade,false
2025-09-27T04:00:00Z,0.8745,0.8745,,,,,trade,false
2025-09-27T05:00:00Z,0.874,0.874,,,,,trade,false
2025-09-27T06:00:00Z,0.8745,0.8745,,,,,trade,false
2025-09-27T07:00:00Z,0.8755,0.8755,,,,,trade,false
2025-09-27T08:00:00Z,0.8765,0.8765,,,,,trade,false
2025-09-27T09:00:00Z,0.8755,0.8755,,,,,trade,false
2025-09-27T10:00:00Z,0.8755,0.8755,,,,,trade,false
2025-09-27T11:00:00Z,0.8765,0.8765,,,,,trade,false
2025-09-27T12:00:00Z,0.873,0.873,,,,,trade,false
2025-09-27T13:00:00Z,0.875,0.875,,,,,trade,false
2025-09-27T14:00:00Z,0.8745,0.8745,,,,,trade,false
2025-09-27T15:00:00Z,0.8765,0.8765,,,,,trade,false
2025-09-27T16:00:00Z,0.8765,0.8765,,,,,trade,false
2025-09-27T17:00:00Z,0.8765,0.8765,,,,,trade,false
2025-09-27T18:00:00Z,0.8765,0.8765,,,,,trade,false
2025-09-27T19:00:00Z,0.8765,0.8765,,,,,trade,false
2025-09-27T20:00:00Z,0.8765,0.8765,,,,,trade,false
2025-09-27T21:00:00Z,0.8765,0.8765,,,,,trade,false
2025-09-27T22:00:00Z,0.8765,0.8765,,,,,trade,false
2025-09-27T23:00:00Z,0.8775,0.8775,,,,,trade,false
2025-09-28T00:00:00Z,0.873,0.873,,,,,trade,false
2025-09-28T01:00:00Z,0.8735,0.8735,,,,,trade,false
2025-09-28T02:00:00Z,0.8745,0.8745,,,,,trade,false
2025-09-28T03:00:00Z,0.8735,0.8735,,,,,trade,false
2025-09-28T04:00:00Z,0.8695,0.8695,,,,,trade,false
2025-09-28T05:00:00Z,0.8695,0.8695,,,,,trade,false
2025-09-28T06:00:00Z,0.87,0.87,,,,,trade,false
2025-09-28T07:00:00Z,0.871,0.871,,,,,trade,false
2025-09-28T08:00:00Z,0.8705,0.8705,,,,,trade,false
2025-09-28T09:00:00Z,0.8725,0.8725,,,,,trade,false
2025-09-28T10:00:00Z,0.8715,0.8715,,,,,trade,false
2025-09-28T11:00:00Z,0.8705,0.8705,,,,,trade,false
2025-09-28T12:00:00Z,0.87,0.87,,,,,trade,false
2025-09-28T13:00:00Z,0.871,0.871,,,,,trade,false
2025-09-28T14:00:00Z,0.871,0.871,,,,,trade,false
2025-09-28T15:00:00Z,0.8705,0.8705,,,,,trade,false
2025-09-28T16:00:00Z,0.869,0.869,,,,,trade,false
2025-09-28T17:00:00Z,0.866,0.866,,,,,trade,false
2025-09-28T18:00:00Z,0.826,0.826,,,,,trade,false
2025-09-28T19:00:00Z,0.828,0.828,,,,,trade,false
2025-09-28T20:00:00Z,0.842,0.842,,,,,trade,false
2025-09-28T21:00:00Z,0.8365,0.8365,,,,,trade,false
2025-09-28T22:00:00Z,0.845,0.845,,,,,trade,false
2025-09-28T23:00:00Z,0.846,0.846,,,,,trade,false
2025-09-29T00:00:00Z,0.8475,0.8475,,,,,trade,false
2025-09-29T01:00:00Z,0.8475,0.8475,,,,,trade,false
2025-09-29T02:00:00Z,0.846,0.846,,,,,trade,false
2025-09-29T03:00:00Z,0.8465,0.8465,,,,,trade,false
2025-09-29T04:00:00Z,0.8485,0.8485,,,,,trade,false
2025-09-29T05:00:00Z,0.853,0.853,,,,,trade,false
2025-09-29T06:00:00Z,0.8475,0.8475,,,,,trade,false
2025-09-29T07:00:00Z,0.8485,0.8485,,,,,trade,false
2025-09-29T08:00:00Z,0.8475,0.8475,,,,,trade,false
2025-09-29T09:00:00Z,0.848,0.848,,,,,trade,false
2025-09-29T10:00:00Z,0.845,0.845,,,,,trade,false
2025-09-29T11:00:00Z,0.8505,0.8505,,,,,trade,false
2025-09-29T12:00:00Z,0.85,0.85,,,,,trade,false
2025-09-29T13:00:00Z,0.853,0.853,,,,,trade,false
2025-09-29T14:00:00Z,0.8535,0.8535,,,,,trade,false
2025-09-29T15:00:00Z,0.856,0.856,,,,,trade,false
2025-09-29T16:00:00Z,0.8555,0.8555,,,,,trade,false
2025-09-29T17:00:00Z,0.8565,0.8565,,,,,trade,false
2025-09-29T18:00:00Z,0.8575,0.8575,,,,,trade,false
2025-09-29T19:00:00Z,0.855,0.855,,,,,trade,false
2025-09-29T20:00:00Z,0.8615,0.8615,,,,,trade,false
2025-09-29T21:00:00Z,0.8605,0.8605,,,,,trade,false
2025-09-29T22:00:00Z,0.86,0.86,,,,,trade,false
2025-09-29T23:00:00Z,0.8605,0.8605,,,,,trade,false
2025-09-30T00:00:00Z,0.8605,0.8605,,,,,trade,false
2025-09-30T01:00:00Z,0.8635,0.8635,,,,,trade,false
2025-09-30T02:00:00Z,0.8655,0.8655,,,,,trade,false
2025-09-30T03:00:00Z,0.8665,0.8665,,,,,trade,false
2025-09-30T04:00:00Z,0.867,0.867,,,,,trade,false
2025-09-30T05:00:00Z,0.8675,0.8675,,,,,trade,false
2025-09-30T06:00:00Z,0.8605,0.8605,,,,,trade,false
2025-09-30T07:00:00Z,0.8605,0.8605,,,,,trade,false
2025-09-30T08:00:00Z,0.8605,0.8605,,,,,trade,false
2025-09-30T09:00:00Z,0.8605,0.8605,,,,,trade,false
2025-09-30T10:00:00Z,0.858,0.858,,,,,trade,false
2025-09-30T11:00:00Z,0.859,0.859,,,,,trade,false
2025-09-30T12:00:00Z,0.8585,0.8585,,,,,trade,false
2025-09-30T13:00:00Z,0.8565,0.8565,,,,,trade,false
2025-09-30T14:00:00Z,0.8565,0.8565,,,,,trade,false
2025-09-30T15:00:00Z,0.855,0.855,,,,,trade,false
2025-09-30T16:00:00Z,0.8545,0.8545,,,,,trade,false
2025-09-30T17:00:00Z,0.8685,0.8685,,,,,trade,false
2025-09-30T18:00:00Z,0.8635,0.8635,,,,,trade,false
2025-09-30T19:00:00Z,0.864,0.864,,,,,trade,false
2025-09-30T20:00:00Z,0.8625,0.8625,,,,,trade,false
2025-09-30T21:00:00Z,0.862,0.862,,,,,trade,false
2025-09-30T22:00:00Z,0.8605,0.8605,,,,,trade,false
2025-09-30T23:00:00Z,0.862,0.862,,,,,trade,false
2025-10-01T00:00:00Z,0.8625,0.8625,,,,,trade,false
2025-10-01T01:00:00Z,0.8625,0.8625,,,,,trade,false
2025-10-01T02:00:00Z,0.8615,0.8615,,,,,trade,false
2025-10-01T03:00:00Z,0.8605,0.8605,,,,,trade,false
2025-10-01T04:00:00Z,0.8605,0.8605,,,,,trade,false
2025-10-01T05:00:00Z,0.8605,0.8605,,,,,trade,false
2025-10-01T06:00:00Z,0.8605,0.8605,,,,,trade,false
2025-10-01T07:00:00Z,0.8605,0.8605,,,,,trade,false
2025-10-01T08:00:00Z,0.8605,0.8605,,,,,trade,false
2025-10-01T09:00:00Z,0.8595,0.8595,,,,,trade,false
2025-10-01T10:00:00Z,0.8595,0.8595,,,,,trade,false
2025-10-01T11:00:00Z,0.8595,0.8595,,,,,trade,false
2025-10-01T12:00:00Z,0.8605,0.8605,,,,,trade,false
2025-10-01T13:00:00Z,0.8635,0.8635,,,,,trade,false
2025-10-01T14:00:00Z,0.8715,0.8715,,,,,trade,false
2025-10-01T15:00:00Z,0.873,0.873,,,,,trade,false
2025-10-01T16:00:00Z,0.8735,0.8735,,,,,trade,false
2025-10-01T17:00:00Z,0.8725,0.8725,,,,,trade,false
2025-10-01T18:00:00Z,0.8735,0.8735,,,,,trade,false
2025-10-01T19:00:00Z,0.875,0.875,,,,,trade,false
2025-10-01T20:00:00Z,0.8715,0.8715,,,,,trade,false
2025-10-01T21:00:00Z,0.8715,0.8715,,,,,trade,false
2025-10-01T22:00:00Z,0.8705,0.8705,,,,,trade,false
2025-10-01T23:00:00Z,0.8705,0.8705,,,,,trade,false
2025-10-02T00:00:00Z,0.8705,0.8705,,,,,trade,false
2025-10-02T01:00:00Z,0.871,0.871,,,,,trade,false
2025-10-02T02:00:00Z,0.872,0.872,,,,,trade,false
2025-10-02T03:00:00Z,0.8755,0.8755,,,,,trade,false
2025-10-02T04:00:00Z,0.8805,0.8805,,,,,trade,false
2025-10-02T05:00:00Z,0.884,0.884,,,,,trade,false
2025-10-02T06:00:00Z,0.884,0.884,,,,,trade,false
2025-10-02T07:00:00Z,0.886,0.886,,,,,trade,false
2025-10-02T08:00:00Z,0.8865,0.8865,,,,,trade,false
2025-10-02T09:00:00Z,0.893,0.893,,,,,trade,false
2025-10-02T10:00:00Z,0.897,0.897,,,,,trade,false
2025-10-02T11:00:00Z,0.893,0.893,,,,,trade,false
2025-10-02T12:00:00Z,0.8965,0.8965,,,,,trade,false
2025-10-02T13:00:00Z,0.8985,0.8985,,,,,trade,false
2025-10-02T14:00:00Z,0.8985,0.8985,,,,,trade,false
2025-10-02T15:00:00Z,0.8985,0.8985,,,,,trade,false
2025-10-02T16:00:00Z,0.897,0.897,,,,,trade,false
2025-10-02T17:00:00Z,0.9025,0.9025,,,,,trade,false
2025-10-02T18:00:00Z,0.9,0.9,,,,,trade,false
2025-10-02T19:00:00Z,0.897,0.897,,,,,trade,false
2025-10-02T20:00:00Z,0.8965,0.8965,,,,,trade,false
2025-10-02T21:00:00Z,0.8975,0.8975,,,,,trade,false
2025-10-02T22:00:00Z,0.8965,0.8965,,,,,trade,false
2025-10-02T23:00:00Z,0.8955,0.8955,,,,,trade,false
2025-10-03T00:00:00Z,0.8955,0.8955,,,,,trade,false
2025-10-03T01:00:00Z,0.8965,0.8965,,,,,trade,false
2025-10-03T02:00:00Z,0.8965,0.8965,,,,,trade,false
2025-10-03T03:00:00Z,0.8955,0.8955,,,,,trade,false
2025-10-03T04:00:00Z,0.897,0.897,,,,,trade,false
2025-10-03T05:00:00Z,0.896,0.896,,,,,trade,false
2025-10-03T06:00:00Z,0.8955,0.8955,,,,,trade,false
2025-10-03T07:00:00Z,0.8965,0.8965,,,,,trade,false
2025-10-03T08:00:00Z,0.8935,0.8935,,,,,trade,false
2025-10-03T09:00:00Z,0.894,0.894,,,,,trade,false
2025-10-03T10:00:00Z,0.895,0.895,,,,,trade,false
2025-10-03T11:00:00Z,0.8955,0.8955,,,,,trade,false
2025-10-03T12:00:00Z,0.894,0.894,,,,,trade,false
2025-10-03T13:00:00Z,0.8935,0.8935,,,,,trade,false
2025-10-03T14:00:00Z,0.893,0.893,,,,,trade,false
2025-10-03T15:00:00Z,0.894,0.894,,,,,trade,false
2025-10-03T16:00:00Z,0.8955,0.8955,,,,,trade,false
2025-10-03T17:00:00Z,0.895,0.895,,,,,trade,false
2025-10-03T18:00:00Z,0.8945,0.8945,,,,,trade,false
2025-10-03T19:00:00Z,0.897,0.897,,,,,trade,false
2025-10-03T20:00:00Z,0.8965,0.8965,,,,,trade,false
2025-10-03T21:00:00Z,0.896,0.896,,,,,trade,false
2025-10-03T22:00:00Z,0.896,0.896,,,,,trade,false
2025-10-03T23:00:00Z,0.8965,0.8965,,,,,trade,false
2025-10-04T00:00:00Z,0.8945,0.8945,,,,,trade,false
2025-10-04T01:00:00Z,0.8955,0.8955,,,,,trade,false
2025-10-04T02:00:00Z,0.8955,0.8955,,,,,trade,false
2025-10-04T03:00:00Z,0.8965,0.8965,,,,,trade,false
2025-10-04T04:00:00Z,0.8975,0.8975,,,,,trade,false
2025-10-04T05:00:00Z,0.8965,0.8965,,,,,trade,false
2025-10-04T06:00:00Z,0.898,0.898,,,,,trade,false
2025-10-04T07:00:00Z,0.899,0.899,,,,,trade,false
2025-10-04T08:00:00Z,0.9,0.9,,,,,trade,false
2025-10-04T09:00:00Z,0.9,0.9,,,,,trade,false
2025-10-04T10:00:00Z,0.8995,0.8995,,,,,trade,false
2025-10-04T11:00:00Z,0.9005,0.9005,,,,,trade,false
2025-10-04T12:00:00Z,0.9005,0.9005,,,,,trade,false
2025-10-04T13:00:00Z,0.9005,0.9005,,,,,trade,false
2025-10-04T14:00:00Z,0.9005,0.9005,,,,,trade,false
2025-10-04T15:00:00Z,0.9015,0.9015,,,,,trade,false
2025-10-04T16:00:00Z,0.912,0.912,,,,,trade,false
2025-10-04T17:00:00Z,0.9125,0.9125,,,,,trade,false
2025-10-04T18:00:00Z,0.908,0.908,,,,,trade,false
2025-10-04T19:00:00Z,0.908,0.908,,,,,trade,false
2025-10-04T20:00:00Z,0.9115,0.9115,,,,,trade,false
2025-10-04T21:00:00Z,0.9115,0.9115,,,,,trade,false
2025-10-04T22:00:00Z,0.9115,0.9115,,,,,trade,false
2025-10-04T23:00:00Z,0.9125,0.9125,,,,,trade,false
2025-10-05T00:00:00Z,0.914,0.914,,,,,trade,false
2025-10-05T01:00:00Z,0.883,0.883,,,,,trade,false
2025-10-05T02:00:00Z,0.882,0.882,,,,,trade,false
2025-10-05T03:00:00Z,0.87,0.87,,,,,trade,false
2025-10-05T04:00:00Z,0.8865,0.8865,,,,,trade,false
2025-10-05T05:00:00Z,0.883,0.883,,,,,trade,false
2025-10-05T06:00:00Z,0.884,0.884,,,,,trade,false
2025-10-05T07:00:00Z,0.885,0.885,,,,,trade,false
2025-10-05T08:00:00Z,0.8895,0.8895,,,,,trade,false
2025-10-05T09:00:00Z,0.8865,0.8865,,,,,trade,false
2025-10-05T10:00:00Z,0.8855,0.8855,,,,,trade,false
2025-10-05T11:00:00Z,0.8865,0.8865,,,,,trade,false
2025-10-05T12:00:00Z,0.883,0.883,,,,,trade,false
2025-10-05T13:00:00Z,0.8825,0.8825,,,,,trade,false
2025-10-05T14:00:00Z,0.8785,0.8785,,,,,trade,false
2025-10-05T15:00:00Z,0.875,0.875,,,,,trade,false
2025-10-05T16:00:00Z,0.874,0.874,,,,,trade,false
2025-10-05T17:00:00Z,0.873,0.873,,,,,trade,false
2025-10-05T18:00:00Z,0.8715,0.8715,,,,,trade,false
2025-10-05T19:00:00Z,0.871,0.871,,,,,trade,false
2025-10-05T20:00:00Z,0.868,0.868,,,,,trade,false
2025-10-05T21:00:00Z,0.861,0.861,,,,,trade,false
2025-10-05T22:00:00Z,0.8605,0.8605,,,,,trade,false
2025-10-05T23:00:00Z,0.8605,0.8605,,,,,trade,false
2025-10-06T00:00:00Z,0.862,0.862,,,,,trade,false
2025-10-06T01:00:00Z,0.8625,0.8625,,,,,trade,false
2025-10-06T02:00:00Z,0.862,0.862,,,,,trade,false
2025-10-06T03:00:00Z,0.864,0.864,,,,,trade,false
2025-10-06T04:00:00Z,0.8655,0.8655,,,,,trade,false
2025-10-06T05:00:00Z,0.8645,0.8645,,,,,trade,false
2025-10-06T06:00:00Z,0.8635,0.8635,,,,,trade,false
2025-10-06T07:00:00Z,0.8615,0.8615,,,,,trade,false
2025-10-06T08:00:00Z,0.8625,0.8625,,,,,trade,false
2025-10-06T09:00:00Z,0.8625,0.8625,,,,,trade,false
2025-10-06T10:00:00Z,0.8565,0.8565,,,,,trade,false
2025-10-06T11:00:00Z,0.8615,0.8615,,,,,trade,false
2025-10-06T12:00:00Z,0.8615,0.8615,,,,,trade,false
2025-10-06T13:00:00Z,0.862,0.862,,,,,trade,false
2025-10-06T14:00:00Z,0.8615,0.8615,,,,,trade,false
2025-10-06T15:00:00Z,0.8645,0.8645,,,,,trade,false
2025-10-06T16:00:00Z,0.8645,0.8645,,,,,trade,false
2025-10-06T17:00:00Z,0.8665,0.8665,,,,,trade,false
2025-10-06T18:00:00Z,0.8685,0.8685,,,,,trade,false
2025-10-06T19:00:00Z,0.868,0.868,,,,,trade,false
2025-10-06T20:00:00Z,0.8745,0.8745,,,,,trade,false
2025-10-06T21:00:00Z,0.87,0.87,,,,,trade,false
2025-10-06T22:00:00Z,0.8695,0.8695,,,,,trade,false
2025-10-06T23:00:00Z,0.8685,0.8685,,,,,trade,false
2025-10-07T00:00:00Z,0.8685,0.8685,,,,,trade,false
2025-10-07T01:00:00Z,0.8715,0.8715,,,,,trade,false
2025-10-07T02:00:00Z,0.8715,0.8715,,,,,trade,false
2025-10-07T03:00:00Z,0.882,0.882,,,,,trade,false
2025-10-07T04:00:00Z,0.883,0.883,,,,,trade,false
2025-10-07T05:00:00Z,0.8765,0.8765,,,,,trade,false
2025-10-07T06:00:00Z,0.877,0.877,,,,,trade,false
2025-10-07T07:00:00Z,0.8765,0.8765,,,,,trade,false
2025-10-07T08:00:00Z,0.8825,0.8825,,,,,trade,false
2025-10-07T09:00:00Z,0.8815,0.8815,,,,,trade,false
2025-10-07T10:00:00Z,0.8815,0.8815,,,,,trade,false
2025-10-07T11:00:00Z,0.8835,0.8835,,,,,trade,false
2025-10-07T12:00:00Z,0.8825,0.8825,,,,,trade,false
2025-10-07T13:00:00Z,0.8855,0.8855,,,,,trade,false
2025-10-07T14:00:00Z,0.8855,0.8855,,,,,trade,false
2025-10-07T15:00:00Z,0.8855,0.8855,,,,,trade,false
2025-10-07T16:00:00Z,0.8905,0.8905,,,,,trade,false
2025-10-07T17:00:00Z,0.8875,0.8875,,,,,trade,false
2025-10-07T18:00:00Z,0.889,0.889,,,,,trade,false
2025-10-07T19:00:00Z,0.8895,0.8895,,,,,trade,false
2025-10-07T20:00:00Z,0.893,0.893,,,,,trade,false
2025-10-07T21:00:00Z,0.889,0.889,,,,,trade,false
2025-10-07T22:00:00Z,0.8885,0.8885,,,,,trade,false
2025-10-07T23:00:00Z,0.881,0.881,,,,,trade,false
2025-10-08T00:00:00Z,0.8835,0.8835,,,,,trade,false
2025-10-08T01:00:00Z,0.874,0.874,,,,,trade,false
2025-10-08T02:00:00Z,0.875,0.875,,,,,trade,false
2025-10-08T03:00:00Z,0.8755,0.8755,,,,,trade,false
2025-10-08T04:00:00Z,0.872,0.872,,,,,trade,false
2025-10-08T05:00:00Z,0.871,0.871,,,,,trade,false
2025-10-08T06:00:00Z,0.8725,0.8725,,,,,trade,false
2025-10-08T07:00:00Z,0.8725,0.8725,,,,,trade,false
2025-10-08T08:00:00Z,0.8745,0.8745,,,,,trade,false
2025-10-08T09:00:00Z,0.8755,0.8755,,,,,trade,false
2025-10-08T10:00:00Z,0.8755,0.8755,,,,,trade,false
2025-10-08T11:00:00Z,0.8755,0.8755,,,,,trade,false
2025-10-08T12:00:00Z,0.878,0.878,,,,,trade,false
2025-10-08T13:00:00Z,0.8795,0.8795,,,,,trade,false
2025-10-08T14:00:00Z,0.8795,0.8795,,,,,trade,false
2025-10-08T15:00:00Z,0.8785,0.8785,,,,,trade,false
2025-10-08T16:00:00Z,0.8785,0.8785,,,,,trade,false
2025-10-08T17:00:00Z,0.874,0.874,,,,,trade,false
2025-10-08T18:00:00Z,0.8735,0.8735,,,,,trade,false
2025-10-08T19:00:00Z,0.8735,0.8735,,,,,trade,false
2025-10-08T20:00:00Z,0.8755,0.8755,,,,,trade,false
2025-10-08T21:00:00Z,0.8755,0.8755,,,,,trade,false
2025-10-08T22:00:00Z,0.8745,0.8745,,,,,trade,false
2025-10-08T23:00:00Z,0.872,0.872,,,,,trade,false
2025-10-09T00:00:00Z,0.8695,0.8695,,,,,trade,false
2025-10-09T01:00:00Z,0.862,0.862,,,,,trade,false
2025-10-09T02:00:00Z,0.8665,0.8665,,,,,trade,false
2025-10-09T03:00:00Z,0.863,0.863,,,,,trade,false
2025-10-09T04:00:00Z,0.862,0.862,,,,,trade,false
2025-10-09T05:00:00Z,0.863,0.863,,,,,trade,false
2025-10-09T06:00:00Z,0.8665,0.8665,,,,,trade,false
2025-10-09T07:00:00Z,0.8705,0.8705,,,,,trade,false
2025-10-09T08:00:00Z,0.8695,0.8695,,,,,trade,false
2025-10-09T09:00:00Z,0.8695,0.8695,,,,,trade,false
2025-10-09T10:00:00Z,0.8705,0.8705,,,,,trade,false
2025-10-09T11:00:00Z,0.8725,0.8725,,,,,trade,false
2025-10-09T12:00:00Z,0.8725,0.8725,,,,,trade,false
2025-10-09T13:00:00Z,0.872,0.872,,,,,trade,false
2025-10-09T14:00:00Z,0.872,0.872,,,,,trade,false
2025-10-09T15:00:00Z,0.8725,0.8725,,,,,trade,false
2025-10-09T16:00:00Z,0.872,0.872,,,,,trade,false
2025-10-09T17:00:00Z,0.8735,0.8735,,,,,trade,false
2025-10-09T18:00:00Z,0.8735,0.8735,,,,,trade,false
2025-10-09T19:00:00Z,0.8725,0.8725,,,,,trade,false
2025-10-09T20:00:00Z,0.8725,0.8725,,,,,trade,false
2025-10-09T21:00:00Z,0.8725,0.8725,,,,,trade,false
2025-10-09T22:00:00Z,0.8705,0.8705,,,,,trade,false
2025-10-09T23:00:00Z,0.8705,0.8705,,,,,trade,false
2025-10-10T00:00:00Z,0.8685,0.8685,,,,,trade,false
2025-10-10T01:00:00Z,0.8695,0.8695,,,,,trade,false
2025-10-10T02:00:00Z,0.8715,0.8715,,,,,trade,false
2025-10-10T03:00:00Z,0.8715,0.8715,,,,,trade,false
2025-10-10T04:00:00Z,0.8695,0.8695,,,,,trade,false
2025-10-10T05:00:00Z,0.8695,0.8695,,,,,trade,false
2025-10-10T06:00:00Z,0.8705,0.8705,,,,,trade,false
2025-10-10T07:00:00Z,0.8745,0.8745,,,,,trade,false
2025-10-10T08:00:00Z,0.8755,0.8755,,,,,trade,false
2025-10-10T09:00:00Z,0.8725,0.8725,,,,,trade,false
2025-10-10T10:00:00Z,0.8745,0.8745,,,,,trade,false
2025-10-10T11:00:00Z,0.8765,0.8765,,,,,trade,false
2025-10-10T12:00:00Z,0.8845,0.8845,,,,,trade,false
2025-10-10T13:00:00Z,0.898,0.898,,,,,trade,false
2025-10-10T14:00:00Z,0.8965,0.8965,,,,,trade,false
2025-10-10T15:00:00Z,0.8945,0.8945,,,,,trade,false
2025-10-10T16:00:00Z,0.8955,0.8955,,,,,trade,false
2025-10-10T17:00:00Z,0.8945,0.8945,,,,,trade,false
2025-10-10T18:00:00Z,0.89,0.89,,,,,trade,false
2025-10-10T19:00:00Z,0.8915,0.8915,,,,,trade,false
2025-10-10T20:00:00Z,0.8885,0.8885,,,,,trade,false
2025-10-10T21:00:00Z,0.889,0.889,,,,,trade,false
2025-10-10T22:00:00Z,0.887,0.887,,,,,trade,false
2025-10-10T23:00:00Z,0.8835,0.8835,,,,,trade,false
2025-10-11T00:00:00Z,0.8825,0.8825,,,,,trade,false
2025-10-11T01:00:00Z,0.8785,0.8785,,,,,trade,false
2025-10-11T02:00:00Z,0.878,0.878,,,,,trade,false
2025-10-11T03:00:00Z,0.8785,0.8785,,,,,trade,false
2025-10-11T04:00:00Z,0.8785,0.8785,,,,,trade,false
2025-10-11T05:00:00Z,0.8775,0.8775,,,,,trade,false
2025-10-11T06:00:00Z,0.878,0.878,,,,,trade,false
2025-10-11T07:00:00Z,0.8805,0.8805,,,,,trade,false
2025-10-11T08:00:00Z,0.881,0.881,,,,,trade,false
2025-10-11T09:00:00Z,0.881,0.881,,,,,trade,false
2025-10-11T10:00:00Z,0.88,0.88,,,,,trade,false
2025-10-11T11:00:00Z,0.8785,0.8785,,,,,trade,false
2025-10-11T12:00:00Z,0.8785,0.8785,,,,,trade,false
2025-10-11T13:00:00Z,0.8815,0.8815,,,,,trade,false
2025-10-11T14:00:00Z,0.8825,0.8825,,,,,trade,false
2025-10-11T15:00:00Z,0.8825,0.8825,,,,,trade,false
2025-10-11T16:00:00Z,0.8835,0.8835,,,,,trade,false
2025-10-11T17:00:00Z,0.8845,0.8845,,,,,trade,false
2025-10-11T18:00:00Z,0.8855,0.8855,,,,,trade,false
2025-10-11T19:00:00Z,0.882,0.882,,,,,trade,false
2025-10-11T20:00:00Z,0.8805,0.8805,,,,,trade,false
2025-10-11T21:00:00Z,0.8785,0.8785,,,,,trade,false
2025-10-11T22:00:00Z,0.8795,0.8795,,,,,trade,false
2025-10-11T23:00:00Z,0.8795,0.8795,,,,,trade,false
2025-10-12T00:00:00Z,0.8795,0.8795,,,,,trade,false
2025-10-12T01:00:00Z,0.8795,0.8795,,,,,trade,false
2025-10-12T02:00:00Z,0.879,0.879,,,,,trade,false
2025-10-12T03:00:00Z,0.8795,0.8795,,,,,trade,false
2025-10-12T04:00:00Z,0.8795,0.8795,,,,,trade,false
2025-10-12T05:00:00Z,0.884,0.884,,,,,trade,false
2025-10-12T06:00:00Z,0.879,0.879,,,,,trade,false
2025-10-12T07:00:00Z,0.879,0.879,,,,,trade,false
2025-10-12T08:00:00Z,0.8805,0.8805,,,,,trade,false
2025-10-12T09:00:00Z,0.8815,0.8815,,,,,trade,false
2025-10-12T10:00:00Z,0.8705,0.8705,,,,,trade,false
2025-10-12T11:00:00Z,0.8725,0.8725,,,,,trade,false
2025-10-12T12:00:00Z,0.8715,0.8715,,,,,trade,false
2025-10-12T13:00:00Z,0.8705,0.8705,,,,,trade,false
2025-10-12T14:00:00Z,0.868,0.868,,,,,trade,false
2025-10-12T15:00:00Z,0.868,0.868,,,,,trade,false
2025-10-12T16:00:00Z,0.8715,0.8715,,,,,trade,false
2025-10-12T17:00:00Z,0.8715,0.8715,,,,,trade,false
2025-10-12T18:00:00Z,0.8725,0.8725,,,,,trade,false
2025-10-12T19:00:00Z,0.8705,0.8705,,,,,trade,false
2025-10-12T20:00:00Z,0.8745,0.8745,,,,,trade,false
2025-10-12T21:00:00Z,0.8725,0.8725,,,,,trade,false
2025-10-12T22:00:00Z,0.8735,0.8735,,,,,trade,false
2025-10-12T23:00:00Z,0.8765,0.8765,,,,,trade,false
2025-10-13T00:00:00Z,0.8765,0.8765,,,,,trade,false
2025-10-13T01:00:00Z,0.878,0.878,,,,,trade,false
2025-10-13T02:00:00Z,0.8785,0.8785,,,,,trade,false
2025-10-13T03:00:00Z,0.8795,0.8795,,,,,trade,false
2025-10-13T04:00:00Z,0.8795,0.8795,,,,,trade,false
2025-10-13T05:00:00Z,0.8805,0.8805,,,,,trade,false
2025-10-13T06:00:00Z,0.8795,0.8795,,,,,trade,false
2025-10-13T07:00:00Z,0.8795,0.8795,,,,,trade,false
2025-10-13T08:00:00Z,0.8805,0.8805,,,,,trade,false
2025-10-13T09:00:00Z,0.8805,0.8805,,,,,trade,false
2025-10-13T10:00:00Z,0.8805,0.8805,,,,,trade,false
2025-10-13T11:00:00Z,0.8805,0.8805,,,,,trade,false
2025-10-13T12:00:00Z,0.8825,0.8825,,,,,trade,false
2025-10-13T13:00:00Z,0.8825,0.8825,,,,,trade,false
2025-10-13T14:00:00Z,0.8835,0.8835,,,,,trade,false
2025-10-13T15:00:00Z,0.8845,0.8845,,,,,trade,false
2025-10-13T16:00:00Z,0.8845,0.8845,,,,,trade,false
2025-10-13T17:00:00Z,0.8845,0.8845,,,,,trade,false
2025-10-13T18:00:00Z,0.8915,0.8915,,,,,trade,false
2025-10-13T19:00:00Z,0.8915,0.8915,,,,,trade,false
2025-10-13T20:00:00Z,0.8915,0.8915,,,,,trade,false
2025-10-13T21:00:00Z,0.8915,0.8915,,,,,trade,false
2025-10-13T22:00:00Z,0.8925,0.8925,,,,,trade,false
2025-10-13T23:00:00Z,0.8915,0.8915,,,,,trade,false
2025-10-14T00:00:00Z,0.89,0.89,,,,,trade,false
2025-10-14T01:00:00Z,0.8875,0.8875,,,,,trade,false
2025-10-14T02:00:00Z,0.8835,0.8835,,,,,trade,false
2025-10-14T03:00:00Z,0.8815,0.8815,,,,,trade,false
2025-10-14T04:00:00Z,0.8815,0.8815,,,,,trade,false
2025-10-14T05:00:00Z,0.8825,0.8825,,,,,trade,false
2025-10-14T06:00:00Z,0.8825,0.8825,,,,,trade,false
2025-10-14T07:00:00Z,0.8825,0.8825,,,,,trade,false
2025-10-14T08:00:00Z,0.8835,0.8835,,,,,trade,false
2025-10-14T09:00:00Z,0.884,0.884,,,,,trade,false
2025-10-14T10:00:00Z,0.8835,0.8835,,,,,trade,false
2025-10-14T11:00:00Z,0.884,0.884,,,,,trade,false
2025-10-14T12:00:00Z,0.882,0.882,,,,,trade,false
2025-10-14T13:00:00Z,0.8825,0.8825,,,,,trade,false
2025-10-14T14:00:00Z,0.8825,0.8825,,,,,trade,false
2025-10-14T15:00:00Z,0.8825,0.8825,,,,,trade,false
2025-10-14T16:00:00Z,0.882,0.882,,,,,trade,false
2025-10-14T17:00:00Z,0.8805,0.8805,,,,,trade,false
2025-10-14T18:00:00Z,0.8805,0.8805,,,,,trade,false
2025-10-14T19:00:00Z,0.8815,0.8815,,,,,trade,false
2025-10-14T20:00:00Z,0.8795,0.8795,,,,,trade,false
2025-10-14T21:00:00Z,0.8795,0.8795,,,,,trade,false
2025-10-14T22:00:00Z,0.8795,0.8795,,,,,trade,false
2025-10-14T23:00:00Z,0.882,0.882,,,,,trade,false
2025-10-15T00:00:00Z,0.882,0.882,,,,,trade,false
2025-10-15T01:00:00Z,0.8825,0.8825,,,,,trade,false
2025-10-15T02:00:00Z,0.8815,0.8815,,,,,trade,false
2025-10-15T03:00:00Z,0.8815,0.8815,,,,,trade,false
2025-10-15T04:00:00Z,0.8815,0.8815,,,,,trade,false
2025-10-15T05:00:00Z,0.8815,0.8815,,,,,trade,false
2025-10-15T06:00:00Z,0.8825,0.8825,,,,,trade,false
2025-10-15T07:00:00Z,0.8825,0.8825,,,,,trade,false
2025-10-15T08:00:00Z,0.8825,0.8825,,,,,trade,false
2025-10-15T09:00:00Z,0.8805,0.8805,,,,,trade,false
2025-10-15T10:00:00Z,0.8805,0.8805,,,,,trade,false
2025-10-15T11:00:00Z,0.8805,0.8805,,,,,trade,false
2025-10-15T12:00:00Z,0.88,0.88,,,,,trade,false
2025-10-15T13:00:00Z,0.8805,0.8805,,,,,trade,false
2025-10-15T14:00:00Z,0.8795,0.8795,,,,,trade,false
2025-10-15T15:00:00Z,0.8795,0.8795,,,,,trade,false
2025-10-15T16:00:00Z,0.8785,0.8785,,,,,trade,false
2025-10-15T17:00:00Z,0.879,0.879,,,,,trade,false
2025-10-15T18:00:00Z,0.8785,0.8785,,,,,trade,false
2025-10-15T19:00:00Z,0.8785,0.8785,,,,,trade,false
2025-10-15T20:00:00Z,0.877,0.877,,,,,trade,false
2025-10-15T21:00:00Z,0.8795,0.8795,,,,,trade,false
2025-10-15T22:00:00Z,0.8815,0.8815,,,,,trade,false
2025-10-15T23:00:00Z,0.8815,0.8815,,,,,trade,false
2025-10-16T00:00:00Z,0.8805,0.8805,,,,,trade,false
2025-10-16T01:00:00Z,0.8815,0.8815,,,,,trade,false
2025-10-16T02:00:00Z,0.8805,0.8805,,,,,trade,false
2025-10-16T03:00:00Z,0.8785,0.8785,,,,,trade,false
2025-10-16T04:00:00Z,0.8785,0.8785,,,,,trade,false
2025-10-16T05:00:00Z,0.878,0.878,,,,,trade,false
2025-10-16T06:00:00Z,0.8785,0.8785,,,,,trade,false
2025-10-16T07:00:00Z,0.8765,0.8765,,,,,trade,false
2025-10-16T08:00:00Z,0.878,0.878,,,,,trade,false
2025-10-16T09:00:00Z,0.8795,0.8795,,,,,trade,false
2025-10-16T10:00:00Z,0.8775,0.8775,,,,,trade,false
2025-10-16T11:00:00Z,0.8755,0.8755,,,,,trade,false
2025-10-16T12:00:00Z,0.8755,0.8755,,,,,trade,false
2025-10-16T13:00:00Z,0.8755,0.8755,,,,,trade,false
2025-10-16T14:00:00Z,0.8765,0.8765,,,,,trade,false
2025-10-16T15:00:00Z,0.8785,0.8785,,,,,trade,false
2025-10-16T16:00:00Z,0.8805,0.8805,,,,,trade,false
2025-10-16T17:00:00Z,0.8845,0.8845,,,,,trade,false
2025-10-16T18:00:00Z,0.8855,0.8855,,,,,trade,false
2025-10-16T19:00:00Z,0.8815,0.8815,,,,,trade,false
2025-10-16T20:00:00Z,0.881,0.881,,,,,trade,false
2025-10-16T21:00:00Z,0.8805,0.8805,,,,,trade,false
2025-10-16T22:00:00Z,0.879,0.879,,,,,trade,false
2025-10-16T23:00:00Z,0.8785,0.8785,,,,,trade,false
2025-10-17T00:00:00Z,0.8795,0.8795,,,,,trade,false
2025-10-17T01:00:00Z,0.8875,0.8875,,,,,trade,false
2025-10-17T02:00:00Z,0.8865,0.8865,,,,,trade,false
2025-10-17T03:00:00Z,0.8865,0.8865,,,,,trade,false
2025-10-17T04:00:00Z,0.8865,0.8865,,,,,trade,false
2025-10-17T05:00:00Z,0.8865,0.8865,,,,,trade,false
2025-10-17T06:00:00Z,0.888,0.888,,,,,trade,false
2025-10-17T07:00:00Z,0.8875,0.8875,,,,,trade,false
2025-10-17T08:00:00Z,0.8895,0.8895,,,,,trade,false
2025-10-17T09:00:00Z,0.8905,0.8905,,,,,trade,false
2025-10-17T10:00:00Z,0.8925,0.8925,,,,,trade,false
2025-10-17T11:00:00Z,0.8915,0.8915,,,,,trade,false
2025-10-17T12:00:00Z,0.8935,0.8935,,,,,trade,false
2025-10-17T13:00:00Z,0.8935,0.8935,,,,,trade,false
2025-10-17T14:00:00Z,0.8975,0.8975,,,,,trade,false
2025-10-17T15:00:00Z,0.9005,0.9005,,,,,trade,false
2025-10-17T16:00:00Z,0.8975,0.8975,,,,,trade,false
2025-10-17T17:00:00Z,0.8995,0.8995,,,,,trade,false
2025-10-17T18:00:00Z,0.902,0.902,,,,,trade,false
2025-10-17T19:00:00Z,0.913,0.913,,,,,trade,false
2025-10-17T20:00:00Z,0.9105,0.9105,,,,,trade,false
2025-10-17T21:00:00Z,0.9085,0.9085,,,,,trade,false
2025-10-17T22:00:00Z,0.9105,0.9105,,,,,trade,false
2025-10-17T23:00:00Z,0.9105,0.9105,,,,,trade,false
2025-10-18T00:00:00Z,0.9105,0.9105,,,,,trade,false
2025-10-18T01:00:00Z,0.9115,0.9115,,,,,trade,false
2025-10-18T02:00:00Z,0.914,0.914,,,,,trade,false
2025-10-18T03:00:00Z,0.9165,0.9165,,,,,trade,false
2025-10-18T04:00:00Z,0.918,0.918,,,,,trade,false
2025-10-18T05:00:00Z,0.9185,0.9185,,,,,trade,false
2025-10-18T06:00:00Z,0.9185,0.9185,,,,,trade,false
2025-10-18T07:00:00Z,0.9195,0.9195,,,,,trade,false
2025-10-18T08:00:00Z,0.92,0.92,,,,,trade,false
2025-10-18T09:00:00Z,0.9215,0.9215,,,,,trade,false
2025-10-18T10:00:00Z,0.9195,0.9195,,,,,trade,false
2025-10-18T11:00:00Z,0.918,0.918,,,,,trade,false
2025-10-18T12:00:00Z,0.9185,0.9185,,,,,trade,false
2025-10-18T13:00:00Z,0.9185,0.9185,,,,,trade,false
2025-10-18T14:00:00Z,0.9145,0.9145,,,,,trade,false
2025-10-18T15:00:00Z,0.9125,0.9125,,,,,trade,false
2025-10-18T16:00:00Z,0.9135,0.9135,,,,,trade,false
2025-10-18T17:00:00Z,0.9125,0.9125,,,,,trade,false
2025-10-18T18:00:00Z,0.9125,0.9125,,,,,trade,false
2025-10-18T19:00:00Z,0.9135,0.9135,,,,,trade,false
2025-10-18T20:00:00Z,0.916,0.916,,,,,trade,false
2025-10-18T21:00:00Z,0.9145,0.9145,,,,,trade,false
2025-10-18T22:00:00Z,0.916,0.916,,,,,trade,false
2025-10-18T23:00:00Z,0.9145,0.9145,,,,,trade,false
2025-10-19T00:00:00Z,0.916,0.916,,,,,trade,false
2025-10-19T01:00:00Z,0.9175,0.9175,,,,,trade,false
2025-10-19T02:00:00Z,0.9175,0.9175,,,,,trade,false
2025-10-19T03:00:00Z,0.9165,0.9165,,,,,trade,false
2025-10-19T04:00:00Z,0.9175,0.9175,,,,,trade,false
2025-10-19T05:00:00Z,0.9175,0.9175,,,,,trade,false
2025-10-19T06:00:00Z,0.916,0.916,,,,,trade,false
2025-10-19T07:00:00Z,0.9145,0.9145,,,,,trade,false
2025-10-19T08:00:00Z,0.918,0.918,,,,,trade,false
2025-10-19T09:00:00Z,0.9165,0.9165,,,,,trade,false
2025-10-19T10:00:00Z,0.9155,0.9155,,,,,trade,false
2025-10-19T11:00:00Z,0.9155,0.9155,,,,,trade,false
2025-10-19T12:00:00Z,0.9175,0.9175,,,,,trade,false
2025-10-19T13:00:00Z,0.9185,0.9185,,,,,trade,false
2025-10-19T14:00:00Z,0.9185,0.9185,,,,,trade,false
2025-10-19T15:00:00Z,0.9185,0.9185,,,,,trade,false
2025-10-19T16:00:00Z,0.9185,0.9185,,,,,trade,false
2025-10-19T17:00:00Z,0.9185,0.9185,,,,,trade,false
2025-10-19T18:00:00Z,0.9195,0.9195,,,,,trade,false
2025-10-19T19:00:00Z,0.9205,0.9205,,,,,trade,false
2025-10-19T20:00:00Z,0.9205,0.9205,,,,,trade,false
2025-10-19T21:00:00Z,0.9215,0.9215,,,,,trade,false
2025-10-19T22:00:00Z,0.9215,0.9215,,,,,trade,false
2025-10-19T23:00:00Z,0.9225,0.9225,,,,,trade,false
2025-10-20T00:00:00Z,0.9235,0.9235,,,,,trade,false
2025-10-20T01:00:00Z,0.9215,0.9215,,,,,trade,false
2025-10-20T02:00:00Z,0.9215,0.9215,,,,,trade,false
2025-10-20T03:00:00Z,0.9215,0.9215,,,,,trade,false
2025-10-20T04:00:00Z,0.9225,0.9225,,,,,trade,false
2025-10-20T05:00:00Z,0.9235,0.9235,,,,,trade,false
2025-10-20T06:00:00Z,0.9235,0.9235,,,,,trade,false
2025-10-20T07:00:00Z,0.9265,0.9265,,,,,trade,false
2025-10-20T08:00:00Z,0.9275,0.9275,,,,,trade,false
2025-10-20T09:00:00Z,0.932,0.932,,,,,trade,false
2025-10-20T10:00:00Z,0.9305,0.9305,,,,,trade,false
2025-10-20T11:00:00Z,0.932,0.932,,,,,trade,false
2025-10-20T12:00:00Z,0.9365,0.9365,,,,,trade,false
2025-10-20T13:00:00Z,0.9355,0.9355,,,,,trade,false
2025-10-20T14:00:00Z,0.9315,0.9315,,,,,trade,false
2025-10-20T15:00:00Z,0.9265,0.9265,,,,,trade,false
2025-10-20T16:00:00Z,0.9275,0.9275,,,,,trade,false
2025-10-20T17:00:00Z,0.9285,0.9285,,,,,trade,false
2025-10-20T18:00:00Z,0.931,0.931,,,,,trade,false
2025-10-20T19:00:00Z,0.932,0.932,,,,,trade,false
2025-10-20T20:00:00Z,0.934,0.934,,,,,trade,false
2025-10-20T21:00:00Z,0.9325,0.9325,,,,,trade,false
2025-10-20T22:00:00Z,0.9305,0.9305,,,,,trade,false
2025-10-20T23:00:00Z,0.9305,0.9305,,,,,trade,false
2025-10-21T00:00:00Z,0.929,0.929,,,,,trade,false
2025-10-21T01:00:00Z,0.9285,0.9285,,,,,trade,false
2025-10-21T02:00:00Z,0.9255,0.9255,,,,,trade,false
2025-10-21T03:00:00Z,0.9265,0.9265,,,,,trade,false
2025-10-21T04:00:00Z,0.9255,0.9255,,,,,trade,false
2025-10-21T05:00:00Z,0.9255,0.9255,,,,,trade,false
2025-10-21T06:00:00Z,0.925,0.925,,,,,trade,false
2025-10-21T07:00:00Z,0.9245,0.9245,,,,,trade,false
2025-10-21T08:00:00Z,0.9265,0.9265,,,,,trade,false
2025-10-21T09:00:00Z,0.9265,0.9265,,,,,trade,false
2025-10-21T10:00:00Z,0.9275,0.9275,,,,,trade,false
2025-10-21T11:00:00Z,0.9275,0.9275,,,,,trade,false
2025-10-21T12:00:00Z,0.9235,0.9235,,,,,trade,false
2025-10-21T13:00:00Z,0.9255,0.9255,,,,,trade,false
2025-10-21T14:00:00Z,0.9255,0.9255,,,,,trade,false
2025-10-21T15:00:00Z,0.9255,0.9255,,,,,trade,false
2025-10-21T16:00:00Z,0.924,0.924,,,,,trade,false
2025-10-21T17:00:00Z,0.9215,0.9215,,,,,trade,false
2025-10-21T18:00:00Z,0.9225,0.9225,,,,,trade,false
2025-10-21T19:00:00Z,0.9215,0.9215,,,,,trade,false
2025-10-21T20:00:00Z,0.921,0.921,,,,,trade,false
2025-10-21T21:00:00Z,0.9215,0.9215,,,,,trade,false
2025-10-21T22:00:00Z,0.921,0.921,,,,,trade,false
2025-10-21T23:00:00Z,0.923,0.923,,,,,trade,false
2025-10-22T00:00:00Z,0.923,0.923,,,,,trade,false
2025-10-22T01:00:00Z,0.9245,0.9245,,,,,trade,false
2025-10-22T02:00:00Z,0.9245,0.9245,,,,,trade,false
2025-10-22T03:00:00Z,0.9255,0.9255,,,,,trade,false
2025-10-22T04:00:00Z,0.9305,0.9305,,,,,trade,false
2025-10-22T05:00:00Z,0.9285,0.9285,,,,,trade,false
2025-10-22T06:00:00Z,0.9285,0.9285,,,,,trade,false
2025-10-22T07:00:00Z,0.9295,0.9295,,,,,trade,false
2025-10-22T08:00:00Z,0.9305,0.9305,,,,,trade,false
2025-10-22T09:00:00Z,0.9315,0.9315,,,,,trade,false
2025-10-22T10:00:00Z,0.9325,0.9325,,,,,trade,false
2025-10-22T11:00:00Z,0.9335,0.9335,,,,,trade,false
2025-10-22T12:00:00Z,0.9335,0.9335,,,,,trade,false
2025-10-22T13:00:00Z,0.9345,0.9345,,,,,trade,false
2025-10-22T14:00:00Z,0.9345,0.9345,,,,,trade,false
2025-10-22T15:00:00Z,0.9345,0.9345,,,,,trade,false
2025-10-22T16:00:00Z,0.9345,0.9345,,,,,trade,false
2025-10-22T17:00:00Z,0.932,0.932,,,,,trade,false
2025-10-22T18:00:00Z,0.931,0.931,,,,,trade,false
2025-10-22T19:00:00Z,0.932,0.932,,,,,trade,false
2025-10-22T20:00:00Z,0.932,0.932,,,,,trade,false
2025-10-22T21:00:00Z,0.933,0.933,,,,,trade,false
2025-10-22T22:00:00Z,0.9335,0.9335,,,,,trade,false
2025-10-22T23:00:00Z,0.9305,0.9305,,,,,trade,false
2025-10-23T00:00:00Z,0.93,0.93,,,,,trade,false
2025-10-23T01:00:00Z,0.9305,0.9305,,,,,trade,false
2025-10-23T02:00:00Z,0.9305,0.9305,,,,,trade,false
2025-10-23T03:00:00Z,0.9315,0.9315,,,,,trade,false
2025-10-23T04:00:00Z,0.9295,0.9295,,,,,trade,false
2025-10-23T05:00:00Z,0.9255,0.9255,,,,,trade,false
2025-10-23T06:00:00Z,0.9255,0.9255,,,,,trade,false
2025-10-23T07:00:00Z,0.9255,0.9255,,,,,trade,false
2025-10-23T08:00:00Z,0.9285,0.9285,,,,,trade,false
2025-10-23T09:00:00Z,0.93,0.93,,,,,trade,false
2025-10-23T10:00:00Z,0.9275,0.9275,,,,,trade,false
2025-10-23T11:00:00Z,0.9275,0.9275,,,,,trade,false
2025-10-23T12:00:00Z,0.9285,0.9285,,,,,trade,false
2025-10-23T13:00:00Z,0.9315,0.9315,,,,,trade,false
2025-10-23T14:00:00Z,0.9315,0.9315,,,,,trade,false
2025-10-23T15:00:00Z,0.9265,0.9265,,,,,trade,false
2025-10-23T16:00:00Z,0.9265,0.9265,,,,,trade,false
2025-10-23T17:00:00Z,0.9215,0.9215,,,,,trade,false
2025-10-23T18:00:00Z,0.9245,0.9245,,,,,trade,false
2025-10-23T19:00:00Z,0.9235,0.9235,,,,,trade,false
2025-10-23T20:00:00Z,0.9255,0.9255,,,,,trade,false
2025-10-23T21:00:00Z,0.926,0.926,,,,,trade,false
2025-10-23T22:00:00Z,0.927,0.927,,,,,trade,false
2025-10-23T23:00:00Z,0.927,0.927,,,,,trade,false
2025-10-24T00:00:00Z,0.9265,0.9265,,,,,trade,false
2025-10-24T01:00:00Z,0.9285,0.9285,,,,,trade,false
2025-10-24T02:00:00Z,0.9285,0.9285,,,,,trade,false
2025-10-24T03:00:00Z,0.9295,0.9295,,,,,trade,false
2025-10-24T04:00:00Z,0.923,0.923,,,,,trade,false
2025-10-24T05:00:00Z,0.9235,0.9235,,,,,trade,false
2025-10-24T06:00:00Z,0.9215,0.9215,,,,,trade,false
2025-10-24T07:00:00Z,0.9225,0.9225,,,,,trade,false
2025-10-24T08:00:00Z,0.9255,0.9255,,,,,trade,false
2025-10-24T09:00:00Z,0.9265,0.9265,,,,,trade,false
2025-10-24T10:00:00Z,0.9295,0.9295,,,,,trade,false
2025-10-24T11:00:00Z,0.9295,0.9295,,,,,trade,false
2025-10-24T12:00:00Z,0.9295,0.9295,,,,,trade,false
2025-10-24T13:00:00Z,0.9295,0.9295,,,,,trade,false
2025-10-24T14:00:00Z,0.9315,0.9315,,,,,trade,false
2025-10-24T15:00:00Z,0.9335,0.9335,,,,,trade,false
2025-10-24T16:00:00Z,0.9325,0.9325,,,,,trade,false
2025-10-24T17:00:00Z,0.9315,0.9315,,,,,trade,false
2025-10-24T18:00:00Z,0.9335,0.9335,,,,,trade,false
2025-10-24T19:00:00Z,0.9355,0.9355,,,,,trade,false
2025-10-24T20:00:00Z,0.9365,0.9365,,,,,trade,false
2025-10-24T21:00:00Z,0.9365,0.9365,,,,,trade,false
2025-10-24T22:00:00Z,0.9355,0.9355,,,,,trade,false
2025-10-24T23:00:00Z,0.9355,0.9355,,,,,trade,false
2025-10-25T00:00:00Z,0.9355,0.9355,,,,,trade,false
2025-10-25T01:00:00Z,0.9355,0.9355,,,,,trade,false
2025-10-25T02:00:00Z,0.9345,0.9345,,,,,trade,false
2025-10-25T03:00:00Z,0.9315,0.9315,,,,,trade,false
2025-10-25T04:00:00Z,0.9355,0.9355,,,,,trade,false
2025-10-25T05:00:00Z,0.9335,0.9335,,,,,trade,false
2025-10-25T06:00:00Z,0.9355,0.9355,,,,,trade,false
2025-10-25T07:00:00Z,0.9375,0.9375,,,,,trade,false
2025-10-25T08:00:00Z,0.9375,0.9375,,,,,trade,false
2025-10-25T09:00:00Z,0.9385,0.9385,,,,,trade,false
2025-10-25T10:00:00Z,0.9385,0.9385,,,,,trade,false
2025-10-25T11:00:00Z,0.9395,0.9395,,,,,trade,false
2025-10-25T12:00:00Z,0.9405,0.9405,,,,,trade,false
2025-10-25T13:00:00Z,0.9415,0.9415,,,,,trade,false
2025-10-25T14:00:00Z,0.9405,0.9405,,,,,trade,false
2025-10-25T15:00:00Z,0.9405,0.9405,,,,,trade,false
2025-10-25T16:00:00Z,0.9405,0.9405,,,,,trade,false
2025-10-25T17:00:00Z,0.9415,0.9415,,,,,trade,false
2025-10-25T18:00:00Z,0.9425,0.9425,,,,,trade,false
2025-10-25T19:00:00Z,0.9435,0.9435,,,,,trade,false
2025-10-25T20:00:00Z,0.9445,0.9445,,,,,trade,false
2025-10-25T21:00:00Z,0.9465,0.9465,,,,,trade,false
2025-10-25T22:00:00Z,0.9465,0.9465,,,,,trade,false
2025-10-25T23:00:00Z,0.9475,0.9475,,,,,trade,false
2025-10-26T00:00:00Z,0.9445,0.9445,,,,,trade,false
2025-10-26T01:00:00Z,0.9445,0.9445,,,,,trade,false
2025-10-26T02:00:00Z,0.9475,0.9475,,,,,trade,false
2025-10-26T03:00:00Z,0.9455,0.9455,,,,,trade,false
2025-10-26T04:00:00Z,0.9485,0.9485,,,,,trade,false
2025-10-26T05:00:00Z,0.9485,0.9485,,,,,trade,false
2025-10-26T06:00:00Z,0.9485,0.9485,,,,,trade,false
2025-10-26T07:00:00Z,0.9485,0.9485,,,,,trade,false
2025-10-26T08:00:00Z,0.9485,0.9485,,,,,trade,false
2025-10-26T09:00:00Z,0.9485,0.9485,,,,,trade,false
2025-10-26T10:00:00Z,0.9475,0.9475,,,,,trade,false
2025-10-26T11:00:00Z,0.9435,0.9435,,,,,trade,false
2025-10-26T12:00:00Z,0.945,0.945,,,,,trade,false
2025-10-26T13:00:00Z,0.9465,0.9465,,,,,trade,false
2025-10-26T14:00:00Z,0.9465,0.9465,,,,,trade,false
2025-10-26T15:00:00Z,0.9445,0.9445,,,,,trade,false
2025-10-26T16:00:00Z,0.9435,0.9435,,,,,trade,false
2025-10-26T17:00:00Z,0.9485,0.9485,,,,,trade,false
2025-10-26T18:00:00Z,0.9555,0.9555,,,,,trade,false
2025-10-26T19:00:00Z,0.9555,0.9555,,,,,trade,false
2025-10-26T20:00:00Z,0.9555,0.9555,,,,,trade,false
2025-10-26T21:00:00Z,0.9545,0.9545,,,,,trade,false
2025-10-26T22:00:00Z,0.9545,0.9545,,,,,trade,false
2025-10-26T23:00:00Z,0.956,0.956,,,,,trade,false
2025-10-27T00:00:00Z,0.9535,0.9535,,,,,trade,false
2025-10-27T01:00:00Z,0.9545,0.9545,,,,,trade,false
2025-10-27T02:00:00Z,0.9515,0.9515,,,,,trade,false
2025-10-27T03:00:00Z,0.9505,0.9505,,,,,trade,false
2025-10-27T04:00:00Z,0.9465,0.9465,,,,,trade,false
2025-10-27T05:00:00Z,0.9475,0.9475,,,,,trade,false
2025-10-27T06:00:00Z,0.9475,0.9475,,,,,trade,false
2025-10-27T07:00:00Z,0.9495,0.9495,,,,,trade,false
2025-10-27T08:00:00Z,0.9505,0.9505,,,,,trade,false
2025-10-27T09:00:00Z,0.9505,0.9505,,,,,trade,false
2025-10-27T10:00:00Z,0.9505,0.9505,,,,,trade,false
2025-10-27T11:00:00Z,0.9515,0.9515,,,,,trade,false
2025-10-27T12:00:00Z,0.9525,0.9525,,,,,trade,false
2025-10-27T13:00:00Z,0.9525,0.9525,,,,,trade,false
2025-10-27T14:00:00Z,0.9525,0.9525,,,,,trade,false
2025-10-27T15:00:00Z,0.9545,0.9545,,,,,trade,false
2025-10-27T16:00:00Z,0.9575,0.9575,,,,,trade,false
2025-10-27T17:00:00Z,0.9575,0.9575,,,,,trade,false
2025-10-27T18:00:00Z,0.9555,0.9555,,,,,trade,false
2025-10-27T19:00:00Z,0.9585,0.9585,,,,,trade,false
2025-10-27T20:00:00Z,0.9555,0.9555,,,,,trade,false
2025-10-27T21:00:00Z,0.9465,0.9465,,,,,trade,false
2025-10-27T22:00:00Z,0.9415,0.9415,,,,,trade,false
2025-10-27T23:00:00Z,0.941,0.941,,,,,trade,false
2025-10-28T00:00:00Z,0.9215,0.9215,,,,,trade,false
2025-10-28T01:00:00Z,0.924,0.924,,,,,trade,false
2025-10-28T02:00:00Z,0.9325,0.9325,,,,,trade,false
2025-10-28T03:00:00Z,0.905,0.905,,,,,trade,false
2025-10-28T04:00:00Z,0.9075,0.9075,,,,,trade,false
2025-10-28T05:00:00Z,0.9005,0.9005,,,,,trade,false
2025-10-28T06:00:00Z,0.9105,0.9105,,,,,trade,false
2025-10-28T07:00:00Z,0.9055,0.9055,,,,,trade,false
2025-10-28T08:00:00Z,0.9025,0.9025,,,,,trade,false
2025-10-28T09:00:00Z,0.8995,0.8995,,,,,trade,false
2025-10-28T10:00:00Z,0.8995,0.8995,,,,,trade,false
2025-10-28T11:00:00Z,0.8745,0.8745,,,,,trade,false
2025-10-28T12:00:00Z,0.8795,0.8795,,,,,trade,false
2025-10-28T13:00:00Z,0.8995,0.8995,,,,,trade,false
2025-10-28T14:00:00Z,0.9065,0.9065,,,,,trade,false
2025-10-28T15:00:00Z,0.9045,0.9045,,,,,trade,false
2025-10-28T16:00:00Z,0.8885,0.8885,,,,,trade,false
2025-10-28T17:00:00Z,0.897,0.897,,,,,trade,false
2025-10-28T18:00:00Z,0.9105,0.9105,,,,,trade,false
2025-10-28T19:00:00Z,0.8925,0.8925,,,,,trade,false
2025-10-28T20:00:00Z,0.895,0.895,,,,,trade,false
2025-10-28T21:00:00Z,0.8875,0.8875,,,,,trade,false
2025-10-28T22:00:00Z,0.8765,0.8765,,,,,trade,false
2025-10-28T23:00:00Z,0.8745,0.8745,,,,,trade,false
2025-10-29T00:00:00Z,0.8825,0.8825,,,,,trade,false
2025-10-29T01:00:00Z,0.8815,0.8815,,,,,trade,false
2025-10-29T02:00:00Z,0.8825,0.8825,,,,,trade,false
2025-10-29T03:00:00Z,0.8785,0.8785,,,,,trade,false
2025-10-29T04:00:00Z,0.8805,0.8805,,,,,trade,false
2025-10-29T05:00:00Z,0.8805,0.8805,,,,,trade,false
2025-10-29T06:00:00Z,0.8835,0.8835,,,,,trade,false
2025-10-29T07:00:00Z,0.8855,0.8855,,,,,trade,false
2025-10-29T08:00:00Z,0.8865,0.8865,,,,,trade,false
2025-10-29T09:00:00Z,0.8875,0.8875,,,,,trade,false
2025-10-29T14:00:00Z,0.8885,0.8885,,,,,trade,false
2025-10-29T15:00:00Z,0.8825,0.8825,,,,,trade,false
2025-10-29T16:00:00Z,0.8835,0.8835,,,,,trade,false
2025-10-29T17:00:00Z,0.879,0.879,,,,,trade,false
2025-10-29T18:00:00Z,0.871,0.871,,,,,trade,false
2025-10-29T19:00:00Z,0.8805,0.8805,,,,,trade,false
2025-10-29T20:00:00Z,0.8835,0.8835,,,,,trade,false
2025-10-29T21:00:00Z,0.8805,0.8805,,,,,trade,false
2025-10-29T22:00:00Z,0.89,0.89,,,,,trade,false
2025-10-29T23:00:00Z,0.892,0.892,,,,,trade,false
2025-10-30T00:00:00Z,0.894,0.894,,,,,trade,false
2025-10-30T01:00:00Z,0.8855,0.8855,,,,,trade,false
2025-10-30T02:00:00Z,0.8965,0.8965,,,,,trade,false
2025-10-30T03:00:00Z,0.908,0.908,,,,,trade,false
2025-10-30T04:00:00Z,0.9075,0.9075,,,,,trade,false
2025-10-30T05:00:00Z,0.9095,0.9095,,,,,trade,false
2025-10-30T06:00:00Z,0.9095,0.9095,,,,,trade,false
2025-10-30T07:00:00Z,0.909,0.909,,,,,trade,false
2025-10-30T08:00:00Z,0.9235,0.9235,,,,,trade,false
2025-10-30T09:00:00Z,0.9245,0.9245,,,,,trade,false
2025-10-30T10:00:00Z,0.9235,0.9235,,,,,trade,false
2025-10-30T11:00:00Z,0.9295,0.9295,,,,,trade,false
2025-10-30T12:00:00Z,0.9325,0.9325,,,,,trade,false
2025-10-30T13:00:00Z,0.9325,0.9325,,,,,trade,false
2025-10-30T14:00:00Z,0.9405,0.9405,,,,,trade,false
2025-10-30T15:00:00Z,0.9385,0.9385,,,,,trade,false
2025-10-30T16:00:00Z,0.9455,0.9455,,,,,trade,false
2025-10-30T17:00:00Z,0.9405,0.9405,,,,,trade,false
2025-10-30T18:00:00Z,0.9415,0.9415,,,,,trade,false
2025-10-30T19:00:00Z,0.9425,0.9425,,,,,trade,false
2025-10-30T20:00:00Z,0.9445,0.9445,,,,,trade,false
2025-10-30T21:00:00Z,0.9455,0.9455,,,,,trade,false
2025-10-30T22:00:00Z,0.9475,0.9475,,,,,trade,false
2025-10-30T23:00:00Z,0.9475,0.9475,,,,,trade,false
2025-10-31T00:00:00Z,0.9415,0.9415,,,,,trade,false
2025-10-31T01:00:00Z,0.9415,0.9415,,,,,trade,false
2025-10-31T02:00:00Z,0.943,0.943,,,,,trade,false
2025-10-31T03:00:00Z,0.9435,0.9435,,,,,trade,false
2025-10-31T04:00:00Z,0.9445,0.9445,,,,,trade,false
2025-10-31T05:00:00Z,0.9445,0.9445,,,,,trade,false
2025-10-31T06:00:00Z,0.9445,0.9445,,,,,trade,false
2025-10-31T07:00:00Z,0.9445,0.9445,,,,,trade,false
2025-10-31T08:00:00Z,0.9465,0.9465,,,,,trade,false
2025-10-31T09:00:00Z,0.9465,0.9465,,,,,trade,false
2025-10-31T10:00:00Z,0.9485,0.9485,,,,,trade,false
2025-10-31T11:00:00Z,0.95,0.95,,,,,trade,false
2025-10-31T12:00:00Z,0.9505,0.9505,,,,,trade,false
2025-10-31T13:00:00Z,0.9515,0.9515,,,,,trade,false
2025-10-31T14:00:00Z,0.9515,0.9515,,,,,trade,false
2025-10-31T15:00:00Z,0.9465,0.9465,,,,,trade,false
2025-10-31T16:00:00Z,0.9385,0.9385,,,,,trade,false
2025-10-31T17:00:00Z,0.9405,0.9405,,,,,trade,false
2025-10-31T18:00:00Z,0.9425,0.9425,,,,,trade,false
2025-10-31T19:00:00Z,0.9405,0.9405,,,,,trade,false
2025-10-31T20:00:00Z,0.942,0.942,,,,,trade,false
2025-10-31T21:00:00Z,0.9415,0.9415,,,,,trade,false
2025-10-31T22:00:00Z,0.9415,0.9415,,,,,trade,false
2025-10-31T23:00:00Z,0.9425,0.9425,,,,,trade,false
2025-11-01T00:00:00Z,0.9405,0.9405,,,,,trade,false
2025-11-01T01:00:00Z,0.9425,0.9425,,,,,trade,false
2025-11-01T02:00:00Z,0.9475,0.9475,,,,,trade,false
2025-11-01T03:00:00Z,0.9395,0.9395,,,,,trade,false
2025-11-01T04:00:00Z,0.946,0.946,,,,,trade,false
2025-11-01T05:00:00Z,0.9465,0.9465,,,,,trade,false
2025-11-01T06:00:00Z,0.9415,0.9415,,,,,trade,false
2025-11-01T07:00:00Z,0.9425,0.9425,,,,,trade,false
2025-11-01T08:00:00Z,0.9455,0.9455,,,,,trade,false
2025-11-01T09:00:00Z,0.946,0.946,,,,,trade,false
2025-11-01T10:00:00Z,0.9465,0.9465,,,,,trade,false
2025-11-01T11:00:00Z,0.9455,0.9455,,,,,trade,false
2025-11-01T12:00:00Z,0.946,0.946,,,,,trade,false
2025-11-01T13:00:00Z,0.9465,0.9465,,,,,trade,false
2025-11-01T14:00:00Z,0.9465,0.9465,,,,,trade,false
2025-11-01T15:00:00Z,0.9475,0.9475,,,,,trade,false
2025-11-01T16:00:00Z,0.9455,0.9455,,,,,trade,false
2025-11-01T17:00:00Z,0.9445,0.9445,,,,,trade,false
2025-11-01T18:00:00Z,0.9425,0.9425,,,,,trade,false
2025-11-01T19:00:00Z,0.9415,0.9415,,,,,trade,false
2025-11-01T20:00:00Z,0.9415,0.9415,,,,,trade,false
2025-11-01T21:00:00Z,0.9405,0.9405,,,,,trade,false
2025-11-01T22:00:00Z,0.9315,0.9315,,,,,trade,false
2025-11-01T23:00:00Z,0.9375,0.9375,,,,,trade,false
2025-11-02T00:00:00Z,0.9345,0.9345,,,,,trade,false
2025-11-02T01:00:00Z,0.9335,0.9335,,,,,trade,false
2025-11-02T02:00:00Z,0.9335,0.9335,,,,,trade,false
2025-11-02T03:00:00Z,0.9355,0.9355,,,,,trade,false
2025-11-02T04:00:00Z,0.9355,0.9355,,,,,trade,false
2025-11-02T05:00:00Z,0.9355,0.9355,,,,,trade,false
2025-11-02T06:00:00Z,0.9385,0.9385,,,,,trade,false
2025-11-02T07:00:00Z,0.94,0.94,,,,,trade,false
2025-11-02T08:00:00Z,0.9405,0.9405,,,,,trade,false
2025-11-02T09:00:00Z,0.9405,0.9405,,,,,trade,false
2025-11-02T10:00:00Z,0.9415,0.9415,,,,,trade,false
2025-11-02T11:00:00Z,0.9415,0.9415,,,,,trade,false
2025-11-02T12:00:00Z,0.9425,0.9425,,,,,trade,false
2025-11-02T13:00:00Z,0.9415,0.9415,,,,,trade,false
2025-11-02T14:00:00Z,0.9405,0.9405,,,,,trade,false
2025-11-02T15:00:00Z,0.9375,0.9375,,,,,trade,false
2025-11-02T16:00:00Z,0.9385,0.9385,,,,,trade,false
2025-11-02T17:00:00Z,0.9355,0.9355,,,,,trade,false
2025-11-02T18:00:00Z,0.9365,0.9365,,,,,trade,false
2025-11-02T19:00:00Z,0.9345,0.9345,,,,,trade,false
2025-11-02T20:00:00Z,0.9345,0.9345,,,,,trade,false
2025-11-02T21:00:00Z,0.9355,0.9355,,,,,trade,false
2025-11-02T22:00:00Z,0.9335,0.9335,,,,,trade,false
2025-11-02T23:00:00Z,0.9365,0.9365,,,,,trade,false
2025-11-03T00:00:00Z,0.9375,0.9375,,,,,trade,false
2025-11-03T01:00:00Z,0.9385,0.9385,,,,,trade,false
2025-11-03T02:00:00Z,0.9345,0.9345,,,,,trade,false
2025-11-03T03:00:00Z,0.9385,0.9385,,,,,trade,false
2025-11-03T04:00:00Z,0.9395,0.9395,,,,,trade,false
2025-11-03T05:00:00Z,0.9405,0.9405,,,,,trade,false
2025-11-03T06:00:00Z,0.9415,0.9415,,,,,trade,false
2025-11-03T07:00:00Z,0.9415,0.9415,,,,,trade,false
2025-11-03T08:00:00Z,0.9415,0.9415,,,,,trade,false
2025-11-03T09:00:00Z,0.9425,0.9425,,,,,trade,false
2025-11-03T10:00:00Z,0.9425,0.9425,,,,,trade,false
2025-11-03T11:00:00Z,0.9445,0.9445,,,,,trade,false
2025-11-03T12:00:00Z,0.9485,0.9485,,,,,trade,false
2025-11-03T13:00:00Z,0.9485,0.9485,,,,,trade,false
2025-11-03T14:00:00Z,0.9495,0.9495,,,,,trade,false
2025-11-03T15:00:00Z,0.9435,0.9435,,,,,trade,false
2025-11-03T16:00:00Z,0.9445,0.9445,,,,,trade,false
2025-11-03T17:00:00Z,0.9425,0.9425,,,,,trade,false
2025-11-03T18:00:00Z,0.9445,0.9445,,,,,trade,false
2025-11-03T19:00:00Z,0.918,0.918,,,,,trade,false
2025-11-03T20:00:00Z,0.9165,0.9165,,,,,trade,false
2025-11-03T21:00:00Z,0.9105,0.9105,,,,,trade,false
2025-11-03T22:00:00Z,0.9165,0.9165,,,,,trade,false
2025-11-03T23:00:00Z,0.9165,0.9165,,,,,trade,false
2025-11-04T00:00:00Z,0.9095,0.9095,,,,,trade,false
2025-11-04T01:00:00Z,0.9095,0.9095,,,,,trade,false
2025-11-04T02:00:00Z,0.9075,0.9075,,,,,trade,false
2025-11-04T03:00:00Z,0.9115,0.9115,,,,,trade,false
2025-11-04T04:00:00Z,0.8975,0.8975,,,,,trade,false
2025-11-04T05:00:00Z,0.883,0.883,,,,,trade,false
2025-11-04T06:00:00Z,0.8925,0.8925,,,,,trade,false
2025-11-04T07:00:00Z,0.9035,0.9035,,,,,trade,false
2025-11-04T08:00:00Z,0.9025,0.9025,,,,,trade,false
2025-11-04T09:00:00Z,0.9125,0.9125,,,,,trade,false
2025-11-04T10:00:00Z,0.918,0.918,,,,,trade,false
2025-11-04T11:00:00Z,0.9215,0.9215,,,,,trade,false
2025-11-04T12:00:00Z,0.917,0.917,,,,,trade,false
2025-11-04T13:00:00Z,0.9195,0.9195,,,,,trade,false
2025-11-04T14:00:00Z,0.9165,0.9165,,,,,trade,false
2025-11-04T15:00:00Z,0.9185,0.9185,,,,,trade,false
2025-11-04T16:00:00Z,0.9255,0.9255,,,,,trade,false
2025-11-04T17:00:00Z,0.9245,0.9245,,,,,trade,false
2025-11-04T18:00:00Z,0.9395,0.9395,,,,,trade,false
2025-11-04T19:00:00Z,0.9455,0.9455,,,,,trade,false
2025-11-04T20:00:00Z,0.948,0.948,,,,,trade,false
2025-11-04T21:00:00Z,0.9475,0.9475,,,,,trade,false
2025-11-04T22:00:00Z,0.9435,0.9435,,,,,trade,false
2025-11-04T23:00:00Z,0.9445,0.9445,,,,,trade,false
2025-11-05T00:00:00Z,0.9575,0.9575,,,,,trade,false
2025-11-05T01:00:00Z,0.953,0.953,,,,,trade,false
2025-11-05T02:00:00Z,0.9765,0.9765,,,,,trade,false
2025-11-05T03:00:00Z,0.9985,0.9985,,,,,trade,false
2025-11-05T04:00:00Z,0.9995,0.9995,,,,,trade,false
2025-11-05T05:00:00Z,0.9995,0.9995,,,,,trade,false
