time,q,raw_price,bid,ask,volume,open_interest,mark_type,stale
2025-01-06T19:00:00Z,0.015,0.015,,,,,trade,false
2025-01-06T20:00:00Z,0.051,0.051,,,,,trade,false
2025-01-06T21:00:00Z,0.04,0.04,,,,,trade,false
2025-01-06T22:00:00Z,0.0405,0.0405,,,,,trade,false
2025-01-06T23:00:00Z,0.034,0.034,,,,,trade,false
2025-01-07T00:00:00Z,0.0305,0.0305,,,,,trade,false
2025-01-07T01:00:00Z,0.0325,0.0325,,,,,trade,false
2025-01-07T02:00:00Z,0.0325,0.0325,,,,,trade,false
2025-01-07T03:00:00Z,0.035,0.035,,,,,trade,false
2025-01-07T04:00:00Z,0.035,0.035,,,,,trade,false
2025-01-07T05:00:00Z,0.0465,0.0465,,,,,trade,false
2025-01-07T06:00:00Z,0.0475,0.0475,,,,,trade,false
2025-01-07T07:00:00Z,0.0435,0.0435,,,,,trade,false
2025-01-07T08:00:00Z,0.0405,0.0405,,,,,trade,false
2025-01-07T09:00:00Z,0.0375,0.0375,,,,,trade,false
2025-01-07T10:00:00Z,0.0375,0.0375,,,,,trade,false
2025-01-07T11:00:00Z,0.0395,0.0395,,,,,trade,false
2025-01-07T12:00:00Z,0.039,0.039,,,,,trade,false
2025-01-07T13:00:00Z,0.04,0.04,,,,,trade,false
2025-01-07T14:00:00Z,0.0405,0.0405,,,,,trade,false
2025-01-07T15:00:00Z,0.036,0.036,,,,,trade,false
2025-01-07T16:00:00Z,0.0365,0.0365,,,,,trade,false
2025-01-07T17:00:00Z,0.038,0.038,,,,,trade,false
2025-01-07T18:00:00Z,0.045,0.045,,,,,trade,false
2025-01-07T19:00:00Z,0.053,0.053,,,,,trade,false
2025-01-07T20:00:00Z,0.053,0.053,,,,,trade,false
2025-01-07T21:00:00Z,0.0535,0.0535,,,,,trade,false
2025-01-07T22:00:00Z,0.053,0.053,,,,,trade,false
2025-01-07T23:00:00Z,0.051,0.051,,,,,trade,false
2025-01-08T00:00:00Z,0.0505,0.0505,,,,,trade,false
2025-01-08T01:00:00Z,0.0545,0.0545,,,,,trade,false
2025-01-08T02:00:00Z,0.0555,0.0555,,,,,trade,false
2025-01-08T03:00:00Z,0.055,0.055,,,,,trade,false
2025-01-08T04:00:00Z,0.055,0.055,,,,,trade,false
2025-01-08T05:00:00Z,0.052,0.052,,,,,trade,false
2025-01-08T06:00:00Z,0.0505,0.0505,,,,,trade,false
2025-01-08T07:00:00Z,0.0555,0.0555,,,,,trade,false
2025-01-08T08:00:00Z,0.054,0.054,,,,,trade,false
2025-01-08T09:00:00Z,0.0495,0.0495,,,,,trade,false
2025-01-08T10:00:00Z,0.0495,0.0495,,,,,trade,false
2025-01-08T11:00:00Z,0.0495,0.0495,,,,,trade,false
2025-01-08T12:00:00Z,0.051,0.051,,,,,trade,false
2025-01-08T13:00:00Z,0.052,0.052,,,,,trade,false
2025-01-08T14:00:00Z,0.0525,0.0525,,,,,trade,false
2025-01-08T15:00:00Z,0.057,0.057,,,,,trade,false
2025-01-08T16:00:00Z,0.0545,0.0545,,,,,trade,false
2025-01-08T17:00:00Z,0.051,0.051,,,,,trade,false
2025-01-08T18:00:00Z,0.049,0.049,,,,,trade,false
2025-01-08T19:00:00Z,0.05,0.05,,,,,trade,false
2025-01-08T20:00:00Z,0.0515,0.0515,,,,,trade,false
2025-01-08T21:00:00Z,0.0515,0.0515,,,,,trade,false
2025-01-08T22:00:00Z,0.052,0.052,,,,,trade,false
2025-01-08T23:00:00Z,0.0505,0.0505,,,,,trade,false
2025-01-09T00:00:00Z,0.0475,0.0475,,,,,trade,false
2025-01-09T01:00:00Z,0.049,0.049,,,,,trade,false
2025-01-09T02:00:00Z,0.0525,0.0525,,,,,trade,false
2025-01-09T03:00:00Z,0.0475,0.0475,,,,,trade,false
2025-01-09T04:00:00Z,0.047,0.047,,,,,trade,false
2025-01-09T05:00:00Z,0.045,0.045,,,,,trade,false
2025-01-09T06:00:00Z,0.0435,0.0435,,,,,trade,false
2025-01-09T07:00:00Z,0.0525,0.0525,,,,,trade,false
2025-01-09T08:00:00Z,0.0485,0.0485,,,,,trade,false
2025-01-09T09:00:00Z,0.0475,0.0475,,,,,trade,false
2025-01-09T10:00:00Z,0.047,0.047,,,,,trade,false
2025-01-09T11:00:00Z,0.0435,0.0435,,,,,trade,false
2025-01-09T12:00:00Z,0.0465,0.0465,,,,,trade,false
2025-01-09T13:00:00Z,0.0475,0.0475,,,,,trade,false
2025-01-09T14:00:00Z,0.0495,0.0495,,,,,trade,false
2025-01-09T15:00:00Z,0.0445,0.0445,,,,,trade,false
2025-01-09T16:00:00Z,0.049,0.049,,,,,trade,false
2025-01-09T17:00:00Z,0.0535,0.0535,,,,,trade,false
2025-01-09T18:00:00Z,0.0535,0.0535,,,,,trade,false
2025-01-09T19:00:00Z,0.054,0.054,,,,,trade,false
2025-01-09T20:00:00Z,0.046,0.046,,,,,trade,false
2025-01-09T21:00:00Z,0.0515,0.0515,,,,,trade,false
2025-01-09T22:00:00Z,0.052,0.052,,,,,trade,false
2025-01-09T23:00:00Z,0.0515,0.0515,,,,,trade,false
2025-01-10T00:00:00Z,0.0515,0.0515,,,,,trade,false
2025-01-10T01:00:00Z,0.0465,0.0465,,,,,trade,false
2025-01-10T02:00:00Z,0.046,0.046,,,,,trade,false
2025-01-10T03:00:00Z,0.046,0.046,,,,,trade,false
2025-01-10T04:00:00Z,0.0515,0.0515,,,,,trade,false
2025-01-10T05:00:00Z,0.051,0.051,,,,,trade,false
2025-01-10T06:00:00Z,0.046,0.046,,,,,trade,false
2025-01-10T07:00:00Z,0.0485,0.0485,,,,,trade,false
2025-01-10T08:00:00Z,0.051,0.051,,,,,trade,false
2025-01-10T09:00:00Z,0.0495,0.0495,,,,,trade,false
2025-01-10T10:00:00Z,0.0495,0.0495,,,,,trade,false
2025-01-10T11:00:00Z,0.047,0.047,,,,,trade,false
2025-01-10T12:00:00Z,0.0515,0.0515,,,,,trade,false
2025-01-10T13:00:00Z,0.051,0.051,,,,,trade,false
2025-01-10T14:00:00Z,0.048,0.048,,,,,trade,false
2025-01-10T15:00:00Z,0.046,0.046,,,,,trade,false
2025-01-10T16:00:00Z,0.045,0.045,,,,,trade,false
2025-01-10T17:00:00Z,0.0475,0.0475,,,,,trade,false
2025-01-10T18:00:00Z,0.0475,0.0475,,,,,trade,false
2025-01-10T19:00:00Z,0.0455,0.0455,,,,,trade,false
2025-01-10T20:00:00Z,0.0455,0.0455,,,,,trade,false
2025-01-10T21:00:00Z,0.046,0.046,,,,,trade,false
2025-01-10T22:00:00Z,0.039,0.039,,,,,trade,false
2025-01-10T23:00:00Z,0.04,0.04,,,,,trade,false
2025-01-11T00:00:00Z,0.0385,0.0385,,,,,trade,false
2025-01-11T01:00:00Z,0.0405,0.0405,,,,,trade,false
2025-01-11T02:00:00Z,0.0415,0.0415,,,,,trade,false
2025-01-11T03:00:00Z,0.041,0.041,,,,,trade,false
2025-01-11T04:00:00Z,0.043,0.043,,,,,trade,false
2025-01-11T05:00:00Z,0.0405,0.0405,,,,,trade,false
2025-01-11T06:00:00Z,0.0415,0.0415,,,,,trade,false
2025-01-11T07:00:00Z,0.038,0.038,,,,,trade,false
2025-01-11T08:00:00Z,0.0415,0.0415,,,,,trade,false
2025-01-11T09:00:00Z,0.0445,0.0445,,,,,trade,false
2025-01-11T10:00:00Z,0.04,0.04,,,,,trade,false
2025-01-11T11:00:00Z,0.0445,0.0445,,,,,trade,false
2025-01-11T12:00:00Z,0.043,0.043,,,,,trade,false
2025-01-11T13:00:00Z,0.0405,0.0405,,,,,trade,false
2025-01-11T14:00:00Z,0.0435,0.0435,,,,,trade,false
2025-01-11T15:00:00Z,0.0405,0.0405,,,,,trade,false
2025-01-11T16:00:00Z,0.038,0.038,,,,,trade,false
2025-01-11T17:00:00Z,0.0395,0.0395,,,,,trade,false
2025-01-11T18:00:00Z,0.039,0.039,,,,,trade,false
2025-01-11T19:00:00Z,0.041,0.041,,,,,trade,false
2025-01-11T20:00:00Z,0.039,0.039,,,,,trade,false
2025-01-11T21:00:00Z,0.04,0.04,,,,,trade,false
2025-01-11T22:00:00Z,0.0395,0.0395,,,,,trade,false
2025-01-11T23:00:00Z,0.043,0.043,,,,,trade,false
2025-01-12T00:00:00Z,0.0455,0.0455,,,,,trade,false
2025-01-12T01:00:00Z,0.0455,0.0455,,,,,trade,false
2025-01-12T02:00:00Z,0.0445,0.0445,,,,,trade,false
2025-01-12T03:00:00Z,0.045,0.045,,,,,trade,false
2025-01-12T04:00:00Z,0.0465,0.0465,,,,,trade,false
2025-01-12T05:00:00Z,0.045,0.045,,,,,trade,false
2025-01-12T06:00:00Z,0.045,0.045,,,,,trade,false
2025-01-12T07:00:00Z,0.045,0.045,,,,,trade,false
2025-01-12T08:00:00Z,0.0475,0.0475,,,,,trade,false
2025-01-12T09:00:00Z,0.051,0.051,,,,,trade,false
2025-01-12T10:00:00Z,0.049,0.049,,,,,trade,false
2025-01-12T11:00:00Z,0.047,0.047,,,,,trade,false
2025-01-12T12:00:00Z,0.045,0.045,,,,,trade,false
2025-01-12T13:00:00Z,0.043,0.043,,,,,trade,false
2025-01-12T14:00:00Z,0.043,0.043,,,,,trade,false
2025-01-12T15:00:00Z,0.0465,0.0465,,,,,trade,false
2025-01-12T16:00:00Z,0.048,0.048,,,,,trade,false
2025-01-12T17:00:00Z,0.0455,0.0455,,,,,trade,false
2025-01-12T18:00:00Z,0.044,0.044,,,,,trade,false
2025-01-12T19:00:00Z,0.0435,0.0435,,,,,trade,false
2025-01-12T20:00:00Z,0.0435,0.0435,,,,,trade,false
2025-01-12T21:00:00Z,0.047,0.047,,,,,trade,false
2025-01-12T22:00:00Z,0.0475,0.0475,,,,,trade,false
2025-01-12T23:00:00Z,0.0465,0.0465,,,,,trade,false
2025-01-13T00:00:00Z,0.0445,0.0445,,,,,trade,false
2025-01-13T01:00:00Z,0.0455,0.0455,,,,,trade,false
2025-01-13T02:00:00Z,0.0485,0.0485,,,,,trade,false
2025-01-13T03:00:00Z,0.0475,0.0475,,,,,trade,false
2025-01-13T04:00:00Z,0.0485,0.0485,,,,,trade,false
2025-01-13T05:00:00Z,0.0475,0.0475,,,,,trade,false
2025-01-13T06:00:00Z,0.0465,0.0465,,,,,trade,false
2025-01-13T07:00:00Z,0.0465,0.0465,,,,,trade,false
2025-01-13T08:00:00Z,0.049,0.049,,,,,trade,false
2025-01-13T09:00:00Z,0.0475,0.0475,,,,,trade,false
2025-01-13T10:00:00Z,0.0415,0.0415,,,,,trade,false
2025-01-13T11:00:00Z,0.0465,0.0465,,,,,trade,false
2025-01-13T12:00:00Z,0.049,0.049,,,,,trade,false
2025-01-13T13:00:00Z,0.045,0.045,,,,,trade,false
2025-01-13T14:00:00Z,0.0495,0.0495,,,,,trade,false
2025-01-13T15:00:00Z,0.0455,0.0455,,,,,trade,false
2025-01-13T16:00:00Z,0.047,0.047,,,,,trade,false
2025-01-13T17:00:00Z,0.0455,0.0455,,,,,trade,false
2025-01-13T18:00:00Z,0.0505,0.0505,,,,,trade,false
2025-01-13T19:00:00Z,0.0505,0.0505,,,,,trade,false
2025-01-13T20:00:00Z,0.0505,0.0505,,,,,trade,false
2025-01-13T21:00:00Z,0.0505,0.0505,,,,,trade,false
2025-01-13T22:00:00Z,0.0505,0.0505,,,,,trade,false
2025-01-13T23:00:00Z,0.051,0.051,,,,,trade,false
2025-01-14T00:00:00Z,0.045,0.045,,,,,trade,false
2025-01-14T01:00:00Z,0.0455,0.0455,,,,,trade,false
2025-01-14T02:00:00Z,0.0455,0.0455,,,,,trade,false
2025-01-14T03:00:00Z,0.0455,0.0455,,,,,trade,false
2025-01-14T04:00:00Z,0.0455,0.0455,,,,,trade,false
2025-01-14T05:00:00Z,0.0455,0.0455,,,,,trade,false
2025-01-14T06:00:00Z,0.045,0.045,,,,,trade,false
2025-01-14T07:00:00Z,0.0455,0.0455,,,,,trade,false
2025-01-14T08:00:00Z,0.0455,0.0455,,,,,trade,false
2025-01-14T09:00:00Z,0.0455,0.0455,,,,,trade,false
2025-01-14T10:00:00Z,0.045,0.045,,,,,trade,false
2025-01-14T11:00:00Z,0.0445,0.0445,,,,,trade,false
2025-01-14T12:00:00Z,0.0445,0.0445,,,,,trade,false
2025-01-14T13:00:00Z,0.0445,0.0445,,,,,trade,false
2025-01-14T14:00:00Z,0.044,0.044,,,,,trade,false
2025-01-14T15:00:00Z,0.0445,0.0445,,,,,trade,false
2025-01-14T16:00:00Z,0.0445,0.0445,,,,,trade,false
2025-01-14T17:00:00Z,0.044,0.044,,,,,trade,false
2025-01-14T18:00:00Z,0.044,0.044,,,,,trade,false
2025-01-14T19:00:00Z,0.0445,0.0445,,,,,trade,false
2025-01-14T20:00:00Z,0.044,0.044,,,,,trade,false
2025-01-14T21:00:00Z,0.0445,0.0445,,,,,trade,false
2025-01-14T22:00:00Z,0.0445,0.0445,,,,,trade,false
2025-01-14T23:00:00Z,0.0515,0.0515,,,,,trade,false
2025-01-15T00:00:00Z,0.052,0.052,,,,,trade,false
2025-01-15T01:00:00Z,0.0515,0.0515,,,,,trade,false
2025-01-15T02:00:00Z,0.0515,0.0515,,,,,trade,false
2025-01-15T03:00:00Z,0.0475,0.0475,,,,,trade,false
2025-01-15T04:00:00Z,0.0555,0.0555,,,,,trade,false
2025-01-15T05:00:00Z,0.0555,0.0555,,,,,trade,false
2025-01-15T06:00:00Z,0.0555,0.0555,,,,,trade,false
2025-01-15T07:00:00Z,0.0555,0.0555,,,,,trade,false
2025-01-15T08:00:00Z,0.0565,0.0565,,,,,trade,false
2025-01-15T09:00:00Z,0.0565,0.0565,,,,,trade,false
2025-01-15T10:00:00Z,0.065,0.065,,,,,trade,false
2025-01-15T11:00:00Z,0.065,0.065,,,,,trade,false
2025-01-15T12:00:00Z,0.0655,0.0655,,,,,trade,false
2025-01-15T13:00:00Z,0.065,0.065,,,,,trade,false
2025-01-15T14:00:00Z,0.066,0.066,,,,,trade,false
2025-01-15T15:00:00Z,0.066,0.066,,,,,trade,false
2025-01-15T16:00:00Z,0.066,0.066,,,,,trade,false
2025-01-15T17:00:00Z,0.071,0.071,,,,,trade,false
2025-01-15T18:00:00Z,0.0685,0.0685,,,,,trade,false
2025-01-15T19:00:00Z,0.0685,0.0685,,,,,trade,false
2025-01-15T20:00:00Z,0.0675,0.0675,,,,,trade,false
2025-01-15T21:00:00Z,0.072,0.072,,,,,trade,false
2025-01-15T22:00:00Z,0.0745,0.0745,,,,,trade,false
2025-01-15T23:00:00Z,0.074,0.074,,,,,trade,false
2025-01-16T00:00:00Z,0.074,0.074,,,,,trade,false
2025-01-16T01:00:00Z,0.0765,0.0765,,,,,trade,false
2025-01-16T02:00:00Z,0.0765,0.0765,,,,,trade,false
2025-01-16T03:00:00Z,0.0775,0.0775,,,,,trade,false
2025-01-16T04:00:00Z,0.0775,0.0775,,,,,trade,false
2025-01-16T05:00:00Z,0.0775,0.0775,,,,,trade,false
2025-01-16T06:00:00Z,0.0775,0.0775,,,,,trade,false
2025-01-16T07:00:00Z,0.0775,0.0775,,,,,trade,false
2025-01-16T08:00:00Z,0.0765,0.0765,,,,,trade,false
2025-01-16T09:00:00Z,0.076,0.076,,,,,trade,false
2025-01-16T10:00:00Z,0.0765,0.0765,,,,,trade,false
2025-01-16T11:00:00Z,0.0765,0.0765,,,,,trade,false
2025-01-16T12:00:00Z,0.0765,0.0765,,,,,trade,false
2025-01-16T13:00:00Z,0.0765,0.0765,,,,,trade,false
2025-01-16T14:00:00Z,0.0785,0.0785,,,,,trade,false
2025-01-16T15:00:00Z,0.076,0.076,,,,,trade,false
2025-01-16T16:00:00Z,0.0715,0.0715,,,,,trade,false
2025-01-16T17:00:00Z,0.0725,0.0725,,,,,trade,false
2025-01-16T18:00:00Z,0.0725,0.0725,,,,,trade,false
2025-01-16T19:00:00Z,0.0725,0.0725,,,,,trade,false
2025-01-16T20:00:00Z,0.0725,0.0725,,,,,trade,false
2025-01-16T21:00:00Z,0.0715,0.0715,,,,,trade,false
2025-01-16T22:00:00Z,0.068,0.068,,,,,trade,false
2025-01-16T23:00:00Z,0.0735,0.0735,,,,,trade,false
2025-01-17T00:00:00Z,0.0805,0.0805,,,,,trade,false
2025-01-17T01:00:00Z,0.078,0.078,,,,,trade,false
2025-01-17T02:00:00Z,0.0735,0.0735,,,,,trade,false
2025-01-17T03:00:00Z,0.074,0.074,,,,,trade,false
2025-01-17T04:00:00Z,0.072,0.072,,,,,trade,false
2025-01-17T05:00:00Z,0.0735,0.0735,,,,,trade,false
2025-01-17T06:00:00Z,0.0725,0.0725,,,,,trade,false
2025-01-17T07:00:00Z,0.0745,0.0745,,,,,trade,false
2025-01-17T08:00:00Z,0.0725,0.0725,,,,,trade,false
2025-01-17T09:00:00Z,0.0745,0.0745,,,,,trade,false
2025-01-17T10:00:00Z,0.072,0.072,,,,,trade,false
2025-01-17T11:00:00Z,0.076,0.076,,,,,trade,false
2025-01-17T12:00:00Z,0.073,0.073,,,,,trade,false
2025-01-17T13:00:00Z,0.0725,0.0725,,,,,trade,false
2025-01-17T14:00:00Z,0.0735,0.0735,,,,,trade,false
2025-01-17T15:00:00Z,0.0745,0.0745,,,,,trade,false
2025-01-17T16:00:00Z,0.0735,0.0735,,,,,trade,false
2025-01-17T17:00:00Z,0.0745,0.0745,,,,,trade,false
2025-01-17T18:00:00Z,0.0745,0.0745,,,,,trade,false
2025-01-17T19:00:00Z,0.0755,0.0755,,,,,trade,false
2025-01-17T20:00:00Z,0.0745,0.0745,,,,,trade,false
2025-01-17T21:00:00Z,0.075,0.075,,,,,trade,false
2025-01-17T22:00:00Z,0.0735,0.0735,,,,,trade,false
2025-01-17T23:00:00Z,0.0755,0.0755,,,,,trade,false
2025-01-18T00:00:00Z,0.0745,0.0745,,,,,trade,false
2025-01-18T01:00:00Z,0.075,0.075,,,,,trade,false
2025-01-18T02:00:00Z,0.0745,0.0745,,,,,trade,false
2025-01-18T03:00:00Z,0.0715,0.0715,,,,,trade,false
2025-01-18T04:00:00Z,0.0715,0.0715,,,,,trade,false
2025-01-18T05:00:00Z,0.0715,0.0715,,,,,trade,false
2025-01-18T06:00:00Z,0.0715,0.0715,,,,,trade,false
2025-01-18T07:00:00Z,0.0715,0.0715,,,,,trade,false
2025-01-18T08:00:00Z,0.0705,0.0705,,,,,trade,false
2025-01-18T09:00:00Z,0.073,0.073,,,,,trade,false
2025-01-18T10:00:00Z,0.074,0.074,,,,,trade,false
2025-01-18T11:00:00Z,0.074,0.074,,,,,trade,false
2025-01-18T12:00:00Z,0.074,0.074,,,,,trade,false
2025-01-18T13:00:00Z,0.074,0.074,,,,,trade,false
2025-01-18T14:00:00Z,0.074,0.074,,,,,trade,false
2025-01-18T15:00:00Z,0.074,0.074,,,,,trade,false
2025-01-18T16:00:00Z,0.074,0.074,,,,,trade,false
2025-01-18T17:00:00Z,0.074,0.074,,,,,trade,false
2025-01-18T18:00:00Z,0.074,0.074,,,,,trade,false
2025-01-18T19:00:00Z,0.08,0.08,,,,,trade,false
2025-01-18T20:00:00Z,0.08,0.08,,,,,trade,false
2025-01-18T21:00:00Z,0.08,0.08,,,,,trade,false
2025-01-18T22:00:00Z,0.0795,0.0795,,,,,trade,false
2025-01-18T23:00:00Z,0.0795,0.0795,,,,,trade,false
2025-01-19T00:00:00Z,0.0795,0.0795,,,,,trade,false
2025-01-19T01:00:00Z,0.0825,0.0825,,,,,trade,false
2025-01-19T02:00:00Z,0.084,0.084,,,,,trade,false
2025-01-19T03:00:00Z,0.083,0.083,,,,,trade,false
2025-01-19T04:00:00Z,0.0825,0.0825,,,,,trade,false
2025-01-19T05:00:00Z,0.0855,0.0855,,,,,trade,false
2025-01-19T06:00:00Z,0.0825,0.0825,,,,,trade,false
2025-01-19T07:00:00Z,0.087,0.087,,,,,trade,false
2025-01-19T08:00:00Z,0.0825,0.0825,,,,,trade,false
2025-01-19T09:00:00Z,0.085,0.085,,,,,trade,false
2025-01-19T10:00:00Z,0.086,0.086,,,,,trade,false
2025-01-19T11:00:00Z,0.087,0.087,,,,,trade,false
2025-01-19T12:00:00Z,0.087,0.087,,,,,trade,false
2025-01-19T13:00:00Z,0.087,0.087,,,,,trade,false
2025-01-19T14:00:00Z,0.087,0.087,,,,,trade,false
2025-01-19T15:00:00Z,0.087,0.087,,,,,trade,false
2025-01-19T16:00:00Z,0.087,0.087,,,,,trade,false
2025-01-19T17:00:00Z,0.087,0.087,,,,,trade,false
2025-01-19T18:00:00Z,0.087,0.087,,,,,trade,false
2025-01-19T19:00:00Z,0.086,0.086,,,,,trade,false
2025-01-19T20:00:00Z,0.0865,0.0865,,,,,trade,false
2025-01-19T21:00:00Z,0.0865,0.0865,,,,,trade,false
2025-01-19T22:00:00Z,0.0865,0.0865,,,,,trade,false
2025-01-19T23:00:00Z,0.0875,0.0875,,,,,trade,false
2025-01-20T00:00:00Z,0.0865,0.0865,,,,,trade,false
2025-01-20T01:00:00Z,0.0865,0.0865,,,,,trade,false
2025-01-20T02:00:00Z,0.0865,0.0865,,,,,trade,false
2025-01-20T03:00:00Z,0.0865,0.0865,,,,,trade,false
2025-01-20T04:00:00Z,0.0865,0.0865,,,,,trade,false
2025-01-20T05:00:00Z,0.0865,0.0865,,,,,trade,false
2025-01-20T06:00:00Z,0.0865,0.0865,,,,,trade,false
2025-01-20T07:00:00Z,0.0865,0.0865,,,,,trade,false
2025-01-20T08:00:00Z,0.0815,0.0815,,,,,trade,false
2025-01-20T09:00:00Z,0.082,0.082,,,,,trade,false
2025-01-20T10:00:00Z,0.082,0.082,,,,,trade,false
2025-01-20T11:00:00Z,0.082,0.082,,,,,trade,false
2025-01-20T12:00:00Z,0.082,0.082,,,,,trade,false
2025-01-20T13:00:00Z,0.082,0.082,,,,,trade,false
2025-01-20T14:00:00Z,0.082,0.082,,,,,trade,false
2025-01-20T15:00:00Z,0.086,0.086,,,,,trade,false
2025-01-20T16:00:00Z,0.086,0.086,,,,,trade,false
2025-01-20T17:00:00Z,0.086,0.086,,,,,trade,false
2025-01-20T18:00:00Z,0.086,0.086,,,,,trade,false
2025-01-20T19:00:00Z,0.085,0.085,,,,,trade,false
2025-01-20T20:00:00Z,0.0855,0.0855,,,,,trade,false
2025-01-20T21:00:00Z,0.086,0.086,,,,,trade,false
2025-01-20T22:00:00Z,0.086,0.086,,,,,trade,false
2025-01-20T23:00:00Z,0.086,0.086,,,,,trade,false
2025-01-21T00:00:00Z,0.086,0.086,,,,,trade,false
2025-01-21T01:00:00Z,0.086,0.086,,,,,trade,false
2025-01-21T02:00:00Z,0.087,0.087,,,,,trade,false
2025-01-21T03:00:00Z,0.087,0.087,,,,,trade,false
2025-01-21T04:00:00Z,0.087,0.087,,,,,trade,false
2025-01-21T05:00:00Z,0.087,0.087,,,,,trade,false
2025-01-21T06:00:00Z,0.087,0.087,,,,,trade,false
2025-01-21T07:00:00Z,0.087,0.087,,,,,trade,false
2025-01-21T08:00:00Z,0.087,0.087,,,,,trade,false
2025-01-21T09:00:00Z,0.087,0.087,,,,,trade,false
2025-01-21T10:00:00Z,0.087,0.087,,,,,trade,false
2025-01-21T11:00:00Z,0.087,0.087,,,,,trade,false
2025-01-21T12:00:00Z,0.087,0.087,,,,,trade,false
2025-01-21T13:00:00Z,0.087,0.087,,,,,trade,false
2025-01-21T14:00:00Z,0.0825,0.0825,,,,,trade,false
2025-01-21T15:00:00Z,0.0825,0.0825,,,,,trade,false
2025-01-21T16:00:00Z,0.0825,0.0825,,,,,trade,false
2025-01-21T17:00:00Z,0.0825,0.0825,,,,,trade,false
2025-01-21T18:00:00Z,0.0825,0.0825,,,,,trade,false
2025-01-21T19:00:00Z,0.0825,0.0825,,,,,trade,false
2025-01-21T20:00:00Z,0.0825,0.0825,,,,,trade,false
2025-01-21T21:00:00Z,0.0825,0.0825,,,,,trade,false
2025-01-21T22:00:00Z,0.0825,0.0825,,,,,trade,false
2025-01-21T23:00:00Z,0.0825,0.0825,,,,,trade,false
2025-01-22T00:00:00Z,0.0825,0.0825,,,,,trade,false
2025-01-22T01:00:00Z,0.0825,0.0825,,,,,trade,false
2025-01-22T02:00:00Z,0.082,0.082,,,,,trade,false
2025-01-22T03:00:00Z,0.082,0.082,,,,,trade,false
2025-01-22T04:00:00Z,0.082,0.082,,,,,trade,false
2025-01-22T05:00:00Z,0.0615,0.0615,,,,,trade,false
2025-01-22T06:00:00Z,0.071,0.071,,,,,trade,false
2025-01-22T07:00:00Z,0.074,0.074,,,,,trade,false
2025-01-22T08:00:00Z,0.0745,0.0745,,,,,trade,false
2025-01-22T09:00:00Z,0.075,0.075,,,,,trade,false
2025-01-22T10:00:00Z,0.0745,0.0745,,,,,trade,false
2025-01-22T11:00:00Z,0.0745,0.0745,,,,,trade,false
2025-01-22T12:00:00Z,0.0745,0.0745,,,,,trade,false
2025-01-22T13:00:00Z,0.0745,0.0745,,,,,trade,false
2025-01-22T14:00:00Z,0.0745,0.0745,,,,,trade,false
2025-01-22T15:00:00Z,0.0745,0.0745,,,,,trade,false
2025-01-22T16:00:00Z,0.0755,0.0755,,,,,trade,false
2025-01-22T17:00:00Z,0.0755,0.0755,,,,,trade,false
2025-01-22T18:00:00Z,0.0755,0.0755,,,,,trade,false
2025-01-22T19:00:00Z,0.0755,0.0755,,,,,trade,false
2025-01-22T20:00:00Z,0.073,0.073,,,,,trade,false
2025-01-22T21:00:00Z,0.0725,0.0725,,,,,trade,false
2025-01-22T22:00:00Z,0.0725,0.0725,,,,,trade,false
2025-01-22T23:00:00Z,0.0725,0.0725,,,,,trade,false
2025-01-23T00:00:00Z,0.073,0.073,,,,,trade,false
2025-01-23T01:00:00Z,0.073,0.073,,,,,trade,false
2025-01-23T02:00:00Z,0.073,0.073,,,,,trade,false
2025-01-23T03:00:00Z,0.073,0.073,,,,,trade,false
2025-01-23T04:00:00Z,0.073,0.073,,,,,trade,false
2025-01-23T05:00:00Z,0.0725,0.0725,,,,,trade,false
2025-01-23T06:00:00Z,0.0725,0.0725,,,,,trade,false
2025-01-23T07:00:00Z,0.0725,0.0725,,,,,trade,false
2025-01-23T08:00:00Z,0.0725,0.0725,,,,,trade,false
2025-01-23T09:00:00Z,0.0725,0.0725,,,,,trade,false
2025-01-23T10:00:00Z,0.0725,0.0725,,,,,trade,false
2025-01-23T11:00:00Z,0.0725,0.0725,,,,,trade,false
2025-01-23T12:00:00Z,0.0725,0.0725,,,,,trade,false
2025-01-23T13:00:00Z,0.0725,0.0725,,,,,trade,false
2025-01-23T14:00:00Z,0.0725,0.0725,,,,,trade,false
2025-01-23T15:00:00Z,0.0725,0.0725,,,,,trade,false
2025-01-23T16:00:00Z,0.0725,0.0725,,,,,trade,false
2025-01-23T17:00:00Z,0.0725,0.0725,,,,,trade,false
2025-01-23T18:00:00Z,0.074,0.074,,,,,trade,false
2025-01-23T19:00:00Z,0.072,0.072,,,,,trade,false
2025-01-23T20:00:00Z,0.072,0.072,,,,,trade,false
2025-01-23T21:00:00Z,0.0745,0.0745,,,,,trade,false
2025-01-23T22:00:00Z,0.0745,0.0745,,,,,trade,false
2025-01-23T23:00:00Z,0.0745,0.0745,,,,,trade,false
2025-01-24T00:00:00Z,0.0745,0.0745,,,,,trade,false
2025-01-24T01:00:00Z,0.0745,0.0745,,,,,trade,false
2025-01-24T02:00:00Z,0.0745,0.0745,,,,,trade,false
2025-01-24T03:00:00Z,0.0745,0.0745,,,,,trade,false
2025-01-24T04:00:00Z,0.0745,0.0745,,,,,trade,false
2025-01-24T05:00:00Z,0.0745,0.0745,,,,,trade,false
2025-01-24T06:00:00Z,0.0745,0.0745,,,,,trade,false
2025-01-24T07:00:00Z,0.0745,0.0745,,,,,trade,false
2025-01-24T08:00:00Z,0.0745,0.0745,,,,,trade,false
2025-01-24T09:00:00Z,0.0745,0.0745,,,,,trade,false
2025-01-24T10:00:00Z,0.0745,0.0745,,,,,trade,false
2025-01-24T11:00:00Z,0.0745,0.0745,,,,,trade,false
2025-01-24T12:00:00Z,0.0745,0.0745,,,,,trade,false
2025-01-24T13:00:00Z,0.0745,0.0745,,,,,trade,false
2025-01-24T14:00:00Z,0.0745,0.0745,,,,,trade,false
2025-01-24T15:00:00Z,0.0745,0.0745,,,,,trade,false
2025-01-24T16:00:00Z,0.0745,0.0745,,,,,trade,false
2025-01-24T17:00:00Z,0.0745,0.0745,,,,,trade,false
2025-01-24T18:00:00Z,0.0745,0.0745,,,,,trade,false
2025-01-24T19:00:00Z,0.0745,0.0745,,,,,trade,false
2025-01-24T20:00:00Z,0.0745,0.0745,,,,,trade,false
2025-01-24T21:00:00Z,0.0745,0.0745,,,,,trade,false
2025-01-24T22:00:00Z,0.0755,0.0755,,,,,trade,false
2025-01-24T23:00:00Z,0.0755,0.0755,,,,,trade,false
2025-01-25T00:00:00Z,0.0755,0.0755,,,,,trade,false
2025-01-25T01:00:00Z,0.0755,0.0755,,,,,trade,false
2025-01-25T02:00:00Z,0.0755,0.0755,,,,,trade,false
2025-01-25T03:00:00Z,0.0755,0.0755,,,,,trade,false
2025-01-25T04:00:00Z,0.0755,0.0755,,,,,trade,false
2025-01-25T05:00:00Z,0.0755,0.0755,,,,,trade,false
2025-01-25T06:00:00Z,0.0755,0.0755,,,,,trade,false
2025-01-25T07:00:00Z,0.0755,0.0755,,,,,trade,false
2025-01-25T08:00:00Z,0.0755,0.0755,,,,,trade,false
2025-01-25T09:00:00Z,0.0755,0.0755,,,,,trade,false
2025-01-25T10:00:00Z,0.0755,0.0755,,,,,trade,false
2025-01-25T11:00:00Z,0.076,0.076,,,,,trade,false
2025-01-25T12:00:00Z,0.077,0.077,,,,,trade,false
2025-01-25T13:00:00Z,0.076,0.076,,,,,trade,false
2025-01-25T14:00:00Z,0.0745,0.0745,,,,,trade,false
2025-01-25T15:00:00Z,0.0755,0.0755,,,,,trade,false
2025-01-25T16:00:00Z,0.0775,0.0775,,,,,trade,false
2025-01-25T17:00:00Z,0.079,0.079,,,,,trade,false
2025-01-25T18:00:00Z,0.074,0.074,,,,,trade,false
2025-01-25T19:00:00Z,0.075,0.075,,,,,trade,false
2025-01-25T20:00:00Z,0.075,0.075,,,,,trade,false
2025-01-25T21:00:00Z,0.075,0.075,,,,,trade,false
2025-01-25T22:00:00Z,0.075,0.075,,,,,trade,false
2025-01-25T23:00:00Z,0.075,0.075,,,,,trade,false
2025-01-26T00:00:00Z,0.078,0.078,,,,,trade,false
2025-01-26T01:00:00Z,0.0785,0.0785,,,,,trade,false
2025-01-26T02:00:00Z,0.0795,0.0795,,,,,trade,false
2025-01-26T03:00:00Z,0.0805,0.0805,,,,,trade,false
2025-01-26T04:00:00Z,0.0795,0.0795,,,,,trade,false
2025-01-26T05:00:00Z,0.0795,0.0795,,,,,trade,false
2025-01-26T06:00:00Z,0.0795,0.0795,,,,,trade,false
2025-01-26T07:00:00Z,0.0795,0.0795,,,,,trade,false
2025-01-26T08:00:00Z,0.0795,0.0795,,,,,trade,false
2025-01-26T09:00:00Z,0.0795,0.0795,,,,,trade,false
2025-01-26T10:00:00Z,0.0795,0.0795,,,,,trade,false
2025-01-26T11:00:00Z,0.0795,0.0795,,,,,trade,false
2025-01-26T12:00:00Z,0.0795,0.0795,,,,,trade,false
2025-01-26T13:00:00Z,0.0795,0.0795,,,,,trade,false
2025-01-26T14:00:00Z,0.0795,0.0795,,,,,trade,false
2025-01-26T15:00:00Z,0.0795,0.0795,,,,,trade,false
2025-01-26T16:00:00Z,0.0795,0.0795,,,,,trade,false
2025-01-26T17:00:00Z,0.0795,0.0795,,,,,trade,false
2025-01-26T18:00:00Z,0.0795,0.0795,,,,,trade,false
2025-01-26T19:00:00Z,0.0795,0.0795,,,,,trade,false
2025-01-26T20:00:00Z,0.0795,0.0795,,,,,trade,false
2025-01-26T21:00:00Z,0.0795,0.0795,,,,,trade,false
2025-01-26T22:00:00Z,0.0795,0.0795,,,,,trade,false
2025-01-26T23:00:00Z,0.0795,0.0795,,,,,trade,false
2025-01-27T00:00:00Z,0.0795,0.0795,,,,,trade,false
2025-01-27T01:00:00Z,0.0795,0.0795,,,,,trade,false
2025-01-27T02:00:00Z,0.072,0.072,,,,,trade,false
2025-01-27T03:00:00Z,0.073,0.073,,,,,trade,false
2025-01-27T04:00:00Z,0.0755,0.0755,,,,,trade,false
2025-01-27T05:00:00Z,0.0755,0.0755,,,,,trade,false
2025-01-27T06:00:00Z,0.0755,0.0755,,,,,trade,false
2025-01-27T07:00:00Z,0.0765,0.0765,,,,,trade,false
2025-01-27T08:00:00Z,0.077,0.077,,,,,trade,false
2025-01-27T09:00:00Z,0.075,0.075,,,,,trade,false
2025-01-27T10:00:00Z,0.074,0.074,,,,,trade,false
2025-01-27T11:00:00Z,0.073,0.073,,,,,trade,false
2025-01-27T12:00:00Z,0.0775,0.0775,,,,,trade,false
2025-01-27T13:00:00Z,0.077,0.077,,,,,trade,false
2025-01-27T14:00:00Z,0.076,0.076,,,,,trade,false
2025-01-27T15:00:00Z,0.0765,0.0765,,,,,trade,false
2025-01-27T16:00:00Z,0.0765,0.0765,,,,,trade,false
2025-01-27T17:00:00Z,0.077,0.077,,,,,trade,false
2025-01-27T18:00:00Z,0.0995,0.0995,,,,,trade,false
2025-01-27T19:00:00Z,0.113,0.113,,,,,trade,false
2025-01-27T20:00:00Z,0.113,0.113,,,,,trade,false
2025-01-27T21:00:00Z,0.1135,0.1135,,,,,trade,false
2025-01-27T22:00:00Z,0.1105,0.1105,,,,,trade,false
2025-01-27T23:00:00Z,0.1125,0.1125,,,,,trade,false
2025-01-28T00:00:00Z,0.1135,0.1135,,,,,trade,false
2025-01-28T01:00:00Z,0.1135,0.1135,,,,,trade,false
2025-01-28T02:00:00Z,0.1135,0.1135,,,,,trade,false
2025-01-28T03:00:00Z,0.1105,0.1105,,,,,trade,false
2025-01-28T04:00:00Z,0.1105,0.1105,,,,,trade,false
2025-01-28T05:00:00Z,0.1105,0.1105,,,,,trade,false
2025-01-28T06:00:00Z,0.1105,0.1105,,,,,trade,false
2025-01-28T07:00:00Z,0.114,0.114,,,,,trade,false
2025-01-28T08:00:00Z,0.118,0.118,,,,,trade,false
2025-01-28T09:00:00Z,0.1185,0.1185,,,,,trade,false
2025-01-28T10:00:00Z,0.116,0.116,,,,,trade,false
2025-01-28T11:00:00Z,0.1185,0.1185,,,,,trade,false
2025-01-28T12:00:00Z,0.1185,0.1185,,,,,trade,false
2025-01-28T13:00:00Z,0.1115,0.1115,,,,,trade,false
2025-01-28T14:00:00Z,0.112,0.112,,,,,trade,false
2025-01-28T15:00:00Z,0.1115,0.1115,,,,,trade,false
2025-01-28T16:00:00Z,0.1135,0.1135,,,,,trade,false
2025-01-28T17:00:00Z,0.1125,0.1125,,,,,trade,false
2025-01-28T18:00:00Z,0.1125,0.1125,,,,,trade,false
2025-01-28T19:00:00Z,0.1135,0.1135,,,,,trade,false
2025-01-28T20:00:00Z,0.116,0.116,,,,,trade,false
2025-01-28T21:00:00Z,0.114,0.114,,,,,trade,false
2025-01-28T22:00:00Z,0.116,0.116,,,,,trade,false
2025-01-28T23:00:00Z,0.1165,0.1165,,,,,trade,false
2025-01-29T00:00:00Z,0.1205,0.1205,,,,,trade,false
2025-01-29T01:00:00Z,0.1215,0.1215,,,,,trade,false
2025-01-29T02:00:00Z,0.122,0.122,,,,,trade,false
2025-01-29T03:00:00Z,0.122,0.122,,,,,trade,false
2025-01-29T04:00:00Z,0.124,0.124,,,,,trade,false
2025-01-29T05:00:00Z,0.124,0.124,,,,,trade,false
2025-01-29T06:00:00Z,0.124,0.124,,,,,trade,false
2025-01-29T07:00:00Z,0.1215,0.1215,,,,,trade,false
2025-01-29T08:00:00Z,0.124,0.124,,,,,trade,false
2025-01-29T09:00:00Z,0.1225,0.1225,,,,,trade,false
2025-01-29T10:00:00Z,0.1215,0.1215,,,,,trade,false
2025-01-29T11:00:00Z,0.1215,0.1215,,,,,trade,false
2025-01-29T12:00:00Z,0.1225,0.1225,,,,,trade,false
2025-01-29T13:00:00Z,0.124,0.124,,,,,trade,false
2025-01-29T14:00:00Z,0.1235,0.1235,,,,,trade,false
2025-01-29T15:00:00Z,0.124,0.124,,,,,trade,false
2025-01-29T16:00:00Z,0.1225,0.1225,,,,,trade,false
2025-01-29T17:00:00Z,0.124,0.124,,,,,trade,false
2025-01-29T18:00:00Z,0.1235,0.1235,,,,,trade,false
2025-01-29T19:00:00Z,0.124,0.124,,,,,trade,false
2025-01-29T20:00:00Z,0.12,0.12,,,,,trade,false
2025-01-29T21:00:00Z,0.124,0.124,,,,,trade,false
2025-01-29T22:00:00Z,0.124,0.124,,,,,trade,false
2025-01-29T23:00:00Z,0.124,0.124,,,,,trade,false
2025-01-30T00:00:00Z,0.124,0.124,,,,,trade,false
2025-01-30T01:00:00Z,0.124,0.124,,,,,trade,false
2025-01-30T02:00:00Z,0.124,0.124,,,,,trade,false
2025-01-30T03:00:00Z,0.124,0.124,,,,,trade,false
2025-01-30T04:00:00Z,0.124,0.124,,,,,trade,false
2025-01-30T05:00:00Z,0.124,0.124,,,,,trade,false
2025-01-30T06:00:00Z,0.124,0.124,,,,,trade,false
2025-01-30T07:00:00Z,0.124,0.124,,,,,trade,false
2025-01-30T08:00:00Z,0.124,0.124,,,,,trade,false
2025-01-30T09:00:00Z,0.124,0.124,,,,,trade,false
2025-01-30T10:00:00Z,0.124,0.124,,,,,trade,false
2025-01-30T11:00:00Z,0.124,0.124,,,,,trade,false
2025-01-30T12:00:00Z,0.124,0.124,,,,,trade,false
2025-01-30T13:00:00Z,0.124,0.124,,,,,trade,false
2025-01-30T14:00:00Z,0.124,0.124,,,,,trade,false
2025-01-30T15:00:00Z,0.124,0.124,,,,,trade,false
2025-01-30T16:00:00Z,0.124,0.124,,,,,trade,false
2025-01-30T17:00:00Z,0.125,0.125,,,,,trade,false
2025-01-30T18:00:00Z,0.128,0.128,,,,,trade,false
2025-01-30T19:00:00Z,0.128,0.128,,,,,trade,false
2025-01-30T20:00:00Z,0.128,0.128,,,,,trade,false
2025-01-30T21:00:00Z,0.128,0.128,,,,,trade,false
2025-01-30T22:00:00Z,0.128,0.128,,,,,trade,false
2025-01-30T23:00:00Z,0.128,0.128,,,,,trade,false
2025-01-31T00:00:00Z,0.128,0.128,,,,,trade,false
2025-01-31T01:00:00Z,0.128,0.128,,,,,trade,false
2025-01-31T02:00:00Z,0.128,0.128,,,,,trade,false
2025-01-31T03:00:00Z,0.128,0.128,,,,,trade,false
2025-01-31T04:00:00Z,0.128,0.128,,,,,trade,false
2025-01-31T05:00:00Z,0.128,0.128,,,,,trade,false
2025-01-31T06:00:00Z,0.133,0.133,,,,,trade,false
2025-01-31T07:00:00Z,0.134,0.134,,,,,trade,false
2025-01-31T08:00:00Z,0.1355,0.1355,,,,,trade,false
2025-01-31T09:00:00Z,0.13,0.13,,,,,trade,false
2025-01-31T10:00:00Z,0.133,0.133,,,,,trade,false
2025-01-31T11:00:00Z,0.133,0.133,,,,,trade,false
2025-01-31T12:00:00Z,0.133,0.133,,,,,trade,false
2025-01-31T13:00:00Z,0.133,0.133,,,,,trade,false
2025-01-31T14:00:00Z,0.133,0.133,,,,,trade,false
2025-01-31T15:00:00Z,0.133,0.133,,,,,trade,false
2025-01-31T16:00:00Z,0.1305,0.1305,,,,,trade,false
2025-01-31T17:00:00Z,0.1305,0.1305,,,,,trade,false
2025-01-31T18:00:00Z,0.13,0.13,,,,,trade,false
2025-01-31T19:00:00Z,0.13,0.13,,,,,trade,false
2025-01-31T20:00:00Z,0.13,0.13,,,,,trade,false
2025-01-31T21:00:00Z,0.13,0.13,,,,,trade,false
2025-01-31T22:00:00Z,0.13,0.13,,,,,trade,false
2025-01-31T23:00:00Z,0.13,0.13,,,,,trade,false
2025-02-01T00:00:00Z,0.13,0.13,,,,,trade,false
2025-02-01T01:00:00Z,0.13,0.13,,,,,trade,false
2025-02-01T02:00:00Z,0.13,0.13,,,,,trade,false
2025-02-01T03:00:00Z,0.13,0.13,,,,,trade,false
2025-02-01T04:00:00Z,0.13,0.13,,,,,trade,false
2025-02-01T05:00:00Z,0.13,0.13,,,,,trade,false
2025-02-01T06:00:00Z,0.13,0.13,,,,,trade,false
2025-02-01T07:00:00Z,0.13,0.13,,,,,trade,false
2025-02-01T08:00:00Z,0.13,0.13,,,,,trade,false
2025-02-01T09:00:00Z,0.1315,0.1315,,,,,trade,false
2025-02-01T10:00:00Z,0.1315,0.1315,,,,,trade,false
2025-02-01T11:00:00Z,0.1315,0.1315,,,,,trade,false
2025-02-01T12:00:00Z,0.1315,0.1315,,,,,trade,false
2025-02-01T13:00:00Z,0.1295,0.1295,,,,,trade,false
2025-02-01T14:00:00Z,0.1295,0.1295,,,,,trade,false
2025-02-01T15:00:00Z,0.1295,0.1295,,,,,trade,false
2025-02-01T16:00:00Z,0.1295,0.1295,,,,,trade,false
2025-02-01T17:00:00Z,0.129,0.129,,,,,trade,false
2025-02-01T18:00:00Z,0.129,0.129,,,,,trade,false
2025-02-01T19:00:00Z,0.129,0.129,,,,,trade,false
2025-02-01T20:00:00Z,0.129,0.129,,,,,trade,false
2025-02-01T21:00:00Z,0.129,0.129,,,,,trade,false
2025-02-01T22:00:00Z,0.129,0.129,,,,,trade,false
2025-02-01T23:00:00Z,0.1295,0.1295,,,,,trade,false
2025-02-02T00:00:00Z,0.1295,0.1295,,,,,trade,false
2025-02-02T01:00:00Z,0.13,0.13,,,,,trade,false
2025-02-02T02:00:00Z,0.1095,0.1095,,,,,trade,false
2025-02-02T03:00:00Z,0.1105,0.1105,,,,,trade,false
2025-02-02T04:00:00Z,0.1055,0.1055,,,,,trade,false
2025-02-02T05:00:00Z,0.1055,0.1055,,,,,trade,false
2025-02-02T06:00:00Z,0.1055,0.1055,,,,,trade,false
2025-02-02T07:00:00Z,0.1055,0.1055,,,,,trade,false
2025-02-02T08:00:00Z,0.1055,0.1055,,,,,trade,false
2025-02-02T09:00:00Z,0.1055,0.1055,,,,,trade,false
2025-02-02T10:00:00Z,0.1055,0.1055,,,,,trade,false
2025-02-02T11:00:00Z,0.1055,0.1055,,,,,trade,false
2025-02-02T12:00:00Z,0.1055,0.1055,,,,,trade,false
2025-02-02T13:00:00Z,0.1055,0.1055,,,,,trade,false
2025-02-02T14:00:00Z,0.1055,0.1055,,,,,trade,false
2025-02-02T15:00:00Z,0.121,0.121,,,,,trade,false
2025-02-02T16:00:00Z,0.121,0.121,,,,,trade,false
2025-02-02T17:00:00Z,0.131,0.131,,,,,trade,false
2025-02-02T18:00:00Z,0.131,0.131,,,,,trade,false
2025-02-02T19:00:00Z,0.131,0.131,,,,,trade,false
2025-02-02T20:00:00Z,0.131,0.131,,,,,trade,false
2025-02-02T21:00:00Z,0.131,0.131,,,,,trade,false
2025-02-02T22:00:00Z,0.131,0.131,,,,,trade,false
2025-02-02T23:00:00Z,0.1315,0.1315,,,,,trade,false
2025-02-03T00:00:00Z,0.131,0.131,,,,,trade,false
2025-02-03T01:00:00Z,0.132,0.132,,,,,trade,false
2025-02-03T02:00:00Z,0.132,0.132,,,,,trade,false
2025-02-03T03:00:00Z,0.132,0.132,,,,,trade,false
2025-02-03T04:00:00Z,0.132,0.132,,,,,trade,false
2025-02-03T05:00:00Z,0.1315,0.1315,,,,,trade,false
2025-02-03T06:00:00Z,0.133,0.133,,,,,trade,false
2025-02-03T07:00:00Z,0.133,0.133,,,,,trade,false
2025-02-03T08:00:00Z,0.133,0.133,,,,,trade,false
2025-02-03T09:00:00Z,0.133,0.133,,,,,trade,false
2025-02-03T10:00:00Z,0.133,0.133,,,,,trade,false
2025-02-03T11:00:00Z,0.134,0.134,,,,,trade,false
2025-02-03T12:00:00Z,0.133,0.133,,,,,trade,false
2025-02-03T13:00:00Z,0.1335,0.1335,,,,,trade,false
2025-02-03T14:00:00Z,0.1335,0.1335,,,,,trade,false
2025-02-03T15:00:00Z,0.1325,0.1325,,,,,trade,false
2025-02-03T16:00:00Z,0.1325,0.1325,,,,,trade,false
2025-02-03T17:00:00Z,0.138,0.138,,,,,trade,false
2025-02-03T18:00:00Z,0.134,0.134,,,,,trade,false
2025-02-03T19:00:00Z,0.1335,0.1335,,,,,trade,false
2025-02-03T20:00:00Z,0.1355,0.1355,,,,,trade,false
2025-02-03T21:00:00Z,0.135,0.135,,,,,trade,false
2025-02-03T22:00:00Z,0.1355,0.1355,,,,,trade,false
2025-02-03T23:00:00Z,0.1335,0.1335,,,,,trade,false
2025-02-04T00:00:00Z,0.127,0.127,,,,,trade,false
2025-02-04T01:00:00Z,0.1265,0.1265,,,,,trade,false
2025-02-04T02:00:00Z,0.126,0.126,,,,,trade,false
2025-02-04T03:00:00Z,0.126,0.126,,,,,trade,false
2025-02-04T04:00:00Z,0.126,0.126,,,,,trade,false
2025-02-04T05:00:00Z,0.1335,0.1335,,,,,trade,false
2025-02-04T06:00:00Z,0.1285,0.1285,,,,,trade,false
2025-02-04T07:00:00Z,0.1285,0.1285,,,,,trade,false
2025-02-04T08:00:00Z,0.1285,0.1285,,,,,trade,false
2025-02-04T09:00:00Z,0.1285,0.1285,,,,,trade,false
2025-02-04T10:00:00Z,0.128,0.128,,,,,trade,false
2025-02-04T11:00:00Z,0.128,0.128,,,,,trade,false
2025-02-04T12:00:00Z,0.128,0.128,,,,,trade,false
2025-02-04T13:00:00Z,0.128,0.128,,,,,trade,false
2025-02-04T14:00:00Z,0.128,0.128,,,,,trade,false
2025-02-04T15:00:00Z,0.128,0.128,,,,,trade,false
2025-02-04T16:00:00Z,0.128,0.128,,,,,trade,false
2025-02-04T17:00:00Z,0.128,0.128,,,,,trade,false
2025-02-04T18:00:00Z,0.132,0.132,,,,,trade,false
2025-02-04T19:00:00Z,0.132,0.132,,,,,trade,false
2025-02-04T20:00:00Z,0.1315,0.1315,,,,,trade,false
2025-02-04T21:00:00Z,0.1315,0.1315,,,,,trade,false
2025-02-04T22:00:00Z,0.1305,0.1305,,,,,trade,false
2025-02-04T23:00:00Z,0.1325,0.1325,,,,,trade,false
2025-02-05T00:00:00Z,0.1325,0.1325,,,,,trade,false
2025-02-05T01:00:00Z,0.1325,0.1325,,,,,trade,false
2025-02-05T02:00:00Z,0.1325,0.1325,,,,,trade,false
2025-02-05T03:00:00Z,0.1325,0.1325,,,,,trade,false
2025-02-05T04:00:00Z,0.1325,0.1325,,,,,trade,false
2025-02-05T05:00:00Z,0.1325,0.1325,,,,,trade,false
2025-02-05T06:00:00Z,0.133,0.133,,,,,trade,false
2025-02-05T07:00:00Z,0.133,0.133,,,,,trade,false
2025-02-05T08:00:00Z,0.133,0.133,,,,,trade,false
2025-02-05T09:00:00Z,0.133,0.133,,,,,trade,false
2025-02-05T10:00:00Z,0.133,0.133,,,,,trade,false
2025-02-05T11:00:00Z,0.133,0.133,,,,,trade,false
2025-02-05T12:00:00Z,0.133,0.133,,,,,trade,false
2025-02-05T13:00:00Z,0.131,0.131,,,,,trade,false
2025-02-05T14:00:00Z,0.1295,0.1295,,,,,trade,false
2025-02-05T15:00:00Z,0.1315,0.1315,,,,,trade,false
2025-02-05T16:00:00Z,0.1305,0.1305,,,,,trade,false
2025-02-05T17:00:00Z,0.1295,0.1295,,,,,trade,false
2025-02-05T18:00:00Z,0.1315,0.1315,,,,,trade,false
2025-02-05T19:00:00Z,0.133,0.133,,,,,trade,false
2025-02-05T20:00:00Z,0.133,0.133,,,,,trade,false
2025-02-05T21:00:00Z,0.133,0.133,,,,,trade,false
2025-02-05T22:00:00Z,0.133,0.133,,,,,trade,false
2025-02-05T23:00:00Z,0.133,0.133,,,,,trade,false
2025-02-06T00:00:00Z,0.133,0.133,,,,,trade,false
2025-02-06T01:00:00Z,0.133,0.133,,,,,trade,false
2025-02-06T02:00:00Z,0.133,0.133,,,,,trade,false
2025-02-06T03:00:00Z,0.133,0.133,,,,,trade,false
2025-02-06T04:00:00Z,0.133,0.133,,,,,trade,false
2025-02-06T05:00:00Z,0.133,0.133,,,,,trade,false
2025-02-06T06:00:00Z,0.133,0.133,,,,,trade,false
2025-02-06T07:00:00Z,0.133,0.133,,,,,trade,false
2025-02-06T08:00:00Z,0.1355,0.1355,,,,,trade,false
2025-02-06T09:00:00Z,0.1355,0.1355,,,,,trade,false
2025-02-06T10:00:00Z,0.1355,0.1355,,,,,trade,false
2025-02-06T11:00:00Z,0.1355,0.1355,,,,,trade,false
2025-02-06T12:00:00Z,0.136,0.136,,,,,trade,false
2025-02-06T13:00:00Z,0.136,0.136,,,,,trade,false
2025-02-06T14:00:00Z,0.136,0.136,,,,,trade,false
2025-02-06T15:00:00Z,0.1355,0.1355,,,,,trade,false
2025-02-06T16:00:00Z,0.1355,0.1355,,,,,trade,false
2025-02-06T17:00:00Z,0.1355,0.1355,,,,,trade,false
2025-02-06T18:00:00Z,0.1355,0.1355,,,,,trade,false
2025-02-06T19:00:00Z,0.1355,0.1355,,,,,trade,false
2025-02-06T20:00:00Z,0.139,0.139,,,,,trade,false
2025-02-06T21:00:00Z,0.139,0.139,,,,,trade,false
2025-02-06T22:00:00Z,0.139,0.139,,,,,trade,false
2025-02-06T23:00:00Z,0.139,0.139,,,,,trade,false
2025-02-07T00:00:00Z,0.139,0.139,,,,,trade,false
2025-02-07T01:00:00Z,0.139,0.139,,,,,trade,false
2025-02-07T02:00:00Z,0.139,0.139,,,,,trade,false
2025-02-07T03:00:00Z,0.139,0.139,,,,,trade,false
2025-02-07T04:00:00Z,0.139,0.139,,,,,trade,false
2025-02-07T05:00:00Z,0.139,0.139,,,,,trade,false
2025-02-07T06:00:00Z,0.139,0.139,,,,,trade,false
2025-02-07T07:00:00Z,0.139,0.139,,,,,trade,false
2025-02-07T08:00:00Z,0.139,0.139,,,,,trade,false
2025-02-07T09:00:00Z,0.139,0.139,,,,,trade,false
2025-02-07T10:00:00Z,0.139,0.139,,,,,trade,false
2025-02-07T11:00:00Z,0.139,0.139,,,,,trade,false
2025-02-07T12:00:00Z,0.139,0.139,,,,,trade,false
2025-02-07T13:00:00Z,0.139,0.139,,,,,trade,false
2025-02-07T14:00:00Z,0.1315,0.1315,,,,,trade,false
2025-02-07T15:00:00Z,0.132,0.132,,,,,trade,false
2025-02-07T16:00:00Z,0.132,0.132,,,,,trade,false
2025-02-07T17:00:00Z,0.132,0.132,,,,,trade,false
2025-02-07T18:00:00Z,0.132,0.132,,,,,trade,false
2025-02-07T19:00:00Z,0.132,0.132,,,,,trade,false
2025-02-07T20:00:00Z,0.1325,0.1325,,,,,trade,false
2025-02-07T21:00:00Z,0.133,0.133,,,,,trade,false
2025-02-07T22:00:00Z,0.136,0.136,,,,,trade,false
2025-02-07T23:00:00Z,0.136,0.136,,,,,trade,false
2025-02-08T00:00:00Z,0.136,0.136,,,,,trade,false
2025-02-08T01:00:00Z,0.136,0.136,,,,,trade,false
2025-02-08T02:00:00Z,0.136,0.136,,,,,trade,false
2025-02-08T03:00:00Z,0.136,0.136,,,,,trade,false
2025-02-08T04:00:00Z,0.137,0.137,,,,,trade,false
2025-02-08T05:00:00Z,0.1445,0.1445,,,,,trade,false
2025-02-08T06:00:00Z,0.146,0.146,,,,,trade,false
2025-02-08T07:00:00Z,0.146,0.146,,,,,trade,false
2025-02-08T08:00:00Z,0.146,0.146,,,,,trade,false
2025-02-08T09:00:00Z,0.162,0.162,,,,,trade,false
2025-02-08T10:00:00Z,0.162,0.162,,,,,trade,false
2025-02-08T11:00:00Z,0.162,0.162,,,,,trade,false
2025-02-08T12:00:00Z,0.162,0.162,,,,,trade,false
2025-02-08T13:00:00Z,0.162,0.162,,,,,trade,false
2025-02-08T14:00:00Z,0.162,0.162,,,,,trade,false
2025-02-08T15:00:00Z,0.162,0.162,,,,,trade,false
2025-02-08T16:00:00Z,0.1625,0.1625,,,,,trade,false
2025-02-08T17:00:00Z,0.1625,0.1625,,,,,trade,false
2025-02-08T18:00:00Z,0.1645,0.1645,,,,,trade,false
2025-02-08T19:00:00Z,0.1645,0.1645,,,,,trade,false
2025-02-08T20:00:00Z,0.1645,0.1645,,,,,trade,false
2025-02-08T21:00:00Z,0.1635,0.1635,,,,,trade,false
2025-02-08T22:00:00Z,0.1695,0.1695,,,,,trade,false
2025-02-08T23:00:00Z,0.1705,0.1705,,,,,trade,false
2025-02-09T00:00:00Z,0.171,0.171,,,,,trade,false
2025-02-09T01:00:00Z,0.1705,0.1705,,,,,trade,false
2025-02-09T02:00:00Z,0.1705,0.1705,,,,,trade,false
2025-02-09T03:00:00Z,0.1705,0.1705,,,,,trade,false
2025-02-09T04:00:00Z,0.1755,0.1755,,,,,trade,false
2025-02-09T05:00:00Z,0.1755,0.1755,,,,,trade,false
2025-02-09T06:00:00Z,0.173,0.173,,,,,trade,false
2025-02-09T07:00:00Z,0.1955,0.1955,,,,,trade,false
2025-02-09T08:00:00Z,0.195,0.195,,,,,trade,false
2025-02-09T09:00:00Z,0.1955,0.1955,,,,,trade,false
2025-02-09T10:00:00Z,0.196,0.196,,,,,trade,false
2025-02-09T11:00:00Z,0.1955,0.1955,,,,,trade,false
2025-02-09T12:00:00Z,0.1955,0.1955,,,,,trade,false
2025-02-09T13:00:00Z,0.197,0.197,,,,,trade,false
2025-02-09T14:00:00Z,0.206,0.206,,,,,trade,false
2025-02-09T15:00:00Z,0.206,0.206,,,,,trade,false
2025-02-09T16:00:00Z,0.2055,0.2055,,,,,trade,false
2025-02-09T17:00:00Z,0.209,0.209,,,,,trade,false
2025-02-09T18:00:00Z,0.2165,0.2165,,,,,trade,false
2025-02-09T19:00:00Z,0.2165,0.2165,,,,,trade,false
2025-02-09T20:00:00Z,0.2165,0.2165,,,,,trade,false
2025-02-09T21:00:00Z,0.2175,0.2175,,,,,trade,false
2025-02-09T22:00:00Z,0.215,0.215,,,,,trade,false
2025-02-09T23:00:00Z,0.215,0.215,,,,,trade,false
2025-02-10T00:00:00Z,0.215,0.215,,,,,trade,false
2025-02-10T01:00:00Z,0.217,0.217,,,,,trade,false
2025-02-10T02:00:00Z,0.217,0.217,,,,,trade,false
2025-02-10T03:00:00Z,0.217,0.217,,,,,trade,false
2025-02-10T04:00:00Z,0.217,0.217,,,,,trade,false
2025-02-10T05:00:00Z,0.222,0.222,,,,,trade,false
2025-02-10T06:00:00Z,0.2,0.2,,,,,trade,false
2025-02-10T07:00:00Z,0.2265,0.2265,,,,,trade,false
2025-02-10T08:00:00Z,0.2265,0.2265,,,,,trade,false
2025-02-10T09:00:00Z,0.2185,0.2185,,,,,trade,false
2025-02-10T10:00:00Z,0.2195,0.2195,,,,,trade,false
2025-02-10T11:00:00Z,0.2195,0.2195,,,,,trade,false
2025-02-10T12:00:00Z,0.219,0.219,,,,,trade,false
2025-02-10T13:00:00Z,0.219,0.219,,,,,trade,false
2025-02-10T14:00:00Z,0.224,0.224,,,,,trade,false
2025-02-10T15:00:00Z,0.24,0.24,,,,,trade,false
2025-02-10T16:00:00Z,0.235,0.235,,,,,trade,false
2025-02-10T17:00:00Z,0.235,0.235,,,,,trade,false
2025-02-10T18:00:00Z,0.2315,0.2315,,,,,trade,false
2025-02-10T19:00:00Z,0.2215,0.2215,,,,,trade,false
2025-02-10T20:00:00Z,0.2215,0.2215,,,,,trade,false
2025-02-10T21:00:00Z,0.2315,0.2315,,,,,trade,false
2025-02-10T22:00:00Z,0.2315,0.2315,,,,,trade,false
2025-02-10T23:00:00Z,0.23,0.23,,,,,trade,false
2025-02-11T00:00:00Z,0.23,0.23,,,,,trade,false
2025-02-11T01:00:00Z,0.235,0.235,,,,,trade,false
2025-02-11T02:00:00Z,0.235,0.235,,,,,trade,false
2025-02-11T03:00:00Z,0.279,0.279,,,,,trade,false
2025-02-11T04:00:00Z,0.288,0.288,,,,,trade,false
2025-02-11T05:00:00Z,0.286,0.286,,,,,trade,false
2025-02-11T06:00:00Z,0.289,0.289,,,,,trade,false
2025-02-11T07:00:00Z,0.2865,0.2865,,,,,trade,false
2025-02-11T08:00:00Z,0.2875,0.2875,,,,,trade,false
2025-02-11T09:00:00Z,0.2875,0.2875,,,,,trade,false
2025-02-11T10:00:00Z,0.2855,0.2855,,,,,trade,false
2025-02-11T11:00:00Z,0.2865,0.2865,,,,,trade,false
2025-02-11T12:00:00Z,0.2865,0.2865,,,,,trade,false
2025-02-11T13:00:00Z,0.297,0.297,,,,,trade,false
2025-02-11T14:00:00Z,0.301,0.301,,,,,trade,false
2025-02-11T15:00:00Z,0.2975,0.2975,,,,,trade,false
2025-02-11T16:00:00Z,0.295,0.295,,,,,trade,false
2025-02-11T17:00:00Z,0.3,0.3,,,,,trade,false
2025-02-11T18:00:00Z,0.3,0.3,,,,,trade,false
2025-02-11T19:00:00Z,0.3,0.3,,,,,trade,false
2025-02-11T20:00:00Z,0.2985,0.2985,,,,,trade,false
2025-02-11T21:00:00Z,0.3,0.3,,,,,trade,false
2025-02-11T22:00:00Z,0.3055,0.3055,,,,,trade,false
2025-02-11T23:00:00Z,0.3,0.3,,,,,trade,false
2025-02-12T00:00:00Z,0.3,0.3,,,,,trade,false
2025-02-12T01:00:00Z,0.2845,0.2845,,,,,trade,false
2025-02-12T02:00:00Z,0.2835,0.2835,,,,,trade,false
2025-02-12T03:00:00Z,0.2895,0.2895,,,,,trade,false
2025-02-12T04:00:00Z,0.2895,0.2895,,,,,trade,false
2025-02-12T05:00:00Z,0.3125,0.3125,,,,,trade,false
2025-02-12T06:00:00Z,0.3065,0.3065,,,,,trade,false
2025-02-12T07:00:00Z,0.323,0.323,,,,,trade,false
2025-02-12T08:00:00Z,0.323,0.323,,,,,trade,false
2025-02-12T09:00:00Z,0.329,0.329,,,,,trade,false
2025-02-12T10:00:00Z,0.3305,0.3305,,,,,trade,false
2025-02-12T11:00:00Z,0.3285,0.3285,,,,,trade,false
2025-02-12T12:00:00Z,0.3275,0.3275,,,,,trade,false
2025-02-12T13:00:00Z,0.3265,0.3265,,,,,trade,false
2025-02-12T14:00:00Z,0.3235,0.3235,,,,,trade,false
2025-02-12T15:00:00Z,0.3015,0.3015,,,,,trade,false
2025-02-12T16:00:00Z,0.3025,0.3025,,,,,trade,false
2025-02-12T17:00:00Z,0.2805,0.2805,,,,,trade,false
2025-02-12T18:00:00Z,0.2805,0.2805,,,,,trade,false
2025-02-12T19:00:00Z,0.281,0.281,,,,,trade,false
2025-02-12T20:00:00Z,0.29,0.29,,,,,trade,false
2025-02-12T21:00:00Z,0.289,0.289,,,,,trade,false
2025-02-12T22:00:00Z,0.2945,0.2945,,,,,trade,false
2025-02-12T23:00:00Z,0.284,0.284,,,,,trade,false
2025-02-13T00:00:00Z,0.284,0.284,,,,,trade,false
2025-02-13T01:00:00Z,0.28,0.28,,,,,trade,false
2025-02-13T02:00:00Z,0.28,0.28,,,,,trade,false
2025-02-13T03:00:00Z,0.2795,0.2795,,,,,trade,false
2025-02-13T04:00:00Z,0.2805,0.2805,,,,,trade,false
2025-02-13T05:00:00Z,0.2805,0.2805,,,,,trade,false
2025-02-13T06:00:00Z,0.2795,0.2795,,,,,trade,false
2025-02-13T07:00:00Z,0.279,0.279,,,,,trade,false
2025-02-13T08:00:00Z,0.279,0.279,,,,,trade,false
2025-02-13T09:00:00Z,0.2755,0.2755,,,,,trade,false
2025-02-13T10:00:00Z,0.2735,0.2735,,,,,trade,false
2025-02-13T11:00:00Z,0.2735,0.2735,,,,,trade,false
2025-02-13T12:00:00Z,0.2735,0.2735,,,,,trade,false
2025-02-13T13:00:00Z,0.2735,0.2735,,,,,trade,false
2025-02-13T14:00:00Z,0.2735,0.2735,,,,,trade,false
2025-02-13T15:00:00Z,0.274,0.274,,,,,trade,false
2025-02-13T16:00:00Z,0.2725,0.2725,,,,,trade,false
2025-02-13T17:00:00Z,0.2735,0.2735,,,,,trade,false
2025-02-13T18:00:00Z,0.2725,0.2725,,,,,trade,false
2025-02-13T19:00:00Z,0.2685,0.2685,,,,,trade,false
2025-02-13T20:00:00Z,0.268,0.268,,,,,trade,false
2025-02-13T21:00:00Z,0.26,0.26,,,,,trade,false
2025-02-13T22:00:00Z,0.262,0.262,,,,,trade,false
2025-02-13T23:00:00Z,0.2615,0.2615,,,,,trade,false
2025-02-14T00:00:00Z,0.263,0.263,,,,,trade,false
2025-02-14T01:00:00Z,0.264,0.264,,,,,trade,false
2025-02-14T02:00:00Z,0.262,0.262,,,,,trade,false
2025-02-14T03:00:00Z,0.264,0.264,,,,,trade,false
2025-02-14T04:00:00Z,0.2615,0.2615,,,,,trade,false
2025-02-14T05:00:00Z,0.264,0.264,,,,,trade,false
2025-02-14T06:00:00Z,0.2595,0.2595,,,,,trade,false
2025-02-14T07:00:00Z,0.2795,0.2795,,,,,trade,false
2025-02-14T08:00:00Z,0.2795,0.2795,,,,,trade,false
2025-02-14T09:00:00Z,0.2775,0.2775,,,,,trade,false
2025-02-14T10:00:00Z,0.2785,0.2785,,,,,trade,false
2025-02-14T11:00:00Z,0.276,0.276,,,,,trade,false
2025-02-14T12:00:00Z,0.2755,0.2755,,,,,trade,false
2025-02-14T13:00:00Z,0.2755,0.2755,,,,,trade,false
2025-02-14T14:00:00Z,0.274,0.274,,,,,trade,false
2025-02-14T15:00:00Z,0.272,0.272,,,,,trade,false
2025-02-14T16:00:00Z,0.276,0.276,,,,,trade,false
2025-02-14T17:00:00Z,0.276,0.276,,,,,trade,false
2025-02-14T18:00:00Z,0.27,0.27,,,,,trade,false
2025-02-14T19:00:00Z,0.268,0.268,,,,,trade,false
2025-02-14T20:00:00Z,0.2615,0.2615,,,,,trade,false
2025-02-14T21:00:00Z,0.2625,0.2625,,,,,trade,false
2025-02-14T22:00:00Z,0.2655,0.2655,,,,,trade,false
2025-02-14T23:00:00Z,0.264,0.264,,,,,trade,false
2025-02-15T00:00:00Z,0.2665,0.2665,,,,,trade,false
2025-02-15T01:00:00Z,0.2665,0.2665,,,,,trade,false
2025-02-15T02:00:00Z,0.2655,0.2655,,,,,trade,false
2025-02-15T03:00:00Z,0.265,0.265,,,,,trade,false
2025-02-15T04:00:00Z,0.266,0.266,,,,,trade,false
2025-02-15T05:00:00Z,0.2665,0.2665,,,,,trade,false
2025-02-15T06:00:00Z,0.2645,0.2645,,,,,trade,false
2025-02-15T07:00:00Z,0.267,0.267,,,,,trade,false
2025-02-15T08:00:00Z,0.269,0.269,,,,,trade,false
2025-02-15T09:00:00Z,0.2735,0.2735,,,,,trade,false
2025-02-15T10:00:00Z,0.2735,0.2735,,,,,trade,false
2025-02-15T11:00:00Z,0.2735,0.2735,,,,,trade,false
2025-02-15T12:00:00Z,0.2735,0.2735,,,,,trade,false
2025-02-15T13:00:00Z,0.2735,0.2735,,,,,trade,false
2025-02-15T14:00:00Z,0.277,0.277,,,,,trade,false
2025-02-15T15:00:00Z,0.277,0.277,,,,,trade,false
2025-02-15T16:00:00Z,0.276,0.276,,,,,trade,false
2025-02-15T17:00:00Z,0.276,0.276,,,,,trade,false
2025-02-15T18:00:00Z,0.276,0.276,,,,,trade,false
2025-02-15T19:00:00Z,0.276,0.276,,,,,trade,false
2025-02-15T20:00:00Z,0.2755,0.2755,,,,,trade,false
2025-02-15T21:00:00Z,0.2755,0.2755,,,,,trade,false
2025-02-15T22:00:00Z,0.2755,0.2755,,,,,trade,false
2025-02-15T23:00:00Z,0.2755,0.2755,,,,,trade,false
2025-02-16T00:00:00Z,0.2755,0.2755,,,,,trade,false
2025-02-16T01:00:00Z,0.2755,0.2755,,,,,trade,false
2025-02-16T02:00:00Z,0.2755,0.2755,,,,,trade,false
2025-02-16T03:00:00Z,0.2755,0.2755,,,,,trade,false
2025-02-16T04:00:00Z,0.2755,0.2755,,,,,trade,false
2025-02-16T05:00:00Z,0.2755,0.2755,,,,,trade,false
2025-02-16T06:00:00Z,0.272,0.272,,,,,trade,false
2025-02-16T07:00:00Z,0.2745,0.2745,,,,,trade,false
2025-02-16T08:00:00Z,0.2745,0.2745,,,,,trade,false
2025-02-16T09:00:00Z,0.2755,0.2755,,,,,trade,false
2025-02-16T10:00:00Z,0.2755,0.2755,,,,,trade,false
2025-02-16T11:00:00Z,0.2755,0.2755,,,,,trade,false
2025-02-16T12:00:00Z,0.2755,0.2755,,,,,trade,false
2025-02-16T13:00:00Z,0.2755,0.2755,,,,,trade,false
2025-02-16T14:00:00Z,0.2755,0.2755,,,,,trade,false
2025-02-16T15:00:00Z,0.2755,0.2755,,,,,trade,false
2025-02-16T16:00:00Z,0.275,0.275,,,,,trade,false
2025-02-16T17:00:00Z,0.274,0.274,,,,,trade,false
2025-02-16T18:00:00Z,0.2755,0.2755,,,,,trade,false
2025-02-16T19:00:00Z,0.2755,0.2755,,,,,trade,false
2025-02-16T20:00:00Z,0.2755,0.2755,,,,,trade,false
2025-02-16T21:00:00Z,0.275,0.275,,,,,trade,false
2025-02-16T22:00:00Z,0.2755,0.2755,,,,,trade,false
2025-02-16T23:00:00Z,0.2745,0.2745,,,,,trade,false
2025-02-17T00:00:00Z,0.275,0.275,,,,,trade,false
2025-02-17T01:00:00Z,0.2745,0.2745,,,,,trade,false
2025-02-17T02:00:00Z,0.275,0.275,,,,,trade,false
2025-02-17T03:00:00Z,0.2745,0.2745,,,,,trade,false
2025-02-17T04:00:00Z,0.2745,0.2745,,,,,trade,false
2025-02-17T05:00:00Z,0.271,0.271,,,,,trade,false
2025-02-17T06:00:00Z,0.2705,0.2705,,,,,trade,false
2025-02-17T07:00:00Z,0.2705,0.2705,,,,,trade,false
2025-02-17T08:00:00Z,0.2705,0.2705,,,,,trade,false
2025-02-17T09:00:00Z,0.2705,0.2705,,,,,trade,false
2025-02-17T10:00:00Z,0.2695,0.2695,,,,,trade,false
2025-02-17T11:00:00Z,0.2695,0.2695,,,,,trade,false
2025-02-17T12:00:00Z,0.2695,0.2695,,,,,trade,false
2025-02-17T13:00:00Z,0.2695,0.2695,,,,,trade,false
2025-02-17T14:00:00Z,0.2685,0.2685,,,,,trade,false
2025-02-17T15:00:00Z,0.2655,0.2655,,,,,trade,false
2025-02-17T16:00:00Z,0.2655,0.2655,,,,,trade,false
2025-02-17T17:00:00Z,0.266,0.266,,,,,trade,false
2025-02-17T18:00:00Z,0.264,0.264,,,,,trade,false
2025-02-17T19:00:00Z,0.264,0.264,,,,,trade,false
2025-02-17T20:00:00Z,0.2645,0.2645,,,,,trade,false
2025-02-17T21:00:00Z,0.2645,0.2645,,,,,trade,false
2025-02-17T22:00:00Z,0.264,0.264,,,,,trade,false
2025-02-17T23:00:00Z,0.265,0.265,,,,,trade,false
2025-02-18T00:00:00Z,0.2645,0.2645,,,,,trade,false
2025-02-18T01:00:00Z,0.265,0.265,,,,,trade,false
2025-02-18T02:00:00Z,0.2645,0.2645,,,,,trade,false
2025-02-18T03:00:00Z,0.2605,0.2605,,,,,trade,false
2025-02-18T04:00:00Z,0.2625,0.2625,,,,,trade,false
2025-02-18T05:00:00Z,0.264,0.264,,,,,trade,false
2025-02-18T06:00:00Z,0.264,0.264,,,,,trade,false
2025-02-18T07:00:00Z,0.264,0.264,,,,,trade,false
2025-02-18T08:00:00Z,0.263,0.263,,,,,trade,false
2025-02-18T09:00:00Z,0.263,0.263,,,,,trade,false
2025-02-18T10:00:00Z,0.2635,0.2635,,,,,trade,false
2025-02-18T11:00:00Z,0.263,0.263,,,,,trade,false
2025-02-18T12:00:00Z,0.2635,0.2635,,,,,trade,false
2025-02-18T13:00:00Z,0.2635,0.2635,,,,,trade,false
2025-02-18T14:00:00Z,0.2635,0.2635,,,,,trade,false
2025-02-18T15:00:00Z,0.262,0.262,,,,,trade,false
2025-02-18T16:00:00Z,0.262,0.262,,,,,trade,false
2025-02-18T17:00:00Z,0.2625,0.2625,,,,,trade,false
2025-02-18T18:00:00Z,0.2625,0.2625,,,,,trade,false
2025-02-18T19:00:00Z,0.2635,0.2635,,,,,trade,false
2025-02-18T20:00:00Z,0.2635,0.2635,,,,,trade,false
2025-02-18T21:00:00Z,0.2635,0.2635,,,,,trade,false
2025-02-18T22:00:00Z,0.263,0.263,,,,,trade,false
2025-02-18T23:00:00Z,0.2625,0.2625,,,,,trade,false
2025-02-19T00:00:00Z,0.2625,0.2625,,,,,trade,false
2025-02-19T01:00:00Z,0.2625,0.2625,,,,,trade,false
2025-02-19T02:00:00Z,0.2625,0.2625,,,,,trade,false
2025-02-19T03:00:00Z,0.262,0.262,,,,,trade,false
2025-02-19T04:00:00Z,0.2625,0.2625,,,,,trade,false
2025-02-19T05:00:00Z,0.2625,0.2625,,,,,trade,false
2025-02-19T06:00:00Z,0.2615,0.2615,,,,,trade,false
2025-02-19T07:00:00Z,0.262,0.262,,,,,trade,false
2025-02-19T08:00:00Z,0.2615,0.2615,,,,,trade,false
2025-02-19T09:00:00Z,0.2615,0.2615,,,,,trade,false
2025-02-19T10:00:00Z,0.2615,0.2615,,,,,trade,false
2025-02-19T11:00:00Z,0.2615,0.2615,,,,,trade,false
2025-02-19T12:00:00Z,0.2615,0.2615,,,,,trade,false
2025-02-19T13:00:00Z,0.2615,0.2615,,,,,trade,false
2025-02-19T14:00:00Z,0.261,0.261,,,,,trade,false
2025-02-19T15:00:00Z,0.2615,0.2615,,,,,trade,false
2025-02-19T16:00:00Z,0.261,0.261,,,,,trade,false
2025-02-19T17:00:00Z,0.2615,0.2615,,,,,trade,false
2025-02-19T18:00:00Z,0.2615,0.2615,,,,,trade,false
2025-02-19T19:00:00Z,0.261,0.261,,,,,trade,false
2025-02-19T20:00:00Z,0.2615,0.2615,,,,,trade,false
2025-02-19T21:00:00Z,0.261,0.261,,,,,trade,false
2025-02-19T22:00:00Z,0.2615,0.2615,,,,,trade,false
2025-02-19T23:00:00Z,0.2615,0.2615,,,,,trade,false
2025-02-20T00:00:00Z,0.2615,0.2615,,,,,trade,false
2025-02-20T01:00:00Z,0.2635,0.2635,,,,,trade,false
2025-02-20T02:00:00Z,0.264,0.264,,,,,trade,false
2025-02-20T03:00:00Z,0.2635,0.2635,,,,,trade,false
2025-02-20T04:00:00Z,0.2635,0.2635,,,,,trade,false
2025-02-20T05:00:00Z,0.2635,0.2635,,,,,trade,false
2025-02-20T06:00:00Z,0.2625,0.2625,,,,,trade,false
2025-02-20T07:00:00Z,0.2625,0.2625,,,,,trade,false
2025-02-20T08:00:00Z,0.2625,0.2625,,,,,trade,false
2025-02-20T09:00:00Z,0.265,0.265,,,,,trade,false
2025-02-20T10:00:00Z,0.265,0.265,,,,,trade,false
2025-02-20T11:00:00Z,0.2645,0.2645,,,,,trade,false
2025-02-20T12:00:00Z,0.265,0.265,,,,,trade,false
2025-02-20T13:00:00Z,0.2625,0.2625,,,,,trade,false
2025-02-20T14:00:00Z,0.2635,0.2635,,,,,trade,false
2025-02-20T15:00:00Z,0.263,0.263,,,,,trade,false
2025-02-20T16:00:00Z,0.2635,0.2635,,,,,trade,false
2025-02-20T17:00:00Z,0.2635,0.2635,,,,,trade,false
2025-02-20T18:00:00Z,0.263,0.263,,,,,trade,false
2025-02-20T19:00:00Z,0.2635,0.2635,,,,,trade,false
2025-02-20T20:00:00Z,0.2625,0.2625,,,,,trade,false
2025-02-20T21:00:00Z,0.2635,0.2635,,,,,trade,false
2025-02-20T22:00:00Z,0.2595,0.2595,,,,,trade,false
2025-02-20T23:00:00Z,0.268,0.268,,,,,trade,false
2025-02-21T00:00:00Z,0.268,0.268,,,,,trade,false
2025-02-21T01:00:00Z,0.268,0.268,,,,,trade,false
2025-02-21T02:00:00Z,0.268,0.268,,,,,trade,false
2025-02-21T03:00:00Z,0.2675,0.2675,,,,,trade,false
2025-02-21T04:00:00Z,0.267,0.267,,,,,trade,false
2025-02-21T05:00:00Z,0.2675,0.2675,,,,,trade,false
2025-02-21T06:00:00Z,0.265,0.265,,,,,trade,false
2025-02-21T07:00:00Z,0.2655,0.2655,,,,,trade,false
2025-02-21T08:00:00Z,0.2655,0.2655,,,,,trade,false
2025-02-21T09:00:00Z,0.2585,0.2585,,,,,trade,false
2025-02-21T10:00:00Z,0.2625,0.2625,,,,,trade,false
2025-02-21T11:00:00Z,0.2625,0.2625,,,,,trade,false
2025-02-21T12:00:00Z,0.2625,0.2625,,,,,trade,false
2025-02-21T13:00:00Z,0.259,0.259,,,,,trade,false
2025-02-21T14:00:00Z,0.262,0.262,,,,,trade,false
2025-02-21T15:00:00Z,0.261,0.261,,,,,trade,false
2025-02-21T16:00:00Z,0.263,0.263,,,,,trade,false
2025-02-21T17:00:00Z,0.262,0.262,,,,,trade,false
2025-02-21T18:00:00Z,0.252,0.252,,,,,trade,false
2025-02-21T19:00:00Z,0.2555,0.2555,,,,,trade,false
2025-02-21T20:00:00Z,0.2565,0.2565,,,,,trade,false
2025-02-21T21:00:00Z,0.2555,0.2555,,,,,trade,false
2025-02-21T22:00:00Z,0.2565,0.2565,,,,,trade,false
2025-02-21T23:00:00Z,0.2565,0.2565,,,,,trade,false
2025-02-22T00:00:00Z,0.2595,0.2595,,,,,trade,false
2025-02-22T01:00:00Z,0.2565,0.2565,,,,,trade,false
2025-02-22T02:00:00Z,0.2605,0.2605,,,,,trade,false
2025-02-22T03:00:00Z,0.2565,0.2565,,,,,trade,false
2025-02-22T04:00:00Z,0.2585,0.2585,,,,,trade,false
2025-02-22T05:00:00Z,0.2585,0.2585,,,,,trade,false
2025-02-22T06:00:00Z,0.26,0.26,,,,,trade,false
2025-02-22T07:00:00Z,0.26,0.26,,,,,trade,false
2025-02-22T08:00:00Z,0.26,0.26,,,,,trade,false
2025-02-22T09:00:00Z,0.26,0.26,,,,,trade,false
2025-02-22T10:00:00Z,0.2595,0.2595,,,,,trade,false
2025-02-22T11:00:00Z,0.26,0.26,,,,,trade,false
2025-02-22T12:00:00Z,0.26,0.26,,,,,trade,false
2025-02-22T13:00:00Z,0.2565,0.2565,,,,,trade,false
2025-02-22T14:00:00Z,0.26,0.26,,,,,trade,false
2025-02-22T15:00:00Z,0.2605,0.2605,,,,,trade,false
2025-02-22T16:00:00Z,0.2605,0.2605,,,,,trade,false
2025-02-22T17:00:00Z,0.2605,0.2605,,,,,trade,false
2025-02-22T18:00:00Z,0.2595,0.2595,,,,,trade,false
2025-02-22T19:00:00Z,0.2635,0.2635,,,,,trade,false
2025-02-22T20:00:00Z,0.261,0.261,,,,,trade,false
2025-02-22T21:00:00Z,0.259,0.259,,,,,trade,false
2025-02-22T22:00:00Z,0.2625,0.2625,,,,,trade,false
2025-02-22T23:00:00Z,0.2625,0.2625,,,,,trade,false
2025-02-23T00:00:00Z,0.257,0.257,,,,,trade,false
2025-02-23T01:00:00Z,0.2595,0.2595,,,,,trade,false
2025-02-23T02:00:00Z,0.257,0.257,,,,,trade,false
2025-02-23T03:00:00Z,0.258,0.258,,,,,trade,false
2025-02-23T04:00:00Z,0.2605,0.2605,,,,,trade,false
2025-02-23T05:00:00Z,0.264,0.264,,,,,trade,false
2025-02-23T06:00:00Z,0.2555,0.2555,,,,,trade,false
2025-02-23T07:00:00Z,0.2585,0.2585,,,,,trade,false
2025-02-23T08:00:00Z,0.2585,0.2585,,,,,trade,false
2025-02-23T09:00:00Z,0.2575,0.2575,,,,,trade,false
2025-02-23T10:00:00Z,0.258,0.258,,,,,trade,false
2025-02-23T11:00:00Z,0.257,0.257,,,,,trade,false
2025-02-23T12:00:00Z,0.256,0.256,,,,,trade,false
2025-02-23T13:00:00Z,0.256,0.256,,,,,trade,false
2025-02-23T14:00:00Z,0.2595,0.2595,,,,,trade,false
2025-02-23T15:00:00Z,0.2555,0.2555,,,,,trade,false
2025-02-23T16:00:00Z,0.261,0.261,,,,,trade,false
2025-02-23T17:00:00Z,0.2555,0.2555,,,,,trade,false
2025-02-23T18:00:00Z,0.255,0.255,,,,,trade,false
2025-02-23T19:00:00Z,0.2555,0.2555,,,,,trade,false
2025-02-23T20:00:00Z,0.255,0.255,,,,,trade,false
2025-02-23T21:00:00Z,0.26,0.26,,,,,trade,false
2025-02-23T22:00:00Z,0.2575,0.2575,,,,,trade,false
2025-02-23T23:00:00Z,0.256,0.256,,,,,trade,false
2025-02-24T00:00:00Z,0.2555,0.2555,,,,,trade,false
2025-02-24T01:00:00Z,0.2665,0.2665,,,,,trade,false
2025-02-24T02:00:00Z,0.264,0.264,,,,,trade,false
2025-02-24T03:00:00Z,0.2615,0.2615,,,,,trade,false
2025-02-24T04:00:00Z,0.26,0.26,,,,,trade,false
2025-02-24T05:00:00Z,0.264,0.264,,,,,trade,false
2025-02-24T06:00:00Z,0.2635,0.2635,,,,,trade,false
2025-02-24T07:00:00Z,0.262,0.262,,,,,trade,false
2025-02-24T08:00:00Z,0.261,0.261,,,,,trade,false
2025-02-24T09:00:00Z,0.267,0.267,,,,,trade,false
2025-02-24T10:00:00Z,0.269,0.269,,,,,trade,false
2025-02-24T11:00:00Z,0.2685,0.2685,,,,,trade,false
2025-02-24T12:00:00Z,0.267,0.267,,,,,trade,false
2025-02-24T13:00:00Z,0.2675,0.2675,,,,,trade,false
2025-02-24T14:00:00Z,0.268,0.268,,,,,trade,false
2025-02-24T15:00:00Z,0.27,0.27,,,,,trade,false
2025-02-24T16:00:00Z,0.2655,0.2655,,,,,trade,false
2025-02-24T17:00:00Z,0.2655,0.2655,,,,,trade,false
2025-02-24T18:00:00Z,0.263,0.263,,,,,trade,false
2025-02-24T19:00:00Z,0.263,0.263,,,,,trade,false
2025-02-24T20:00:00Z,0.267,0.267,,,,,trade,false
2025-02-24T21:00:00Z,0.267,0.267,,,,,trade,false
2025-02-24T22:00:00Z,0.2665,0.2665,,,,,trade,false
2025-02-24T23:00:00Z,0.2665,0.2665,,,,,trade,false
2025-02-25T00:00:00Z,0.267,0.267,,,,,trade,false
2025-02-25T01:00:00Z,0.2665,0.2665,,,,,trade,false
2025-02-25T02:00:00Z,0.2665,0.2665,,,,,trade,false
2025-02-25T03:00:00Z,0.268,0.268,,,,,trade,false
2025-02-25T04:00:00Z,0.268,0.268,,,,,trade,false
2025-02-25T05:00:00Z,0.268,0.268,,,,,trade,false
2025-02-25T06:00:00Z,0.2675,0.2675,,,,,trade,false
2025-02-25T07:00:00Z,0.2675,0.2675,,,,,trade,false
2025-02-25T08:00:00Z,0.2675,0.2675,,,,,trade,false
2025-02-25T09:00:00Z,0.268,0.268,,,,,trade,false
2025-02-25T10:00:00Z,0.2675,0.2675,,,,,trade,false
2025-02-25T11:00:00Z,0.2675,0.2675,,,,,trade,false
2025-02-25T12:00:00Z,0.268,0.268,,,,,trade,false
2025-02-25T13:00:00Z,0.268,0.268,,,,,trade,false
2025-02-25T14:00:00Z,0.2675,0.2675,,,,,trade,false
2025-02-25T15:00:00Z,0.2675,0.2675,,,,,trade,false
2025-02-25T16:00:00Z,0.268,0.268,,,,,trade,false
2025-02-25T17:00:00Z,0.268,0.268,,,,,trade,false
2025-02-25T18:00:00Z,0.268,0.268,,,,,trade,false
2025-02-25T19:00:00Z,0.268,0.268,,,,,trade,false
2025-02-25T20:00:00Z,0.2675,0.2675,,,,,trade,false
2025-02-25T21:00:00Z,0.275,0.275,,,,,trade,false
2025-02-25T22:00:00Z,0.2735,0.2735,,,,,trade,false
2025-02-25T23:00:00Z,0.263,0.263,,,,,trade,false
2025-02-26T00:00:00Z,0.2805,0.2805,,,,,trade,false
2025-02-26T01:00:00Z,0.287,0.287,,,,,trade,false
2025-02-26T02:00:00Z,0.2875,0.2875,,,,,trade,false
2025-02-26T03:00:00Z,0.2645,0.2645,,,,,trade,false
2025-02-26T04:00:00Z,0.278,0.278,,,,,trade,false
2025-02-26T05:00:00Z,0.307,0.307,,,,,trade,false
2025-02-26T06:00:00Z,0.3185,0.3185,,,,,trade,false
2025-02-26T07:00:00Z,0.386,0.386,,,,,trade,false
2025-02-26T08:00:00Z,0.379,0.379,,,,,trade,false
2025-02-26T09:00:00Z,0.3785,0.3785,,,,,trade,false
2025-02-26T10:00:00Z,0.3735,0.3735,,,,,trade,false
2025-02-26T11:00:00Z,0.369,0.369,,,,,trade,false
2025-02-26T12:00:00Z,0.3735,0.3735,,,,,trade,false
2025-02-26T13:00:00Z,0.374,0.374,,,,,trade,false
2025-02-26T14:00:00Z,0.3585,0.3585,,,,,trade,false
2025-02-26T15:00:00Z,0.337,0.337,,,,,trade,false
2025-02-26T16:00:00Z,0.337,0.337,,,,,trade,false
2025-02-26T17:00:00Z,0.3375,0.3375,,,,,trade,false
2025-02-26T18:00:00Z,0.337,0.337,,,,,trade,false
2025-02-26T19:00:00Z,0.337,0.337,,,,,trade,false
2025-02-26T20:00:00Z,0.332,0.332,,,,,trade,false
2025-02-26T21:00:00Z,0.324,0.324,,,,,trade,false
2025-02-26T22:00:00Z,0.324,0.324,,,,,trade,false
2025-02-26T23:00:00Z,0.329,0.329,,,,,trade,false
2025-02-27T00:00:00Z,0.329,0.329,,,,,trade,false
2025-02-27T01:00:00Z,0.329,0.329,,,,,trade,false
2025-02-27T02:00:00Z,0.332,0.332,,,,,trade,false
2025-02-27T03:00:00Z,0.3135,0.3135,,,,,trade,false
2025-02-27T04:00:00Z,0.323,0.323,,,,,trade,false
2025-02-27T05:00:00Z,0.324,0.324,,,,,trade,false
2025-02-27T06:00:00Z,0.3255,0.3255,,,,,trade,false
2025-02-27T07:00:00Z,0.353,0.353,,,,,trade,false
2025-02-27T08:00:00Z,0.34,0.34,,,,,trade,false
2025-02-27T09:00:00Z,0.3365,0.3365,,,,,trade,false
2025-02-27T10:00:00Z,0.3365,0.3365,,,,,trade,false
2025-02-27T11:00:00Z,0.3715,0.3715,,,,,trade,false
2025-02-27T12:00:00Z,0.3715,0.3715,,,,,trade,false
2025-02-27T13:00:00Z,0.3725,0.3725,,,,,trade,false
2025-02-27T14:00:00Z,0.3755,0.3755,,,,,trade,false
2025-02-27T15:00:00Z,0.3765,0.3765,,,,,trade,false
2025-02-27T16:00:00Z,0.3765,0.3765,,,,,trade,false
2025-02-27T17:00:00Z,0.371,0.371,,,,,trade,false
2025-02-27T18:00:00Z,0.371,0.371,,,,,trade,false
2025-02-27T19:00:00Z,0.372,0.372,,,,,trade,false
2025-02-27T20:00:00Z,0.3755,0.3755,,,,,trade,false
2025-02-27T21:00:00Z,0.3745,0.3745,,,,,trade,false
2025-02-27T22:00:00Z,0.3755,0.3755,,,,,trade,false
2025-02-27T23:00:00Z,0.375,0.375,,,,,trade,false
2025-02-28T00:00:00Z,0.375,0.375,,,,,trade,false
2025-02-28T01:00:00Z,0.3765,0.3765,,,,,trade,false
2025-02-28T02:00:00Z,0.3765,0.3765,,,,,trade,false
2025-02-28T03:00:00Z,0.379,0.379,,,,,trade,false
2025-02-28T04:00:00Z,0.3765,0.3765,,,,,trade,false
2025-02-28T05:00:00Z,0.375,0.375,,,,,trade,false
2025-02-28T06:00:00Z,0.3715,0.3715,,,,,trade,false
2025-02-28T07:00:00Z,0.3715,0.3715,,,,,trade,false
2025-02-28T08:00:00Z,0.371,0.371,,,,,trade,false
2025-02-28T09:00:00Z,0.371,0.371,,,,,trade,false
2025-02-28T10:00:00Z,0.371,0.371,,,,,trade,false
2025-02-28T11:00:00Z,0.371,0.371,,,,,trade,false
2025-02-28T12:00:00Z,0.372,0.372,,,,,trade,false
2025-02-28T13:00:00Z,0.372,0.372,,,,,trade,false
2025-02-28T14:00:00Z,0.372,0.372,,,,,trade,false
2025-02-28T15:00:00Z,0.372,0.372,,,,,trade,false
2025-02-28T16:00:00Z,0.373,0.373,,,,,trade,false
2025-02-28T17:00:00Z,0.3625,0.3625,,,,,trade,false
2025-02-28T18:00:00Z,0.354,0.354,,,,,trade,false
2025-02-28T19:00:00Z,0.3565,0.3565,,,,,trade,false
2025-02-28T20:00:00Z,0.357,0.357,,,,,trade,false
2025-02-28T21:00:00Z,0.3585,0.3585,,,,,trade,false
2025-02-28T22:00:00Z,0.3325,0.3325,,,,,trade,false
2025-02-28T23:00:00Z,0.334,0.334,,,,,trade,false
2025-03-01T00:00:00Z,0.339,0.339,,,,,trade,false
2025-03-01T01:00:00Z,0.3405,0.3405,,,,,trade,false
2025-03-01T02:00:00Z,0.3405,0.3405,,,,,trade,false
2025-03-01T03:00:00Z,0.326,0.326,,,,,trade,false
2025-03-01T04:00:00Z,0.3205,0.3205,,,,,trade,false
2025-03-01T05:00:00Z,0.3105,0.3105,,,,,trade,false
2025-03-01T06:00:00Z,0.313,0.313,,,,,trade,false
2025-03-01T07:00:00Z,0.313,0.313,,,,,trade,false
2025-03-01T08:00:00Z,0.313,0.313,,,,,trade,false
2025-03-01T09:00:00Z,0.314,0.314,,,,,trade,false
2025-03-01T10:00:00Z,0.3135,0.3135,,,,,trade,false
2025-03-01T11:00:00Z,0.312,0.312,,,,,trade,false
2025-03-01T12:00:00Z,0.3115,0.3115,,,,,trade,false
2025-03-01T13:00:00Z,0.3155,0.3155,,,,,trade,false
2025-03-01T14:00:00Z,0.3195,0.3195,,,,,trade,false
2025-03-01T15:00:00Z,0.319,0.319,,,,,trade,false
2025-03-01T16:00:00Z,0.312,0.312,,,,,trade,false
2025-03-01T17:00:00Z,0.309,0.309,,,,,trade,false
2025-03-01T18:00:00Z,0.3085,0.3085,,,,,trade,false
2025-03-01T19:00:00Z,0.313,0.313,,,,,trade,false
2025-03-01T20:00:00Z,0.3125,0.3125,,,,,trade,false
2025-03-01T21:00:00Z,0.31,0.31,,,,,trade,false
2025-03-01T22:00:00Z,0.3055,0.3055,,,,,trade,false
2025-03-01T23:00:00Z,0.31,0.31,,,,,trade,false
2025-03-02T00:00:00Z,0.293,0.293,,,,,trade,false
2025-03-02T01:00:00Z,0.292,0.292,,,,,trade,false
2025-03-02T02:00:00Z,0.293,0.293,,,,,trade,false
2025-03-02T03:00:00Z,0.2925,0.2925,,,,,trade,false
2025-03-02T04:00:00Z,0.2945,0.2945,,,,,trade,false
2025-03-02T05:00:00Z,0.294,0.294,,,,,trade,false
2025-03-02T06:00:00Z,0.294,0.294,,,,,trade,false
2025-03-02T07:00:00Z,0.294,0.294,,,,,trade,false
2025-03-02T08:00:00Z,0.2905,0.2905,,,,,trade,false
2025-03-02T09:00:00Z,0.2905,0.2905,,,,,trade,false
2025-03-02T10:00:00Z,0.2895,0.2895,,,,,trade,false
2025-03-02T11:00:00Z,0.29,0.29,,,,,trade,false
2025-03-02T12:00:00Z,0.2925,0.2925,,,,,trade,false
2025-03-02T13:00:00Z,0.3085,0.3085,,,,,trade,false
2025-03-02T14:00:00Z,0.311,0.311,,,,,trade,false
2025-03-02T15:00:00Z,0.3025,0.3025,,,,,trade,false
2025-03-02T16:00:00Z,0.298,0.298,,,,,trade,false
2025-03-02T17:00:00Z,0.3245,0.3245,,,,,trade,false
2025-03-02T18:00:00Z,0.327,0.327,,,,,trade,false
2025-03-02T19:00:00Z,0.3275,0.3275,,,,,trade,false
2025-03-02T20:00:00Z,0.3285,0.3285,,,,,trade,false
2025-03-02T21:00:00Z,0.3495,0.3495,,,,,trade,false
2025-03-02T22:00:00Z,0.3395,0.3395,,,,,trade,false
2025-03-02T23:00:00Z,0.3495,0.3495,,,,,trade,false
2025-03-03T00:00:00Z,0.3505,0.3505,,,,,trade,false
2025-03-03T01:00:00Z,0.35,0.35,,,,,trade,false
2025-03-03T02:00:00Z,0.339,0.339,,,,,trade,false
2025-03-03T03:00:00Z,0.336,0.336,,,,,trade,false
2025-03-03T04:00:00Z,0.331,0.331,,,,,trade,false
2025-03-03T05:00:00Z,0.3235,0.3235,,,,,trade,false
2025-03-03T06:00:00Z,0.3265,0.3265,,,,,trade,false
2025-03-03T07:00:00Z,0.341,0.341,,,,,trade,false
2025-03-03T08:00:00Z,0.3425,0.3425,,,,,trade,false
2025-03-03T09:00:00Z,0.3425,0.3425,,,,,trade,false
2025-03-03T10:00:00Z,0.3425,0.3425,,,,,trade,false
2025-03-03T11:00:00Z,0.3435,0.3435,,,,,trade,false
2025-03-03T12:00:00Z,0.3435,0.3435,,,,,trade,false
2025-03-03T13:00:00Z,0.337,0.337,,,,,trade,false
2025-03-03T14:00:00Z,0.335,0.335,,,,,trade,false
2025-03-03T15:00:00Z,0.337,0.337,,,,,trade,false
2025-03-03T16:00:00Z,0.338,0.338,,,,,trade,false
2025-03-03T17:00:00Z,0.3355,0.3355,,,,,trade,false
2025-03-03T18:00:00Z,0.3365,0.3365,,,,,trade,false
2025-03-03T19:00:00Z,0.336,0.336,,,,,trade,false
2025-03-03T20:00:00Z,0.34,0.34,,,,,trade,false
2025-03-03T21:00:00Z,0.3395,0.3395,,,,,trade,false
2025-03-03T22:00:00Z,0.342,0.342,,,,,trade,false
2025-03-03T23:00:00Z,0.342,0.342,,,,,trade,false
2025-03-04T00:00:00Z,0.339,0.339,,,,,trade,false
2025-03-04T01:00:00Z,0.341,0.341,,,,,trade,false
2025-03-04T02:00:00Z,0.34,0.34,,,,,trade,false
2025-03-04T03:00:00Z,0.34,0.34,,,,,trade,false
2025-03-04T04:00:00Z,0.338,0.338,,,,,trade,false
2025-03-04T05:00:00Z,0.3435,0.3435,,,,,trade,false
2025-03-04T06:00:00Z,0.344,0.344,,,,,trade,false
2025-03-04T07:00:00Z,0.344,0.344,,,,,trade,false
2025-03-04T08:00:00Z,0.344,0.344,,,,,trade,false
2025-03-04T09:00:00Z,0.344,0.344,,,,,trade,false
2025-03-04T10:00:00Z,0.344,0.344,,,,,trade,false
2025-03-04T11:00:00Z,0.3425,0.3425,,,,,trade,false
2025-03-04T12:00:00Z,0.3425,0.3425,,,,,trade,false
2025-03-04T13:00:00Z,0.343,0.343,,,,,trade,false
2025-03-04T14:00:00Z,0.342,0.342,,,,,trade,false
2025-03-04T15:00:00Z,0.3425,0.3425,,,,,trade,false
2025-03-04T16:00:00Z,0.3425,0.3425,,,,,trade,false
2025-03-04T17:00:00Z,0.3425,0.3425,,,,,trade,false
2025-03-04T18:00:00Z,0.3435,0.3435,,,,,trade,false
2025-03-04T19:00:00Z,0.346,0.346,,,,,trade,false
2025-03-04T20:00:00Z,0.3475,0.3475,,,,,trade,false
2025-03-04T21:00:00Z,0.3455,0.3455,,,,,trade,false
2025-03-04T22:00:00Z,0.3425,0.3425,,,,,trade,false
2025-03-04T23:00:00Z,0.3425,0.3425,,,,,trade,false
2025-03-05T00:00:00Z,0.343,0.343,,,,,trade,false
2025-03-05T01:00:00Z,0.344,0.344,,,,,trade,false
2025-03-05T02:00:00Z,0.3435,0.3435,,,,,trade,false
2025-03-05T03:00:00Z,0.345,0.345,,,,,trade,false
2025-03-05T04:00:00Z,0.3435,0.3435,,,,,trade,false
2025-03-05T05:00:00Z,0.3435,0.3435,,,,,trade,false
2025-03-05T06:00:00Z,0.3435,0.3435,,,,,trade,false
2025-03-05T07:00:00Z,0.3435,0.3435,,,,,trade,false
2025-03-05T08:00:00Z,0.3445,0.3445,,,,,trade,false
2025-03-05T09:00:00Z,0.3435,0.3435,,,,,trade,false
2025-03-05T10:00:00Z,0.342,0.342,,,,,trade,false
2025-03-05T11:00:00Z,0.3415,0.3415,,,,,trade,false
2025-03-05T12:00:00Z,0.342,0.342,,,,,trade,false
2025-03-05T13:00:00Z,0.3405,0.3405,,,,,trade,false
2025-03-05T14:00:00Z,0.3405,0.3405,,,,,trade,false
2025-03-05T15:00:00Z,0.3405,0.3405,,,,,trade,false
2025-03-05T16:00:00Z,0.3405,0.3405,,,,,trade,false
2025-03-05T17:00:00Z,0.3395,0.3395,,,,,trade,false
2025-03-05T18:00:00Z,0.3395,0.3395,,,,,trade,false
2025-03-05T19:00:00Z,0.338,0.338,,,,,trade,false
2025-03-05T20:00:00Z,0.339,0.339,,,,,trade,false
2025-03-05T21:00:00Z,0.338,0.338,,,,,trade,false
2025-03-05T22:00:00Z,0.3335,0.3335,,,,,trade,false
2025-03-05T23:00:00Z,0.3325,0.3325,,,,,trade,false
2025-03-06T00:00:00Z,0.329,0.329,,,,,trade,false
2025-03-06T01:00:00Z,0.3325,0.3325,,,,,trade,false
2025-03-06T02:00:00Z,0.3345,0.3345,,,,,trade,false
2025-03-06T03:00:00Z,0.336,0.336,,,,,trade,false
2025-03-06T04:00:00Z,0.331,0.331,,,,,trade,false
2025-03-06T05:00:00Z,0.3255,0.3255,,,,,trade,false
2025-03-06T06:00:00Z,0.325,0.325,,,,,trade,false
2025-03-06T07:00:00Z,0.326,0.326,,,,,trade,false
2025-03-06T08:00:00Z,0.3255,0.3255,,,,,trade,false
2025-03-06T09:00:00Z,0.3255,0.3255,,,,,trade,false
2025-03-06T10:00:00Z,0.3255,0.3255,,,,,trade,false
2025-03-06T11:00:00Z,0.3255,0.3255,,,,,trade,false
2025-03-06T12:00:00Z,0.32,0.32,,,,,trade,false
2025-03-06T13:00:00Z,0.3225,0.3225,,,,,trade,false
2025-03-06T14:00:00Z,0.323,0.323,,,,,trade,false
2025-03-06T15:00:00Z,0.323,0.323,,,,,trade,false
2025-03-06T16:00:00Z,0.323,0.323,,,,,trade,false
2025-03-06T17:00:00Z,0.3235,0.3235,,,,,trade,false
2025-03-06T18:00:00Z,0.3215,0.3215,,,,,trade,false
2025-03-06T19:00:00Z,0.315,0.315,,,,,trade,false
2025-03-06T20:00:00Z,0.32,0.32,,,,,trade,false
2025-03-06T21:00:00Z,0.3195,0.3195,,,,,trade,false
2025-03-06T22:00:00Z,0.319,0.319,,,,,trade,false
2025-03-06T23:00:00Z,0.319,0.319,,,,,trade,false
2025-03-07T00:00:00Z,0.329,0.329,,,,,trade,false
2025-03-07T01:00:00Z,0.3315,0.3315,,,,,trade,false
2025-03-07T02:00:00Z,0.3335,0.3335,,,,,trade,false
2025-03-07T03:00:00Z,0.331,0.331,,,,,trade,false
2025-03-07T04:00:00Z,0.332,0.332,,,,,trade,false
2025-03-07T05:00:00Z,0.331,0.331,,,,,trade,false
2025-03-07T06:00:00Z,0.332,0.332,,,,,trade,false
2025-03-07T07:00:00Z,0.3335,0.3335,,,,,trade,false
2025-03-07T08:00:00Z,0.3335,0.3335,,,,,trade,false
2025-03-07T09:00:00Z,0.338,0.338,,,,,trade,false
2025-03-07T10:00:00Z,0.338,0.338,,,,,trade,false
2025-03-07T11:00:00Z,0.3385,0.3385,,,,,trade,false
2025-03-07T12:00:00Z,0.339,0.339,,,,,trade,false
2025-03-07T13:00:00Z,0.3385,0.3385,,,,,trade,false
2025-03-07T14:00:00Z,0.339,0.339,,,,,trade,false
2025-03-07T15:00:00Z,0.3395,0.3395,,,,,trade,false
2025-03-07T16:00:00Z,0.3395,0.3395,,,,,trade,false
2025-03-07T17:00:00Z,0.339,0.339,,,,,trade,false
2025-03-07T18:00:00Z,0.339,0.339,,,,,trade,false
2025-03-07T19:00:00Z,0.339,0.339,,,,,trade,false
2025-03-07T20:00:00Z,0.3325,0.3325,,,,,trade,false
2025-03-07T21:00:00Z,0.333,0.333,,,,,trade,false
2025-03-07T22:00:00Z,0.3325,0.3325,,,,,trade,false
2025-03-07T23:00:00Z,0.332,0.332,,,,,trade,false
2025-03-08T00:00:00Z,0.332,0.332,,,,,trade,false
2025-03-08T01:00:00Z,0.332,0.332,,,,,trade,false
2025-03-08T02:00:00Z,0.332,0.332,,,,,trade,false
2025-03-08T03:00:00Z,0.332,0.332,,,,,trade,false
2025-03-08T04:00:00Z,0.332,0.332,,,,,trade,false
2025-03-08T05:00:00Z,0.3325,0.3325,,,,,trade,false
2025-03-08T06:00:00Z,0.3325,0.3325,,,,,trade,false
2025-03-08T07:00:00Z,0.3325,0.3325,,,,,trade,false
2025-03-08T08:00:00Z,0.3325,0.3325,,,,,trade,false
2025-03-08T09:00:00Z,0.3325,0.3325,,,,,trade,false
2025-03-08T10:00:00Z,0.3325,0.3325,,,,,trade,false
2025-03-08T11:00:00Z,0.3325,0.3325,,,,,trade,false
2025-03-08T12:00:00Z,0.3325,0.3325,,,,,trade,false
2025-03-08T13:00:00Z,0.3335,0.3335,,,,,trade,false
2025-03-08T14:00:00Z,0.3335,0.3335,,,,,trade,false
2025-03-08T15:00:00Z,0.3335,0.3335,,,,,trade,false
2025-03-08T16:00:00Z,0.332,0.332,,,,,trade,false
2025-03-08T17:00:00Z,0.332,0.332,,,,,trade,false
2025-03-08T18:00:00Z,0.332,0.332,,,,,trade,false
2025-03-08T19:00:00Z,0.332,0.332,,,,,trade,false
2025-03-08T20:00:00Z,0.332,0.332,,,,,trade,false
2025-03-08T21:00:00Z,0.332,0.332,,,,,trade,false
2025-03-08T22:00:00Z,0.332,0.332,,,,,trade,false
2025-03-08T23:00:00Z,0.3285,0.3285,,,,,trade,false
2025-03-09T00:00:00Z,0.3285,0.3285,,,,,trade,false
2025-03-09T01:00:00Z,0.3285,0.3285,,,,,trade,false
2025-03-09T02:00:00Z,0.3285,0.3285,,,,,trade,false
2025-03-09T03:00:00Z,0.3285,0.3285,,,,,trade,false
2025-03-09T04:00:00Z,0.33,0.33,,,,,trade,false
2025-03-09T05:00:00Z,0.33,0.33,,,,,trade,false
2025-03-09T06:00:00Z,0.33,0.33,,,,,trade,false
2025-03-09T07:00:00Z,0.3305,0.3305,,,,,trade,false
2025-03-09T08:00:00Z,0.3415,0.3415,,,,,trade,false
2025-03-09T09:00:00Z,0.3415,0.3415,,,,,trade,false
2025-03-09T10:00:00Z,0.342,0.342,,,,,trade,false
2025-03-09T11:00:00Z,0.3415,0.3415,,,,,trade,false
2025-03-09T12:00:00Z,0.341,0.341,,,,,trade,false
2025-03-09T13:00:00Z,0.3425,0.3425,,,,,trade,false
2025-03-09T14:00:00Z,0.342,0.342,,,,,trade,false
2025-03-09T15:00:00Z,0.342,0.342,,,,,trade,false
2025-03-09T16:00:00Z,0.3415,0.3415,,,,,trade,false
2025-03-09T17:00:00Z,0.342,0.342,,,,,trade,false
2025-03-09T18:00:00Z,0.3415,0.3415,,,,,trade,false
2025-03-09T19:00:00Z,0.341,0.341,,,,,trade,false
2025-03-09T20:00:00Z,0.342,0.342,,,,,trade,false
2025-03-09T21:00:00Z,0.3445,0.3445,,,,,trade,false
2025-03-09T22:00:00Z,0.3445,0.3445,,,,,trade,false
2025-03-09T23:00:00Z,0.346,0.346,,,,,trade,false
2025-03-10T00:00:00Z,0.348,0.348,,,,,trade,false
2025-03-10T01:00:00Z,0.3415,0.3415,,,,,trade,false
2025-03-10T02:00:00Z,0.341,0.341,,,,,trade,false
2025-03-10T03:00:00Z,0.341,0.341,,,,,trade,false
2025-03-10T04:00:00Z,0.341,0.341,,,,,trade,false
2025-03-10T05:00:00Z,0.341,0.341,,,,,trade,false
2025-03-10T06:00:00Z,0.341,0.341,,,,,trade,false
2025-03-10T07:00:00Z,0.341,0.341,,,,,trade,false
2025-03-10T08:00:00Z,0.341,0.341,,,,,trade,false
2025-03-10T09:00:00Z,0.341,0.341,,,,,trade,false
2025-03-10T10:00:00Z,0.341,0.341,,,,,trade,false
2025-03-10T11:00:00Z,0.341,0.341,,,,,trade,false
2025-03-10T12:00:00Z,0.341,0.341,,,,,trade,false
2025-03-10T13:00:00Z,0.341,0.341,,,,,trade,false
2025-03-10T14:00:00Z,0.341,0.341,,,,,trade,false
2025-03-10T15:00:00Z,0.341,0.341,,,,,trade,false
2025-03-10T16:00:00Z,0.341,0.341,,,,,trade,false
2025-03-10T17:00:00Z,0.341,0.341,,,,,trade,false
2025-03-10T18:00:00Z,0.341,0.341,,,,,trade,false
2025-03-10T19:00:00Z,0.3425,0.3425,,,,,trade,false
2025-03-10T20:00:00Z,0.332,0.332,,,,,trade,false
2025-03-10T21:00:00Z,0.332,0.332,,,,,trade,false
2025-03-10T22:00:00Z,0.3355,0.3355,,,,,trade,false
2025-03-10T23:00:00Z,0.336,0.336,,,,,trade,false
2025-03-11T00:00:00Z,0.3345,0.3345,,,,,trade,false
2025-03-11T01:00:00Z,0.33,0.33,,,,,trade,false
2025-03-11T02:00:00Z,0.3305,0.3305,,,,,trade,false
2025-03-11T03:00:00Z,0.33,0.33,,,,,trade,false
2025-03-11T04:00:00Z,0.3305,0.3305,,,,,trade,false
2025-03-11T05:00:00Z,0.3285,0.3285,,,,,trade,false
2025-03-11T06:00:00Z,0.337,0.337,,,,,trade,false
2025-03-11T07:00:00Z,0.339,0.339,,,,,trade,false
2025-03-11T08:00:00Z,0.338,0.338,,,,,trade,false
2025-03-11T09:00:00Z,0.338,0.338,,,,,trade,false
2025-03-11T10:00:00Z,0.338,0.338,,,,,trade,false
2025-03-11T11:00:00Z,0.338,0.338,,,,,trade,false
2025-03-11T12:00:00Z,0.34,0.34,,,,,trade,false
2025-03-11T13:00:00Z,0.3395,0.3395,,,,,trade,false
2025-03-11T14:00:00Z,0.3395,0.3395,,,,,trade,false
2025-03-11T15:00:00Z,0.3415,0.3415,,,,,trade,false
2025-03-11T16:00:00Z,0.342,0.342,,,,,trade,false
2025-03-11T17:00:00Z,0.348,0.348,,,,,trade,false
2025-03-11T18:00:00Z,0.349,0.349,,,,,trade,false
2025-03-11T19:00:00Z,0.3565,0.3565,,,,,trade,false
2025-03-11T20:00:00Z,0.3555,0.3555,,,,,trade,false
2025-03-11T21:00:00Z,0.36,0.36,,,,,trade,false
2025-03-11T22:00:00Z,0.359,0.359,,,,,trade,false
2025-03-11T23:00:00Z,0.3595,0.3595,,,,,trade,false
2025-03-12T00:00:00Z,0.357,0.357,,,,,trade,false
2025-03-12T01:00:00Z,0.3715,0.3715,,,,,trade,false
2025-03-12T02:00:00Z,0.3715,0.3715,,,,,trade,false
2025-03-12T03:00:00Z,0.371,0.371,,,,,trade,false
2025-03-12T04:00:00Z,0.372,0.372,,,,,trade,false
2025-03-12T05:00:00Z,0.3715,0.3715,,,,,trade,false
2025-03-12T06:00:00Z,0.3715,0.3715,,,,,trade,false
2025-03-12T07:00:00Z,0.3705,0.3705,,,,,trade,false
2025-03-12T08:00:00Z,0.3705,0.3705,,,,,trade,false
2025-03-12T09:00:00Z,0.3705,0.3705,,,,,trade,false
2025-03-12T10:00:00Z,0.3705,0.3705,,,,,trade,false
2025-03-12T11:00:00Z,0.371,0.371,,,,,trade,false
2025-03-12T12:00:00Z,0.371,0.371,,,,,trade,false
2025-03-12T13:00:00Z,0.3705,0.3705,,,,,trade,false
2025-03-12T14:00:00Z,0.3695,0.3695,,,,,trade,false
2025-03-12T15:00:00Z,0.3695,0.3695,,,,,trade,false
2025-03-12T16:00:00Z,0.369,0.369,,,,,trade,false
2025-03-12T17:00:00Z,0.3675,0.3675,,,,,trade,false
2025-03-12T18:00:00Z,0.3695,0.3695,,,,,trade,false
2025-03-12T19:00:00Z,0.37,0.37,,,,,trade,false
2025-03-12T20:00:00Z,0.37,0.37,,,,,trade,false
2025-03-12T21:00:00Z,0.3705,0.3705,,,,,trade,false
2025-03-12T22:00:00Z,0.3705,0.3705,,,,,trade,false
2025-03-12T23:00:00Z,0.3705,0.3705,,,,,trade,false
2025-03-13T00:00:00Z,0.3705,0.3705,,,,,trade,false
2025-03-13T01:00:00Z,0.371,0.371,,,,,trade,false
2025-03-13T02:00:00Z,0.3775,0.3775,,,,,trade,false
2025-03-13T03:00:00Z,0.3765,0.3765,,,,,trade,false
2025-03-13T04:00:00Z,0.377,0.377,,,,,trade,false
2025-03-13T05:00:00Z,0.377,0.377,,,,,trade,false
2025-03-13T06:00:00Z,0.3775,0.3775,,,,,trade,false
2025-03-13T07:00:00Z,0.377,0.377,,,,,trade,false
2025-03-13T08:00:00Z,0.377,0.377,,,,,trade,false
2025-03-13T09:00:00Z,0.378,0.378,,,,,trade,false
2025-03-13T10:00:00Z,0.378,0.378,,,,,trade,false
2025-03-13T11:00:00Z,0.372,0.372,,,,,trade,false
2025-03-13T12:00:00Z,0.372,0.372,,,,,trade,false
2025-03-13T13:00:00Z,0.3725,0.3725,,,,,trade,false
2025-03-13T14:00:00Z,0.3725,0.3725,,,,,trade,false
2025-03-13T15:00:00Z,0.3725,0.3725,,,,,trade,false
2025-03-13T16:00:00Z,0.3605,0.3605,,,,,trade,false
2025-03-13T17:00:00Z,0.366,0.366,,,,,trade,false
2025-03-13T18:00:00Z,0.3685,0.3685,,,,,trade,false
2025-03-13T19:00:00Z,0.369,0.369,,,,,trade,false
2025-03-13T20:00:00Z,0.369,0.369,,,,,trade,false
2025-03-13T21:00:00Z,0.367,0.367,,,,,trade,false
2025-03-13T22:00:00Z,0.367,0.367,,,,,trade,false
2025-03-13T23:00:00Z,0.368,0.368,,,,,trade,false
2025-03-14T00:00:00Z,0.3735,0.3735,,,,,trade,false
2025-03-14T01:00:00Z,0.373,0.373,,,,,trade,false
2025-03-14T02:00:00Z,0.3745,0.3745,,,,,trade,false
2025-03-14T03:00:00Z,0.374,0.374,,,,,trade,false
2025-03-14T04:00:00Z,0.375,0.375,,,,,trade,false
2025-03-14T05:00:00Z,0.375,0.375,,,,,trade,false
2025-03-14T06:00:00Z,0.377,0.377,,,,,trade,false
2025-03-14T07:00:00Z,0.3775,0.3775,,,,,trade,false
2025-03-14T08:00:00Z,0.3775,0.3775,,,,,trade,false
2025-03-14T09:00:00Z,0.376,0.376,,,,,trade,false
2025-03-14T10:00:00Z,0.3765,0.3765,,,,,trade,false
2025-03-14T11:00:00Z,0.3765,0.3765,,,,,trade,false
2025-03-14T12:00:00Z,0.377,0.377,,,,,trade,false
2025-03-14T13:00:00Z,0.3755,0.3755,,,,,trade,false
2025-03-14T14:00:00Z,0.3755,0.3755,,,,,trade,false
2025-03-14T15:00:00Z,0.3755,0.3755,,,,,trade,false
2025-03-14T16:00:00Z,0.3755,0.3755,,,,,trade,false
2025-03-14T17:00:00Z,0.3855,0.3855,,,,,trade,false
2025-03-14T18:00:00Z,0.421,0.421,,,,,trade,false
2025-03-14T19:00:00Z,0.4155,0.4155,,,,,trade,false
2025-03-14T20:00:00Z,0.4425,0.4425,,,,,trade,false
2025-03-14T21:00:00Z,0.424,0.424,,,,,trade,false
2025-03-14T22:00:00Z,0.4195,0.4195,,,,,trade,false
2025-03-14T23:00:00Z,0.4295,0.4295,,,,,trade,false
2025-03-15T00:00:00Z,0.4315,0.4315,,,,,trade,false
2025-03-15T01:00:00Z,0.433,0.433,,,,,trade,false
2025-03-15T02:00:00Z,0.433,0.433,,,,,trade,false
2025-03-15T03:00:00Z,0.44,0.44,,,,,trade,false
2025-03-15T04:00:00Z,0.442,0.442,,,,,trade,false
2025-03-15T05:00:00Z,0.4425,0.4425,,,,,trade,false
2025-03-15T06:00:00Z,0.443,0.443,,,,,trade,false
2025-03-15T07:00:00Z,0.4435,0.4435,,,,,trade,false
2025-03-15T08:00:00Z,0.4425,0.4425,,,,,trade,false
2025-03-15T09:00:00Z,0.443,0.443,,,,,trade,false
2025-03-15T10:00:00Z,0.4435,0.4435,,,,,trade,false
2025-03-15T11:00:00Z,0.445,0.445,,,,,trade,false
2025-03-15T12:00:00Z,0.445,0.445,,,,,trade,false
2025-03-15T13:00:00Z,0.471,0.471,,,,,trade,false
2025-03-15T14:00:00Z,0.469,0.469,,,,,trade,false
2025-03-15T15:00:00Z,0.4625,0.4625,,,,,trade,false
2025-03-15T16:00:00Z,0.455,0.455,,,,,trade,false
2025-03-15T17:00:00Z,0.455,0.455,,,,,trade,false
2025-03-15T18:00:00Z,0.455,0.455,,,,,trade,false
2025-03-15T19:00:00Z,0.451,0.451,,,,,trade,false
2025-03-15T20:00:00Z,0.4345,0.4345,,,,,trade,false
2025-03-15T21:00:00Z,0.4345,0.4345,,,,,trade,false
2025-03-15T22:00:00Z,0.4475,0.4475,,,,,trade,false
2025-03-15T23:00:00Z,0.449,0.449,,,,,trade,false
2025-03-16T00:00:00Z,0.449,0.449,,,,,trade,false
2025-03-16T01:00:00Z,0.449,0.449,,,,,trade,false
2025-03-16T02:00:00Z,0.449,0.449,,,,,trade,false
2025-03-16T03:00:00Z,0.4505,0.4505,,,,,trade,false
2025-03-16T04:00:00Z,0.451,0.451,,,,,trade,false
2025-03-16T05:00:00Z,0.4455,0.4455,,,,,trade,false
2025-03-16T06:00:00Z,0.4505,0.4505,,,,,trade,false
2025-03-16T07:00:00Z,0.4505,0.4505,,,,,trade,false
2025-03-16T08:00:00Z,0.451,0.451,,,,,trade,false
2025-03-16T09:00:00Z,0.45,0.45,,,,,trade,false
2025-03-16T10:00:00Z,0.45,0.45,,,,,trade,false
2025-03-16T11:00:00Z,0.4495,0.4495,,,,,trade,false
2025-03-16T12:00:00Z,0.4495,0.4495,,,,,trade,false
2025-03-16T13:00:00Z,0.452,0.452,,,,,trade,false
2025-03-16T14:00:00Z,0.452,0.452,,,,,trade,false
2025-03-16T15:00:00Z,0.452,0.452,,,,,trade,false
2025-03-16T16:00:00Z,0.452,0.452,,,,,trade,false
2025-03-16T17:00:00Z,0.452,0.452,,,,,trade,false
2025-03-16T18:00:00Z,0.456,0.456,,,,,trade,false
2025-03-16T19:00:00Z,0.456,0.456,,,,,trade,false
2025-03-16T20:00:00Z,0.453,0.453,,,,,trade,false
2025-03-16T21:00:00Z,0.453,0.453,,,,,trade,false
2025-03-16T22:00:00Z,0.4535,0.4535,,,,,trade,false
2025-03-16T23:00:00Z,0.458,0.458,,,,,trade,false
2025-03-17T00:00:00Z,0.458,0.458,,,,,trade,false
2025-03-17T01:00:00Z,0.458,0.458,,,,,trade,false
2025-03-17T02:00:00Z,0.458,0.458,,,,,trade,false
2025-03-17T03:00:00Z,0.458,0.458,,,,,trade,false
2025-03-17T04:00:00Z,0.4585,0.4585,,,,,trade,false
2025-03-17T05:00:00Z,0.455,0.455,,,,,trade,false
2025-03-17T06:00:00Z,0.455,0.455,,,,,trade,false
2025-03-17T07:00:00Z,0.455,0.455,,,,,trade,false
2025-03-17T08:00:00Z,0.455,0.455,,,,,trade,false
2025-03-17T09:00:00Z,0.455,0.455,,,,,trade,false
2025-03-17T10:00:00Z,0.455,0.455,,,,,trade,false
2025-03-17T11:00:00Z,0.455,0.455,,,,,trade,false
2025-03-17T12:00:00Z,0.455,0.455,,,,,trade,false
2025-03-17T13:00:00Z,0.453,0.453,,,,,trade,false
2025-03-17T14:00:00Z,0.453,0.453,,,,,trade,false
2025-03-17T15:00:00Z,0.453,0.453,,,,,trade,false
2025-03-17T16:00:00Z,0.456,0.456,,,,,trade,false
2025-03-17T17:00:00Z,0.453,0.453,,,,,trade,false
2025-03-17T18:00:00Z,0.453,0.453,,,,,trade,false
2025-03-17T19:00:00Z,0.453,0.453,,,,,trade,false
2025-03-17T20:00:00Z,0.453,0.453,,,,,trade,false
2025-03-17T21:00:00Z,0.453,0.453,,,,,trade,false
2025-03-17T22:00:00Z,0.4555,0.4555,,,,,trade,false
2025-03-17T23:00:00Z,0.4365,0.4365,,,,,trade,false
2025-03-18T00:00:00Z,0.4365,0.4365,,,,,trade,false
2025-03-18T01:00:00Z,0.4365,0.4365,,,,,trade,false
2025-03-18T02:00:00Z,0.437,0.437,,,,,trade,false
2025-03-18T03:00:00Z,0.4365,0.4365,,,,,trade,false
2025-03-18T04:00:00Z,0.4365,0.4365,,,,,trade,false
2025-03-18T05:00:00Z,0.4355,0.4355,,,,,trade,false
2025-03-18T06:00:00Z,0.436,0.436,,,,,trade,false
2025-03-18T07:00:00Z,0.436,0.436,,,,,trade,false
2025-03-18T08:00:00Z,0.436,0.436,,,,,trade,false
2025-03-18T09:00:00Z,0.436,0.436,,,,,trade,false
2025-03-18T10:00:00Z,0.4365,0.4365,,,,,trade,false
2025-03-18T11:00:00Z,0.436,0.436,,,,,trade,false
2025-03-18T12:00:00Z,0.4345,0.4345,,,,,trade,false
2025-03-18T13:00:00Z,0.434,0.434,,,,,trade,false
2025-03-18T14:00:00Z,0.4345,0.4345,,,,,trade,false
2025-03-18T15:00:00Z,0.444,0.444,,,,,trade,false
2025-03-18T16:00:00Z,0.4545,0.4545,,,,,trade,false
2025-03-18T17:00:00Z,0.458,0.458,,,,,trade,false
2025-03-18T18:00:00Z,0.458,0.458,,,,,trade,false
2025-03-18T19:00:00Z,0.4535,0.4535,,,,,trade,false
2025-03-18T20:00:00Z,0.4665,0.4665,,,,,trade,false
2025-03-18T21:00:00Z,0.4595,0.4595,,,,,trade,false
2025-03-18T22:00:00Z,0.4615,0.4615,,,,,trade,false
2025-03-18T23:00:00Z,0.4685,0.4685,,,,,trade,false
2025-03-19T00:00:00Z,0.468,0.468,,,,,trade,false
2025-03-19T01:00:00Z,0.4685,0.4685,,,,,trade,false
2025-03-19T02:00:00Z,0.4855,0.4855,,,,,trade,false
2025-03-19T03:00:00Z,0.477,0.477,,,,,trade,false
2025-03-19T04:00:00Z,0.477,0.477,,,,,trade,false
2025-03-19T05:00:00Z,0.477,0.477,,,,,trade,false
2025-03-19T06:00:00Z,0.477,0.477,,,,,trade,false
2025-03-19T07:00:00Z,0.477,0.477,,,,,trade,false
2025-03-19T08:00:00Z,0.477,0.477,,,,,trade,false
2025-03-19T09:00:00Z,0.4795,0.4795,,,,,trade,false
2025-03-19T10:00:00Z,0.481,0.481,,,,,trade,false
2025-03-19T11:00:00Z,0.484,0.484,,,,,trade,false
2025-03-19T12:00:00Z,0.4795,0.4795,,,,,trade,false
2025-03-19T13:00:00Z,0.48,0.48,,,,,trade,false
2025-03-19T14:00:00Z,0.485,0.485,,,,,trade,false
2025-03-19T15:00:00Z,0.49,0.49,,,,,trade,false
2025-03-19T16:00:00Z,0.4955,0.4955,,,,,trade,false
2025-03-19T17:00:00Z,0.4925,0.4925,,,,,trade,false
2025-03-19T18:00:00Z,0.493,0.493,,,,,trade,false
2025-03-19T19:00:00Z,0.4985,0.4985,,,,,trade,false
2025-03-19T20:00:00Z,0.503,0.503,,,,,trade,false
2025-03-19T21:00:00Z,0.503,0.503,,,,,trade,false
2025-03-19T22:00:00Z,0.523,0.523,,,,,trade,false
2025-03-19T23:00:00Z,0.5205,0.5205,,,,,trade,false
2025-03-20T00:00:00Z,0.535,0.535,,,,,trade,false
2025-03-20T01:00:00Z,0.535,0.535,,,,,trade,false
2025-03-20T02:00:00Z,0.5255,0.5255,,,,,trade,false
2025-03-20T03:00:00Z,0.554,0.554,,,,,trade,false
2025-03-20T04:00:00Z,0.5565,0.5565,,,,,trade,false
2025-03-20T05:00:00Z,0.554,0.554,,,,,trade,false
2025-03-20T06:00:00Z,0.5505,0.5505,,,,,trade,false
2025-03-20T07:00:00Z,0.5595,0.5595,,,,,trade,false
2025-03-20T08:00:00Z,0.565,0.565,,,,,trade,false
2025-03-20T09:00:00Z,0.5635,0.5635,,,,,trade,false
2025-03-20T10:00:00Z,0.5655,0.5655,,,,,trade,false
2025-03-20T11:00:00Z,0.5655,0.5655,,,,,trade,false
2025-03-20T12:00:00Z,0.5655,0.5655,,,,,trade,false
2025-03-20T13:00:00Z,0.57,0.57,,,,,trade,false
2025-03-20T14:00:00Z,0.593,0.593,,,,,trade,false
2025-03-20T15:00:00Z,0.5995,0.5995,,,,,trade,false
2025-03-20T16:00:00Z,0.5995,0.5995,,,,,trade,false
2025-03-20T17:00:00Z,0.595,0.595,,,,,trade,false
2025-03-20T18:00:00Z,0.592,0.592,,,,,trade,false
2025-03-20T19:00:00Z,0.5925,0.5925,,,,,trade,false
2025-03-20T20:00:00Z,0.592,0.592,,,,,trade,false
2025-03-20T21:00:00Z,0.578,0.578,,,,,trade,false
2025-03-20T22:00:00Z,0.577,0.577,,,,,trade,false
2025-03-20T23:00:00Z,0.517,0.517,,,,,trade,false
2025-03-21T00:00:00Z,0.546,0.546,,,,,trade,false
2025-03-21T01:00:00Z,0.547,0.547,,,,,trade,false
2025-03-21T02:00:00Z,0.5395,0.5395,,,,,trade,false
2025-03-21T03:00:00Z,0.5515,0.5515,,,,,trade,false
2025-03-21T04:00:00Z,0.5515,0.5515,,,,,trade,false
2025-03-21T05:00:00Z,0.5595,0.5595,,,,,trade,false
2025-03-21T06:00:00Z,0.5595,0.5595,,,,,trade,false
2025-03-21T07:00:00Z,0.5595,0.5595,,,,,trade,false
2025-03-21T08:00:00Z,0.5595,0.5595,,,,,trade,false
2025-03-21T09:00:00Z,0.5575,0.5575,,,,,trade,false
2025-03-21T10:00:00Z,0.5515,0.5515,,,,,trade,false
2025-03-21T11:00:00Z,0.5545,0.5545,,,,,trade,false
2025-03-21T12:00:00Z,0.5535,0.5535,,,,,trade,false
2025-03-21T13:00:00Z,0.554,0.554,,,,,trade,false
2025-03-21T14:00:00Z,0.556,0.556,,,,,trade,false
2025-03-21T15:00:00Z,0.5565,0.5565,,,,,trade,false
2025-03-21T16:00:00Z,0.5605,0.5605,,,,,trade,false
2025-03-21T17:00:00Z,0.562,0.562,,,,,trade,false
2025-03-21T18:00:00Z,0.562,0.562,,,,,trade,false
2025-03-21T19:00:00Z,0.562,0.562,,,,,trade,false
2025-03-21T20:00:00Z,0.562,0.562,,,,,trade,false
2025-03-21T21:00:00Z,0.5625,0.5625,,,,,trade,false
2025-03-21T22:00:00Z,0.5635,0.5635,,,,,trade,false
2025-03-21T23:00:00Z,0.5575,0.5575,,,,,trade,false
2025-03-22T00:00:00Z,0.558,0.558,,,,,trade,false
2025-03-22T01:00:00Z,0.556,0.556,,,,,trade,false
2025-03-22T02:00:00Z,0.556,0.556,,,,,trade,false
2025-03-22T03:00:00Z,0.556,0.556,,,,,trade,false
2025-03-22T04:00:00Z,0.5455,0.5455,,,,,trade,false
2025-03-22T05:00:00Z,0.5455,0.5455,,,,,trade,false
2025-03-22T06:00:00Z,0.5485,0.5485,,,,,trade,false
2025-03-22T07:00:00Z,0.5495,0.5495,,,,,trade,false
2025-03-22T08:00:00Z,0.541,0.541,,,,,trade,false
2025-03-22T09:00:00Z,0.5455,0.5455,,,,,trade,false
2025-03-22T10:00:00Z,0.5415,0.5415,,,,,trade,false
2025-03-22T11:00:00Z,0.5425,0.5425,,,,,trade,false
2025-03-22T12:00:00Z,0.5405,0.5405,,,,,trade,false
2025-03-22T13:00:00Z,0.5535,0.5535,,,,,trade,false
2025-03-22T14:00:00Z,0.5535,0.5535,,,,,trade,false
2025-03-22T15:00:00Z,0.547,0.547,,,,,trade,false
2025-03-22T16:00:00Z,0.541,0.541,,,,,trade,false
2025-03-22T17:00:00Z,0.5455,0.5455,,,,,trade,false
2025-03-22T18:00:00Z,0.5435,0.5435,,,,,trade,false
2025-03-22T19:00:00Z,0.5445,0.5445,,,,,trade,false
2025-03-22T20:00:00Z,0.5485,0.5485,,,,,trade,false
2025-03-22T21:00:00Z,0.5485,0.5485,,,,,trade,false
2025-03-22T22:00:00Z,0.5485,0.5485,,,,,trade,false
2025-03-22T23:00:00Z,0.5485,0.5485,,,,,trade,false
2025-03-23T00:00:00Z,0.549,0.549,,,,,trade,false
2025-03-23T01:00:00Z,0.5495,0.5495,,,,,trade,false
2025-03-23T02:00:00Z,0.5515,0.5515,,,,,trade,false
2025-03-23T03:00:00Z,0.5525,0.5525,,,,,trade,false
2025-03-23T04:00:00Z,0.554,0.554,,,,,trade,false
2025-03-23T05:00:00Z,0.5515,0.5515,,,,,trade,false
2025-03-23T06:00:00Z,0.5545,0.5545,,,,,trade,false
2025-03-23T07:00:00Z,0.557,0.557,,,,,trade,false
2025-03-23T08:00:00Z,0.557,0.557,,,,,trade,false
2025-03-23T09:00:00Z,0.557,0.557,,,,,trade,false
2025-03-23T10:00:00Z,0.5575,0.5575,,,,,trade,false
2025-03-23T11:00:00Z,0.5525,0.5525,,,,,trade,false
2025-03-23T12:00:00Z,0.552,0.552,,,,,trade,false
2025-03-23T13:00:00Z,0.552,0.552,,,,,trade,false
2025-03-23T14:00:00Z,0.552,0.552,,,,,trade,false
2025-03-23T15:00:00Z,0.552,0.552,,,,,trade,false
2025-03-23T16:00:00Z,0.5475,0.5475,,,,,trade,false
2025-03-23T17:00:00Z,0.547,0.547,,,,,trade,false
2025-03-23T18:00:00Z,0.548,0.548,,,,,trade,false
2025-03-23T19:00:00Z,0.55,0.55,,,,,trade,false
2025-03-23T20:00:00Z,0.5465,0.5465,,,,,trade,false
2025-03-23T21:00:00Z,0.5435,0.5435,,,,,trade,false
2025-03-23T22:00:00Z,0.546,0.546,,,,,trade,false
2025-03-23T23:00:00Z,0.5465,0.5465,,,,,trade,false
2025-03-24T00:00:00Z,0.548,0.548,,,,,trade,false
2025-03-24T01:00:00Z,0.5455,0.5455,,,,,trade,false
2025-03-24T02:00:00Z,0.54,0.54,,,,,trade,false
2025-03-24T03:00:00Z,0.5325,0.5325,,,,,trade,false
2025-03-24T04:00:00Z,0.5295,0.5295,,,,,trade,false
2025-03-24T05:00:00Z,0.5255,0.5255,,,,,trade,false
2025-03-24T06:00:00Z,0.5255,0.5255,,,,,trade,false
2025-03-24T07:00:00Z,0.5245,0.5245,,,,,trade,false
2025-03-24T08:00:00Z,0.5225,0.5225,,,,,trade,false
2025-03-24T09:00:00Z,0.5255,0.5255,,,,,trade,false
2025-03-24T10:00:00Z,0.523,0.523,,,,,trade,false
2025-03-24T11:00:00Z,0.5205,0.5205,,,,,trade,false
2025-03-24T12:00:00Z,0.521,0.521,,,,,trade,false
2025-03-24T13:00:00Z,0.5185,0.5185,,,,,trade,false
2025-03-24T14:00:00Z,0.514,0.514,,,,,trade,false
2025-03-24T15:00:00Z,0.5145,0.5145,,,,,trade,false
2025-03-24T16:00:00Z,0.5125,0.5125,,,,,trade,false
2025-03-24T17:00:00Z,0.5125,0.5125,,,,,trade,false
2025-03-24T18:00:00Z,0.5125,0.5125,,,,,trade,false
2025-03-24T19:00:00Z,0.5115,0.5115,,,,,trade,false
2025-03-24T20:00:00Z,0.511,0.511,,,,,trade,false
2025-03-24T21:00:00Z,0.511,0.511,,,,,trade,false
2025-03-24T22:00:00Z,0.4975,0.4975,,,,,trade,false
2025-03-24T23:00:00Z,0.494,0.494,,,,,trade,false
2025-03-25T00:00:00Z,0.4925,0.4925,,,,,trade,false
2025-03-25T01:00:00Z,0.4935,0.4935,,,,,trade,false
2025-03-25T02:00:00Z,0.4905,0.4905,,,,,trade,false
2025-03-25T03:00:00Z,0.491,0.491,,,,,trade,false
2025-03-25T04:00:00Z,0.491,0.491,,,,,trade,false
2025-03-25T05:00:00Z,0.491,0.491,,,,,trade,false
2025-03-25T06:00:00Z,0.491,0.491,,,,,trade,false
2025-03-25T07:00:00Z,0.4905,0.4905,,,,,trade,false
2025-03-25T08:00:00Z,0.4635,0.4635,,,,,trade,false
2025-03-25T09:00:00Z,0.4745,0.4745,,,,,trade,false
2025-03-25T10:00:00Z,0.48,0.48,,,,,trade,false
2025-03-25T11:00:00Z,0.4865,0.4865,,,,,trade,false
2025-03-25T12:00:00Z,0.486,0.486,,,,,trade,false
2025-03-25T13:00:00Z,0.4895,0.4895,,,,,trade,false
2025-03-25T14:00:00Z,0.494,0.494,,,,,trade,false
2025-03-25T15:00:00Z,0.4925,0.4925,,,,,trade,false
2025-03-25T16:00:00Z,0.492,0.492,,,,,trade,false
2025-03-25T17:00:00Z,0.495,0.495,,,,,trade,false
2025-03-25T18:00:00Z,0.509,0.509,,,,,trade,false
2025-03-25T19:00:00Z,0.515,0.515,,,,,trade,false
2025-03-25T20:00:00Z,0.5195,0.5195,,,,,trade,false
2025-03-25T21:00:00Z,0.518,0.518,,,,,trade,false
2025-03-25T22:00:00Z,0.518,0.518,,,,,trade,false
2025-03-25T23:00:00Z,0.5225,0.5225,,,,,trade,false
2025-03-26T00:00:00Z,0.5245,0.5245,,,,,trade,false
2025-03-26T01:00:00Z,0.535,0.535,,,,,trade,false
2025-03-26T02:00:00Z,0.531,0.531,,,,,trade,false
2025-03-26T03:00:00Z,0.529,0.529,,,,,trade,false
2025-03-26T04:00:00Z,0.529,0.529,,,,,trade,false
2025-03-26T05:00:00Z,0.533,0.533,,,,,trade,false
2025-03-26T06:00:00Z,0.533,0.533,,,,,trade,false
2025-03-26T07:00:00Z,0.533,0.533,,,,,trade,false
2025-03-26T08:00:00Z,0.533,0.533,,,,,trade,false
2025-03-26T09:00:00Z,0.528,0.528,,,,,trade,false
2025-03-26T10:00:00Z,0.5285,0.5285,,,,,trade,false
2025-03-26T11:00:00Z,0.5285,0.5285,,,,,trade,false
2025-03-26T12:00:00Z,0.5305,0.5305,,,,,trade,false
2025-03-26T13:00:00Z,0.529,0.529,,,,,trade,false
2025-03-26T14:00:00Z,0.537,0.537,,,,,trade,false
2025-03-26T15:00:00Z,0.539,0.539,,,,,trade,false
2025-03-26T16:00:00Z,0.5485,0.5485,,,,,trade,false
2025-03-26T17:00:00Z,0.5495,0.5495,,,,,trade,false
2025-03-26T18:00:00Z,0.55,0.55,,,,,trade,false
2025-03-26T19:00:00Z,0.5495,0.5495,,,,,trade,false
2025-03-26T20:00:00Z,0.5515,0.5515,,,,,trade,false
2025-03-26T21:00:00Z,0.557,0.557,,,,,trade,false
2025-03-26T22:00:00Z,0.5595,0.5595,,,,,trade,false
2025-03-26T23:00:00Z,0.5595,0.5595,,,,,trade,false
2025-03-27T00:00:00Z,0.5585,0.5585,,,,,trade,false
2025-03-27T01:00:00Z,0.568,0.568,,,,,trade,false
2025-03-27T02:00:00Z,0.5655,0.5655,,,,,trade,false
2025-03-27T03:00:00Z,0.5665,0.5665,,,,,trade,false
2025-03-27T04:00:00Z,0.566,0.566,,,,,trade,false
2025-03-27T05:00:00Z,0.566,0.566,,,,,trade,false
2025-03-27T06:00:00Z,0.5665,0.5665,,,,,trade,false
2025-03-27T07:00:00Z,0.5685,0.5685,,,,,trade,false
2025-03-27T08:00:00Z,0.5685,0.5685,,,,,trade,false
2025-03-27T09:00:00Z,0.5685,0.5685,,,,,trade,false
2025-03-27T10:00:00Z,0.5685,0.5685,,,,,trade,false
2025-03-27T11:00:00Z,0.5665,0.5665,,,,,trade,false
2025-03-27T12:00:00Z,0.5665,0.5665,,,,,trade,false
2025-03-27T13:00:00Z,0.5665,0.5665,,,,,trade,false
2025-03-27T14:00:00Z,0.566,0.566,,,,,trade,false
2025-03-27T15:00:00Z,0.566,0.566,,,,,trade,false
2025-03-27T16:00:00Z,0.566,0.566,,,,,trade,false
2025-03-27T17:00:00Z,0.5625,0.5625,,,,,trade,false
2025-03-27T18:00:00Z,0.5575,0.5575,,,,,trade,false
2025-03-27T19:00:00Z,0.564,0.564,,,,,trade,false
2025-03-27T20:00:00Z,0.569,0.569,,,,,trade,false
2025-03-27T21:00:00Z,0.57,0.57,,,,,trade,false
2025-03-27T22:00:00Z,0.575,0.575,,,,,trade,false
2025-03-27T23:00:00Z,0.567,0.567,,,,,trade,false
2025-03-28T00:00:00Z,0.569,0.569,,,,,trade,false
2025-03-28T01:00:00Z,0.573,0.573,,,,,trade,false
2025-03-28T02:00:00Z,0.576,0.576,,,,,trade,false
2025-03-28T03:00:00Z,0.576,0.576,,,,,trade,false
2025-03-28T04:00:00Z,0.5755,0.5755,,,,,trade,false
2025-03-28T05:00:00Z,0.5775,0.5775,,,,,trade,false
2025-03-28T06:00:00Z,0.578,0.578,,,,,trade,false
2025-03-28T07:00:00Z,0.5785,0.5785,,,,,trade,false
2025-03-28T08:00:00Z,0.576,0.576,,,,,trade,false
2025-03-28T09:00:00Z,0.576,0.576,,,,,trade,false
2025-03-28T10:00:00Z,0.5765,0.5765,,,,,trade,false
2025-03-28T11:00:00Z,0.576,0.576,,,,,trade,false
2025-03-28T12:00:00Z,0.575,0.575,,,,,trade,false
2025-03-28T13:00:00Z,0.5755,0.5755,,,,,trade,false
2025-03-28T14:00:00Z,0.579,0.579,,,,,trade,false
2025-03-28T15:00:00Z,0.58,0.58,,,,,trade,false
2025-03-28T16:00:00Z,0.583,0.583,,,,,trade,false
2025-03-28T17:00:00Z,0.584,0.584,,,,,trade,false
2025-03-28T18:00:00Z,0.597,0.597,,,,,trade,false
2025-03-28T19:00:00Z,0.599,0.599,,,,,trade,false
2025-03-28T20:00:00Z,0.6055,0.6055,,,,,trade,false
2025-03-28T21:00:00Z,0.609,0.609,,,,,trade,false
2025-03-28T22:00:00Z,0.605,0.605,,,,,trade,false
2025-03-28T23:00:00Z,0.6125,0.6125,,,,,trade,false
2025-03-29T00:00:00Z,0.616,0.616,,,,,trade,false
2025-03-29T01:00:00Z,0.614,0.614,,,,,trade,false
2025-03-29T02:00:00Z,0.614,0.614,,,,,trade,false
2025-03-29T03:00:00Z,0.616,0.616,,,,,trade,false
2025-03-29T04:00:00Z,0.616,0.616,,,,,trade,false
2025-03-29T05:00:00Z,0.617,0.617,,,,,trade,false
2025-03-29T06:00:00Z,0.6175,0.6175,,,,,trade,false
2025-03-29T07:00:00Z,0.615,0.615,,,,,trade,false
2025-03-29T08:00:00Z,0.6135,0.6135,,,,,trade,false
2025-03-29T09:00:00Z,0.6225,0.6225,,,,,trade,false
2025-03-29T10:00:00Z,0.622,0.622,,,,,trade,false
2025-03-29T11:00:00Z,0.6165,0.6165,,,,,trade,false
2025-03-29T12:00:00Z,0.62,0.62,,,,,trade,false
2025-03-29T13:00:00Z,0.623,0.623,,,,,trade,false
2025-03-29T14:00:00Z,0.6275,0.6275,,,,,trade,false
2025-03-29T15:00:00Z,0.628,0.628,,,,,trade,false
2025-03-29T16:00:00Z,0.628,0.628,,,,,trade,false
2025-03-29T17:00:00Z,0.629,0.629,,,,,trade,false
2025-03-29T18:00:00Z,0.6455,0.6455,,,,,trade,false
2025-03-29T19:00:00Z,0.66,0.66,,,,,trade,false
2025-03-29T20:00:00Z,0.671,0.671,,,,,trade,false
2025-03-29T21:00:00Z,0.6785,0.6785,,,,,trade,false
2025-03-29T22:00:00Z,0.685,0.685,,,,,trade,false
2025-03-29T23:00:00Z,0.692,0.692,,,,,trade,false
2025-03-30T00:00:00Z,0.6875,0.6875,,,,,trade,false
2025-03-30T01:00:00Z,0.6755,0.6755,,,,,trade,false
2025-03-30T02:00:00Z,0.6785,0.6785,,,,,trade,false
2025-03-30T03:00:00Z,0.678,0.678,,,,,trade,false
2025-03-30T04:00:00Z,0.677,0.677,,,,,trade,false
2025-03-30T05:00:00Z,0.6775,0.6775,,,,,trade,false
2025-03-30T06:00:00Z,0.676,0.676,,,,,trade,false
2025-03-30T07:00:00Z,0.675,0.675,,,,,trade,false
2025-03-30T08:00:00Z,0.6725,0.6725,,,,,trade,false
2025-03-30T09:00:00Z,0.6675,0.6675,,,,,trade,false
2025-03-30T10:00:00Z,0.667,0.667,,,,,trade,false
2025-03-30T11:00:00Z,0.6665,0.6665,,,,,trade,false
2025-03-30T12:00:00Z,0.662,0.662,,,,,trade,false
2025-03-30T13:00:00Z,0.664,0.664,,,,,trade,false
2025-03-30T14:00:00Z,0.6625,0.6625,,,,,trade,false
2025-03-30T15:00:00Z,0.662,0.662,,,,,trade,false
2025-03-30T16:00:00Z,0.654,0.654,,,,,trade,false
2025-03-30T17:00:00Z,0.6535,0.6535,,,,,trade,false
2025-03-30T18:00:00Z,0.6525,0.6525,,,,,trade,false
2025-03-30T19:00:00Z,0.6515,0.6515,,,,,trade,false
2025-03-30T20:00:00Z,0.651,0.651,,,,,trade,false
2025-03-30T21:00:00Z,0.6515,0.6515,,,,,trade,false
2025-03-30T22:00:00Z,0.6515,0.6515,,,,,trade,false
2025-03-30T23:00:00Z,0.654,0.654,,,,,trade,false
2025-03-31T00:00:00Z,0.653,0.653,,,,,trade,false
2025-03-31T01:00:00Z,0.6515,0.6515,,,,,trade,false
2025-03-31T02:00:00Z,0.6485,0.6485,,,,,trade,false
2025-03-31T03:00:00Z,0.6445,0.6445,,,,,trade,false
2025-03-31T04:00:00Z,0.642,0.642,,,,,trade,false
2025-03-31T05:00:00Z,0.642,0.642,,,,,trade,false
2025-03-31T06:00:00Z,0.643,0.643,,,,,trade,false
2025-03-31T07:00:00Z,0.643,0.643,,,,,trade,false
2025-03-31T08:00:00Z,0.643,0.643,,,,,trade,false
2025-03-31T09:00:00Z,0.6425,0.6425,,,,,trade,false
2025-03-31T10:00:00Z,0.643,0.643,,,,,trade,false
2025-03-31T11:00:00Z,0.637,0.637,,,,,trade,false
2025-03-31T12:00:00Z,0.638,0.638,,,,,trade,false
2025-03-31T13:00:00Z,0.6385,0.6385,,,,,trade,false
2025-03-31T14:00:00Z,0.638,0.638,,,,,trade,false
2025-03-31T15:00:00Z,0.645,0.645,,,,,trade,false
2025-03-31T16:00:00Z,0.651,0.651,,,,,trade,false
2025-03-31T17:00:00Z,0.6435,0.6435,,,,,trade,false
2025-03-31T18:00:00Z,0.642,0.642,,,,,trade,false
2025-03-31T19:00:00Z,0.642,0.642,,,,,trade,false
2025-03-31T20:00:00Z,0.641,0.641,,,,,trade,false
2025-03-31T21:00:00Z,0.6435,0.6435,,,,,trade,false
2025-03-31T22:00:00Z,0.6425,0.6425,,,,,trade,false
2025-03-31T23:00:00Z,0.6435,0.6435,,,,,trade,false
2025-04-01T00:00:00Z,0.6405,0.6405,,,,,trade,false
2025-04-01T01:00:00Z,0.6435,0.6435,,,,,trade,false
2025-04-01T02:00:00Z,0.645,0.645,,,,,trade,false
2025-04-01T03:00:00Z,0.645,0.645,,,,,trade,false
2025-04-01T04:00:00Z,0.645,0.645,,,,,trade,false
2025-04-01T05:00:00Z,0.6455,0.6455,,,,,trade,false
2025-04-01T06:00:00Z,0.6455,0.6455,,,,,trade,false
2025-04-01T07:00:00Z,0.6505,0.6505,,,,,trade,false
2025-04-01T08:00:00Z,0.652,0.652,,,,,trade,false
2025-04-01T09:00:00Z,0.6515,0.6515,,,,,trade,false
2025-04-01T10:00:00Z,0.6515,0.6515,,,,,trade,false
2025-04-01T11:00:00Z,0.649,0.649,,,,,trade,false
2025-04-01T12:00:00Z,0.6495,0.6495,,,,,trade,false
2025-04-01T13:00:00Z,0.6485,0.6485,,,,,trade,false
2025-04-01T14:00:00Z,0.6465,0.6465,,,,,trade,false
2025-04-01T15:00:00Z,0.644,0.644,,,,,trade,false
2025-04-01T16:00:00Z,0.644,0.644,,,,,trade,false
2025-04-01T17:00:00Z,0.6435,0.6435,,,,,trade,false
2025-04-01T18:00:00Z,0.6435,0.6435,,,,,trade,false
2025-04-01T19:00:00Z,0.642,0.642,,,,,trade,false
2025-04-01T20:00:00Z,0.651,0.651,,,,,trade,false
2025-04-01T21:00:00Z,0.6535,0.6535,,,,,trade,false
2025-04-01T22:00:00Z,0.6535,0.6535,,,,,trade,false
2025-04-01T23:00:00Z,0.6605,0.6605,,,,,trade,false
2025-04-02T00:00:00Z,0.662,0.662,,,,,trade,false
2025-04-02T01:00:00Z,0.6625,0.6625,,,,,trade,false
2025-04-02T02:00:00Z,0.665,0.665,,,,,trade,false
2025-04-02T03:00:00Z,0.674,0.674,,,,,trade,false
2025-04-02T04:00:00Z,0.672,0.672,,,,,trade,false
2025-04-02T05:00:00Z,0.685,0.685,,,,,trade,false
2025-04-02T06:00:00Z,0.675,0.675,,,,,trade,false
2025-04-02T07:00:00Z,0.678,0.678,,,,,trade,false
2025-04-02T08:00:00Z,0.678,0.678,,,,,trade,false
2025-04-02T09:00:00Z,0.678,0.678,,,,,trade,false
2025-04-02T10:00:00Z,0.6745,0.6745,,,,,trade,false
2025-04-02T11:00:00Z,0.677,0.677,,,,,trade,false
2025-04-02T12:00:00Z,0.677,0.677,,,,,trade,false
2025-04-02T13:00:00Z,0.68,0.68,,,,,trade,false
2025-04-02T14:00:00Z,0.68,0.68,,,,,trade,false
2025-04-02T15:00:00Z,0.683,0.683,,,,,trade,false
2025-04-02T16:00:00Z,0.6885,0.6885,,,,,trade,false
2025-04-02T17:00:00Z,0.685,0.685,,,,,trade,false
2025-04-02T18:00:00Z,0.683,0.683,,,,,trade,false
2025-04-02T19:00:00Z,0.6845,0.6845,,,,,trade,false
2025-04-02T20:00:00Z,0.6875,0.6875,,,,,trade,false
2025-04-02T21:00:00Z,0.691,0.691,,,,,trade,false
2025-04-02T22:00:00Z,0.692,0.692,,,,,trade,false
2025-04-02T23:00:00Z,0.69,0.69,,,,,trade,false
2025-04-03T00:00:00Z,0.692,0.692,,,,,trade,false
2025-04-03T01:00:00Z,0.6905,0.6905,,,,,trade,false
2025-04-03T02:00:00Z,0.687,0.687,,,,,trade,false
2025-04-03T03:00:00Z,0.6775,0.6775,,,,,trade,false
2025-04-03T04:00:00Z,0.676,0.676,,,,,trade,false
2025-04-03T05:00:00Z,0.682,0.682,,,,,trade,false
2025-04-03T06:00:00Z,0.6795,0.6795,,,,,trade,false
2025-04-03T07:00:00Z,0.6825,0.6825,,,,,trade,false
2025-04-03T08:00:00Z,0.6865,0.6865,,,,,trade,false
2025-04-03T09:00:00Z,0.6715,0.6715,,,,,trade,false
2025-04-03T10:00:00Z,0.657,0.657,,,,,trade,false
2025-04-03T11:00:00Z,0.659,0.659,,,,,trade,false
2025-04-03T12:00:00Z,0.661,0.661,,,,,trade,false
2025-04-03T13:00:00Z,0.665,0.665,,,,,trade,false
2025-04-03T14:00:00Z,0.674,0.674,,,,,trade,false
2025-04-03T15:00:00Z,0.676,0.676,,,,,trade,false
2025-04-03T16:00:00Z,0.6775,0.6775,,,,,trade,false
2025-04-03T17:00:00Z,0.677,0.677,,,,,trade,false
2025-04-03T18:00:00Z,0.6775,0.6775,,,,,trade,false
2025-04-03T19:00:00Z,0.68,0.68,,,,,trade,false
2025-04-03T20:00:00Z,0.682,0.682,,,,,trade,false
2025-04-03T21:00:00Z,0.675,0.675,,,,,trade,false
2025-04-03T22:00:00Z,0.675,0.675,,,,,trade,false
2025-04-03T23:00:00Z,0.6765,0.6765,,,,,trade,false
2025-04-04T00:00:00Z,0.675,0.675,,,,,trade,false
2025-04-04T01:00:00Z,0.669,0.669,,,,,trade,false
2025-04-04T02:00:00Z,0.672,0.672,,,,,trade,false
2025-04-04T03:00:00Z,0.6735,0.6735,,,,,trade,false
2025-04-04T04:00:00Z,0.6735,0.6735,,,,,trade,false
2025-04-04T05:00:00Z,0.6735,0.6735,,,,,trade,false
2025-04-04T06:00:00Z,0.673,0.673,,,,,trade,false
2025-04-04T07:00:00Z,0.6735,0.6735,,,,,trade,false
2025-04-04T08:00:00Z,0.674,0.674,,,,,trade,false
2025-04-04T09:00:00Z,0.675,0.675,,,,,trade,false
2025-04-04T10:00:00Z,0.675,0.675,,,,,trade,false
2025-04-04T11:00:00Z,0.675,0.675,,,,,trade,false
2025-04-04T12:00:00Z,0.6745,0.6745,,,,,trade,false
2025-04-04T13:00:00Z,0.6745,0.6745,,,,,trade,false
2025-04-04T14:00:00Z,0.675,0.675,,,,,trade,false
2025-04-04T15:00:00Z,0.675,0.675,,,,,trade,false
2025-04-04T16:00:00Z,0.675,0.675,,,,,trade,false
2025-04-04T17:00:00Z,0.6795,0.6795,,,,,trade,false
2025-04-04T18:00:00Z,0.6875,0.6875,,,,,trade,false
2025-04-04T19:00:00Z,0.716,0.716,,,,,trade,false
2025-04-04T20:00:00Z,0.7315,0.7315,,,,,trade,false
2025-04-04T21:00:00Z,0.725,0.725,,,,,trade,false
2025-04-04T22:00:00Z,0.724,0.724,,,,,trade,false
2025-04-04T23:00:00Z,0.7215,0.7215,,,,,trade,false
2025-04-05T00:00:00Z,0.7195,0.7195,,,,,trade,false
2025-04-05T01:00:00Z,0.7145,0.7145,,,,,trade,false
2025-04-05T02:00:00Z,0.712,0.712,,,,,trade,false
2025-04-05T03:00:00Z,0.7115,0.7115,,,,,trade,false
2025-04-05T04:00:00Z,0.713,0.713,,,,,trade,false
2025-04-05T05:00:00Z,0.713,0.713,,,,,trade,false
2025-04-05T06:00:00Z,0.7105,0.7105,,,,,trade,false
2025-04-05T07:00:00Z,0.714,0.714,,,,,trade,false
2025-04-05T08:00:00Z,0.7145,0.7145,,,,,trade,false
2025-04-05T09:00:00Z,0.7145,0.7145,,,,,trade,false
2025-04-05T10:00:00Z,0.7145,0.7145,,,,,trade,false
2025-04-05T11:00:00Z,0.716,0.716,,,,,trade,false
2025-04-05T12:00:00Z,0.7175,0.7175,,,,,trade,false
2025-04-05T13:00:00Z,0.7175,0.7175,,,,,trade,false
2025-04-05T14:00:00Z,0.7205,0.7205,,,,,trade,false
2025-04-05T15:00:00Z,0.724,0.724,,,,,trade,false
2025-04-05T16:00:00Z,0.7375,0.7375,,,,,trade,false
2025-04-05T17:00:00Z,0.7305,0.7305,,,,,trade,false
2025-04-05T18:00:00Z,0.729,0.729,,,,,trade,false
2025-04-05T19:00:00Z,0.728,0.728,,,,,trade,false
2025-04-05T20:00:00Z,0.728,0.728,,,,,trade,false
2025-04-05T21:00:00Z,0.728,0.728,,,,,trade,false
2025-04-05T22:00:00Z,0.729,0.729,,,,,trade,false
2025-04-05T23:00:00Z,0.7295,0.7295,,,,,trade,false
2025-04-06T00:00:00Z,0.7205,0.7205,,,,,trade,false
2025-04-06T01:00:00Z,0.725,0.725,,,,,trade,false
2025-04-06T02:00:00Z,0.7265,0.7265,,,,,trade,false
2025-04-06T03:00:00Z,0.7265,0.7265,,,,,trade,false
2025-04-06T04:00:00Z,0.72,0.72,,,,,trade,false
2025-04-06T05:00:00Z,0.717,0.717,,,,,trade,false
2025-04-06T06:00:00Z,0.7175,0.7175,,,,,trade,false
2025-04-06T07:00:00Z,0.72,0.72,,,,,trade,false
2025-04-06T08:00:00Z,0.726,0.726,,,,,trade,false
2025-04-06T09:00:00Z,0.7275,0.7275,,,,,trade,false
2025-04-06T10:00:00Z,0.72,0.72,,,,,trade,false
2025-04-06T11:00:00Z,0.7165,0.7165,,,,,trade,false
2025-04-06T12:00:00Z,0.717,0.717,,,,,trade,false
2025-04-06T13:00:00Z,0.7205,0.7205,,,,,trade,false
2025-04-06T14:00:00Z,0.718,0.718,,,,,trade,false
2025-04-06T15:00:00Z,0.718,0.718,,,,,trade,false
2025-04-06T16:00:00Z,0.717,0.717,,,,,trade,false
2025-04-06T17:00:00Z,0.7145,0.7145,,,,,trade,false
2025-04-06T18:00:00Z,0.714,0.714,,,,,trade,false
2025-04-06T19:00:00Z,0.7145,0.7145,,,,,trade,false
2025-04-06T20:00:00Z,0.7125,0.7125,,,,,trade,false
2025-04-06T21:00:00Z,0.711,0.711,,,,,trade,false
2025-04-06T22:00:00Z,0.711,0.711,,,,,trade,false
2025-04-06T23:00:00Z,0.7115,0.7115,,,,,trade,false
2025-04-07T00:00:00Z,0.7135,0.7135,,,,,trade,false
2025-04-07T01:00:00Z,0.717,0.717,,,,,trade,false
2025-04-07T02:00:00Z,0.7185,0.7185,,,,,trade,false
2025-04-07T03:00:00Z,0.7185,0.7185,,,,,trade,false
2025-04-07T04:00:00Z,0.718,0.718,,,,,trade,false
2025-04-07T05:00:00Z,0.7175,0.7175,,,,,trade,false
2025-04-07T06:00:00Z,0.7175,0.7175,,,,,trade,false
2025-04-07T07:00:00Z,0.718,0.718,,,,,trade,false
2025-04-07T08:00:00Z,0.72,0.72,,,,,trade,false
2025-04-07T09:00:00Z,0.718,0.718,,,,,trade,false
2025-04-07T10:00:00Z,0.718,0.718,,,,,trade,false
2025-04-07T11:00:00Z,0.7185,0.7185,,,,,trade,false
2025-04-07T12:00:00Z,0.719,0.719,,,,,trade,false
2025-04-07T13:00:00Z,0.7175,0.7175,,,,,trade,false
2025-04-07T14:00:00Z,0.7185,0.7185,,,,,trade,false
2025-04-07T15:00:00Z,0.7195,0.7195,,,,,trade,false
2025-04-07T16:00:00Z,0.719,0.719,,,,,trade,false
2025-04-07T17:00:00Z,0.7235,0.7235,,,,,trade,false
2025-04-07T18:00:00Z,0.7265,0.7265,,,,,trade,false
2025-04-07T19:00:00Z,0.7265,0.7265,,,,,trade,false
2025-04-07T20:00:00Z,0.7285,0.7285,,,,,trade,false
2025-04-07T21:00:00Z,0.7295,0.7295,,,,,trade,false
2025-04-07T22:00:00Z,0.7285,0.7285,,,,,trade,false
2025-04-07T23:00:00Z,0.7285,0.7285,,,,,trade,false
2025-04-08T00:00:00Z,0.729,0.729,,,,,trade,false
2025-04-08T01:00:00Z,0.729,0.729,,,,,trade,false
2025-04-08T02:00:00Z,0.7395,0.7395,,,,,trade,false
2025-04-08T03:00:00Z,0.738,0.738,,,,,trade,false
2025-04-08T04:00:00Z,0.74,0.74,,,,,trade,false
2025-04-08T05:00:00Z,0.738,0.738,,,,,trade,false
2025-04-08T06:00:00Z,0.741,0.741,,,,,trade,false
2025-04-08T07:00:00Z,0.7405,0.7405,,,,,trade,false
2025-04-08T08:00:00Z,0.744,0.744,,,,,trade,false
2025-04-08T09:00:00Z,0.7475,0.7475,,,,,trade,false
2025-04-08T10:00:00Z,0.7485,0.7485,,,,,trade,false
2025-04-08T11:00:00Z,0.747,0.747,,,,,trade,false
2025-04-08T12:00:00Z,0.752,0.752,,,,,trade,false
2025-04-08T13:00:00Z,0.7545,0.7545,,,,,trade,false
2025-04-08T14:00:00Z,0.762,0.762,,,,,trade,false
2025-04-08T15:00:00Z,0.762,0.762,,,,,trade,false
2025-04-08T16:00:00Z,0.7565,0.7565,,,,,trade,false
2025-04-08T17:00:00Z,0.76,0.76,,,,,trade,false
2025-04-08T18:00:00Z,0.758,0.758,,,,,trade,false
2025-04-08T19:00:00Z,0.761,0.761,,,,,trade,false
2025-04-08T20:00:00Z,0.7625,0.7625,,,,,trade,false
2025-04-08T21:00:00Z,0.7635,0.7635,,,,,trade,false
2025-04-08T22:00:00Z,0.768,0.768,,,,,trade,false
2025-04-08T23:00:00Z,0.773,0.773,,,,,trade,false
2025-04-09T00:00:00Z,0.782,0.782,,,,,trade,false
2025-04-09T01:00:00Z,0.787,0.787,,,,,trade,false
2025-04-09T02:00:00Z,0.7895,0.7895,,,,,trade,false
2025-04-09T03:00:00Z,0.7945,0.7945,,,,,trade,false
2025-04-09T04:00:00Z,0.783,0.783,,,,,trade,false
2025-04-09T05:00:00Z,0.7835,0.7835,,,,,trade,false
2025-04-09T06:00:00Z,0.788,0.788,,,,,trade,false
2025-04-09T07:00:00Z,0.784,0.784,,,,,trade,false
2025-04-09T08:00:00Z,0.785,0.785,,,,,trade,false
2025-04-09T09:00:00Z,0.784,0.784,,,,,trade,false
2025-04-09T10:00:00Z,0.784,0.784,,,,,trade,false
2025-04-09T11:00:00Z,0.787,0.787,,,,,trade,false
2025-04-09T12:00:00Z,0.783,0.783,,,,,trade,false
2025-04-09T13:00:00Z,0.784,0.784,,,,,trade,false
2025-04-09T14:00:00Z,0.794,0.794,,,,,trade,false
2025-04-09T15:00:00Z,0.796,0.796,,,,,trade,false
2025-04-09T16:00:00Z,0.793,0.793,,,,,trade,false
2025-04-09T17:00:00Z,0.7935,0.7935,,,,,trade,false
2025-04-09T18:00:00Z,0.7925,0.7925,,,,,trade,false
2025-04-09T19:00:00Z,0.794,0.794,,,,,trade,false
2025-04-09T20:00:00Z,0.7915,0.7915,,,,,trade,false
2025-04-09T21:00:00Z,0.7915,0.7915,,,,,trade,false
2025-04-09T22:00:00Z,0.7845,0.7845,,,,,trade,false
2025-04-09T23:00:00Z,0.7845,0.7845,,,,,trade,false
2025-04-10T00:00:00Z,0.781,0.781,,,,,trade,false
2025-04-10T01:00:00Z,0.777,0.777,,,,,trade,false
2025-04-10T02:00:00Z,0.782,0.782,,,,,trade,false
2025-04-10T03:00:00Z,0.782,0.782,,,,,trade,false
2025-04-10T04:00:00Z,0.7815,0.7815,,,,,trade,false
2025-04-10T05:00:00Z,0.7815,0.7815,,,,,trade,false
2025-04-10T06:00:00Z,0.782,0.782,,,,,trade,false
2025-04-10T07:00:00Z,0.784,0.784,,,,,trade,false
2025-04-10T08:00:00Z,0.784,0.784,,,,,trade,false
2025-04-10T09:00:00Z,0.784,0.784,,,,,trade,false
2025-04-10T10:00:00Z,0.7815,0.7815,,,,,trade,false
2025-04-10T11:00:00Z,0.781,0.781,,,,,trade,false
2025-04-10T12:00:00Z,0.783,0.783,,,,,trade,false
2025-04-10T13:00:00Z,0.778,0.778,,,,,trade,false
2025-04-10T14:00:00Z,0.778,0.778,,,,,trade,false
2025-04-10T15:00:00Z,0.7705,0.7705,,,,,trade,false
2025-04-10T16:00:00Z,0.765,0.765,,,,,trade,false
2025-04-10T17:00:00Z,0.7675,0.7675,,,,,trade,false
2025-04-10T18:00:00Z,0.757,0.757,,,,,trade,false
2025-04-10T19:00:00Z,0.758,0.758,,,,,trade,false
2025-04-10T20:00:00Z,0.7555,0.7555,,,,,trade,false
2025-04-10T21:00:00Z,0.756,0.756,,,,,trade,false
2025-04-10T22:00:00Z,0.755,0.755,,,,,trade,false
2025-04-10T23:00:00Z,0.7555,0.7555,,,,,trade,false
2025-04-11T00:00:00Z,0.7515,0.7515,,,,,trade,false
2025-04-11T01:00:00Z,0.755,0.755,,,,,trade,false
2025-04-11T02:00:00Z,0.749,0.749,,,,,trade,false
2025-04-11T03:00:00Z,0.754,0.754,,,,,trade,false
2025-04-11T04:00:00Z,0.7535,0.7535,,,,,trade,false
2025-04-11T05:00:00Z,0.755,0.755,,,,,trade,false
2025-04-11T06:00:00Z,0.7555,0.7555,,,,,trade,false
2025-04-11T07:00:00Z,0.752,0.752,,,,,trade,false
2025-04-11T08:00:00Z,0.7515,0.7515,,,,,trade,false
2025-04-11T09:00:00Z,0.7515,0.7515,,,,,trade,false
2025-04-11T10:00:00Z,0.748,0.748,,,,,trade,false
2025-04-11T11:00:00Z,0.7475,0.7475,,,,,trade,false
2025-04-11T12:00:00Z,0.745,0.745,,,,,trade,false
2025-04-11T13:00:00Z,0.7455,0.7455,,,,,trade,false
2025-04-11T14:00:00Z,0.7465,0.7465,,,,,trade,false
2025-04-11T15:00:00Z,0.7465,0.7465,,,,,trade,false
2025-04-11T16:00:00Z,0.747,0.747,,,,,trade,false
2025-04-11T17:00:00Z,0.7515,0.7515,,,,,trade,false
2025-04-11T18:00:00Z,0.7535,0.7535,,,,,trade,false
2025-04-11T19:00:00Z,0.754,0.754,,,,,trade,false
2025-04-11T20:00:00Z,0.754,0.754,,,,,trade,false
2025-04-11T21:00:00Z,0.755,0.755,,,,,trade,false
2025-04-11T22:00:00Z,0.7545,0.7545,,,,,trade,false
2025-04-11T23:00:00Z,0.7545,0.7545,,,,,trade,false
2025-04-12T00:00:00Z,0.7535,0.7535,,,,,trade,false
2025-04-12T01:00:00Z,0.7535,0.7535,,,,,trade,false
2025-04-12T02:00:00Z,0.7535,0.7535,,,,,trade,false
2025-04-12T03:00:00Z,0.7535,0.7535,,,,,trade,false
2025-04-12T04:00:00Z,0.7535,0.7535,,,,,trade,false
2025-04-12T05:00:00Z,0.753,0.753,,,,,trade,false
2025-04-12T06:00:00Z,0.7515,0.7515,,,,,trade,false
2025-04-12T07:00:00Z,0.7515,0.7515,,,,,trade,false
2025-04-12T08:00:00Z,0.753,0.753,,,,,trade,false
2025-04-12T09:00:00Z,0.7525,0.7525,,,,,trade,false
2025-04-12T10:00:00Z,0.748,0.748,,,,,trade,false
2025-04-12T11:00:00Z,0.748,0.748,,,,,trade,false
2025-04-12T12:00:00Z,0.748,0.748,,,,,trade,false
2025-04-12T13:00:00Z,0.748,0.748,,,,,trade,false
2025-04-12T14:00:00Z,0.7485,0.7485,,,,,trade,false
2025-04-12T15:00:00Z,0.7485,0.7485,,,,,trade,false
2025-04-12T16:00:00Z,0.7485,0.7485,,,,,trade,false
2025-04-12T17:00:00Z,0.751,0.751,,,,,trade,false
2025-04-12T18:00:00Z,0.7525,0.7525,,,,,trade,false
2025-04-12T19:00:00Z,0.752,0.752,,,,,trade,false
2025-04-12T20:00:00Z,0.7525,0.7525,,,,,trade,false
2025-04-12T21:00:00Z,0.753,0.753,,,,,trade,false
2025-04-12T22:00:00Z,0.753,0.753,,,,,trade,false
2025-04-12T23:00:00Z,0.752,0.752,,,,,trade,false
2025-04-13T00:00:00Z,0.752,0.752,,,,,trade,false
2025-04-13T01:00:00Z,0.7515,0.7515,,,,,trade,false
2025-04-13T02:00:00Z,0.7515,0.7515,,,,,trade,false
2025-04-13T03:00:00Z,0.7515,0.7515,,,,,trade,false
2025-04-13T04:00:00Z,0.752,0.752,,,,,trade,false
2025-04-13T05:00:00Z,0.7515,0.7515,,,,,trade,false
2025-04-13T06:00:00Z,0.7515,0.7515,,,,,trade,false
2025-04-13T07:00:00Z,0.7465,0.7465,,,,,trade,false
2025-04-13T08:00:00Z,0.7445,0.7445,,,,,trade,false
2025-04-13T09:00:00Z,0.747,0.747,,,,,trade,false
2025-04-13T10:00:00Z,0.743,0.743,,,,,trade,false
2025-04-13T11:00:00Z,0.74,0.74,,,,,trade,false
2025-04-13T12:00:00Z,0.7405,0.7405,,,,,trade,false
2025-04-13T13:00:00Z,0.7405,0.7405,,,,,trade,false
2025-04-13T14:00:00Z,0.74,0.74,,,,,trade,false
2025-04-13T15:00:00Z,0.74,0.74,,,,,trade,false
2025-04-13T16:00:00Z,0.7295,0.7295,,,,,trade,false
2025-04-13T17:00:00Z,0.7285,0.7285,,,,,trade,false
2025-04-13T18:00:00Z,0.7225,0.7225,,,,,trade,false
2025-04-13T19:00:00Z,0.7295,0.7295,,,,,trade,false
2025-04-13T20:00:00Z,0.7265,0.7265,,,,,trade,false
2025-04-13T21:00:00Z,0.686,0.686,,,,,trade,false
2025-04-13T22:00:00Z,0.694,0.694,,,,,trade,false
2025-04-13T23:00:00Z,0.6945,0.6945,,,,,trade,false
2025-04-14T00:00:00Z,0.6905,0.6905,,,,,trade,false
2025-04-14T01:00:00Z,0.6895,0.6895,,,,,trade,false
2025-04-14T02:00:00Z,0.687,0.687,,,,,trade,false
2025-04-14T03:00:00Z,0.6835,0.6835,,,,,trade,false
2025-04-14T04:00:00Z,0.6845,0.6845,,,,,trade,false
2025-04-14T05:00:00Z,0.6815,0.6815,,,,,trade,false
2025-04-14T06:00:00Z,0.6785,0.6785,,,,,trade,false
2025-04-14T07:00:00Z,0.673,0.673,,,,,trade,false
2025-04-14T08:00:00Z,0.679,0.679,,,,,trade,false
2025-04-14T09:00:00Z,0.6795,0.6795,,,,,trade,false
2025-04-14T10:00:00Z,0.687,0.687,,,,,trade,false
2025-04-14T11:00:00Z,0.689,0.689,,,,,trade,false
2025-04-14T12:00:00Z,0.6905,0.6905,,,,,trade,false
2025-04-14T13:00:00Z,0.6995,0.6995,,,,,trade,false
2025-04-14T14:00:00Z,0.699,0.699,,,,,trade,false
2025-04-14T15:00:00Z,0.692,0.692,,,,,trade,false
2025-04-14T16:00:00Z,0.6915,0.6915,,,,,trade,false
2025-04-14T17:00:00Z,0.692,0.692,,,,,trade,false
2025-04-14T18:00:00Z,0.6865,0.6865,,,,,trade,false
2025-04-14T19:00:00Z,0.6885,0.6885,,,,,trade,false
2025-04-14T20:00:00Z,0.6885,0.6885,,,,,trade,false
2025-04-14T21:00:00Z,0.6835,0.6835,,,,,trade,false
2025-04-14T22:00:00Z,0.687,0.687,,,,,trade,false
2025-04-14T23:00:00Z,0.686,0.686,,,,,trade,false
2025-04-15T00:00:00Z,0.696,0.696,,,,,trade,false
2025-04-15T01:00:00Z,0.695,0.695,,,,,trade,false
2025-04-15T02:00:00Z,0.6945,0.6945,,,,,trade,false
2025-04-15T03:00:00Z,0.694,0.694,,,,,trade,false
2025-04-15T04:00:00Z,0.694,0.694,,,,,trade,false
2025-04-15T05:00:00Z,0.694,0.694,,,,,trade,false
2025-04-15T06:00:00Z,0.696,0.696,,,,,trade,false
2025-04-15T07:00:00Z,0.7025,0.7025,,,,,trade,false
2025-04-15T08:00:00Z,0.7065,0.7065,,,,,trade,false
2025-04-15T09:00:00Z,0.7085,0.7085,,,,,trade,false
2025-04-15T10:00:00Z,0.7115,0.7115,,,,,trade,false
2025-04-15T11:00:00Z,0.7175,0.7175,,,,,trade,false
2025-04-15T12:00:00Z,0.726,0.726,,,,,trade,false
2025-04-15T13:00:00Z,0.732,0.732,,,,,trade,false
2025-04-15T14:00:00Z,0.734,0.734,,,,,trade,false
2025-04-15T15:00:00Z,0.736,0.736,,,,,trade,false
2025-04-15T16:00:00Z,0.732,0.732,,,,,trade,false
2025-04-15T17:00:00Z,0.738,0.738,,,,,trade,false
2025-04-15T18:00:00Z,0.737,0.737,,,,,trade,false
2025-04-15T19:00:00Z,0.7355,0.7355,,,,,trade,false
2025-04-15T20:00:00Z,0.731,0.731,,,,,trade,false
2025-04-15T21:00:00Z,0.736,0.736,,,,,trade,false
2025-04-15T22:00:00Z,0.729,0.729,,,,,trade,false
2025-04-15T23:00:00Z,0.7275,0.7275,,,,,trade,false
2025-04-16T00:00:00Z,0.731,0.731,,,,,trade,false
2025-04-16T01:00:00Z,0.7305,0.7305,,,,,trade,false
2025-04-16T02:00:00Z,0.7275,0.7275,,,,,trade,false
2025-04-16T03:00:00Z,0.7305,0.7305,,,,,trade,false
2025-04-16T04:00:00Z,0.7285,0.7285,,,,,trade,false
2025-04-16T05:00:00Z,0.7285,0.7285,,,,,trade,false
2025-04-16T06:00:00Z,0.7275,0.7275,,,,,trade,false
2025-04-16T07:00:00Z,0.7265,0.7265,,,,,trade,false
2025-04-16T08:00:00Z,0.727,0.727,,,,,trade,false
2025-04-16T09:00:00Z,0.729,0.729,,,,,trade,false
2025-04-16T10:00:00Z,0.73,0.73,,,,,trade,false
2025-04-16T11:00:00Z,0.73,0.73,,,,,trade,false
2025-04-16T12:00:00Z,0.73,0.73,,,,,trade,false
2025-04-16T13:00:00Z,0.73,0.73,,,,,trade,false
2025-04-16T14:00:00Z,0.719,0.719,,,,,trade,false
2025-04-16T15:00:00Z,0.688,0.688,,,,,trade,false
2025-04-16T16:00:00Z,0.718,0.718,,,,,trade,false
2025-04-16T17:00:00Z,0.7115,0.7115,,,,,trade,false
2025-04-16T18:00:00Z,0.7055,0.7055,,,,,trade,false
2025-04-16T19:00:00Z,0.706,0.706,,,,,trade,false
2025-04-16T20:00:00Z,0.7035,0.7035,,,,,trade,false
2025-04-16T21:00:00Z,0.7025,0.7025,,,,,trade,false
2025-04-16T22:00:00Z,0.7025,0.7025,,,,,trade,false
2025-04-16T23:00:00Z,0.7135,0.7135,,,,,trade,false
2025-04-17T00:00:00Z,0.7255,0.7255,,,,,trade,false
2025-04-17T01:00:00Z,0.73,0.73,,,,,trade,false
2025-04-17T02:00:00Z,0.731,0.731,,,,,trade,false
2025-04-17T03:00:00Z,0.735,0.735,,,,,trade,false
2025-04-17T04:00:00Z,0.735,0.735,,,,,trade,false
2025-04-17T05:00:00Z,0.736,0.736,,,,,trade,false
2025-04-17T06:00:00Z,0.736,0.736,,,,,trade,false
2025-04-17T07:00:00Z,0.737,0.737,,,,,trade,false
2025-04-17T08:00:00Z,0.7405,0.7405,,,,,trade,false
2025-04-17T09:00:00Z,0.746,0.746,,,,,trade,false
2025-04-17T10:00:00Z,0.7515,0.7515,,,,,trade,false
2025-04-17T11:00:00Z,0.753,0.753,,,,,trade,false
2025-04-17T12:00:00Z,0.754,0.754,,,,,trade,false
2025-04-17T13:00:00Z,0.7555,0.7555,,,,,trade,false
2025-04-17T14:00:00Z,0.7535,0.7535,,,,,trade,false
2025-04-17T15:00:00Z,0.754,0.754,,,,,trade,false
2025-04-17T16:00:00Z,0.7555,0.7555,,,,,trade,false
2025-04-17T17:00:00Z,0.7585,0.7585,,,,,trade,false
2025-04-17T18:00:00Z,0.7605,0.7605,,,,,trade,false
2025-04-17T19:00:00Z,0.76,0.76,,,,,trade,false
2025-04-17T20:00:00Z,0.7525,0.7525,,,,,trade,false
2025-04-17T21:00:00Z,0.756,0.756,,,,,trade,false
2025-04-17T22:00:00Z,0.767,0.767,,,,,trade,false
2025-04-17T23:00:00Z,0.768,0.768,,,,,trade,false
2025-04-18T00:00:00Z,0.764,0.764,,,,,trade,false
2025-04-18T01:00:00Z,0.786,0.786,,,,,trade,false
2025-04-18T02:00:00Z,0.7875,0.7875,,,,,trade,false
2025-04-18T03:00:00Z,0.7865,0.7865,,,,,trade,false
2025-04-18T04:00:00Z,0.7745,0.7745,,,,,trade,false
2025-04-18T05:00:00Z,0.7755,0.7755,,,,,trade,false
2025-04-18T06:00:00Z,0.7725,0.7725,,,,,trade,false
2025-04-18T07:00:00Z,0.7745,0.7745,,,,,trade,false
2025-04-18T08:00:00Z,0.7755,0.7755,,,,,trade,false
2025-04-18T09:00:00Z,0.779,0.779,,,,,trade,false
2025-04-18T10:00:00Z,0.7745,0.7745,,,,,trade,false
2025-04-18T11:00:00Z,0.7705,0.7705,,,,,trade,false
2025-04-18T12:00:00Z,0.774,0.774,,,,,trade,false
2025-04-18T13:00:00Z,0.7745,0.7745,,,,,trade,false
2025-04-18T14:00:00Z,0.77,0.77,,,,,trade,false
2025-04-18T15:00:00Z,0.7745,0.7745,,,,,trade,false
2025-04-18T16:00:00Z,0.774,0.774,,,,,trade,false
2025-04-18T17:00:00Z,0.7735,0.7735,,,,,trade,false
2025-04-18T18:00:00Z,0.7735,0.7735,,,,,trade,false
2025-04-18T19:00:00Z,0.7735,0.7735,,,,,trade,false
2025-04-18T20:00:00Z,0.7765,0.7765,,,,,trade,false
2025-04-18T21:00:00Z,0.7775,0.7775,,,,,trade,false
2025-04-18T22:00:00Z,0.7775,0.7775,,,,,trade,false
2025-04-18T23:00:00Z,0.774,0.774,,,,,trade,false
2025-04-19T00:00:00Z,0.775,0.775,,,,,trade,false
2025-04-19T01:00:00Z,0.7755,0.7755,,,,,trade,false
2025-04-19T02:00:00Z,0.7765,0.7765,,,,,trade,false
2025-04-19T03:00:00Z,0.772,0.772,,,,,trade,false
2025-04-19T04:00:00Z,0.7715,0.7715,,,,,trade,false
2025-04-19T05:00:00Z,0.771,0.771,,,,,trade,false
2025-04-19T06:00:00Z,0.7735,0.7735,,,,,trade,false
2025-04-19T07:00:00Z,0.773,0.773,,,,,trade,false
2025-04-19T08:00:00Z,0.7745,0.7745,,,,,trade,false
2025-04-19T09:00:00Z,0.777,0.777,,,,,trade,false
2025-04-19T10:00:00Z,0.772,0.772,,,,,trade,false
2025-04-19T11:00:00Z,0.767,0.767,,,,,trade,false
2025-04-19T12:00:00Z,0.769,0.769,,,,,trade,false
2025-04-19T13:00:00Z,0.7695,0.7695,,,,,trade,false
2025-04-19T14:00:00Z,0.7735,0.7735,,,,,trade,false
2025-04-19T15:00:00Z,0.7725,0.7725,,,,,trade,false
2025-04-19T16:00:00Z,0.7755,0.7755,,,,,trade,false
2025-04-19T17:00:00Z,0.773,0.773,,,,,trade,false
2025-04-19T18:00:00Z,0.7765,0.7765,,,,,trade,false
2025-04-19T19:00:00Z,0.776,0.776,,,,,trade,false
2025-04-19T20:00:00Z,0.7755,0.7755,,,,,trade,false
2025-04-19T21:00:00Z,0.7795,0.7795,,,,,trade,false
2025-04-19T22:00:00Z,0.7765,0.7765,,,,,trade,false
2025-04-19T23:00:00Z,0.778,0.778,,,,,trade,false
2025-04-20T00:00:00Z,0.7775,0.7775,,,,,trade,false
2025-04-20T01:00:00Z,0.778,0.778,,,,,trade,false
2025-04-20T02:00:00Z,0.778,0.778,,,,,trade,false
2025-04-20T03:00:00Z,0.778,0.778,,,,,trade,false
2025-04-20T04:00:00Z,0.7785,0.7785,,,,,trade,false
2025-04-20T05:00:00Z,0.7795,0.7795,,,,,trade,false
2025-04-20T06:00:00Z,0.7715,0.7715,,,,,trade,false
2025-04-20T07:00:00Z,0.736,0.736,,,,,trade,false
2025-04-20T08:00:00Z,0.7355,0.7355,,,,,trade,false
2025-04-20T09:00:00Z,0.738,0.738,,,,,trade,false
2025-04-20T10:00:00Z,0.7315,0.7315,,,,,trade,false
2025-04-20T11:00:00Z,0.7695,0.7695,,,,,trade,false
2025-04-20T12:00:00Z,0.7635,0.7635,,,,,trade,false
2025-04-20T13:00:00Z,0.7615,0.7615,,,,,trade,false
2025-04-20T14:00:00Z,0.763,0.763,,,,,trade,false
2025-04-20T15:00:00Z,0.7625,0.7625,,,,,trade,false
2025-04-20T16:00:00Z,0.769,0.769,,,,,trade,false
2025-04-20T17:00:00Z,0.7685,0.7685,,,,,trade,false
2025-04-20T18:00:00Z,0.771,0.771,,,,,trade,false
2025-04-20T19:00:00Z,0.7715,0.7715,,,,,trade,false
2025-04-20T20:00:00Z,0.7715,0.7715,,,,,trade,false
2025-04-20T21:00:00Z,0.77,0.77,,,,,trade,false
2025-04-20T22:00:00Z,0.7655,0.7655,,,,,trade,false
2025-04-20T23:00:00Z,0.7575,0.7575,,,,,trade,false
2025-04-21T00:00:00Z,0.746,0.746,,,,,trade,false
2025-04-21T01:00:00Z,0.749,0.749,,,,,trade,false
2025-04-21T02:00:00Z,0.746,0.746,,,,,trade,false
2025-04-21T03:00:00Z,0.7595,0.7595,,,,,trade,false
2025-04-21T04:00:00Z,0.7445,0.7445,,,,,trade,false
2025-04-21T05:00:00Z,0.745,0.745,,,,,trade,false
2025-04-21T06:00:00Z,0.7495,0.7495,,,,,trade,false
2025-04-21T07:00:00Z,0.7495,0.7495,,,,,trade,false
2025-04-21T08:00:00Z,0.753,0.753,,,,,trade,false
2025-04-21T09:00:00Z,0.7485,0.7485,,,,,trade,false
2025-04-21T10:00:00Z,0.7515,0.7515,,,,,trade,false
2025-04-21T11:00:00Z,0.7485,0.7485,,,,,trade,false
2025-04-21T12:00:00Z,0.76,0.76,,,,,trade,false
2025-04-21T13:00:00Z,0.7615,0.7615,,,,,trade,false
2025-04-21T14:00:00Z,0.763,0.763,,,,,trade,false
2025-04-21T15:00:00Z,0.7665,0.7665,,,,,trade,false
2025-04-21T16:00:00Z,0.7695,0.7695,,,,,trade,false
2025-04-21T17:00:00Z,0.7705,0.7705,,,,,trade,false
2025-04-21T18:00:00Z,0.7715,0.7715,,,,,trade,false
2025-04-21T19:00:00Z,0.77,0.77,,,,,trade,false
2025-04-21T20:00:00Z,0.777,0.777,,,,,trade,false
2025-04-21T21:00:00Z,0.7805,0.7805,,,,,trade,false
2025-04-21T22:00:00Z,0.78,0.78,,,,,trade,false
2025-04-21T23:00:00Z,0.783,0.783,,,,,trade,false
2025-04-22T00:00:00Z,0.783,0.783,,,,,trade,false
2025-04-22T01:00:00Z,0.7825,0.7825,,,,,trade,false
2025-04-22T02:00:00Z,0.78,0.78,,,,,trade,false
2025-04-22T03:00:00Z,0.78,0.78,,,,,trade,false
2025-04-22T04:00:00Z,0.782,0.782,,,,,trade,false
2025-04-22T05:00:00Z,0.773,0.773,,,,,trade,false
2025-04-22T06:00:00Z,0.777,0.777,,,,,trade,false
2025-04-22T07:00:00Z,0.78,0.78,,,,,trade,false
2025-04-22T08:00:00Z,0.7845,0.7845,,,,,trade,false
2025-04-22T09:00:00Z,0.7845,0.7845,,,,,trade,false
2025-04-22T10:00:00Z,0.783,0.783,,,,,trade,false
2025-04-22T11:00:00Z,0.7825,0.7825,,,,,trade,false
2025-04-22T12:00:00Z,0.785,0.785,,,,,trade,false
2025-04-22T13:00:00Z,0.785,0.785,,,,,trade,false
2025-04-22T14:00:00Z,0.7835,0.7835,,,,,trade,false
2025-04-22T15:00:00Z,0.784,0.784,,,,,trade,false
2025-04-22T16:00:00Z,0.784,0.784,,,,,trade,false
2025-04-22T17:00:00Z,0.785,0.785,,,,,trade,false
2025-04-22T18:00:00Z,0.7855,0.7855,,,,,trade,false
2025-04-22T19:00:00Z,0.7965,0.7965,,,,,trade,false
2025-04-22T20:00:00Z,0.788,0.788,,,,,trade,false
2025-04-22T21:00:00Z,0.793,0.793,,,,,trade,false
2025-04-22T22:00:00Z,0.795,0.795,,,,,trade,false
2025-04-22T23:00:00Z,0.797,0.797,,,,,trade,false
2025-04-23T00:00:00Z,0.8045,0.8045,,,,,trade,false
2025-04-23T01:00:00Z,0.804,0.804,,,,,trade,false
2025-04-23T02:00:00Z,0.801,0.801,,,,,trade,false
2025-04-23T03:00:00Z,0.8045,0.8045,,,,,trade,false
2025-04-23T04:00:00Z,0.809,0.809,,,,,trade,false
2025-04-23T05:00:00Z,0.799,0.799,,,,,trade,false
2025-04-23T06:00:00Z,0.8025,0.8025,,,,,trade,false
2025-04-23T07:00:00Z,0.809,0.809,,,,,trade,false
2025-04-23T08:00:00Z,0.8135,0.8135,,,,,trade,false
2025-04-23T09:00:00Z,0.8165,0.8165,,,,,trade,false
2025-04-23T10:00:00Z,0.818,0.818,,,,,trade,false
2025-04-23T11:00:00Z,0.819,0.819,,,,,trade,false
2025-04-23T12:00:00Z,0.819,0.819,,,,,trade,false
2025-04-23T13:00:00Z,0.819,0.819,,,,,trade,false
2025-04-23T14:00:00Z,0.82,0.82,,,,,trade,false
2025-04-23T15:00:00Z,0.822,0.822,,,,,trade,false
2025-04-23T16:00:00Z,0.8485,0.8485,,,,,trade,false
2025-04-23T17:00:00Z,0.846,0.846,,,,,trade,false
2025-04-23T18:00:00Z,0.842,0.842,,,,,trade,false
2025-04-23T19:00:00Z,0.847,0.847,,,,,trade,false
2025-04-23T20:00:00Z,0.8525,0.8525,,,,,trade,false
2025-04-23T21:00:00Z,0.8435,0.8435,,,,,trade,false
2025-04-23T22:00:00Z,0.8425,0.8425,,,,,trade,false
2025-04-23T23:00:00Z,0.8425,0.8425,,,,,trade,false
2025-04-24T00:00:00Z,0.848,0.848,,,,,trade,false
2025-04-24T01:00:00Z,0.8575,0.8575,,,,,trade,false
2025-04-24T02:00:00Z,0.8525,0.8525,,,,,trade,false
2025-04-24T03:00:00Z,0.851,0.851,,,,,trade,false
2025-04-24T04:00:00Z,0.8515,0.8515,,,,,trade,false
2025-04-24T05:00:00Z,0.855,0.855,,,,,trade,false
2025-04-24T06:00:00Z,0.857,0.857,,,,,trade,false
2025-04-24T07:00:00Z,0.8535,0.8535,,,,,trade,false
2025-04-24T08:00:00Z,0.8665,0.8665,,,,,trade,false
2025-04-24T09:00:00Z,0.874,0.874,,,,,trade,false
2025-04-24T10:00:00Z,0.8775,0.8775,,,,,trade,false
2025-04-24T11:00:00Z,0.8775,0.8775,,,,,trade,false
2025-04-24T12:00:00Z,0.869,0.869,,,,,trade,false
2025-04-24T13:00:00Z,0.871,0.871,,,,,trade,false
2025-04-24T14:00:00Z,0.8605,0.8605,,,,,trade,false
2025-04-24T15:00:00Z,0.8595,0.8595,,,,,trade,false
2025-04-24T16:00:00Z,0.8645,0.8645,,,,,trade,false
2025-04-24T17:00:00Z,0.865,0.865,,,,,trade,false
2025-04-24T18:00:00Z,0.861,0.861,,,,,trade,false
2025-04-24T19:00:00Z,0.8595,0.8595,,,,,trade,false
2025-04-24T20:00:00Z,0.8555,0.8555,,,,,trade,false
2025-04-24T21:00:00Z,0.8655,0.8655,,,,,trade,false
2025-04-24T22:00:00Z,0.8655,0.8655,,,,,trade,false
2025-04-24T23:00:00Z,0.8565,0.8565,,,,,trade,false
2025-04-25T00:00:00Z,0.849,0.849,,,,,trade,false
2025-04-25T01:00:00Z,0.8445,0.8445,,,,,trade,false
2025-04-25T02:00:00Z,0.8445,0.8445,,,,,trade,false
2025-04-25T03:00:00Z,0.8445,0.8445,,,,,trade,false
2025-04-25T04:00:00Z,0.8445,0.8445,,,,,trade,false
2025-04-25T05:00:00Z,0.8395,0.8395,,,,,trade,false
2025-04-25T06:00:00Z,0.8275,0.8275,,,,,trade,false
2025-04-25T07:00:00Z,0.831,0.831,,,,,trade,false
2025-04-25T08:00:00Z,0.829,0.829,,,,,trade,false
2025-04-25T09:00:00Z,0.831,0.831,,,,,trade,false
2025-04-25T10:00:00Z,0.831,0.831,,,,,trade,false
2025-04-25T11:00:00Z,0.819,0.819,,,,,trade,false
2025-04-25T12:00:00Z,0.82,0.82,,,,,trade,false
2025-04-25T13:00:00Z,0.827,0.827,,,,,trade,false
2025-04-25T14:00:00Z,0.8265,0.8265,,,,,trade,false
2025-04-25T15:00:00Z,0.8165,0.8165,,,,,trade,false
2025-04-25T16:00:00Z,0.815,0.815,,,,,trade,false
2025-04-25T17:00:00Z,0.814,0.814,,,,,trade,false
2025-04-25T18:00:00Z,0.819,0.819,,,,,trade,false
2025-04-25T19:00:00Z,0.8185,0.8185,,,,,trade,false
2025-04-25T20:00:00Z,0.818,0.818,,,,,trade,false
2025-04-25T21:00:00Z,0.809,0.809,,,,,trade,false
2025-04-25T22:00:00Z,0.8095,0.8095,,,,,trade,false
2025-04-25T23:00:00Z,0.8215,0.8215,,,,,trade,false
2025-04-26T00:00:00Z,0.8135,0.8135,,,,,trade,false
2025-04-26T01:00:00Z,0.806,0.806,,,,,trade,false
2025-04-26T02:00:00Z,0.8065,0.8065,,,,,trade,false
2025-04-26T03:00:00Z,0.805,0.805,,,,,trade,false
2025-04-26T04:00:00Z,0.805,0.805,,,,,trade,false
2025-04-26T05:00:00Z,0.8115,0.8115,,,,,trade,false
2025-04-26T06:00:00Z,0.8075,0.8075,,,,,trade,false
2025-04-26T07:00:00Z,0.8095,0.8095,,,,,trade,false
2025-04-26T08:00:00Z,0.807,0.807,,,,,trade,false
2025-04-26T09:00:00Z,0.804,0.804,,,,,trade,false
2025-04-26T10:00:00Z,0.8025,0.8025,,,,,trade,false
2025-04-26T11:00:00Z,0.806,0.806,,,,,trade,false
2025-04-26T12:00:00Z,0.8015,0.8015,,,,,trade,false
2025-04-26T13:00:00Z,0.808,0.808,,,,,trade,false
2025-04-26T14:00:00Z,0.812,0.812,,,,,trade,false
2025-04-26T15:00:00Z,0.81,0.81,,,,,trade,false
2025-04-26T16:00:00Z,0.8105,0.8105,,,,,trade,false
2025-04-26T17:00:00Z,0.799,0.799,,,,,trade,false
2025-04-26T18:00:00Z,0.7895,0.7895,,,,,trade,false
2025-04-26T19:00:00Z,0.7855,0.7855,,,,,trade,false
2025-04-26T20:00:00Z,0.79,0.79,,,,,trade,false
2025-04-26T21:00:00Z,0.793,0.793,,,,,trade,false
2025-04-26T22:00:00Z,0.797,0.797,,,,,trade,false
2025-04-26T23:00:00Z,0.798,0.798,,,,,trade,false
2025-04-27T00:00:00Z,0.8015,0.8015,,,,,trade,false
2025-04-27T01:00:00Z,0.8015,0.8015,,,,,trade,false
2025-04-27T02:00:00Z,0.801,0.801,,,,,trade,false
2025-04-27T03:00:00Z,0.798,0.798,,,,,trade,false
2025-04-27T04:00:00Z,0.797,0.797,,,,,trade,false
2025-04-27T05:00:00Z,0.799,0.799,,,,,trade,false
2025-04-27T06:00:00Z,0.7985,0.7985,,,,,trade,false
2025-04-27T07:00:00Z,0.8035,0.8035,,,,,trade,false
2025-04-27T08:00:00Z,0.7945,0.7945,,,,,trade,false
2025-04-27T09:00:00Z,0.8025,0.8025,,,,,trade,false
2025-04-27T10:00:00Z,0.8095,0.8095,,,,,trade,false
2025-04-27T11:00:00Z,0.8035,0.8035,,,,,trade,false
2025-04-27T12:00:00Z,0.794,0.794,,,,,trade,false
2025-04-27T13:00:00Z,0.8005,0.8005,,,,,trade,false
2025-04-27T14:00:00Z,0.8035,0.8035,,,,,trade,false
2025-04-27T15:00:00Z,0.8105,0.8105,,,,,trade,false
2025-04-27T16:00:00Z,0.8065,0.8065,,,,,trade,false
2025-04-27T17:00:00Z,0.7975,0.7975,,,,,trade,false
2025-04-27T18:00:00Z,0.808,0.808,,,,,trade,false
2025-04-27T19:00:00Z,0.803,0.803,,,,,trade,false
2025-04-27T20:00:00Z,0.804,0.804,,,,,trade,false
2025-04-27T21:00:00Z,0.799,0.799,,,,,trade,false
2025-04-27T22:00:00Z,0.7935,0.7935,,,,,trade,false
2025-04-27T23:00:00Z,0.787,0.787,,,,,trade,false
2025-04-28T00:00:00Z,0.793,0.793,,,,,trade,false
2025-04-28T01:00:00Z,0.7925,0.7925,,,,,trade,false
2025-04-28T02:00:00Z,0.793,0.793,,,,,trade,false
2025-04-28T03:00:00Z,0.799,0.799,,,,,trade,false
2025-04-28T04:00:00Z,0.7815,0.7815,,,,,trade,false
2025-04-28T05:00:00Z,0.7845,0.7845,,,,,trade,false
2025-04-28T06:00:00Z,0.794,0.794,,,,,trade,false
2025-04-28T07:00:00Z,0.795,0.795,,,,,trade,false
2025-04-28T08:00:00Z,0.802,0.802,,,,,trade,false
2025-04-28T09:00:00Z,0.791,0.791,,,,,trade,false
2025-04-28T10:00:00Z,0.7875,0.7875,,,,,trade,false
2025-04-28T11:00:00Z,0.7895,0.7895,,,,,trade,false
2025-04-28T12:00:00Z,0.803,0.803,,,,,trade,false
2025-04-28T13:00:00Z,0.824,0.824,,,,,trade,false
2025-04-28T14:00:00Z,0.8295,0.8295,,,,,trade,false
2025-04-28T15:00:00Z,0.8125,0.8125,,,,,trade,false
2025-04-28T16:00:00Z,0.816,0.816,,,,,trade,false
2025-04-28T17:00:00Z,0.8145,0.8145,,,,,trade,false
2025-04-28T18:00:00Z,0.8205,0.8205,,,,,trade,false
2025-04-28T19:00:00Z,0.815,0.815,,,,,trade,false
2025-04-28T20:00:00Z,0.826,0.826,,,,,trade,false
2025-04-28T21:00:00Z,0.824,0.824,,,,,trade,false
2025-04-28T22:00:00Z,0.8205,0.8205,,,,,trade,false
2025-04-28T23:00:00Z,0.8245,0.8245,,,,,trade,false
2025-04-29T00:00:00Z,0.7495,0.7495,,,,,trade,false
2025-04-29T01:00:00Z,0.726,0.726,,,,,trade,false
2025-04-29T02:00:00Z,0.9375,0.9375,,,,,trade,false
2025-04-29T03:00:00Z,0.9905,0.9905,,,,,trade,false
2025-04-29T04:00:00Z,0.988,0.988,,,,,trade,false
2025-04-29T05:00:00Z,0.995,0.995,,,,,trade,false
2025-04-29T06:00:00Z,0.989,0.989,,,,,trade,false
2025-04-29T07:00:00Z,0.9955,0.9955,,,,,trade,false
2025-04-29T08:00:00Z,0.993,0.993,,,,,trade,false
2025-04-29T09:00:00Z,0.995,0.995,,,,,trade,false
2025-04-29T10:00:00Z,0.9975,0.9975,,,,,trade,false
2025-04-29T11:00:00Z,0.9975,0.9975,,,,,trade,false
2025-04-29T12:00:00Z,0.9965,0.9965,,,,,trade,false
2025-04-29T13:00:00Z,0.9975,0.9975,,,,,trade,false
2025-04-29T14:00:00Z,0.9975,0.9975,,,,,trade,false
2025-04-29T15:00:00Z,0.998,0.998,,,,,trade,false
2025-04-29T16:00:00Z,0.9985,0.9985,,,,,trade,false
2025-04-29T17:00:00Z,0.998,0.998,,,,,trade,false
2025-04-29T18:00:00Z,0.998,0.998,,,,,trade,false
2025-04-29T19:00:00Z,0.998,0.998,,,,,trade,false
2025-04-29T20:00:00Z,0.998,0.998,,,,,trade,false
2025-04-29T21:00:00Z,0.9985,0.9985,,,,,trade,false
2025-04-29T22:00:00Z,0.9975,0.9975,,,,,trade,false
2025-04-29T23:00:00Z,0.9985,0.9985,,,,,trade,false
2025-04-30T00:00:00Z,0.9985,0.9985,,,,,trade,false
2025-04-30T01:00:00Z,0.9985,0.9985,,,,,trade,false
2025-04-30T02:00:00Z,0.9985,0.9985,,,,,trade,false
2025-04-30T03:00:00Z,0.9985,0.9985,,,,,trade,false
2025-04-30T04:00:00Z,0.998,0.998,,,,,trade,false
2025-04-30T05:00:00Z,0.9995,0.9995,,,,,trade,false
