time,q,raw_price,bid,ask,volume,open_interest,mark_type,stale
2024-03-04T17:00:00.000Z,0.2500,0.2500,,,,,trade,false
2024-03-04T18:00:00.000Z,0.4500,0.4500,,,,,trade,false
2024-03-04T19:00:00.000Z,0.3000,0.3000,,,,,trade,false
2024-03-04T20:00:00.000Z,0.2600,0.2600,,,,,trade,false
2024-03-04T21:00:00.000Z,0.3250,0.3250,,,,,trade,false
2024-03-04T22:00:00.000Z,0.3700,0.3700,,,,,trade,false
2024-03-04T23:00:00.000Z,0.3700,0.3700,,,,,trade,false
2024-03-05T00:00:00.000Z,0.3600,0.3600,,,,,trade,false
2024-03-05T01:00:00.000Z,0.3600,0.3600,,,,,trade,false
2024-03-05T02:00:00.000Z,0.3600,0.3600,,,,,trade,false
2024-03-05T03:00:00.000Z,0.3650,0.3650,,,,,trade,false
2024-03-05T04:00:00.000Z,0.3650,0.3650,,,,,trade,false
2024-03-05T05:00:00.000Z,0.3650,0.3650,,,,,trade,false
2024-03-05T06:00:00.000Z,0.3750,0.3750,,,,,trade,false
2024-03-05T07:00:00.000Z,0.3750,0.3750,,,,,trade,false
2024-03-05T08:00:00.000Z,0.3750,0.3750,,,,,trade,false
2024-03-05T09:00:00.000Z,0.3750,0.3750,,,,,trade,false
2024-03-05T10:00:00.000Z,0.3750,0.3750,,,,,trade,false
2024-03-05T11:00:00.000Z,0.3750,0.3750,,,,,trade,false
2024-03-05T12:00:00.000Z,0.3750,0.3750,,,,,trade,false
2024-03-05T13:00:00.000Z,0.3750,0.3750,,,,,trade,false
2024-03-05T14:00:00.000Z,0.3750,0.3750,,,,,trade,false
2024-03-05T15:00:00.000Z,0.3750,0.3750,,,,,trade,false
2024-03-05T16:00:00.000Z,0.3750,0.3750,,,,,trade,false
2024-03-05T17:00:00.000Z,0.3900,0.3900,,,,,trade,false
2024-03-05T18:00:00.000Z,0.4200,0.4200,,,,,trade,false
2024-03-05T19:00:00.000Z,0.4250,0.4250,,,,,trade,false
2024-03-05T20:00:00.000Z,0.3850,0.3850,,,,,trade,false
2024-03-05T21:00:00.000Z,0.3900,0.3900,,,,,trade,false
2024-03-05T22:00:00.000Z,0.3900,0.3900,,,,,trade,false
2024-03-05T23:00:00.000Z,0.3900,0.3900,,,,,trade,false
2024-03-06T00:00:00.000Z,0.5600,0.5600,,,,,trade,false
2024-03-06T01:00:00.000Z,0.4450,0.4450,,,,,trade,false
2024-03-06T02:00:00.000Z,0.4550,0.4550,,,,,trade,false
2024-03-06T03:00:00.000Z,0.4550,0.4550,,,,,trade,false
2024-03-06T04:00:00.000Z,0.4250,0.4250,,,,,trade,false
2024-03-06T05:00:00.000Z,0.4250,0.4250,,,,,trade,false
2024-03-06T06:00:00.000Z,0.4250,0.4250,,,,,trade,false
2024-03-06T07:00:00.000Z,0.4050,0.4050,,,,,trade,false
2024-03-06T08:00:00.000Z,0.5400,0.5400,,,,,trade,false
2024-03-06T09:00:00.000Z,0.5050,0.5050,,,,,trade,false
2024-03-06T10:00:00.000Z,0.5050,0.5050,,,,,trade,false
2024-03-06T11:00:00.000Z,0.5050,0.5050,,,,,trade,false
2024-03-06T12:00:00.000Z,0.5100,0.5100,,,,,trade,false
2024-03-06T13:00:00.000Z,0.5250,0.5250,,,,,trade,false
2024-03-06T14:00:00.000Z,0.5100,0.5100,,,,,trade,false
2024-03-06T15:00:00.000Z,0.4800,0.4800,,,,,trade,false
2024-03-06T16:00:00.000Z,0.4850,0.4850,,,,,trade,false
2024-03-06T17:00:00.000Z,0.4900,0.4900,,,,,trade,false
2024-03-06T18:00:00.000Z,0.5050,0.5050,,,,,trade,false
2024-03-06T19:00:00.000Z,0.5000,0.5000,,,,,trade,false
2024-03-06T20:00:00.000Z,0.4950,0.4950,,,,,trade,false
2024-03-06T21:00:00.000Z,0.5350,0.5350,,,,,trade,false
2024-03-06T22:00:00.000Z,0.5350,0.5350,,,,,trade,false
2024-03-06T23:00:00.000Z,0.5750,0.5750,,,,,trade,false
2024-03-07T00:00:00.000Z,0.5350,0.5350,,,,,trade,false
2024-03-07T01:00:00.000Z,0.5300,0.5300,,,,,trade,false
2024-03-07T02:00:00.000Z,0.5300,0.5300,,,,,trade,false
2024-03-07T03:00:00.000Z,0.5150,0.5150,,,,,trade,false
2024-03-07T04:00:00.000Z,0.5300,0.5300,,,,,trade,false
2024-03-07T05:00:00.000Z,0.5300,0.5300,,,,,trade,false
2024-03-07T06:00:00.000Z,0.5300,0.5300,,,,,trade,false
2024-03-07T07:00:00.000Z,0.5300,0.5300,,,,,trade,false
2024-03-07T08:00:00.000Z,0.5150,0.5150,,,,,trade,false
2024-03-07T09:00:00.000Z,0.5450,0.5450,,,,,trade,false
2024-03-07T10:00:00.000Z,0.5450,0.5450,,,,,trade,false
2024-03-07T11:00:00.000Z,0.5650,0.5650,,,,,trade,false
2024-03-07T12:00:00.000Z,0.5650,0.5650,,,,,trade,false
2024-03-07T13:00:00.000Z,0.5650,0.5650,,,,,trade,false
2024-03-07T14:00:00.000Z,0.5550,0.5550,,,,,trade,false
2024-03-07T15:00:00.000Z,0.5450,0.5450,,,,,trade,false
2024-03-07T16:00:00.000Z,0.5500,0.5500,,,,,trade,false
2024-03-07T17:00:00.000Z,0.5500,0.5500,,,,,trade,false
2024-03-07T18:00:00.000Z,0.5500,0.5500,,,,,trade,false
2024-03-07T19:00:00.000Z,0.5500,0.5500,,,,,trade,false
2024-03-07T20:00:00.000Z,0.5450,0.5450,,,,,trade,false
2024-03-07T21:00:00.000Z,0.5450,0.5450,,,,,trade,false
2024-03-07T22:00:00.000Z,0.5450,0.5450,,,,,trade,false
2024-03-07T23:00:00.000Z,0.5450,0.5450,,,,,trade,false
2024-03-08T00:00:00.000Z,0.5450,0.5450,,,,,trade,false
2024-03-08T01:00:00.000Z,0.5450,0.5450,,,,,trade,false
2024-03-08T02:00:00.000Z,0.5450,0.5450,,,,,trade,false
2024-03-08T03:00:00.000Z,0.5450,0.5450,,,,,trade,false
2024-03-08T04:00:00.000Z,0.5450,0.5450,,,,,trade,false
2024-03-08T05:00:00.000Z,0.5450,0.5450,,,,,trade,false
2024-03-08T06:00:00.000Z,0.5450,0.5450,,,,,trade,false
2024-03-08T07:00:00.000Z,0.5450,0.5450,,,,,trade,false
2024-03-08T08:00:00.000Z,0.5450,0.5450,,,,,trade,false
2024-03-08T09:00:00.000Z,0.5450,0.5450,,,,,trade,false
2024-03-08T10:00:00.000Z,0.5450,0.5450,,,,,trade,false
2024-03-08T11:00:00.000Z,0.5450,0.5450,,,,,trade,false
2024-03-08T12:00:00.000Z,0.5450,0.5450,,,,,trade,false
2024-03-08T13:00:00.000Z,0.5450,0.5450,,,,,trade,false
2024-03-08T14:00:00.000Z,0.5450,0.5450,,,,,trade,false
2024-03-08T15:00:00.000Z,0.5450,0.5450,,,,,trade,false
2024-03-08T16:00:00.000Z,0.5450,0.5450,,,,,trade,false
2024-03-08T17:00:00.000Z,0.5350,0.5350,,,,,trade,false
2024-03-08T18:00:00.000Z,0.5300,0.5300,,,,,trade,false
2024-03-08T19:00:00.000Z,0.5300,0.5300,,,,,trade,false
2024-03-08T20:00:00.000Z,0.5350,0.5350,,,,,trade,false
2024-03-08T21:00:00.000Z,0.5400,0.5400,,,,,trade,false
2024-03-08T22:00:00.000Z,0.5350,0.5350,,,,,trade,false
2024-03-08T23:00:00.000Z,0.5350,0.5350,,,,,trade,false
2024-03-09T00:00:00.000Z,0.5350,0.5350,,,,,trade,false
2024-03-09T01:00:00.000Z,0.5350,0.5350,,,,,trade,false
2024-03-09T02:00:00.000Z,0.5400,0.5400,,,,,trade,false
2024-03-09T03:00:00.000Z,0.5400,0.5400,,,,,trade,false
2024-03-09T04:00:00.000Z,0.5400,0.5400,,,,,trade,false
2024-03-09T05:00:00.000Z,0.5400,0.5400,,,,,trade,false
2024-03-09T06:00:00.000Z,0.5400,0.5400,,,,,trade,false
2024-03-09T07:00:00.000Z,0.5400,0.5400,,,,,trade,false
2024-03-09T08:00:00.000Z,0.5400,0.5400,,,,,trade,false
2024-03-09T09:00:00.000Z,0.5750,0.5750,,,,,trade,false
2024-03-09T10:00:00.000Z,0.5800,0.5800,,,,,trade,false
2024-03-09T11:00:00.000Z,0.5800,0.5800,,,,,trade,false
2024-03-09T12:00:00.000Z,0.5800,0.5800,,,,,trade,false
2024-03-09T13:00:00.000Z,0.5750,0.5750,,,,,trade,false
2024-03-09T14:00:00.000Z,0.5750,0.5750,,,,,trade,false
2024-03-09T15:00:00.000Z,0.5700,0.5700,,,,,trade,false
2024-03-09T16:00:00.000Z,0.5700,0.5700,,,,,trade,false
2024-03-09T17:00:00.000Z,0.5700,0.5700,,,,,trade,false
2024-03-09T18:00:00.000Z,0.5750,0.5750,,,,,trade,false
2024-03-09T19:00:00.000Z,0.5750,0.5750,,,,,trade,false
2024-03-09T20:00:00.000Z,0.5750,0.5750,,,,,trade,false
2024-03-09T21:00:00.000Z,0.5750,0.5750,,,,,trade,false
2024-03-09T22:00:00.000Z,0.5750,0.5750,,,,,trade,false
2024-03-09T23:00:00.000Z,0.5750,0.5750,,,,,trade,false
2024-03-10T00:00:00.000Z,0.5750,0.5750,,,,,trade,false
2024-03-10T01:00:00.000Z,0.5750,0.5750,,,,,trade,false
2024-03-10T02:00:00.000Z,0.5750,0.5750,,,,,trade,false
2024-03-10T03:00:00.000Z,0.5750,0.5750,,,,,trade,false
2024-03-10T04:00:00.000Z,0.5750,0.5750,,,,,trade,false
2024-03-10T05:00:00.000Z,0.5700,0.5700,,,,,trade,false
2024-03-10T06:00:00.000Z,0.5700,0.5700,,,,,trade,false
2024-03-10T07:00:00.000Z,0.5700,0.5700,,,,,trade,false
2024-03-10T08:00:00.000Z,0.5700,0.5700,,,,,trade,false
2024-03-10T09:00:00.000Z,0.5700,0.5700,,,,,trade,false
2024-03-10T10:00:00.000Z,0.5700,0.5700,,,,,trade,false
2024-03-10T11:00:00.000Z,0.5750,0.5750,,,,,trade,false
2024-03-10T12:00:00.000Z,0.5700,0.5700,,,,,trade,false
2024-03-10T13:00:00.000Z,0.5700,0.5700,,,,,trade,false
2024-03-10T14:00:00.000Z,0.5700,0.5700,,,,,trade,false
2024-03-10T15:00:00.000Z,0.5500,0.5500,,,,,trade,false
2024-03-10T16:00:00.000Z,0.5550,0.5550,,,,,trade,false
2024-03-10T17:00:00.000Z,0.5550,0.5550,,,,,trade,false
2024-03-10T18:00:00.000Z,0.5550,0.5550,,,,,trade,false
2024-03-10T19:00:00.000Z,0.5550,0.5550,,,,,trade,false
2024-03-10T20:00:00.000Z,0.5550,0.5550,,,,,trade,false
2024-03-10T21:00:00.000Z,0.5550,0.5550,,,,,trade,false
2024-03-10T22:00:00.000Z,0.5550,0.5550,,,,,trade,false
2024-03-10T23:00:00.000Z,0.5500,0.5500,,,,,trade,false
2024-03-11T00:00:00.000Z,0.5500,0.5500,,,,,trade,false
2024-03-11T01:00:00.000Z,0.5600,0.5600,,,,,trade,false
2024-03-11T02:00:00.000Z,0.5550,0.5550,,,,,trade,false
2024-03-11T03:00:00.000Z,0.5550,0.5550,,,,,trade,false
2024-03-11T04:00:00.000Z,0.5550,0.5550,,,,,trade,false
2024-03-11T05:00:00.000Z,0.5550,0.5550,,,,,trade,false
2024-03-11T06:00:00.000Z,0.5550,0.5550,,,,,trade,false
2024-03-11T07:00:00.000Z,0.5550,0.5550,,,,,trade,false
2024-03-11T08:00:00.000Z,0.5750,0.5750,,,,,trade,false
2024-03-11T09:00:00.000Z,0.5800,0.5800,,,,,trade,false
2024-03-11T10:00:00.000Z,0.5850,0.5850,,,,,trade,false
2024-03-11T11:00:00.000Z,0.5850,0.5850,,,,,trade,false
2024-03-11T12:00:00.000Z,0.5850,0.5850,,,,,trade,false
2024-03-11T13:00:00.000Z,0.5850,0.5850,,,,,trade,false
2024-03-11T14:00:00.000Z,0.5800,0.5800,,,,,trade,false
2024-03-11T15:00:00.000Z,0.5750,0.5750,,,,,trade,false
2024-03-11T16:00:00.000Z,0.5900,0.5900,,,,,trade,false
2024-03-11T17:00:00.000Z,0.5900,0.5900,,,,,trade,false
2024-03-11T18:00:00.000Z,0.5900,0.5900,,,,,trade,false
2024-03-11T19:00:00.000Z,0.5900,0.5900,,,,,trade,false
2024-03-11T20:00:00.000Z,0.5900,0.5900,,,,,trade,false
2024-03-11T21:00:00.000Z,0.6050,0.6050,,,,,trade,false
2024-03-11T22:00:00.000Z,0.6050,0.6050,,,,,trade,false
2024-03-11T23:00:00.000Z,0.6050,0.6050,,,,,trade,false
2024-03-12T00:00:00.000Z,0.6050,0.6050,,,,,trade,false
2024-03-12T01:00:00.000Z,0.6050,0.6050,,,,,trade,false
2024-03-12T02:00:00.000Z,0.6050,0.6050,,,,,trade,false
2024-03-12T03:00:00.000Z,0.6050,0.6050,,,,,trade,false
2024-03-12T04:00:00.000Z,0.6050,0.6050,,,,,trade,false
2024-03-12T05:00:00.000Z,0.6050,0.6050,,,,,trade,false
2024-03-12T06:00:00.000Z,0.6050,0.6050,,,,,trade,false
2024-03-12T07:00:00.000Z,0.6050,0.6050,,,,,trade,false
2024-03-12T08:00:00.000Z,0.6050,0.6050,,,,,trade,false
2024-03-12T09:00:00.000Z,0.6050,0.6050,,,,,trade,false
2024-03-12T10:00:00.000Z,0.6050,0.6050,,,,,trade,false
2024-03-12T11:00:00.000Z,0.6050,0.6050,,,,,trade,false
2024-03-12T12:00:00.000Z,0.6250,0.6250,,,,,trade,false
2024-03-12T13:00:00.000Z,0.6300,0.6300,,,,,trade,false
2024-03-12T14:00:00.000Z,0.6300,0.6300,,,,,trade,false
2024-03-12T15:00:00.000Z,0.6300,0.6300,,,,,trade,false
2024-03-12T16:00:00.000Z,0.6300,0.6300,,,,,trade,false
2024-03-12T17:00:00.000Z,0.6300,0.6300,,,,,trade,false
2024-03-12T18:00:00.000Z,0.6300,0.6300,,,,,trade,false
2024-03-12T19:00:00.000Z,0.6350,0.6350,,,,,trade,false
2024-03-12T20:00:00.000Z,0.6350,0.6350,,,,,trade,false
2024-03-12T21:00:00.000Z,0.6350,0.6350,,,,,trade,false
2024-03-12T22:00:00.000Z,0.6350,0.6350,,,,,trade,false
2024-03-12T23:00:00.000Z,0.6400,0.6400,,,,,trade,false
2024-03-13T00:00:00.000Z,0.6400,0.6400,,,,,trade,false
2024-03-13T01:00:00.000Z,0.6400,0.6400,,,,,trade,false
2024-03-13T02:00:00.000Z,0.6450,0.6450,,,,,trade,false
2024-03-13T03:00:00.000Z,0.6450,0.6450,,,,,trade,false
2024-03-13T04:00:00.000Z,0.6450,0.6450,,,,,trade,false
2024-03-13T05:00:00.000Z,0.6450,0.6450,,,,,trade,false
2024-03-13T06:00:00.000Z,0.6350,0.6350,,,,,trade,false
2024-03-13T07:00:00.000Z,0.6450,0.6450,,,,,trade,false
2024-03-13T08:00:00.000Z,0.6450,0.6450,,,,,trade,false
2024-03-13T09:00:00.000Z,0.6450,0.6450,,,,,trade,false
2024-03-13T10:00:00.000Z,0.6450,0.6450,,,,,trade,false
2024-03-13T11:00:00.000Z,0.6400,0.6400,,,,,trade,false
2024-03-13T12:00:00.000Z,0.6400,0.6400,,,,,trade,false
2024-03-13T13:00:00.000Z,0.6400,0.6400,,,,,trade,false
2024-03-13T14:00:00.000Z,0.6550,0.6550,,,,,trade,false
2024-03-13T15:00:00.000Z,0.6500,0.6500,,,,,trade,false
2024-03-13T16:00:00.000Z,0.6500,0.6500,,,,,trade,false
2024-03-13T17:00:00.000Z,0.6500,0.6500,,,,,trade,false
2024-03-13T18:00:00.000Z,0.6450,0.6450,,,,,trade,false
2024-03-13T19:00:00.000Z,0.6450,0.6450,,,,,trade,false
2024-03-13T20:00:00.000Z,0.6450,0.6450,,,,,trade,false
2024-03-13T21:00:00.000Z,0.6450,0.6450,,,,,trade,false
2024-03-13T22:00:00.000Z,0.6450,0.6450,,,,,trade,false
2024-03-13T23:00:00.000Z,0.6400,0.6400,,,,,trade,false
2024-03-14T00:00:00.000Z,0.6400,0.6400,,,,,trade,false
2024-03-14T01:00:00.000Z,0.6400,0.6400,,,,,trade,false
2024-03-14T02:00:00.000Z,0.6400,0.6400,,,,,trade,false
2024-03-14T03:00:00.000Z,0.6400,0.6400,,,,,trade,false
2024-03-14T04:00:00.000Z,0.6300,0.6300,,,,,trade,false
2024-03-14T05:00:00.000Z,0.6300,0.6300,,,,,trade,false
2024-03-14T06:00:00.000Z,0.6300,0.6300,,,,,trade,false
2024-03-14T07:00:00.000Z,0.6300,0.6300,,,,,trade,false
2024-03-14T08:00:00.000Z,0.6300,0.6300,,,,,trade,false
2024-03-14T09:00:00.000Z,0.6250,0.6250,,,,,trade,false
2024-03-14T10:00:00.000Z,0.6250,0.6250,,,,,trade,false
2024-03-14T11:00:00.000Z,0.6250,0.6250,,,,,trade,false
2024-03-14T12:00:00.000Z,0.6250,0.6250,,,,,trade,false
2024-03-14T13:00:00.000Z,0.6350,0.6350,,,,,trade,false
2024-03-14T14:00:00.000Z,0.6350,0.6350,,,,,trade,false
2024-03-14T15:00:00.000Z,0.6200,0.6200,,,,,trade,false
2024-03-14T16:00:00.000Z,0.6150,0.6150,,,,,trade,false
2024-03-14T17:00:00.000Z,0.6150,0.6150,,,,,trade,false
2024-03-14T18:00:00.000Z,0.6150,0.6150,,,,,trade,false
2024-03-14T19:00:00.000Z,0.6100,0.6100,,,,,trade,false
2024-03-14T20:00:00.000Z,0.6150,0.6150,,,,,trade,false
2024-03-14T21:00:00.000Z,0.6100,0.6100,,,,,trade,false
2024-03-14T22:00:00.000Z,0.6100,0.6100,,,,,trade,false
2024-03-14T23:00:00.000Z,0.6100,0.6100,,,,,trade,false
2024-03-15T00:00:00.000Z,0.6100,0.6100,,,,,trade,false
2024-03-15T01:00:00.000Z,0.5750,0.5750,,,,,trade,false
2024-03-15T02:00:00.000Z,0.5850,0.5850,,,,,trade,false
2024-03-15T03:00:00.000Z,0.5500,0.5500,,,,,trade,false
2024-03-15T04:00:00.000Z,0.4100,0.4100,,,,,trade,false
2024-03-15T05:00:00.000Z,0.4100,0.4100,,,,,trade,false
2024-03-15T06:00:00.000Z,0.4100,0.4100,,,,,trade,false
2024-03-15T07:00:00.000Z,0.4100,0.4100,,,,,trade,false
2024-03-15T08:00:00.000Z,0.5300,0.5300,,,,,trade,false
2024-03-15T09:00:00.000Z,0.5300,0.5300,,,,,trade,false
2024-03-15T10:00:00.000Z,0.5300,0.5300,,,,,trade,false
2024-03-15T11:00:00.000Z,0.5300,0.5300,,,,,trade,false
2024-03-15T12:00:00.000Z,0.5350,0.5350,,,,,trade,false
2024-03-15T13:00:00.000Z,0.5350,0.5350,,,,,trade,false
2024-03-15T14:00:00.000Z,0.5350,0.5350,,,,,trade,false
2024-03-15T15:00:00.000Z,0.5350,0.5350,,,,,trade,false
2024-03-15T16:00:00.000Z,0.5400,0.5400,,,,,trade,false
2024-03-15T17:00:00.000Z,0.5450,0.5450,,,,,trade,false
2024-03-15T18:00:00.000Z,0.5450,0.5450,,,,,trade,false
2024-03-15T19:00:00.000Z,0.5450,0.5450,,,,,trade,false
2024-03-15T20:00:00.000Z,0.5450,0.5450,,,,,trade,false
2024-03-15T21:00:00.000Z,0.5450,0.5450,,,,,trade,false
2024-03-15T22:00:00.000Z,0.5450,0.5450,,,,,trade,false
2024-03-15T23:00:00.000Z,0.5450,0.5450,,,,,trade,false
2024-03-16T00:00:00.000Z,0.5500,0.5500,,,,,trade,false
2024-03-16T01:00:00.000Z,0.5500,0.5500,,,,,trade,false
2024-03-16T02:00:00.000Z,0.5500,0.5500,,,,,trade,false
2024-03-16T03:00:00.000Z,0.5500,0.5500,,,,,trade,false
2024-03-16T04:00:00.000Z,0.5450,0.5450,,,,,trade,false
2024-03-16T05:00:00.000Z,0.5450,0.5450,,,,,trade,false
2024-03-16T06:00:00.000Z,0.5350,0.5350,,,,,trade,false
2024-03-16T07:00:00.000Z,0.5300,0.5300,,,,,trade,false
2024-03-16T08:00:00.000Z,0.5300,0.5300,,,,,trade,false
2024-03-16T09:00:00.000Z,0.5300,0.5300,,,,,trade,false
2024-03-16T10:00:00.000Z,0.5300,0.5300,,,,,trade,false
2024-03-16T11:00:00.000Z,0.5350,0.5350,,,,,trade,false
2024-03-16T12:00:00.000Z,0.5350,0.5350,,,,,trade,false
2024-03-16T13:00:00.000Z,0.5350,0.5350,,,,,trade,false
2024-03-16T14:00:00.000Z,0.5300,0.5300,,,,,trade,false
2024-03-16T15:00:00.000Z,0.5300,0.5300,,,,,trade,false
2024-03-16T16:00:00.000Z,0.5300,0.5300,,,,,trade,false
2024-03-16T17:00:00.000Z,0.5300,0.5300,,,,,trade,false
2024-03-16T18:00:00.000Z,0.5300,0.5300,,,,,trade,false
2024-03-16T19:00:00.000Z,0.5300,0.5300,,,,,trade,false
2024-03-16T20:00:00.000Z,0.5300,0.5300,,,,,trade,false
2024-03-16T21:00:00.000Z,0.5300,0.5300,,,,,trade,false
2024-03-16T22:00:00.000Z,0.5300,0.5300,,,,,trade,false
2024-03-16T23:00:00.000Z,0.5300,0.5300,,,,,trade,false
2024-03-17T00:00:00.000Z,0.5300,0.5300,,,,,trade,false
2024-03-17T01:00:00.000Z,0.5300,0.5300,,,,,trade,false
2024-03-17T02:00:00.000Z,0.5300,0.5300,,,,,trade,false
2024-03-17T03:00:00.000Z,0.5300,0.5300,,,,,trade,false
2024-03-17T04:00:00.000Z,0.5300,0.5300,,,,,trade,false
2024-03-17T05:00:00.000Z,0.5300,0.5300,,,,,trade,false
2024-03-17T06:00:00.000Z,0.5300,0.5300,,,,,trade,false
2024-03-17T07:00:00.000Z,0.5300,0.5300,,,,,trade,false
2024-03-17T08:00:00.000Z,0.5300,0.5300,,,,,trade,false
2024-03-17T09:00:00.000Z,0.5300,0.5300,,,,,trade,false
2024-03-17T10:00:00.000Z,0.5300,0.5300,,,,,trade,false
2024-03-17T11:00:00.000Z,0.5300,0.5300,,,,,trade,false
2024-03-17T12:00:00.000Z,0.5300,0.5300,,,,,trade,false
2024-03-17T13:00:00.000Z,0.5300,0.5300,,,,,trade,false
2024-03-17T14:00:00.000Z,0.5250,0.5250,,,,,trade,false
2024-03-17T15:00:00.000Z,0.5250,0.5250,,,,,trade,false
2024-03-17T16:00:00.000Z,0.5250,0.5250,,,,,trade,false
2024-03-17T17:00:00.000Z,0.5250,0.5250,,,,,trade,false
2024-03-17T18:00:00.000Z,0.5250,0.5250,,,,,trade,false
2024-03-17T19:00:00.000Z,0.5250,0.5250,,,,,trade,false
2024-03-17T20:00:00.000Z,0.5250,0.5250,,,,,trade,false
2024-03-17T21:00:00.000Z,0.5200,0.5200,,,,,trade,false
2024-03-17T22:00:00.000Z,0.5200,0.5200,,,,,trade,false
2024-03-17T23:00:00.000Z,0.5150,0.5150,,,,,trade,false
2024-03-18T00:00:00.000Z,0.5150,0.5150,,,,,trade,false
2024-03-18T01:00:00.000Z,0.5150,0.5150,,,,,trade,false
2024-03-18T02:00:00.000Z,0.5150,0.5150,,,,,trade,false
2024-03-18T03:00:00.000Z,0.5150,0.5150,,,,,trade,false
2024-03-18T04:00:00.000Z,0.5150,0.5150,,,,,trade,false
2024-03-18T05:00:00.000Z,0.5150,0.5150,,,,,trade,false
2024-03-18T06:00:00.000Z,0.5150,0.5150,,,,,trade,false
2024-03-18T07:00:00.000Z,0.5150,0.5150,,,,,trade,false
2024-03-18T08:00:00.000Z,0.5150,0.5150,,,,,trade,false
2024-03-18T09:00:00.000Z,0.5150,0.5150,,,,,trade,false
2024-03-18T10:00:00.000Z,0.5150,0.5150,,,,,trade,false
2024-03-18T11:00:00.000Z,0.5150,0.5150,,,,,trade,false
2024-03-18T12:00:00.000Z,0.5150,0.5150,,,,,trade,false
2024-03-18T13:00:00.000Z,0.5150,0.5150,,,,,trade,false
2024-03-18T14:00:00.000Z,0.5150,0.5150,,,,,trade,false
2024-03-18T15:00:00.000Z,0.5150,0.5150,,,,,trade,false
2024-03-18T16:00:00.000Z,0.5150,0.5150,,,,,trade,false
2024-03-18T17:00:00.000Z,0.5150,0.5150,,,,,trade,false
2024-03-18T18:00:00.000Z,0.4950,0.4950,,,,,trade,false
2024-03-18T19:00:00.000Z,0.4950,0.4950,,,,,trade,false
2024-03-18T20:00:00.000Z,0.4950,0.4950,,,,,trade,false
2024-03-18T21:00:00.000Z,0.4950,0.4950,,,,,trade,false
2024-03-18T22:00:00.000Z,0.5000,0.5000,,,,,trade,false
2024-03-18T23:00:00.000Z,0.5000,0.5000,,,,,trade,false
2024-03-19T00:00:00.000Z,0.5100,0.5100,,,,,trade,false
2024-03-19T01:00:00.000Z,0.5100,0.5100,,,,,trade,false
2024-03-19T02:00:00.000Z,0.5100,0.5100,,,,,trade,false
2024-03-19T03:00:00.000Z,0.5150,0.5150,,,,,trade,false
2024-03-19T04:00:00.000Z,0.4850,0.4850,,,,,trade,false
2024-03-19T05:00:00.000Z,0.4850,0.4850,,,,,trade,false
2024-03-19T06:00:00.000Z,0.4850,0.4850,,,,,trade,false
2024-03-19T07:00:00.000Z,0.4850,0.4850,,,,,trade,false
2024-03-19T08:00:00.000Z,0.4850,0.4850,,,,,trade,false
2024-03-19T09:00:00.000Z,0.4850,0.4850,,,,,trade,false
2024-03-19T10:00:00.000Z,0.4850,0.4850,,,,,trade,false
2024-03-19T11:00:00.000Z,0.4850,0.4850,,,,,trade,false
2024-03-19T12:00:00.000Z,0.4800,0.4800,,,,,trade,false
2024-03-19T13:00:00.000Z,0.4800,0.4800,,,,,trade,false
2024-03-19T14:00:00.000Z,0.4800,0.4800,,,,,trade,false
2024-03-19T15:00:00.000Z,0.4700,0.4700,,,,,trade,false
2024-03-19T16:00:00.000Z,0.4700,0.4700,,,,,trade,false
2024-03-19T17:00:00.000Z,0.4700,0.4700,,,,,trade,false
2024-03-19T18:00:00.000Z,0.4700,0.4700,,,,,trade,false
2024-03-19T19:00:00.000Z,0.4700,0.4700,,,,,trade,false
2024-03-19T20:00:00.000Z,0.4700,0.4700,,,,,trade,false
2024-03-19T21:00:00.000Z,0.4700,0.4700,,,,,trade,false
2024-03-19T22:00:00.000Z,0.4750,0.4750,,,,,trade,false
2024-03-19T23:00:00.000Z,0.4750,0.4750,,,,,trade,false
2024-03-20T00:00:00.000Z,0.4750,0.4750,,,,,trade,false
2024-03-20T01:00:00.000Z,0.4750,0.4750,,,,,trade,false
2024-03-20T02:00:00.000Z,0.4750,0.4750,,,,,trade,false
2024-03-20T03:00:00.000Z,0.4750,0.4750,,,,,trade,false
2024-03-20T04:00:00.000Z,0.4750,0.4750,,,,,trade,false
2024-03-20T05:00:00.000Z,0.4750,0.4750,,,,,trade,false
2024-03-20T06:00:00.000Z,0.4750,0.4750,,,,,trade,false
2024-03-20T07:00:00.000Z,0.4750,0.4750,,,,,trade,false
2024-03-20T08:00:00.000Z,0.4750,0.4750,,,,,trade,false
2024-03-20T09:00:00.000Z,0.4750,0.4750,,,,,trade,false
2024-03-20T10:00:00.000Z,0.4750,0.4750,,,,,trade,false
2024-03-20T11:00:00.000Z,0.4750,0.4750,,,,,trade,false
2024-03-20T12:00:00.000Z,0.4750,0.4750,,,,,trade,false
2024-03-20T13:00:00.000Z,0.4750,0.4750,,,,,trade,false
2024-03-20T14:00:00.000Z,0.4750,0.4750,,,,,trade,false
2024-03-20T15:00:00.000Z,0.4750,0.4750,,,,,trade,false
2024-03-20T16:00:00.000Z,0.4800,0.4800,,,,,trade,false
2024-03-20T17:00:00.000Z,0.4800,0.4800,,,,,trade,false
2024-03-20T18:00:00.000Z,0.4850,0.4850,,,,,trade,false
2024-03-20T19:00:00.000Z,0.4850,0.4850,,,,,trade,false
2024-03-20T20:00:00.000Z,0.4950,0.4950,,,,,trade,false
2024-03-20T21:00:00.000Z,0.4950,0.4950,,,,,trade,false
2024-03-20T22:00:00.000Z,0.5000,0.5000,,,,,trade,false
2024-03-20T23:00:00.000Z,0.5000,0.5000,,,,,trade,false
2024-03-21T00:00:00.000Z,0.5000,0.5000,,,,,trade,false
2024-03-21T01:00:00.000Z,0.5000,0.5000,,,,,trade,false
2024-03-21T02:00:00.000Z,0.5000,0.5000,,,,,trade,false
2024-03-21T03:00:00.000Z,0.5000,0.5000,,,,,trade,false
2024-03-21T04:00:00.000Z,0.5050,0.5050,,,,,trade,false
2024-03-21T05:00:00.000Z,0.5050,0.5050,,,,,trade,false
2024-03-21T06:00:00.000Z,0.5050,0.5050,,,,,trade,false
2024-03-21T07:00:00.000Z,0.5050,0.5050,,,,,trade,false
2024-03-21T08:00:00.000Z,0.5050,0.5050,,,,,trade,false
2024-03-21T09:00:00.000Z,0.5050,0.5050,,,,,trade,false
2024-03-21T10:00:00.000Z,0.5050,0.5050,,,,,trade,false
2024-03-21T11:00:00.000Z,0.5050,0.5050,,,,,trade,false
2024-03-21T12:00:00.000Z,0.5050,0.5050,,,,,trade,false
2024-03-21T13:00:00.000Z,0.5050,0.5050,,,,,trade,false
2024-03-21T14:00:00.000Z,0.5050,0.5050,,,,,trade,false
2024-03-21T15:00:00.000Z,0.5050,0.5050,,,,,trade,false
2024-03-21T16:00:00.000Z,0.5050,0.5050,,,,,trade,false
2024-03-21T17:00:00.000Z,0.5050,0.5050,,,,,trade,false
2024-03-21T18:00:00.000Z,0.5050,0.5050,,,,,trade,false
2024-03-21T19:00:00.000Z,0.5050,0.5050,,,,,trade,false
2024-03-21T20:00:00.000Z,0.5050,0.5050,,,,,trade,false
2024-03-21T21:00:00.000Z,0.5050,0.5050,,,,,trade,false
2024-03-21T22:00:00.000Z,0.5050,0.5050,,,,,trade,false
2024-03-21T23:00:00.000Z,0.5050,0.5050,,,,,trade,false
2024-03-22T00:00:00.000Z,0.5050,0.5050,,,,,trade,false
2024-03-22T01:00:00.000Z,0.5050,0.5050,,,,,trade,false
2024-03-22T02:00:00.000Z,0.5050,0.5050,,,,,trade,false
2024-03-22T03:00:00.000Z,0.5050,0.5050,,,,,trade,false
2024-03-22T04:00:00.000Z,0.5050,0.5050,,,,,trade,false
2024-03-22T05:00:00.000Z,0.5050,0.5050,,,,,trade,false
2024-03-22T06:00:00.000Z,0.5050,0.5050,,,,,trade,false
2024-03-22T07:00:00.000Z,0.5050,0.5050,,,,,trade,false
2024-03-22T08:00:00.000Z,0.5050,0.5050,,,,,trade,false
2024-03-22T09:00:00.000Z,0.5050,0.5050,,,,,trade,false
2024-03-22T10:00:00.000Z,0.5050,0.5050,,,,,trade,false
2024-03-22T11:00:00.000Z,0.5050,0.5050,,,,,trade,false
2024-03-22T12:00:00.000Z,0.5050,0.5050,,,,,trade,false
2024-03-22T13:00:00.000Z,0.5050,0.5050,,,,,trade,false
2024-03-22T14:00:00.000Z,0.5050,0.5050,,,,,trade,false
2024-03-22T15:00:00.000Z,0.5050,0.5050,,,,,trade,false
2024-03-22T16:00:00.000Z,0.5050,0.5050,,,,,trade,false
2024-03-22T17:00:00.000Z,0.5050,0.5050,,,,,trade,false
2024-03-22T18:00:00.000Z,0.5050,0.5050,,,,,trade,false
2024-03-22T19:00:00.000Z,0.5050,0.5050,,,,,trade,false
2024-03-22T20:00:00.000Z,0.5050,0.5050,,,,,trade,false
2024-03-22T21:00:00.000Z,0.5050,0.5050,,,,,trade,false
2024-03-22T22:00:00.000Z,0.5050,0.5050,,,,,trade,false
2024-03-22T23:00:00.000Z,0.5050,0.5050,,,,,trade,false
2024-03-23T00:00:00.000Z,0.5050,0.5050,,,,,trade,false
2024-03-23T01:00:00.000Z,0.5050,0.5050,,,,,trade,false
2024-03-23T02:00:00.000Z,0.5050,0.5050,,,,,trade,false
2024-03-23T03:00:00.000Z,0.5050,0.5050,,,,,trade,false
2024-03-23T04:00:00.000Z,0.5050,0.5050,,,,,trade,false
2024-03-23T05:00:00.000Z,0.5050,0.5050,,,,,trade,false
2024-03-23T06:00:00.000Z,0.5050,0.5050,,,,,trade,false
2024-03-23T07:00:00.000Z,0.5050,0.5050,,,,,trade,false
2024-03-23T08:00:00.000Z,0.5050,0.5050,,,,,trade,false
2024-03-23T09:00:00.000Z,0.5050,0.5050,,,,,trade,false
2024-03-23T10:00:00.000Z,0.5050,0.5050,,,,,trade,false
2024-03-23T11:00:00.000Z,0.5050,0.5050,,,,,trade,false
2024-03-23T12:00:00.000Z,0.5050,0.5050,,,,,trade,false
2024-03-23T13:00:00.000Z,0.5050,0.5050,,,,,trade,false
2024-03-23T14:00:00.000Z,0.5050,0.5050,,,,,trade,false
2024-03-23T15:00:00.000Z,0.5050,0.5050,,,,,trade,false
2024-03-23T16:00:00.000Z,0.5050,0.5050,,,,,trade,false
2024-03-23T17:00:00.000Z,0.5050,0.5050,,,,,trade,false
2024-03-23T18:00:00.000Z,0.5050,0.5050,,,,,trade,false
2024-03-23T19:00:00.000Z,0.5050,0.5050,,,,,trade,false
2024-03-23T20:00:00.000Z,0.5050,0.5050,,,,,trade,false
2024-03-23T21:00:00.000Z,0.5050,0.5050,,,,,trade,false
2024-03-23T22:00:00.000Z,0.5050,0.5050,,,,,trade,false
2024-03-23T23:00:00.000Z,0.5050,0.5050,,,,,trade,false
2024-03-24T00:00:00.000Z,0.5050,0.5050,,,,,trade,false
2024-03-24T01:00:00.000Z,0.5050,0.5050,,,,,trade,false
2024-03-24T02:00:00.000Z,0.5050,0.5050,,,,,trade,false
2024-03-24T03:00:00.000Z,0.5050,0.5050,,,,,trade,false
2024-03-24T04:00:00.000Z,0.5050,0.5050,,,,,trade,false
2024-03-24T05:00:00.000Z,0.5050,0.5050,,,,,trade,false
2024-03-24T06:00:00.000Z,0.5050,0.5050,,,,,trade,false
2024-03-24T07:00:00.000Z,0.5050,0.5050,,,,,trade,false
2024-03-24T08:00:00.000Z,0.5050,0.5050,,,,,trade,false
2024-03-24T09:00:00.000Z,0.5050,0.5050,,,,,trade,false
2024-03-24T10:00:00.000Z,0.5050,0.5050,,,,,trade,false
2024-03-24T11:00:00.000Z,0.5050,0.5050,,,,,trade,false
2024-03-24T12:00:00.000Z,0.5050,0.5050,,,,,trade,false
2024-03-24T13:00:00.000Z,0.5050,0.5050,,,,,trade,false
2024-03-24T14:00:00.000Z,0.5050,0.5050,,,,,trade,false
2024-03-24T15:00:00.000Z,0.5050,0.5050,,,,,trade,false
2024-03-24T16:00:00.000Z,0.5050,0.5050,,,,,trade,false
2024-03-24T17:00:00.000Z,0.5050,0.5050,,,,,trade,false
2024-03-24T18:00:00.000Z,0.5050,0.5050,,,,,trade,false
2024-03-24T19:00:00.000Z,0.5000,0.5000,,,,,trade,false
2024-03-24T20:00:00.000Z,0.5000,0.5000,,,,,trade,false
2024-03-24T21:00:00.000Z,0.5000,0.5000,,,,,trade,false
2024-03-24T22:00:00.000Z,0.5000,0.5000,,,,,trade,false
2024-03-24T23:00:00.000Z,0.5000,0.5000,,,,,trade,false
2024-03-25T00:00:00.000Z,0.5000,0.5000,,,,,trade,false
2024-03-25T01:00:00.000Z,0.5000,0.5000,,,,,trade,false
2024-03-25T02:00:00.000Z,0.4950,0.4950,,,,,trade,false
2024-03-25T03:00:00.000Z,0.4950,0.4950,,,,,trade,false
2024-03-25T04:00:00.000Z,0.4950,0.4950,,,,,trade,false
2024-03-25T05:00:00.000Z,0.4950,0.4950,,,,,trade,false
2024-03-25T06:00:00.000Z,0.4950,0.4950,,,,,trade,false
2024-03-25T07:00:00.000Z,0.4950,0.4950,,,,,trade,false
2024-03-25T08:00:00.000Z,0.4950,0.4950,,,,,trade,false
2024-03-25T09:00:00.000Z,0.4950,0.4950,,,,,trade,false
2024-03-25T10:00:00.000Z,0.4950,0.4950,,,,,trade,false
2024-03-25T11:00:00.000Z,0.4950,0.4950,,,,,trade,false
2024-03-25T12:00:00.000Z,0.4950,0.4950,,,,,trade,false
2024-03-25T13:00:00.000Z,0.4950,0.4950,,,,,trade,false
2024-03-25T14:00:00.000Z,0.4850,0.4850,,,,,trade,false
2024-03-25T15:00:00.000Z,0.4850,0.4850,,,,,trade,false
2024-03-25T16:00:00.000Z,0.4900,0.4900,,,,,trade,false
2024-03-25T17:00:00.000Z,0.4950,0.4950,,,,,trade,false
2024-03-25T18:00:00.000Z,0.4950,0.4950,,,,,trade,false
2024-03-25T19:00:00.000Z,0.4950,0.4950,,,,,trade,false
2024-03-25T20:00:00.000Z,0.4950,0.4950,,,,,trade,false
2024-03-25T21:00:00.000Z,0.4950,0.4950,,,,,trade,false
2024-03-25T22:00:00.000Z,0.4950,0.4950,,,,,trade,false
2024-03-25T23:00:00.000Z,0.4750,0.4750,,,,,trade,false
2024-03-26T00:00:00.000Z,0.4750,0.4750,,,,,trade,false
2024-03-26T01:00:00.000Z,0.4900,0.4900,,,,,trade,false
2024-03-26T02:00:00.000Z,0.4900,0.4900,,,,,trade,false
2024-03-26T03:00:00.000Z,0.4900,0.4900,,,,,trade,false
2024-03-26T04:00:00.000Z,0.4900,0.4900,,,,,trade,false
2024-03-26T05:00:00.000Z,0.4850,0.4850,,,,,trade,false
2024-03-26T06:00:00.000Z,0.4850,0.4850,,,,,trade,false
2024-03-26T07:00:00.000Z,0.4850,0.4850,,,,,trade,false
2024-03-26T08:00:00.000Z,0.4850,0.4850,,,,,trade,false
2024-03-26T09:00:00.000Z,0.4850,0.4850,,,,,trade,false
2024-03-26T10:00:00.000Z,0.4850,0.4850,,,,,trade,false
2024-03-26T11:00:00.000Z,0.4850,0.4850,,,,,trade,false
2024-03-26T12:00:00.000Z,0.4850,0.4850,,,,,trade,false
2024-03-26T13:00:00.000Z,0.4850,0.4850,,,,,trade,false
2024-03-26T14:00:00.000Z,0.4850,0.4850,,,,,trade,false
2024-03-26T15:00:00.000Z,0.4850,0.4850,,,,,trade,false
2024-03-26T16:00:00.000Z,0.4850,0.4850,,,,,trade,false
2024-03-26T17:00:00.000Z,0.4850,0.4850,,,,,trade,false
2024-03-26T18:00:00.000Z,0.4850,0.4850,,,,,trade,false
2024-03-26T19:00:00.000Z,0.4850,0.4850,,,,,trade,false
2024-03-26T20:00:00.000Z,0.4850,0.4850,,,,,trade,false
2024-03-26T21:00:00.000Z,0.4850,0.4850,,,,,trade,false
2024-03-26T22:00:00.000Z,0.4850,0.4850,,,,,trade,false
2024-03-26T23:00:00.000Z,0.4850,0.4850,,,,,trade,false
2024-03-27T00:00:00.000Z,0.4850,0.4850,,,,,trade,false
2024-03-27T01:00:00.000Z,0.4850,0.4850,,,,,trade,false
2024-03-27T02:00:00.000Z,0.4850,0.4850,,,,,trade,false
2024-03-27T03:00:00.000Z,0.4850,0.4850,,,,,trade,false
2024-03-27T04:00:00.000Z,0.4850,0.4850,,,,,trade,false
2024-03-27T05:00:00.000Z,0.4850,0.4850,,,,,trade,false
2024-03-27T06:00:00.000Z,0.4850,0.4850,,,,,trade,false
2024-03-27T07:00:00.000Z,0.4850,0.4850,,,,,trade,false
2024-03-27T08:00:00.000Z,0.4850,0.4850,,,,,trade,false
2024-03-27T09:00:00.000Z,0.4850,0.4850,,,,,trade,false
2024-03-27T10:00:00.000Z,0.4850,0.4850,,,,,trade,false
2024-03-27T11:00:00.000Z,0.4850,0.4850,,,,,trade,false
2024-03-27T12:00:00.000Z,0.4850,0.4850,,,,,trade,false
2024-03-27T13:00:00.000Z,0.4850,0.4850,,,,,trade,false
2024-03-27T14:00:00.000Z,0.4850,0.4850,,,,,trade,false
2024-03-27T15:00:00.000Z,0.4850,0.4850,,,,,trade,false
2024-03-27T16:00:00.000Z,0.4850,0.4850,,,,,trade,false
2024-03-27T17:00:00.000Z,0.4850,0.4850,,,,,trade,false
2024-03-27T18:00:00.000Z,0.4850,0.4850,,,,,trade,false
2024-03-27T19:00:00.000Z,0.4850,0.4850,,,,,trade,false
2024-03-27T20:00:00.000Z,0.4850,0.4850,,,,,trade,false
2024-03-27T21:00:00.000Z,0.4850,0.4850,,,,,trade,false
2024-03-27T22:00:00.000Z,0.4850,0.4850,,,,,trade,false
2024-03-27T23:00:00.000Z,0.4850,0.4850,,,,,trade,false
2024-03-28T00:00:00.000Z,0.4850,0.4850,,,,,trade,false
2024-03-28T01:00:00.000Z,0.4850,0.4850,,,,,trade,false
2024-03-28T02:00:00.000Z,0.4850,0.4850,,,,,trade,false
2024-03-28T03:00:00.000Z,0.4850,0.4850,,,,,trade,false
2024-03-28T04:00:00.000Z,0.4850,0.4850,,,,,trade,false
2024-03-28T05:00:00.000Z,0.4850,0.4850,,,,,trade,false
2024-03-28T06:00:00.000Z,0.4850,0.4850,,,,,trade,false
2024-03-28T07:00:00.000Z,0.4850,0.4850,,,,,trade,false
2024-03-28T08:00:00.000Z,0.4850,0.4850,,,,,trade,false
2024-03-28T09:00:00.000Z,0.4850,0.4850,,,,,trade,false
2024-03-28T10:00:00.000Z,0.4850,0.4850,,,,,trade,false
2024-03-28T11:00:00.000Z,0.4850,0.4850,,,,,trade,false
2024-03-28T12:00:00.000Z,0.4850,0.4850,,,,,trade,false
2024-03-28T13:00:00.000Z,0.4850,0.4850,,,,,trade,false
2024-03-28T14:00:00.000Z,0.4850,0.4850,,,,,trade,false
2024-03-28T15:00:00.000Z,0.4850,0.4850,,,,,trade,false
2024-03-28T16:00:00.000Z,0.4850,0.4850,,,,,trade,false
2024-03-28T17:00:00.000Z,0.4850,0.4850,,,,,trade,false
2024-03-28T18:00:00.000Z,0.4850,0.4850,,,,,trade,false
2024-03-28T19:00:00.000Z,0.4850,0.4850,,,,,trade,false
2024-03-28T20:00:00.000Z,0.4850,0.4850,,,,,trade,false
2024-03-28T21:00:00.000Z,0.4850,0.4850,,,,,trade,false
2024-03-28T22:00:00.000Z,0.4850,0.4850,,,,,trade,false
2024-03-28T23:00:00.000Z,0.4850,0.4850,,,,,trade,false
2024-03-29T00:00:00.000Z,0.4850,0.4850,,,,,trade,false
2024-03-29T01:00:00.000Z,0.4850,0.4850,,,,,trade,false
2024-03-29T02:00:00.000Z,0.4850,0.4850,,,,,trade,false
2024-03-29T03:00:00.000Z,0.4850,0.4850,,,,,trade,false
2024-03-29T04:00:00.000Z,0.4850,0.4850,,,,,trade,false
2024-03-29T05:00:00.000Z,0.4850,0.4850,,,,,trade,false
2024-03-29T06:00:00.000Z,0.4850,0.4850,,,,,trade,false
2024-03-29T07:00:00.000Z,0.4850,0.4850,,,,,trade,false
2024-03-29T08:00:00.000Z,0.4850,0.4850,,,,,trade,false
2024-03-29T09:00:00.000Z,0.4850,0.4850,,,,,trade,false
2024-03-29T10:00:00.000Z,0.4850,0.4850,,,,,trade,false
2024-03-29T11:00:00.000Z,0.4850,0.4850,,,,,trade,false
2024-03-29T12:00:00.000Z,0.4850,0.4850,,,,,trade,false
2024-03-29T13:00:00.000Z,0.4850,0.4850,,,,,trade,false
2024-03-29T14:00:00.000Z,0.4850,0.4850,,,,,trade,false
2024-03-29T15:00:00.000Z,0.4850,0.4850,,,,,trade,false
2024-03-29T16:00:00.000Z,0.4850,0.4850,,,,,trade,false
2024-03-29T17:00:00.000Z,0.4850,0.4850,,,,,trade,false
2024-03-29T18:00:00.000Z,0.4850,0.4850,,,,,trade,false
2024-03-29T19:00:00.000Z,0.4850,0.4850,,,,,trade,false
2024-03-29T20:00:00.000Z,0.4850,0.4850,,,,,trade,false
2024-03-29T21:00:00.000Z,0.4850,0.4850,,,,,trade,false
2024-03-29T22:00:00.000Z,0.4850,0.4850,,,,,trade,false
2024-03-29T23:00:00.000Z,0.4850,0.4850,,,,,trade,false
2024-03-30T00:00:00.000Z,0.4850,0.4850,,,,,trade,false
2024-03-30T01:00:00.000Z,0.4850,0.4850,,,,,trade,false
2024-03-30T02:00:00.000Z,0.4850,0.4850,,,,,trade,false
2024-03-30T03:00:00.000Z,0.4850,0.4850,,,,,trade,false
2024-03-30T04:00:00.000Z,0.4850,0.4850,,,,,trade,false
2024-03-30T05:00:00.000Z,0.4850,0.4850,,,,,trade,false
2024-03-30T06:00:00.000Z,0.4850,0.4850,,,,,trade,false
2024-03-30T07:00:00.000Z,0.4850,0.4850,,,,,trade,false
2024-03-30T08:00:00.000Z,0.4850,0.4850,,,,,trade,false
2024-03-30T09:00:00.000Z,0.4850,0.4850,,,,,trade,false
2024-03-30T10:00:00.000Z,0.4850,0.4850,,,,,trade,false
2024-03-30T11:00:00.000Z,0.4850,0.4850,,,,,trade,false
2024-03-30T12:00:00.000Z,0.4850,0.4850,,,,,trade,false
2024-03-30T13:00:00.000Z,0.4850,0.4850,,,,,trade,false
2024-03-30T14:00:00.000Z,0.4850,0.4850,,,,,trade,false
2024-03-30T15:00:00.000Z,0.4850,0.4850,,,,,trade,false
2024-03-30T16:00:00.000Z,0.4850,0.4850,,,,,trade,false
2024-03-30T17:00:00.000Z,0.4850,0.4850,,,,,trade,false
2024-03-30T18:00:00.000Z,0.4850,0.4850,,,,,trade,false
2024-03-30T19:00:00.000Z,0.4850,0.4850,,,,,trade,false
2024-03-30T20:00:00.000Z,0.4850,0.4850,,,,,trade,false
2024-03-30T21:00:00.000Z,0.4850,0.4850,,,,,trade,false
2024-03-30T22:00:00.000Z,0.4850,0.4850,,,,,trade,false
2024-03-30T23:00:00.000Z,0.4850,0.4850,,,,,trade,false
2024-03-31T00:00:00.000Z,0.4850,0.4850,,,,,trade,false
2024-03-31T01:00:00.000Z,0.4850,0.4850,,,,,trade,false
2024-03-31T02:00:00.000Z,0.4850,0.4850,,,,,trade,false
2024-03-31T03:00:00.000Z,0.4850,0.4850,,,,,trade,false
2024-03-31T04:00:00.000Z,0.4850,0.4850,,,,,trade,false
2024-03-31T05:00:00.000Z,0.4850,0.4850,,,,,trade,false
2024-03-31T06:00:00.000Z,0.4850,0.4850,,,,,trade,false
2024-03-31T07:00:00.000Z,0.4850,0.4850,,,,,trade,false
2024-03-31T08:00:00.000Z,0.4850,0.4850,,,,,trade,false
2024-03-31T09:00:00.000Z,0.4850,0.4850,,,,,trade,false
2024-03-31T10:00:00.000Z,0.4850,0.4850,,,,,trade,false
2024-03-31T11:00:00.000Z,0.4850,0.4850,,,,,trade,false
2024-03-31T12:00:00.000Z,0.4850,0.4850,,,,,trade,false
2024-03-31T13:00:00.000Z,0.4850,0.4850,,,,,trade,false
2024-03-31T14:00:00.000Z,0.4850,0.4850,,,,,trade,false
2024-03-31T15:00:00.000Z,0.4850,0.4850,,,,,trade,false
2024-03-31T16:00:00.000Z,0.4850,0.4850,,,,,trade,false
2024-03-31T17:00:00.000Z,0.4850,0.4850,,,,,trade,false
2024-03-31T18:00:00.000Z,0.4850,0.4850,,,,,trade,false
2024-03-31T19:00:00.000Z,0.4850,0.4850,,,,,trade,false
2024-03-31T20:00:00.000Z,0.4850,0.4850,,,,,trade,false
2024-03-31T21:00:00.000Z,0.4850,0.4850,,,,,trade,false
2024-03-31T22:00:00.000Z,0.4850,0.4850,,,,,trade,false
2024-03-31T23:00:00.000Z,0.4850,0.4850,,,,,trade,false
2024-04-01T00:00:00.000Z,0.5000,0.5000,,,,,trade,false
2024-04-01T01:00:00.000Z,0.4950,0.4950,,,,,trade,false
2024-04-01T02:00:00.000Z,0.4950,0.4950,,,,,trade,false
2024-04-01T03:00:00.000Z,0.4950,0.4950,,,,,trade,false
2024-04-01T04:00:00.000Z,0.4950,0.4950,,,,,trade,false
2024-04-01T05:00:00.000Z,0.4950,0.4950,,,,,trade,false
2024-04-01T06:00:00.000Z,0.4950,0.4950,,,,,trade,false
2024-04-01T07:00:00.000Z,0.5050,0.5050,,,,,trade,false
2024-04-01T08:00:00.000Z,0.5050,0.5050,,,,,trade,false
2024-04-01T09:00:00.000Z,0.5050,0.5050,,,,,trade,false
2024-04-01T10:00:00.000Z,0.5050,0.5050,,,,,trade,false
2024-04-01T11:00:00.000Z,0.5050,0.5050,,,,,trade,false
2024-04-01T12:00:00.000Z,0.5050,0.5050,,,,,trade,false
2024-04-01T13:00:00.000Z,0.5050,0.5050,,,,,trade,false
2024-04-01T14:00:00.000Z,0.5050,0.5050,,,,,trade,false
2024-04-01T15:00:00.000Z,0.5050,0.5050,,,,,trade,false
2024-04-01T16:00:00.000Z,0.4800,0.4800,,,,,trade,false
2024-04-01T17:00:00.000Z,0.4800,0.4800,,,,,trade,false
2024-04-01T18:00:00.000Z,0.4800,0.4800,,,,,trade,false
2024-04-01T19:00:00.000Z,0.4800,0.4800,,,,,trade,false
2024-04-01T20:00:00.000Z,0.4850,0.4850,,,,,trade,false
2024-04-01T21:00:00.000Z,0.4800,0.4800,,,,,trade,false
2024-04-01T22:00:00.000Z,0.4800,0.4800,,,,,trade,false
2024-04-01T23:00:00.000Z,0.4800,0.4800,,,,,trade,false
2024-04-02T00:00:00.000Z,0.4800,0.4800,,,,,trade,false
2024-04-02T01:00:00.000Z,0.4850,0.4850,,,,,trade,false
2024-04-02T02:00:00.000Z,0.4850,0.4850,,,,,trade,false
2024-04-02T03:00:00.000Z,0.4800,0.4800,,,,,trade,false
2024-04-02T04:00:00.000Z,0.4800,0.4800,,,,,trade,false
2024-04-02T05:00:00.000Z,0.4800,0.4800,,,,,trade,false
2024-04-02T06:00:00.000Z,0.4800,0.4800,,,,,trade,false
2024-04-02T07:00:00.000Z,0.4800,0.4800,,,,,trade,false
2024-04-02T08:00:00.000Z,0.4850,0.4850,,,,,trade,false
2024-04-02T09:00:00.000Z,0.4850,0.4850,,,,,trade,false
2024-04-02T10:00:00.000Z,0.4850,0.4850,,,,,trade,false
2024-04-02T11:00:00.000Z,0.4850,0.4850,,,,,trade,false
2024-04-02T12:00:00.000Z,0.4850,0.4850,,,,,trade,false
2024-04-02T13:00:00.000Z,0.4850,0.4850,,,,,trade,false
2024-04-02T14:00:00.000Z,0.4800,0.4800,,,,,trade,false
2024-04-02T15:00:00.000Z,0.4750,0.4750,,,,,trade,false
2024-04-02T16:00:00.000Z,0.4750,0.4750,,,,,trade,false
2024-04-02T17:00:00.000Z,0.4400,0.4400,,,,,trade,false
2024-04-02T18:00:00.000Z,0.4400,0.4400,,,,,trade,false
2024-04-02T19:00:00.000Z,0.4400,0.4400,,,,,trade,false
2024-04-02T20:00:00.000Z,0.4400,0.4400,,,,,trade,false
2024-04-02T21:00:00.000Z,0.4400,0.4400,,,,,trade,false
2024-04-02T22:00:00.000Z,0.4400,0.4400,,,,,trade,false
2024-04-02T23:00:00.000Z,0.4400,0.4400,,,,,trade,false
2024-04-03T00:00:00.000Z,0.4400,0.4400,,,,,trade,false
2024-04-03T01:00:00.000Z,0.4400,0.4400,,,,,trade,false
2024-04-03T02:00:00.000Z,0.4400,0.4400,,,,,trade,false
2024-04-03T03:00:00.000Z,0.4400,0.4400,,,,,trade,false
2024-04-03T04:00:00.000Z,0.4400,0.4400,,,,,trade,false
2024-04-03T05:00:00.000Z,0.4400,0.4400,,,,,trade,false
2024-04-03T06:00:00.000Z,0.4400,0.4400,,,,,trade,false
2024-04-03T07:00:00.000Z,0.4400,0.4400,,,,,trade,false
2024-04-03T08:00:00.000Z,0.4400,0.4400,,,,,trade,false
2024-04-03T09:00:00.000Z,0.4400,0.4400,,,,,trade,false
2024-04-03T10:00:00.000Z,0.4400,0.4400,,,,,trade,false
2024-04-03T11:00:00.000Z,0.4400,0.4400,,,,,trade,false
2024-04-03T12:00:00.000Z,0.4400,0.4400,,,,,trade,false
2024-04-03T13:00:00.000Z,0.4400,0.4400,,,,,trade,false
2024-04-03T14:00:00.000Z,0.4400,0.4400,,,,,trade,false
2024-04-03T15:00:00.000Z,0.4400,0.4400,,,,,trade,false
2024-04-03T16:00:00.000Z,0.4400,0.4400,,,,,trade,false
2024-04-03T17:00:00.000Z,0.4400,0.4400,,,,,trade,false
2024-04-03T18:00:00.000Z,0.4400,0.4400,,,,,trade,false
2024-04-03T19:00:00.000Z,0.4400,0.4400,,,,,trade,false
2024-04-03T20:00:00.000Z,0.4400,0.4400,,,,,trade,false
2024-04-03T21:00:00.000Z,0.4400,0.4400,,,,,trade,false
2024-04-03T22:00:00.000Z,0.4400,0.4400,,,,,trade,false
2024-04-03T23:00:00.000Z,0.4400,0.4400,,,,,trade,false
2024-04-04T00:00:00.000Z,0.4400,0.4400,,,,,trade,false
2024-04-04T01:00:00.000Z,0.4400,0.4400,,,,,trade,false
2024-04-04T02:00:00.000Z,0.4400,0.4400,,,,,trade,false
2024-04-04T03:00:00.000Z,0.4400,0.4400,,,,,trade,false
2024-04-04T04:00:00.000Z,0.4400,0.4400,,,,,trade,false
2024-04-04T05:00:00.000Z,0.4400,0.4400,,,,,trade,false
2024-04-04T06:00:00.000Z,0.4400,0.4400,,,,,trade,false
2024-04-04T07:00:00.000Z,0.4400,0.4400,,,,,trade,false
2024-04-04T08:00:00.000Z,0.4400,0.4400,,,,,trade,false
2024-04-04T09:00:00.000Z,0.4400,0.4400,,,,,trade,false
2024-04-04T10:00:00.000Z,0.4400,0.4400,,,,,trade,false
2024-04-04T11:00:00.000Z,0.4400,0.4400,,,,,trade,false
2024-04-04T12:00:00.000Z,0.4450,0.4450,,,,,trade,false
2024-04-04T13:00:00.000Z,0.4450,0.4450,,,,,trade,false
2024-04-04T14:00:00.000Z,0.4450,0.4450,,,,,trade,false
2024-04-04T15:00:00.000Z,0.4450,0.4450,,,,,trade,false
2024-04-04T16:00:00.000Z,0.4450,0.4450,,,,,trade,false
2024-04-04T17:00:00.000Z,0.4450,0.4450,,,,,trade,false
2024-04-04T18:00:00.000Z,0.4450,0.4450,,,,,trade,false
2024-04-04T19:00:00.000Z,0.4450,0.4450,,,,,trade,false
2024-04-04T20:00:00.000Z,0.4450,0.4450,,,,,trade,false
2024-04-04T21:00:00.000Z,0.4400,0.4400,,,,,trade,false
2024-04-04T22:00:00.000Z,0.4400,0.4400,,,,,trade,false
2024-04-04T23:00:00.000Z,0.4400,0.4400,,,,,trade,false
2024-04-05T00:00:00.000Z,0.4400,0.4400,,,,,trade,false
2024-04-05T01:00:00.000Z,0.4450,0.4450,,,,,trade,false
2024-04-05T02:00:00.000Z,0.4450,0.4450,,,,,trade,false
2024-04-05T03:00:00.000Z,0.4450,0.4450,,,,,trade,false
2024-04-05T04:00:00.000Z,0.4450,0.4450,,,,,trade,false
2024-04-05T05:00:00.000Z,0.4450,0.4450,,,,,trade,false
2024-04-05T06:00:00.000Z,0.4450,0.4450,,,,,trade,false
2024-04-05T07:00:00.000Z,0.4450,0.4450,,,,,trade,false
2024-04-05T08:00:00.000Z,0.4450,0.4450,,,,,trade,false
2024-04-05T09:00:00.000Z,0.4450,0.4450,,,,,trade,false
2024-04-05T10:00:00.000Z,0.4450,0.4450,,,,,trade,false
2024-04-05T11:00:00.000Z,0.4450,0.4450,,,,,trade,false
2024-04-05T12:00:00.000Z,0.4450,0.4450,,,,,trade,false
2024-04-05T13:00:00.000Z,0.4450,0.4450,,,,,trade,false
2024-04-05T14:00:00.000Z,0.4450,0.4450,,,,,trade,false
2024-04-05T15:00:00.000Z,0.4450,0.4450,,,,,trade,false
2024-04-05T16:00:00.000Z,0.4450,0.4450,,,,,trade,false
2024-04-05T17:00:00.000Z,0.4450,0.4450,,,,,trade,false
2024-04-05T18:00:00.000Z,0.4450,0.4450,,,,,trade,false
2024-04-05T19:00:00.000Z,0.4450,0.4450,,,,,trade,false
2024-04-05T20:00:00.000Z,0.4400,0.4400,,,,,trade,false
2024-04-05T21:00:00.000Z,0.4400,0.4400,,,,,trade,false
2024-04-05T22:00:00.000Z,0.4400,0.4400,,,,,trade,false
2024-04-05T23:00:00.000Z,0.4400,0.4400,,,,,trade,false
2024-04-06T00:00:00.000Z,0.4400,0.4400,,,,,trade,false
2024-04-06T01:00:00.000Z,0.4400,0.4400,,,,,trade,false
2024-04-06T02:00:00.000Z,0.4400,0.4400,,,,,trade,false
2024-04-06T03:00:00.000Z,0.4400,0.4400,,,,,trade,false
2024-04-06T04:00:00.000Z,0.4400,0.4400,,,,,trade,false
2024-04-06T05:00:00.000Z,0.4400,0.4400,,,,,trade,false
2024-04-06T06:00:00.000Z,0.4400,0.4400,,,,,trade,false
2024-04-06T07:00:00.000Z,0.4400,0.4400,,,,,trade,false
2024-04-06T08:00:00.000Z,0.4400,0.4400,,,,,trade,false
2024-04-06T09:00:00.000Z,0.4400,0.4400,,,,,trade,false
2024-04-06T10:00:00.000Z,0.4400,0.4400,,,,,trade,false
2024-04-06T11:00:00.000Z,0.4400,0.4400,,,,,trade,false
2024-04-06T12:00:00.000Z,0.4400,0.4400,,,,,trade,false
2024-04-06T13:00:00.000Z,0.4450,0.4450,,,,,trade,false
2024-04-06T14:00:00.000Z,0.4450,0.4450,,,,,trade,false
2024-04-06T15:00:00.000Z,0.4450,0.4450,,,,,trade,false
2024-04-06T16:00:00.000Z,0.4450,0.4450,,,,,trade,false
2024-04-06T17:00:00.000Z,0.4450,0.4450,,,,,trade,false
2024-04-06T18:00:00.000Z,0.4450,0.4450,,,,,trade,false
2024-04-06T19:00:00.000Z,0.4450,0.4450,,,,,trade,false
2024-04-06T20:00:00.000Z,0.4450,0.4450,,,,,trade,false
2024-04-06T21:00:00.000Z,0.4450,0.4450,,,,,trade,false
2024-04-06T22:00:00.000Z,0.4450,0.4450,,,,,trade,false
2024-04-06T23:00:00.000Z,0.4450,0.4450,,,,,trade,false
2024-04-07T00:00:00.000Z,0.4450,0.4450,,,,,trade,false
2024-04-07T01:00:00.000Z,0.4450,0.4450,,,,,trade,false
2024-04-07T02:00:00.000Z,0.4450,0.4450,,,,,trade,false
2024-04-07T03:00:00.000Z,0.4450,0.4450,,,,,trade,false
2024-04-07T04:00:00.000Z,0.4450,0.4450,,,,,trade,false
2024-04-07T05:00:00.000Z,0.4450,0.4450,,,,,trade,false
2024-04-07T06:00:00.000Z,0.4450,0.4450,,,,,trade,false
2024-04-07T07:00:00.000Z,0.4400,0.4400,,,,,trade,false
2024-04-07T08:00:00.000Z,0.4400,0.4400,,,,,trade,false
2024-04-07T09:00:00.000Z,0.4400,0.4400,,,,,trade,false
2024-04-07T10:00:00.000Z,0.4400,0.4400,,,,,trade,false
2024-04-07T11:00:00.000Z,0.4400,0.4400,,,,,trade,false
2024-04-07T12:00:00.000Z,0.4400,0.4400,,,,,trade,false
2024-04-07T13:00:00.000Z,0.4400,0.4400,,,,,trade,false
2024-04-07T14:00:00.000Z,0.4400,0.4400,,,,,trade,false
2024-04-07T15:00:00.000Z,0.4400,0.4400,,,,,trade,false
2024-04-07T16:00:00.000Z,0.4550,0.4550,,,,,trade,false
2024-04-07T17:00:00.000Z,0.4550,0.4550,,,,,trade,false
2024-04-07T18:00:00.000Z,0.4550,0.4550,,,,,trade,false
2024-04-07T19:00:00.000Z,0.4550,0.4550,,,,,trade,false
2024-04-07T20:00:00.000Z,0.4550,0.4550,,,,,trade,false
2024-04-07T21:00:00.000Z,0.4550,0.4550,,,,,trade,false
2024-04-07T22:00:00.000Z,0.4550,0.4550,,,,,trade,false
2024-04-07T23:00:00.000Z,0.4550,0.4550,,,,,trade,false
2024-04-08T00:00:00.000Z,0.4550,0.4550,,,,,trade,false
2024-04-08T01:00:00.000Z,0.4550,0.4550,,,,,trade,false
2024-04-08T02:00:00.000Z,0.4550,0.4550,,,,,trade,false
2024-04-08T03:00:00.000Z,0.4550,0.4550,,,,,trade,false
2024-04-08T04:00:00.000Z,0.4550,0.4550,,,,,trade,false
2024-04-08T05:00:00.000Z,0.4550,0.4550,,,,,trade,false
2024-04-08T06:00:00.000Z,0.4550,0.4550,,,,,trade,false
2024-04-08T07:00:00.000Z,0.4550,0.4550,,,,,trade,false
2024-04-08T08:00:00.000Z,0.4550,0.4550,,,,,trade,false
2024-04-08T09:00:00.000Z,0.5250,0.5250,,,,,trade,false
2024-04-08T10:00:00.000Z,0.5300,0.5300,,,,,trade,false
2024-04-08T11:00:00.000Z,0.5250,0.5250,,,,,trade,false
2024-04-08T12:00:00.000Z,0.5250,0.5250,,,,,trade,false
2024-04-08T13:00:00.000Z,0.5250,0.5250,,,,,trade,false
2024-04-08T14:00:00.000Z,0.5350,0.5350,,,,,trade,false
2024-04-08T15:00:00.000Z,0.5250,0.5250,,,,,trade,false
2024-04-08T16:00:00.000Z,0.5250,0.5250,,,,,trade,false
2024-04-08T17:00:00.000Z,0.5250,0.5250,,,,,trade,false
2024-04-08T18:00:00.000Z,0.5150,0.5150,,,,,trade,false
2024-04-08T19:00:00.000Z,0.5200,0.5200,,,,,trade,false
2024-04-08T20:00:00.000Z,0.5200,0.5200,,,,,trade,false
2024-04-08T21:00:00.000Z,0.5400,0.5400,,,,,trade,false
2024-04-08T22:00:00.000Z,0.5400,0.5400,,,,,trade,false
2024-04-08T23:00:00.000Z,0.5400,0.5400,,,,,trade,false
2024-04-09T00:00:00.000Z,0.5200,0.5200,,,,,trade,false
2024-04-09T01:00:00.000Z,0.5200,0.5200,,,,,trade,false
2024-04-09T02:00:00.000Z,0.5200,0.5200,,,,,trade,false
2024-04-09T03:00:00.000Z,0.5200,0.5200,,,,,trade,false
2024-04-09T04:00:00.000Z,0.5200,0.5200,,,,,trade,false
2024-04-09T05:00:00.000Z,0.5200,0.5200,,,,,trade,false
2024-04-09T06:00:00.000Z,0.5200,0.5200,,,,,trade,false
2024-04-09T07:00:00.000Z,0.5200,0.5200,,,,,trade,false
2024-04-09T08:00:00.000Z,0.5200,0.5200,,,,,trade,false
2024-04-09T09:00:00.000Z,0.5200,0.5200,,,,,trade,false
2024-04-09T10:00:00.000Z,0.5200,0.5200,,,,,trade,false
2024-04-09T11:00:00.000Z,0.5250,0.5250,,,,,trade,false
2024-04-09T12:00:00.000Z,0.5250,0.5250,,,,,trade,false
2024-04-09T13:00:00.000Z,0.5250,0.5250,,,,,trade,false
2024-04-09T14:00:00.000Z,0.5250,0.5250,,,,,trade,false
2024-04-09T15:00:00.000Z,0.5250,0.5250,,,,,trade,false
2024-04-09T16:00:00.000Z,0.5250,0.5250,,,,,trade,false
2024-04-09T17:00:00.000Z,0.5250,0.5250,,,,,trade,false
2024-04-09T18:00:00.000Z,0.5200,0.5200,,,,,trade,false
2024-04-09T19:00:00.000Z,0.5100,0.5100,,,,,trade,false
2024-04-09T20:00:00.000Z,0.5100,0.5100,,,,,trade,false
2024-04-09T21:00:00.000Z,0.5100,0.5100,,,,,trade,false
2024-04-09T22:00:00.000Z,0.5150,0.5150,,,,,trade,false
2024-04-09T23:00:00.000Z,0.5150,0.5150,,,,,trade,false
2024-04-10T00:00:00.000Z,0.5150,0.5150,,,,,trade,false
2024-04-10T01:00:00.000Z,0.5150,0.5150,,,,,trade,false
2024-04-10T02:00:00.000Z,0.5150,0.5150,,,,,trade,false
2024-04-10T03:00:00.000Z,0.5100,0.5100,,,,,trade,false
2024-04-10T04:00:00.000Z,0.5100,0.5100,,,,,trade,false
2024-04-10T05:00:00.000Z,0.5100,0.5100,,,,,trade,false
2024-04-10T06:00:00.000Z,0.5050,0.5050,,,,,trade,false
2024-04-10T07:00:00.000Z,0.5050,0.5050,,,,,trade,false
2024-04-10T08:00:00.000Z,0.5050,0.5050,,,,,trade,false
2024-04-10T09:00:00.000Z,0.5050,0.5050,,,,,trade,false
2024-04-10T10:00:00.000Z,0.5050,0.5050,,,,,trade,false
2024-04-10T11:00:00.000Z,0.5050,0.5050,,,,,trade,false
2024-04-10T12:00:00.000Z,0.5050,0.5050,,,,,trade,false
2024-04-10T13:00:00.000Z,0.5000,0.5000,,,,,trade,false
2024-04-10T14:00:00.000Z,0.4850,0.4850,,,,,trade,false
2024-04-10T15:00:00.000Z,0.4850,0.4850,,,,,trade,false
2024-04-10T16:00:00.000Z,0.4850,0.4850,,,,,trade,false
2024-04-10T17:00:00.000Z,0.4850,0.4850,,,,,trade,false
2024-04-10T18:00:00.000Z,0.4850,0.4850,,,,,trade,false
2024-04-10T19:00:00.000Z,0.4850,0.4850,,,,,trade,false
2024-04-10T20:00:00.000Z,0.4850,0.4850,,,,,trade,false
2024-04-10T21:00:00.000Z,0.4850,0.4850,,,,,trade,false
2024-04-10T22:00:00.000Z,0.4850,0.4850,,,,,trade,false
2024-04-10T23:00:00.000Z,0.4900,0.4900,,,,,trade,false
2024-04-11T00:00:00.000Z,0.4900,0.4900,,,,,trade,false
2024-04-11T01:00:00.000Z,0.4900,0.4900,,,,,trade,false
2024-04-11T02:00:00.000Z,0.4900,0.4900,,,,,trade,false
2024-04-11T03:00:00.000Z,0.4900,0.4900,,,,,trade,false
2024-04-11T04:00:00.000Z,0.4900,0.4900,,,,,trade,false
2024-04-11T05:00:00.000Z,0.4900,0.4900,,,,,trade,false
2024-04-11T06:00:00.000Z,0.4900,0.4900,,,,,trade,false
2024-04-11T07:00:00.000Z,0.4900,0.4900,,,,,trade,false
2024-04-11T08:00:00.000Z,0.5050,0.5050,,,,,trade,false
2024-04-11T09:00:00.000Z,0.5050,0.5050,,,,,trade,false
2024-04-11T10:00:00.000Z,0.5050,0.5050,,,,,trade,false
2024-04-11T11:00:00.000Z,0.5050,0.5050,,,,,trade,false
2024-04-11T12:00:00.000Z,0.5050,0.5050,,,,,trade,false
2024-04-11T13:00:00.000Z,0.5050,0.5050,,,,,trade,false
2024-04-11T14:00:00.000Z,0.5050,0.5050,,,,,trade,false
2024-04-11T15:00:00.000Z,0.5050,0.5050,,,,,trade,false
2024-04-11T16:00:00.000Z,0.5050,0.5050,,,,,trade,false
2024-04-11T17:00:00.000Z,0.5050,0.5050,,,,,trade,false
2024-04-11T18:00:00.000Z,0.5050,0.5050,,,,,trade,false
2024-04-11T19:00:00.000Z,0.5050,0.5050,,,,,trade,false
2024-04-11T20:00:00.000Z,0.5050,0.5050,,,,,trade,false
2024-04-11T21:00:00.000Z,0.5050,0.5050,,,,,trade,false
2024-04-11T22:00:00.000Z,0.5050,0.5050,,,,,trade,false
2024-04-11T23:00:00.000Z,0.5050,0.5050,,,,,trade,false
2024-04-12T00:00:00.000Z,0.5050,0.5050,,,,,trade,false
2024-04-12T01:00:00.000Z,0.5050,0.5050,,,,,trade,false
2024-04-12T02:00:00.000Z,0.5050,0.5050,,,,,trade,false
2024-04-12T03:00:00.000Z,0.5050,0.5050,,,,,trade,false
2024-04-12T04:00:00.000Z,0.5050,0.5050,,,,,trade,false
2024-04-12T05:00:00.000Z,0.5050,0.5050,,,,,trade,false
2024-04-12T06:00:00.000Z,0.5050,0.5050,,,,,trade,false
2024-04-12T07:00:00.000Z,0.5050,0.5050,,,,,trade,false
2024-04-12T08:00:00.000Z,0.5050,0.5050,,,,,trade,false
2024-04-12T09:00:00.000Z,0.5050,0.5050,,,,,trade,false
2024-04-12T10:00:00.000Z,0.5050,0.5050,,,,,trade,false
2024-04-12T11:00:00.000Z,0.5050,0.5050,,,,,trade,false
2024-04-12T12:00:00.000Z,0.5050,0.5050,,,,,trade,false
2024-04-12T13:00:00.000Z,0.5050,0.5050,,,,,trade,false
2024-04-12T14:00:00.000Z,0.5050,0.5050,,,,,trade,false
2024-04-12T15:00:00.000Z,0.5050,0.5050,,,,,trade,false
2024-04-12T16:00:00.000Z,0.5050,0.5050,,,,,trade,false
2024-04-12T17:00:00.000Z,0.5050,0.5050,,,,,trade,false
2024-04-12T18:00:00.000Z,0.4950,0.4950,,,,,trade,false
2024-04-12T19:00:00.000Z,0.4800,0.4800,,,,,trade,false
2024-04-12T20:00:00.000Z,0.4800,0.4800,,,,,trade,false
2024-04-12T21:00:00.000Z,0.4800,0.4800,,,,,trade,false
2024-04-12T22:00:00.000Z,0.4850,0.4850,,,,,trade,false
2024-04-12T23:00:00.000Z,0.4850,0.4850,,,,,trade,false
2024-04-13T00:00:00.000Z,0.4850,0.4850,,,,,trade,false
2024-04-13T01:00:00.000Z,0.4800,0.4800,,,,,trade,false
2024-04-13T02:00:00.000Z,0.4800,0.4800,,,,,trade,false
2024-04-13T03:00:00.000Z,0.4800,0.4800,,,,,trade,false
2024-04-13T04:00:00.000Z,0.4800,0.4800,,,,,trade,false
2024-04-13T05:00:00.000Z,0.4800,0.4800,,,,,trade,false
2024-04-13T06:00:00.000Z,0.4850,0.4850,,,,,trade,false
2024-04-13T07:00:00.000Z,0.4850,0.4850,,,,,trade,false
2024-04-13T08:00:00.000Z,0.4850,0.4850,,,,,trade,false
2024-04-13T09:00:00.000Z,0.4850,0.4850,,,,,trade,false
2024-04-13T10:00:00.000Z,0.4850,0.4850,,,,,trade,false
2024-04-13T11:00:00.000Z,0.4850,0.4850,,,,,trade,false
2024-04-13T12:00:00.000Z,0.4850,0.4850,,,,,trade,false
2024-04-13T13:00:00.000Z,0.4850,0.4850,,,,,trade,false
2024-04-13T14:00:00.000Z,0.4850,0.4850,,,,,trade,false
2024-04-13T15:00:00.000Z,0.4850,0.4850,,,,,trade,false
2024-04-13T16:00:00.000Z,0.4850,0.4850,,,,,trade,false
2024-04-13T17:00:00.000Z,0.4850,0.4850,,,,,trade,false
2024-04-13T18:00:00.000Z,0.4850,0.4850,,,,,trade,false
2024-04-13T19:00:00.000Z,0.4850,0.4850,,,,,trade,false
2024-04-13T20:00:00.000Z,0.4850,0.4850,,,,,trade,false
2024-04-13T21:00:00.000Z,0.4500,0.4500,,,,,trade,false
2024-04-13T22:00:00.000Z,0.4500,0.4500,,,,,trade,false
2024-04-13T23:00:00.000Z,0.4450,0.4450,,,,,trade,false
2024-04-14T00:00:00.000Z,0.4600,0.4600,,,,,trade,false
2024-04-14T01:00:00.000Z,0.4750,0.4750,,,,,trade,false
2024-04-14T02:00:00.000Z,0.4750,0.4750,,,,,trade,false
2024-04-14T03:00:00.000Z,0.4750,0.4750,,,,,trade,false
2024-04-14T04:00:00.000Z,0.4750,0.4750,,,,,trade,false
2024-04-14T05:00:00.000Z,0.4750,0.4750,,,,,trade,false
2024-04-14T06:00:00.000Z,0.4700,0.4700,,,,,trade,false
2024-04-14T07:00:00.000Z,0.4950,0.4950,,,,,trade,false
2024-04-14T08:00:00.000Z,0.4900,0.4900,,,,,trade,false
2024-04-14T09:00:00.000Z,0.4900,0.4900,,,,,trade,false
2024-04-14T10:00:00.000Z,0.4900,0.4900,,,,,trade,false
2024-04-14T11:00:00.000Z,0.4850,0.4850,,,,,trade,false
2024-04-14T12:00:00.000Z,0.4850,0.4850,,,,,trade,false
2024-04-14T13:00:00.000Z,0.4850,0.4850,,,,,trade,false
2024-04-14T14:00:00.000Z,0.4850,0.4850,,,,,trade,false
2024-04-14T15:00:00.000Z,0.4850,0.4850,,,,,trade,false
2024-04-14T16:00:00.000Z,0.4850,0.4850,,,,,trade,false
2024-04-14T17:00:00.000Z,0.4850,0.4850,,,,,trade,false
2024-04-14T18:00:00.000Z,0.4850,0.4850,,,,,trade,false
2024-04-14T19:00:00.000Z,0.4850,0.4850,,,,,trade,false
2024-04-14T20:00:00.000Z,0.4850,0.4850,,,,,trade,false
2024-04-14T21:00:00.000Z,0.4850,0.4850,,,,,trade,false
2024-04-14T22:00:00.000Z,0.4850,0.4850,,,,,trade,false
2024-04-14T23:00:00.000Z,0.4850,0.4850,,,,,trade,false
2024-04-15T00:00:00.000Z,0.4850,0.4850,,,,,trade,false
2024-04-15T01:00:00.000Z,0.4850,0.4850,,,,,trade,false
2024-04-15T02:00:00.000Z,0.4850,0.4850,,,,,trade,false
2024-04-15T03:00:00.000Z,0.4850,0.4850,,,,,trade,false
2024-04-15T04:00:00.000Z,0.4850,0.4850,,,,,trade,false
2024-04-15T05:00:00.000Z,0.4850,0.4850,,,,,trade,false
2024-04-15T06:00:00.000Z,0.4850,0.4850,,,,,trade,false
2024-04-15T07:00:00.000Z,0.4850,0.4850,,,,,trade,false
2024-04-15T08:00:00.000Z,0.4850,0.4850,,,,,trade,false
2024-04-15T09:00:00.000Z,0.4850,0.4850,,,,,trade,false
2024-04-15T10:00:00.000Z,0.4850,0.4850,,,,,trade,false
2024-04-15T11:00:00.000Z,0.4850,0.4850,,,,,trade,false
2024-04-15T12:00:00.000Z,0.4850,0.4850,,,,,trade,false
2024-04-15T13:00:00.000Z,0.4850,0.4850,,,,,trade,false
2024-04-15T14:00:00.000Z,0.4850,0.4850,,,,,trade,false
2024-04-15T15:00:00.000Z,0.4850,0.4850,,,,,trade,false
2024-04-15T16:00:00.000Z,0.4850,0.4850,,,,,trade,false
2024-04-15T17:00:00.000Z,0.4850,0.4850,,,,,trade,false
2024-04-15T18:00:00.000Z,0.4850,0.4850,,,,,trade,false
2024-04-15T19:00:00.000Z,0.4850,0.4850,,,,,trade,false
2024-04-15T20:00:00.000Z,0.4850,0.4850,,,,,trade,false
2024-04-15T21:00:00.000Z,0.4850,0.4850,,,,,trade,false
2024-04-15T22:00:00.000Z,0.4650,0.4650,,,,,trade,false
2024-04-15T23:00:00.000Z,0.4650,0.4650,,,,,trade,false
2024-04-16T00:00:00.000Z,0.4650,0.4650,,,,,trade,false
2024-04-16T01:00:00.000Z,0.4650,0.4650,,,,,trade,false
2024-04-16T02:00:00.000Z,0.4650,0.4650,,,,,trade,false
2024-04-16T03:00:00.000Z,0.4650,0.4650,,,,,trade,false
2024-04-16T04:00:00.000Z,0.4650,0.4650,,,,,trade,false
2024-04-16T05:00:00.000Z,0.4650,0.4650,,,,,trade,false
2024-04-16T06:00:00.000Z,0.4650,0.4650,,,,,trade,false
2024-04-16T07:00:00.000Z,0.4650,0.4650,,,,,trade,false
2024-04-16T08:00:00.000Z,0.4650,0.4650,,,,,trade,false
2024-04-16T09:00:00.000Z,0.4650,0.4650,,,,,trade,false
2024-04-16T10:00:00.000Z,0.4650,0.4650,,,,,trade,false
2024-04-16T11:00:00.000Z,0.4600,0.4600,,,,,trade,false
2024-04-16T12:00:00.000Z,0.4600,0.4600,,,,,trade,false
2024-04-16T13:00:00.000Z,0.4600,0.4600,,,,,trade,false
2024-04-16T14:00:00.000Z,0.4600,0.4600,,,,,trade,false
2024-04-16T15:00:00.000Z,0.4600,0.4600,,,,,trade,false
2024-04-16T16:00:00.000Z,0.4600,0.4600,,,,,trade,false
2024-04-16T17:00:00.000Z,0.4600,0.4600,,,,,trade,false
2024-04-16T18:00:00.000Z,0.4550,0.4550,,,,,trade,false
2024-04-16T19:00:00.000Z,0.4500,0.4500,,,,,trade,false
2024-04-16T20:00:00.000Z,0.4350,0.4350,,,,,trade,false
2024-04-16T21:00:00.000Z,0.4350,0.4350,,,,,trade,false
2024-04-16T22:00:00.000Z,0.4350,0.4350,,,,,trade,false
2024-04-16T23:00:00.000Z,0.4350,0.4350,,,,,trade,false
2024-04-17T00:00:00.000Z,0.4350,0.4350,,,,,trade,false
2024-04-17T01:00:00.000Z,0.4350,0.4350,,,,,trade,false
2024-04-17T02:00:00.000Z,0.4350,0.4350,,,,,trade,false
2024-04-17T03:00:00.000Z,0.4350,0.4350,,,,,trade,false
2024-04-17T04:00:00.000Z,0.4350,0.4350,,,,,trade,false
2024-04-17T05:00:00.000Z,0.4350,0.4350,,,,,trade,false
2024-04-17T06:00:00.000Z,0.4350,0.4350,,,,,trade,false
2024-04-17T07:00:00.000Z,0.4350,0.4350,,,,,trade,false
2024-04-17T08:00:00.000Z,0.4350,0.4350,,,,,trade,false
2024-04-17T09:00:00.000Z,0.4350,0.4350,,,,,trade,false
2024-04-17T10:00:00.000Z,0.4550,0.4550,,,,,trade,false
2024-04-17T11:00:00.000Z,0.4600,0.4600,,,,,trade,false
2024-04-17T12:00:00.000Z,0.4600,0.4600,,,,,trade,false
2024-04-17T13:00:00.000Z,0.4600,0.4600,,,,,trade,false
2024-04-17T14:00:00.000Z,0.4600,0.4600,,,,,trade,false
2024-04-17T15:00:00.000Z,0.4600,0.4600,,,,,trade,false
2024-04-17T16:00:00.000Z,0.4650,0.4650,,,,,trade,false
2024-04-17T17:00:00.000Z,0.4650,0.4650,,,,,trade,false
2024-04-17T18:00:00.000Z,0.4650,0.4650,,,,,trade,false
2024-04-17T19:00:00.000Z,0.4650,0.4650,,,,,trade,false
2024-04-17T20:00:00.000Z,0.4550,0.4550,,,,,trade,false
2024-04-17T21:00:00.000Z,0.4550,0.4550,,,,,trade,false
2024-04-17T22:00:00.000Z,0.4550,0.4550,,,,,trade,false
2024-04-17T23:00:00.000Z,0.4550,0.4550,,,,,trade,false
2024-04-18T00:00:00.000Z,0.4550,0.4550,,,,,trade,false
2024-04-18T01:00:00.000Z,0.4550,0.4550,,,,,trade,false
2024-04-18T02:00:00.000Z,0.4550,0.4550,,,,,trade,false
2024-04-18T03:00:00.000Z,0.4550,0.4550,,,,,trade,false
2024-04-18T04:00:00.000Z,0.4550,0.4550,,,,,trade,false
2024-04-18T05:00:00.000Z,0.4550,0.4550,,,,,trade,false
2024-04-18T06:00:00.000Z,0.4550,0.4550,,,,,trade,false
2024-04-18T07:00:00.000Z,0.4550,0.4550,,,,,trade,false
2024-04-18T08:00:00.000Z,0.4550,0.4550,,,,,trade,false
2024-04-18T09:00:00.000Z,0.4550,0.4550,,,,,trade,false
2024-04-18T10:00:00.000Z,0.4500,0.4500,,,,,trade,false
2024-04-18T11:00:00.000Z,0.4500,0.4500,,,,,trade,false
2024-04-18T12:00:00.000Z,0.4500,0.4500,,,,,trade,false
2024-04-18T13:00:00.000Z,0.4500,0.4500,,,,,trade,false
2024-04-18T14:00:00.000Z,0.4450,0.4450,,,,,trade,false
2024-04-18T15:00:00.000Z,0.4450,0.4450,,,,,trade,false
2024-04-18T16:00:00.000Z,0.4500,0.4500,,,,,trade,false
2024-04-18T17:00:00.000Z,0.4500,0.4500,,,,,trade,false
2024-04-18T18:00:00.000Z,0.4500,0.4500,,,,,trade,false
2024-04-18T19:00:00.000Z,0.4500,0.4500,,,,,trade,false
2024-04-18T20:00:00.000Z,0.4500,0.4500,,,,,trade,false
2024-04-18T21:00:00.000Z,0.4500,0.4500,,,,,trade,false
2024-04-18T22:00:00.000Z,0.4500,0.4500,,,,,trade,false
2024-04-18T23:00:00.000Z,0.4500,0.4500,,,,,trade,false
2024-04-19T00:00:00.000Z,0.4500,0.4500,,,,,trade,false
2024-04-19T01:00:00.000Z,0.4500,0.4500,,,,,trade,false
2024-04-19T02:00:00.000Z,0.4500,0.4500,,,,,trade,false
2024-04-19T03:00:00.000Z,0.4500,0.4500,,,,,trade,false
2024-04-19T04:00:00.000Z,0.4500,0.4500,,,,,trade,false
2024-04-19T05:00:00.000Z,0.4500,0.4500,,,,,trade,false
2024-04-19T06:00:00.000Z,0.4500,0.4500,,,,,trade,false
2024-04-19T07:00:00.000Z,0.4500,0.4500,,,,,trade,false
2024-04-19T08:00:00.000Z,0.4500,0.4500,,,,,trade,false
2024-04-19T09:00:00.000Z,0.4500,0.4500,,,,,trade,false
2024-04-19T10:00:00.000Z,0.4500,0.4500,,,,,trade,false
2024-04-19T11:00:00.000Z,0.4500,0.4500,,,,,trade,false
2024-04-19T12:00:00.000Z,0.4500,0.4500,,,,,trade,false
2024-04-19T13:00:00.000Z,0.4500,0.4500,,,,,trade,false
2024-04-19T14:00:00.000Z,0.4500,0.4500,,,,,trade,false
2024-04-19T15:00:00.000Z,0.4500,0.4500,,,,,trade,false
2024-04-19T16:00:00.000Z,0.4500,0.4500,,,,,trade,false
2024-04-19T17:00:00.000Z,0.4500,0.4500,,,,,trade,false
2024-04-19T18:00:00.000Z,0.4500,0.4500,,,,,trade,false
2024-04-19T19:00:00.000Z,0.4500,0.4500,,,,,trade,false
2024-04-19T20:00:00.000Z,0.4500,0.4500,,,,,trade,false
2024-04-19T21:00:00.000Z,0.4500,0.4500,,,,,trade,false
2024-04-19T22:00:00.000Z,0.4500,0.4500,,,,,trade,false
2024-04-19T23:00:00.000Z,0.4450,0.4450,,,,,trade,false
2024-04-20T00:00:00.000Z,0.4450,0.4450,,,,,trade,false
2024-04-20T01:00:00.000Z,0.4450,0.4450,,,,,trade,false
2024-04-20T02:00:00.000Z,0.4450,0.4450,,,,,trade,false
2024-04-20T03:00:00.000Z,0.4450,0.4450,,,,,trade,false
2024-04-20T04:00:00.000Z,0.4450,0.4450,,,,,trade,false
2024-04-20T05:00:00.000Z,0.4450,0.4450,,,,,trade,false
2024-04-20T06:00:00.000Z,0.4450,0.4450,,,,,trade,false
2024-04-20T07:00:00.000Z,0.4450,0.4450,,,,,trade,false
2024-04-20T08:00:00.000Z,0.4450,0.4450,,,,,trade,false
2024-04-20T09:00:00.000Z,0.4450,0.4450,,,,,trade,false
2024-04-20T10:00:00.000Z,0.4300,0.4300,,,,,trade,false
2024-04-20T11:00:00.000Z,0.4300,0.4300,,,,,trade,false
2024-04-20T12:00:00.000Z,0.4300,0.4300,,,,,trade,false
2024-04-20T13:00:00.000Z,0.4300,0.4300,,,,,trade,false
2024-04-20T14:00:00.000Z,0.4300,0.4300,,,,,trade,false
2024-04-20T15:00:00.000Z,0.4300,0.4300,,,,,trade,false
2024-04-20T16:00:00.000Z,0.4300,0.4300,,,,,trade,false
2024-04-20T17:00:00.000Z,0.4300,0.4300,,,,,trade,false
2024-04-20T18:00:00.000Z,0.4300,0.4300,,,,,trade,false
2024-04-20T19:00:00.000Z,0.4300,0.4300,,,,,trade,false
2024-04-20T20:00:00.000Z,0.4300,0.4300,,,,,trade,false
2024-04-20T21:00:00.000Z,0.4300,0.4300,,,,,trade,false
2024-04-20T22:00:00.000Z,0.4300,0.4300,,,,,trade,false
2024-04-20T23:00:00.000Z,0.4250,0.4250,,,,,trade,false
2024-04-21T00:00:00.000Z,0.4250,0.4250,,,,,trade,false
2024-04-21T01:00:00.000Z,0.4250,0.4250,,,,,trade,false
2024-04-21T02:00:00.000Z,0.4250,0.4250,,,,,trade,false
2024-04-21T03:00:00.000Z,0.4250,0.4250,,,,,trade,false
2024-04-21T04:00:00.000Z,0.4300,0.4300,,,,,trade,false
2024-04-21T05:00:00.000Z,0.4300,0.4300,,,,,trade,false
2024-04-21T06:00:00.000Z,0.4300,0.4300,,,,,trade,false
2024-04-21T07:00:00.000Z,0.4300,0.4300,,,,,trade,false
2024-04-21T08:00:00.000Z,0.4300,0.4300,,,,,trade,false
2024-04-21T09:00:00.000Z,0.4300,0.4300,,,,,trade,false
2024-04-21T10:00:00.000Z,0.4300,0.4300,,,,,trade,false
2024-04-21T11:00:00.000Z,0.4300,0.4300,,,,,trade,false
2024-04-21T12:00:00.000Z,0.4300,0.4300,,,,,trade,false
2024-04-21T13:00:00.000Z,0.4300,0.4300,,,,,trade,false
2024-04-21T14:00:00.000Z,0.4300,0.4300,,,,,trade,false
2024-04-21T15:00:00.000Z,0.4300,0.4300,,,,,trade,false
2024-04-21T16:00:00.000Z,0.4300,0.4300,,,,,trade,false
2024-04-21T17:00:00.000Z,0.4300,0.4300,,,,,trade,false
2024-04-21T18:00:00.000Z,0.4300,0.4300,,,,,trade,false
2024-04-21T19:00:00.000Z,0.4300,0.4300,,,,,trade,false
2024-04-21T20:00:00.000Z,0.4300,0.4300,,,,,trade,false
2024-04-21T21:00:00.000Z,0.4300,0.4300,,,,,trade,false
2024-04-21T22:00:00.000Z,0.4400,0.4400,,,,,trade,false
2024-04-21T23:00:00.000Z,0.4400,0.4400,,,,,trade,false
2024-04-22T00:00:00.000Z,0.4400,0.4400,,,,,trade,false
2024-04-22T01:00:00.000Z,0.4400,0.4400,,,,,trade,false
2024-04-22T02:00:00.000Z,0.4400,0.4400,,,,,trade,false
2024-04-22T03:00:00.000Z,0.4400,0.4400,,,,,trade,false
2024-04-22T04:00:00.000Z,0.4400,0.4400,,,,,trade,false
2024-04-22T05:00:00.000Z,0.4400,0.4400,,,,,trade,false
2024-04-22T06:00:00.000Z,0.4400,0.4400,,,,,trade,false
2024-04-22T07:00:00.000Z,0.4400,0.4400,,,,,trade,false
2024-04-22T08:00:00.000Z,0.4400,0.4400,,,,,trade,false
2024-04-22T09:00:00.000Z,0.4400,0.4400,,,,,trade,false
2024-04-22T10:00:00.000Z,0.4400,0.4400,,,,,trade,false
2024-04-22T11:00:00.000Z,0.4400,0.4400,,,,,trade,false
2024-04-22T12:00:00.000Z,0.4400,0.4400,,,,,trade,false
2024-04-22T13:00:00.000Z,0.4400,0.4400,,,,,trade,false
2024-04-22T14:00:00.000Z,0.4350,0.4350,,,,,trade,false
2024-04-22T15:00:00.000Z,0.4350,0.4350,,,,,trade,false
2024-04-22T16:00:00.000Z,0.4350,0.4350,,,,,trade,false
2024-04-22T17:00:00.000Z,0.4350,0.4350,,,,,trade,false
2024-04-22T18:00:00.000Z,0.4350,0.4350,,,,,trade,false
2024-04-22T19:00:00.000Z,0.4350,0.4350,,,,,trade,false
2024-04-22T20:00:00.000Z,0.4350,0.4350,,,,,trade,false
2024-04-22T21:00:00.000Z,0.4350,0.4350,,,,,trade,false
2024-04-22T22:00:00.000Z,0.4350,0.4350,,,,,trade,false
2024-04-22T23:00:00.000Z,0.4350,0.4350,,,,,trade,false
2024-04-23T00:00:00.000Z,0.4350,0.4350,,,,,trade,false
2024-04-23T01:00:00.000Z,0.4350,0.4350,,,,,trade,false
2024-04-23T02:00:00.000Z,0.4350,0.4350,,,,,trade,false
2024-04-23T03:00:00.000Z,0.4350,0.4350,,,,,trade,false
2024-04-23T04:00:00.000Z,0.4350,0.4350,,,,,trade,false
2024-04-23T05:00:00.000Z,0.4350,0.4350,,,,,trade,false
2024-04-23T06:00:00.000Z,0.4350,0.4350,,,,,trade,false
2024-04-23T07:00:00.000Z,0.4350,0.4350,,,,,trade,false
2024-04-23T08:00:00.000Z,0.4400,0.4400,,,,,trade,false
2024-04-23T09:00:00.000Z,0.4400,0.4400,,,,,trade,false
2024-04-23T10:00:00.000Z,0.4400,0.4400,,,,,trade,false
2024-04-23T11:00:00.000Z,0.4400,0.4400,,,,,trade,false
2024-04-23T12:00:00.000Z,0.4400,0.4400,,,,,trade,false
2024-04-23T13:00:00.000Z,0.4400,0.4400,,,,,trade,false
2024-04-23T14:00:00.000Z,0.4400,0.4400,,,,,trade,false
2024-04-23T15:00:00.000Z,0.4450,0.4450,,,,,trade,false
2024-04-23T16:00:00.000Z,0.4450,0.4450,,,,,trade,false
2024-04-23T17:00:00.000Z,0.4450,0.4450,,,,,trade,false
2024-04-23T18:00:00.000Z,0.4450,0.4450,,,,,trade,false
2024-04-23T19:00:00.000Z,0.4400,0.4400,,,,,trade,false
2024-04-23T20:00:00.000Z,0.4400,0.4400,,,,,trade,false
2024-04-23T21:00:00.000Z,0.4400,0.4400,,,,,trade,false
2024-04-23T22:00:00.000Z,0.4400,0.4400,,,,,trade,false
2024-04-23T23:00:00.000Z,0.4400,0.4400,,,,,trade,false
2024-04-24T00:00:00.000Z,0.4400,0.4400,,,,,trade,false
2024-04-24T01:00:00.000Z,0.4400,0.4400,,,,,trade,false
2024-04-24T02:00:00.000Z,0.4400,0.4400,,,,,trade,false
2024-04-24T03:00:00.000Z,0.4400,0.4400,,,,,trade,false
2024-04-24T04:00:00.000Z,0.4400,0.4400,,,,,trade,false
2024-04-24T05:00:00.000Z,0.4400,0.4400,,,,,trade,false
2024-04-24T06:00:00.000Z,0.4400,0.4400,,,,,trade,false
2024-04-24T07:00:00.000Z,0.4400,0.4400,,,,,trade,false
2024-04-24T08:00:00.000Z,0.4400,0.4400,,,,,trade,false
2024-04-24T09:00:00.000Z,0.4400,0.4400,,,,,trade,false
2024-04-24T10:00:00.000Z,0.4400,0.4400,,,,,trade,false
2024-04-24T11:00:00.000Z,0.4400,0.4400,,,,,trade,false
2024-04-24T12:00:00.000Z,0.4400,0.4400,,,,,trade,false
2024-04-24T13:00:00.000Z,0.4400,0.4400,,,,,trade,false
2024-04-24T14:00:00.000Z,0.4400,0.4400,,,,,trade,false
2024-04-24T15:00:00.000Z,0.4400,0.4400,,,,,trade,false
2024-04-24T16:00:00.000Z,0.4400,0.4400,,,,,trade,false
2024-04-24T17:00:00.000Z,0.4400,0.4400,,,,,trade,false
2024-04-24T18:00:00.000Z,0.4400,0.4400,,,,,trade,false
2024-04-24T19:00:00.000Z,0.4400,0.4400,,,,,trade,false
2024-04-24T20:00:00.000Z,0.4400,0.4400,,,,,trade,false
2024-04-24T21:00:00.000Z,0.4400,0.4400,,,,,trade,false
2024-04-24T22:00:00.000Z,0.4400,0.4400,,,,,trade,false
2024-04-24T23:00:00.000Z,0.4400,0.4400,,,,,trade,false
2024-04-25T00:00:00.000Z,0.4400,0.4400,,,,,trade,false
2024-04-25T01:00:00.000Z,0.4400,0.4400,,,,,trade,false
2024-04-25T02:00:00.000Z,0.4400,0.4400,,,,,trade,false
2024-04-25T03:00:00.000Z,0.4400,0.4400,,,,,trade,false
2024-04-25T04:00:00.000Z,0.4400,0.4400,,,,,trade,false
2024-04-25T05:00:00.000Z,0.4400,0.4400,,,,,trade,false
2024-04-25T06:00:00.000Z,0.4400,0.4400,,,,,trade,false
2024-04-25T07:00:00.000Z,0.4350,0.4350,,,,,trade,false
2024-04-25T08:00:00.000Z,0.4350,0.4350,,,,,trade,false
2024-04-25T09:00:00.000Z,0.4350,0.4350,,,,,trade,false
2024-04-25T10:00:00.000Z,0.4350,0.4350,,,,,trade,false
2024-04-25T11:00:00.000Z,0.4350,0.4350,,,,,trade,false
2024-04-25T12:00:00.000Z,0.4350,0.4350,,,,,trade,false
2024-04-25T13:00:00.000Z,0.4350,0.4350,,,,,trade,false
2024-04-25T14:00:00.000Z,0.4350,0.4350,,,,,trade,false
2024-04-25T15:00:00.000Z,0.4350,0.4350,,,,,trade,false
2024-04-25T16:00:00.000Z,0.4350,0.4350,,,,,trade,false
2024-04-25T17:00:00.000Z,0.4350,0.4350,,,,,trade,false
2024-04-25T18:00:00.000Z,0.4350,0.4350,,,,,trade,false
2024-04-25T19:00:00.000Z,0.4350,0.4350,,,,,trade,false
2024-04-25T20:00:00.000Z,0.4350,0.4350,,,,,trade,false
2024-04-25T21:00:00.000Z,0.4350,0.4350,,,,,trade,false
2024-04-25T22:00:00.000Z,0.4350,0.4350,,,,,trade,false
2024-04-25T23:00:00.000Z,0.4350,0.4350,,,,,trade,false
2024-04-26T00:00:00.000Z,0.4350,0.4350,,,,,trade,false
2024-04-26T01:00:00.000Z,0.4350,0.4350,,,,,trade,false
2024-04-26T02:00:00.000Z,0.4350,0.4350,,,,,trade,false
2024-04-26T03:00:00.000Z,0.4350,0.4350,,,,,trade,false
2024-04-26T04:00:00.000Z,0.4350,0.4350,,,,,trade,false
2024-04-26T05:00:00.000Z,0.4350,0.4350,,,,,trade,false
2024-04-26T06:00:00.000Z,0.4350,0.4350,,,,,trade,false
2024-04-26T07:00:00.000Z,0.4350,0.4350,,,,,trade,false
2024-04-26T08:00:00.000Z,0.4350,0.4350,,,,,trade,false
2024-04-26T09:00:00.000Z,0.4350,0.4350,,,,,trade,false
2024-04-26T10:00:00.000Z,0.4350,0.4350,,,,,trade,false
2024-04-26T11:00:00.000Z,0.4350,0.4350,,,,,trade,false
2024-04-26T12:00:00.000Z,0.4350,0.4350,,,,,trade,false
2024-04-26T13:00:00.000Z,0.4350,0.4350,,,,,trade,false
2024-04-26T14:00:00.000Z,0.4350,0.4350,,,,,trade,false
2024-04-26T15:00:00.000Z,0.4350,0.4350,,,,,trade,false
2024-04-26T16:00:00.000Z,0.4350,0.4350,,,,,trade,false
2024-04-26T17:00:00.000Z,0.4350,0.4350,,,,,trade,false
2024-04-26T18:00:00.000Z,0.4350,0.4350,,,,,trade,false
2024-04-26T19:00:00.000Z,0.4350,0.4350,,,,,trade,false
2024-04-26T20:00:00.000Z,0.4350,0.4350,,,,,trade,false
2024-04-26T21:00:00.000Z,0.4350,0.4350,,,,,trade,false
2024-04-26T22:00:00.000Z,0.4350,0.4350,,,,,trade,false
2024-04-26T23:00:00.000Z,0.4350,0.4350,,,,,trade,false
2024-04-27T00:00:00.000Z,0.4350,0.4350,,,,,trade,false
2024-04-27T01:00:00.000Z,0.4350,0.4350,,,,,trade,false
2024-04-27T02:00:00.000Z,0.4350,0.4350,,,,,trade,false
2024-04-27T03:00:00.000Z,0.4350,0.4350,,,,,trade,false
2024-04-27T04:00:00.000Z,0.4300,0.4300,,,,,trade,false
2024-04-27T05:00:00.000Z,0.4250,0.4250,,,,,trade,false
2024-04-27T06:00:00.000Z,0.4250,0.4250,,,,,trade,false
2024-04-27T07:00:00.000Z,0.4250,0.4250,,,,,trade,false
2024-04-27T08:00:00.000Z,0.4300,0.4300,,,,,trade,false
2024-04-27T09:00:00.000Z,0.4250,0.4250,,,,,trade,false
2024-04-27T10:00:00.000Z,0.4250,0.4250,,,,,trade,false
2024-04-27T11:00:00.000Z,0.4350,0.4350,,,,,trade,false
2024-04-27T12:00:00.000Z,0.4250,0.4250,,,,,trade,false
2024-04-27T13:00:00.000Z,0.4250,0.4250,,,,,trade,false
2024-04-27T14:00:00.000Z,0.4250,0.4250,,,,,trade,false
2024-04-27T15:00:00.000Z,0.4250,0.4250,,,,,trade,false
2024-04-27T16:00:00.000Z,0.4250,0.4250,,,,,trade,false
2024-04-27T17:00:00.000Z,0.4250,0.4250,,,,,trade,false
2024-04-27T18:00:00.000Z,0.4250,0.4250,,,,,trade,false
2024-04-27T19:00:00.000Z,0.4250,0.4250,,,,,trade,false
2024-04-27T20:00:00.000Z,0.4250,0.4250,,,,,trade,false
2024-04-27T21:00:00.000Z,0.4250,0.4250,,,,,trade,false
2024-04-27T22:00:00.000Z,0.4250,0.4250,,,,,trade,false
2024-04-27T23:00:00.000Z,0.4250,0.4250,,,,,trade,false
2024-04-28T00:00:00.000Z,0.4250,0.4250,,,,,trade,false
2024-04-28T01:00:00.000Z,0.4250,0.4250,,,,,trade,false
2024-04-28T02:00:00.000Z,0.4250,0.4250,,,,,trade,false
2024-04-28T03:00:00.000Z,0.4250,0.4250,,,,,trade,false
2024-04-28T04:00:00.000Z,0.4250,0.4250,,,,,trade,false
2024-04-28T05:00:00.000Z,0.4250,0.4250,,,,,trade,false
2024-04-28T06:00:00.000Z,0.4250,0.4250,,,,,trade,false
2024-04-28T07:00:00.000Z,0.4250,0.4250,,,,,trade,false
2024-04-28T08:00:00.000Z,0.4250,0.4250,,,,,trade,false
2024-04-28T09:00:00.000Z,0.4250,0.4250,,,,,trade,false
2024-04-28T10:00:00.000Z,0.4250,0.4250,,,,,trade,false
2024-04-28T11:00:00.000Z,0.4250,0.4250,,,,,trade,false
2024-04-28T12:00:00.000Z,0.4250,0.4250,,,,,trade,false
2024-04-28T13:00:00.000Z,0.4250,0.4250,,,,,trade,false
2024-04-28T14:00:00.000Z,0.4250,0.4250,,,,,trade,false
2024-04-28T15:00:00.000Z,0.4250,0.4250,,,,,trade,false
2024-04-28T16:00:00.000Z,0.4250,0.4250,,,,,trade,false
2024-04-28T17:00:00.000Z,0.4250,0.4250,,,,,trade,false
2024-04-28T18:00:00.000Z,0.4250,0.4250,,,,,trade,false
2024-04-28T19:00:00.000Z,0.4250,0.4250,,,,,trade,false
2024-04-28T20:00:00.000Z,0.4250,0.4250,,,,,trade,false
2024-04-28T21:00:00.000Z,0.4250,0.4250,,,,,trade,false
2024-04-28T22:00:00.000Z,0.4250,0.4250,,,,,trade,false
2024-04-28T23:00:00.000Z,0.4250,0.4250,,,,,trade,false
2024-04-29T00:00:00.000Z,0.4250,0.4250,,,,,trade,false
2024-04-29T01:00:00.000Z,0.4250,0.4250,,,,,trade,false
2024-04-29T02:00:00.000Z,0.4250,0.4250,,,,,trade,false
2024-04-29T03:00:00.000Z,0.4250,0.4250,,,,,trade,false
2024-04-29T04:00:00.000Z,0.4250,0.4250,,,,,trade,false
2024-04-29T05:00:00.000Z,0.4250,0.4250,,,,,trade,false
2024-04-29T06:00:00.000Z,0.4250,0.4250,,,,,trade,false
2024-04-29T07:00:00.000Z,0.4250,0.4250,,,,,trade,false
2024-04-29T08:00:00.000Z,0.4250,0.4250,,,,,trade,false
2024-04-29T09:00:00.000Z,0.4250,0.4250,,,,,trade,false
2024-04-29T10:00:00.000Z,0.4250,0.4250,,,,,trade,false
2024-04-29T11:00:00.000Z,0.4250,0.4250,,,,,trade,false
2024-04-29T12:00:00.000Z,0.4250,0.4250,,,,,trade,false
2024-04-29T13:00:00.000Z,0.4250,0.4250,,,,,trade,false
2024-04-29T14:00:00.000Z,0.4250,0.4250,,,,,trade,false
2024-04-29T15:00:00.000Z,0.4250,0.4250,,,,,trade,false
2024-04-29T16:00:00.000Z,0.4200,0.4200,,,,,trade,false
2024-04-29T17:00:00.000Z,0.4150,0.4150,,,,,trade,false
2024-04-29T18:00:00.000Z,0.4150,0.4150,,,,,trade,false
2024-04-29T19:00:00.000Z,0.4150,0.4150,,,,,trade,false
2024-04-29T20:00:00.000Z,0.4150,0.4150,,,,,trade,false
2024-04-29T21:00:00.000Z,0.4150,0.4150,,,,,trade,false
2024-04-29T22:00:00.000Z,0.4150,0.4150,,,,,trade,false
2024-04-29T23:00:00.000Z,0.4200,0.4200,,,,,trade,false
2024-04-30T00:00:00.000Z,0.4200,0.4200,,,,,trade,false
2024-04-30T01:00:00.000Z,0.4200,0.4200,,,,,trade,false
2024-04-30T02:00:00.000Z,0.4200,0.4200,,,,,trade,false
2024-04-30T03:00:00.000Z,0.4200,0.4200,,,,,trade,false
2024-04-30T04:00:00.000Z,0.4200,0.4200,,,,,trade,false
2024-04-30T05:00:00.000Z,0.4200,0.4200,,,,,trade,false
2024-04-30T06:00:00.000Z,0.4200,0.4200,,,,,trade,false
2024-04-30T07:00:00.000Z,0.4200,0.4200,,,,,trade,false
2024-04-30T08:00:00.000Z,0.4200,0.4200,,,,,trade,false
2024-04-30T09:00:00.000Z,0.4150,0.4150,,,,,trade,false
2024-04-30T10:00:00.000Z,0.4150,0.4150,,,,,trade,false
2024-04-30T11:00:00.000Z,0.4150,0.4150,,,,,trade,false
2024-04-30T12:00:00.000Z,0.4150,0.4150,,,,,trade,false
2024-04-30T13:00:00.000Z,0.4250,0.4250,,,,,trade,false
2024-04-30T14:00:00.000Z,0.4050,0.4050,,,,,trade,false
2024-04-30T15:00:00.000Z,0.3450,0.3450,,,,,trade,false
2024-04-30T16:00:00.000Z,0.3500,0.3500,,,,,trade,false
2024-04-30T17:00:00.000Z,0.3650,0.3650,,,,,trade,false
2024-04-30T18:00:00.000Z,0.3650,0.3650,,,,,trade,false
2024-04-30T19:00:00.000Z,0.3450,0.3450,,,,,trade,false
2024-04-30T20:00:00.000Z,0.3000,0.3000,,,,,trade,false
2024-04-30T21:00:00.000Z,0.2950,0.2950,,,,,trade,false
2024-04-30T22:00:00.000Z,0.3000,0.3000,,,,,trade,false
2024-04-30T23:00:00.000Z,0.3000,0.3000,,,,,trade,false
2024-05-01T00:00:00.000Z,0.3000,0.3000,,,,,trade,false
2024-05-01T01:00:00.000Z,0.3000,0.3000,,,,,trade,false
2024-05-01T02:00:00.000Z,0.3000,0.3000,,,,,trade,false
2024-05-01T03:00:00.000Z,0.3250,0.3250,,,,,trade,false
2024-05-01T04:00:00.000Z,0.3250,0.3250,,,,,trade,false
2024-05-01T05:00:00.000Z,0.3250,0.3250,,,,,trade,false
2024-05-01T06:00:00.000Z,0.3250,0.3250,,,,,trade,false
2024-05-01T07:00:00.000Z,0.3050,0.3050,,,,,trade,false
2024-05-01T08:00:00.000Z,0.2550,0.2550,,,,,trade,false
2024-05-01T09:00:00.000Z,0.2650,0.2650,,,,,trade,false
2024-05-01T10:00:00.000Z,0.2650,0.2650,,,,,trade,false
2024-05-01T11:00:00.000Z,0.2700,0.2700,,,,,trade,false
2024-05-01T12:00:00.000Z,0.2700,0.2700,,,,,trade,false
2024-05-01T13:00:00.000Z,0.2700,0.2700,,,,,trade,false
2024-05-01T14:00:00.000Z,0.2650,0.2650,,,,,trade,false
2024-05-01T15:00:00.000Z,0.2700,0.2700,,,,,trade,false
2024-05-01T16:00:00.000Z,0.2650,0.2650,,,,,trade,false
2024-05-01T17:00:00.000Z,0.2650,0.2650,,,,,trade,false
2024-05-01T18:00:00.000Z,0.2700,0.2700,,,,,trade,false
2024-05-01T20:00:00.000Z,0.3350,0.3350,,,,,trade,false
2024-05-01T21:00:00.000Z,0.3200,0.3200,,,,,trade,false
2024-05-01T22:00:00.000Z,0.3200,0.3200,,,,,trade,false
2024-05-01T23:00:00.000Z,0.3200,0.3200,,,,,trade,false
2024-05-02T00:00:00.000Z,0.3250,0.3250,,,,,trade,false
2024-05-02T01:00:00.000Z,0.3350,0.3350,,,,,trade,false
2024-05-02T02:00:00.000Z,0.3350,0.3350,,,,,trade,false
2024-05-02T03:00:00.000Z,0.3350,0.3350,,,,,trade,false
2024-05-02T04:00:00.000Z,0.3350,0.3350,,,,,trade,false
2024-05-02T05:00:00.000Z,0.3350,0.3350,,,,,trade,false
2024-05-02T06:00:00.000Z,0.3350,0.3350,,,,,trade,false
2024-05-02T07:00:00.000Z,0.3350,0.3350,,,,,trade,false
2024-05-02T08:00:00.000Z,0.3350,0.3350,,,,,trade,false
2024-05-02T09:00:00.000Z,0.3350,0.3350,,,,,trade,false
2024-05-02T10:00:00.000Z,0.3350,0.3350,,,,,trade,false
2024-05-02T11:00:00.000Z,0.3400,0.3400,,,,,trade,false
2024-05-02T12:00:00.000Z,0.3400,0.3400,,,,,trade,false
2024-05-02T13:00:00.000Z,0.3400,0.3400,,,,,trade,false
2024-05-02T14:00:00.000Z,0.3400,0.3400,,,,,trade,false
2024-05-02T15:00:00.000Z,0.3400,0.3400,,,,,trade,false
2024-05-02T16:00:00.000Z,0.3400,0.3400,,,,,trade,false
2024-05-02T17:00:00.000Z,0.3400,0.3400,,,,,trade,false
2024-05-02T18:00:00.000Z,0.3400,0.3400,,,,,trade,false
2024-05-02T19:00:00.000Z,0.3450,0.3450,,,,,trade,false
2024-05-02T20:00:00.000Z,0.3450,0.3450,,,,,trade,false
2024-05-02T21:00:00.000Z,0.3450,0.3450,,,,,trade,false
2024-05-02T22:00:00.000Z,0.3450,0.3450,,,,,trade,false
2024-05-02T23:00:00.000Z,0.3450,0.3450,,,,,trade,false
2024-05-03T00:00:00.000Z,0.3450,0.3450,,,,,trade,false
2024-05-03T01:00:00.000Z,0.3450,0.3450,,,,,trade,false
2024-05-03T02:00:00.000Z,0.3450,0.3450,,,,,trade,false
2024-05-03T03:00:00.000Z,0.3450,0.3450,,,,,trade,false
2024-05-03T04:00:00.000Z,0.3450,0.3450,,,,,trade,false
2024-05-03T05:00:00.000Z,0.3450,0.3450,,,,,trade,false
2024-05-03T06:00:00.000Z,0.3450,0.3450,,,,,trade,false
2024-05-03T07:00:00.000Z,0.3450,0.3450,,,,,trade,false
2024-05-03T08:00:00.000Z,0.3450,0.3450,,,,,trade,false
2024-05-03T09:00:00.000Z,0.3450,0.3450,,,,,trade,false
2024-05-03T10:00:00.000Z,0.3200,0.3200,,,,,trade,false
2024-05-03T11:00:00.000Z,0.3150,0.3150,,,,,trade,false
2024-05-03T12:00:00.000Z,0.3200,0.3200,,,,,trade,false
2024-05-03T13:00:00.000Z,0.3300,0.3300,,,,,trade,false
2024-05-03T14:00:00.000Z,0.3350,0.3350,,,,,trade,false
2024-05-03T15:00:00.000Z,0.3350,0.3350,,,,,trade,false
2024-05-03T16:00:00.000Z,0.3250,0.3250,,,,,trade,false
2024-05-03T17:00:00.000Z,0.3250,0.3250,,,,,trade,false
2024-05-03T18:00:00.000Z,0.3250,0.3250,,,,,trade,false
2024-05-03T19:00:00.000Z,0.3250,0.3250,,,,,trade,false
2024-05-03T20:00:00.000Z,0.3250,0.3250,,,,,trade,false
2024-05-03T21:00:00.000Z,0.3350,0.3350,,,,,trade,false
2024-05-03T22:00:00.000Z,0.3350,0.3350,,,,,trade,false
2024-05-03T23:00:00.000Z,0.3400,0.3400,,,,,trade,false
2024-05-04T00:00:00.000Z,0.3450,0.3450,,,,,trade,false
2024-05-04T01:00:00.000Z,0.3450,0.3450,,,,,trade,false
2024-05-04T02:00:00.000Z,0.3450,0.3450,,,,,trade,false
2024-05-04T03:00:00.000Z,0.3450,0.3450,,,,,trade,false
2024-05-04T04:00:00.000Z,0.3450,0.3450,,,,,trade,false
2024-05-04T05:00:00.000Z,0.3450,0.3450,,,,,trade,false
2024-05-04T06:00:00.000Z,0.3500,0.3500,,,,,trade,false
2024-05-04T07:00:00.000Z,0.3450,0.3450,,,,,trade,false
2024-05-04T08:00:00.000Z,0.3450,0.3450,,,,,trade,false
2024-05-04T09:00:00.000Z,0.3500,0.3500,,,,,trade,false
2024-05-04T10:00:00.000Z,0.3500,0.3500,,,,,trade,false
2024-05-04T11:00:00.000Z,0.3550,0.3550,,,,,trade,false
2024-05-04T12:00:00.000Z,0.3550,0.3550,,,,,trade,false
2024-05-04T13:00:00.000Z,0.3550,0.3550,,,,,trade,false
2024-05-04T14:00:00.000Z,0.3550,0.3550,,,,,trade,false
2024-05-04T15:00:00.000Z,0.3550,0.3550,,,,,trade,false
2024-05-04T16:00:00.000Z,0.3550,0.3550,,,,,trade,false
2024-05-04T17:00:00.000Z,0.3550,0.3550,,,,,trade,false
2024-05-04T18:00:00.000Z,0.3550,0.3550,,,,,trade,false
2024-05-04T19:00:00.000Z,0.3650,0.3650,,,,,trade,false
2024-05-04T20:00:00.000Z,0.3600,0.3600,,,,,trade,false
2024-05-04T21:00:00.000Z,0.3600,0.3600,,,,,trade,false
2024-05-04T22:00:00.000Z,0.3600,0.3600,,,,,trade,false
2024-05-04T23:00:00.000Z,0.3600,0.3600,,,,,trade,false
2024-05-05T00:00:00.000Z,0.3650,0.3650,,,,,trade,false
2024-05-05T01:00:00.000Z,0.3650,0.3650,,,,,trade,false
2024-05-05T02:00:00.000Z,0.3650,0.3650,,,,,trade,false
2024-05-05T03:00:00.000Z,0.3650,0.3650,,,,,trade,false
2024-05-05T04:00:00.000Z,0.3650,0.3650,,,,,trade,false
2024-05-05T05:00:00.000Z,0.3650,0.3650,,,,,trade,false
2024-05-05T06:00:00.000Z,0.3650,0.3650,,,,,trade,false
2024-05-05T07:00:00.000Z,0.3650,0.3650,,,,,trade,false
2024-05-05T08:00:00.000Z,0.3650,0.3650,,,,,trade,false
2024-05-05T09:00:00.000Z,0.2900,0.2900,,,,,trade,false
2024-05-05T10:00:00.000Z,0.3200,0.3200,,,,,trade,false
2024-05-05T11:00:00.000Z,0.2850,0.2850,,,,,trade,false
2024-05-05T12:00:00.000Z,0.3200,0.3200,,,,,trade,false
2024-05-05T13:00:00.000Z,0.3200,0.3200,,,,,trade,false
2024-05-05T14:00:00.000Z,0.3250,0.3250,,,,,trade,false
2024-05-05T15:00:00.000Z,0.3250,0.3250,,,,,trade,false
2024-05-05T16:00:00.000Z,0.3250,0.3250,,,,,trade,false
2024-05-05T17:00:00.000Z,0.3250,0.3250,,,,,trade,false
2024-05-05T18:00:00.000Z,0.3250,0.3250,,,,,trade,false
2024-05-05T19:00:00.000Z,0.3250,0.3250,,,,,trade,false
2024-05-05T20:00:00.000Z,0.3250,0.3250,,,,,trade,false
2024-05-05T21:00:00.000Z,0.3250,0.3250,,,,,trade,false
2024-05-05T22:00:00.000Z,0.3250,0.3250,,,,,trade,false
2024-05-05T23:00:00.000Z,0.3250,0.3250,,,,,trade,false
2024-05-06T00:00:00.000Z,0.3300,0.3300,,,,,trade,false
2024-05-06T01:00:00.000Z,0.3300,0.3300,,,,,trade,false
2024-05-06T02:00:00.000Z,0.3300,0.3300,,,,,trade,false
2024-05-06T03:00:00.000Z,0.3300,0.3300,,,,,trade,false
2024-05-06T04:00:00.000Z,0.3300,0.3300,,,,,trade,false
2024-05-06T05:00:00.000Z,0.3300,0.3300,,,,,trade,false
2024-05-06T06:00:00.000Z,0.3300,0.3300,,,,,trade,false
2024-05-06T07:00:00.000Z,0.3300,0.3300,,,,,trade,false
2024-05-06T08:00:00.000Z,0.3300,0.3300,,,,,trade,false
2024-05-06T09:00:00.000Z,0.3300,0.3300,,,,,trade,false
2024-05-06T10:00:00.000Z,0.3300,0.3300,,,,,trade,false
2024-05-06T11:00:00.000Z,0.3400,0.3400,,,,,trade,false
2024-05-06T12:00:00.000Z,0.3400,0.3400,,,,,trade,false
2024-05-06T13:00:00.000Z,0.3400,0.3400,,,,,trade,false
2024-05-06T14:00:00.000Z,0.3400,0.3400,,,,,trade,false
2024-05-06T15:00:00.000Z,0.3450,0.3450,,,,,trade,false
2024-05-06T16:00:00.000Z,0.3400,0.3400,,,,,trade,false
2024-05-06T17:00:00.000Z,0.3400,0.3400,,,,,trade,false
2024-05-06T18:00:00.000Z,0.3250,0.3250,,,,,trade,false
2024-05-06T19:00:00.000Z,0.3250,0.3250,,,,,trade,false
2024-05-06T20:00:00.000Z,0.3250,0.3250,,,,,trade,false
2024-05-06T21:00:00.000Z,0.3250,0.3250,,,,,trade,false
2024-05-06T22:00:00.000Z,0.3250,0.3250,,,,,trade,false
2024-05-06T23:00:00.000Z,0.3250,0.3250,,,,,trade,false
2024-05-07T00:00:00.000Z,0.3350,0.3350,,,,,trade,false
2024-05-07T01:00:00.000Z,0.3350,0.3350,,,,,trade,false
2024-05-07T02:00:00.000Z,0.3350,0.3350,,,,,trade,false
2024-05-07T03:00:00.000Z,0.3350,0.3350,,,,,trade,false
2024-05-07T04:00:00.000Z,0.3350,0.3350,,,,,trade,false
2024-05-07T05:00:00.000Z,0.3350,0.3350,,,,,trade,false
2024-05-07T06:00:00.000Z,0.3350,0.3350,,,,,trade,false
2024-05-07T07:00:00.000Z,0.3350,0.3350,,,,,trade,false
2024-05-07T08:00:00.000Z,0.3350,0.3350,,,,,trade,false
2024-05-07T09:00:00.000Z,0.3350,0.3350,,,,,trade,false
2024-05-07T10:00:00.000Z,0.3350,0.3350,,,,,trade,false
2024-05-07T11:00:00.000Z,0.3350,0.3350,,,,,trade,false
2024-05-07T12:00:00.000Z,0.3350,0.3350,,,,,trade,false
2024-05-07T13:00:00.000Z,0.3350,0.3350,,,,,trade,false
2024-05-07T14:00:00.000Z,0.3350,0.3350,,,,,trade,false
2024-05-07T15:00:00.000Z,0.3350,0.3350,,,,,trade,false
2024-05-07T16:00:00.000Z,0.3350,0.3350,,,,,trade,false
2024-05-07T17:00:00.000Z,0.3350,0.3350,,,,,trade,false
2024-05-07T18:00:00.000Z,0.3350,0.3350,,,,,trade,false
2024-05-07T19:00:00.000Z,0.3350,0.3350,,,,,trade,false
2024-05-07T20:00:00.000Z,0.3350,0.3350,,,,,trade,false
2024-05-07T21:00:00.000Z,0.3350,0.3350,,,,,trade,false
2024-05-07T22:00:00.000Z,0.3350,0.3350,,,,,trade,false
2024-05-07T23:00:00.000Z,0.3350,0.3350,,,,,trade,false
2024-05-08T00:00:00.000Z,0.3250,0.3250,,,,,trade,false
2024-05-08T01:00:00.000Z,0.3250,0.3250,,,,,trade,false
2024-05-08T02:00:00.000Z,0.3250,0.3250,,,,,trade,false
2024-05-08T03:00:00.000Z,0.3250,0.3250,,,,,trade,false
2024-05-08T04:00:00.000Z,0.3250,0.3250,,,,,trade,false
2024-05-08T05:00:00.000Z,0.3250,0.3250,,,,,trade,false
2024-05-08T06:00:00.000Z,0.3250,0.3250,,,,,trade,false
2024-05-08T07:00:00.000Z,0.3300,0.3300,,,,,trade,false
2024-05-08T08:00:00.000Z,0.3300,0.3300,,,,,trade,false
2024-05-08T09:00:00.000Z,0.3300,0.3300,,,,,trade,false
2024-05-08T10:00:00.000Z,0.3300,0.3300,,,,,trade,false
2024-05-08T11:00:00.000Z,0.3350,0.3350,,,,,trade,false
2024-05-08T12:00:00.000Z,0.3350,0.3350,,,,,trade,false
2024-05-08T13:00:00.000Z,0.3350,0.3350,,,,,trade,false
2024-05-08T14:00:00.000Z,0.3350,0.3350,,,,,trade,false
2024-05-08T15:00:00.000Z,0.3350,0.3350,,,,,trade,false
2024-05-08T16:00:00.000Z,0.3350,0.3350,,,,,trade,false
2024-05-08T17:00:00.000Z,0.3350,0.3350,,,,,trade,false
2024-05-08T18:00:00.000Z,0.3350,0.3350,,,,,trade,false
2024-05-08T19:00:00.000Z,0.3350,0.3350,,,,,trade,false
2024-05-08T20:00:00.000Z,0.3350,0.3350,,,,,trade,false
2024-05-08T21:00:00.000Z,0.3350,0.3350,,,,,trade,false
2024-05-08T22:00:00.000Z,0.3300,0.3300,,,,,trade,false
2024-05-08T23:00:00.000Z,0.3300,0.3300,,,,,trade,false
2024-05-09T00:00:00.000Z,0.3300,0.3300,,,,,trade,false
2024-05-09T01:00:00.000Z,0.3350,0.3350,,,,,trade,false
2024-05-09T02:00:00.000Z,0.3350,0.3350,,,,,trade,false
2024-05-09T03:00:00.000Z,0.3350,0.3350,,,,,trade,false
2024-05-09T04:00:00.000Z,0.3350,0.3350,,,,,trade,false
2024-05-09T05:00:00.000Z,0.3350,0.3350,,,,,trade,false
2024-05-09T06:00:00.000Z,0.3350,0.3350,,,,,trade,false
2024-05-09T07:00:00.000Z,0.3350,0.3350,,,,,trade,false
2024-05-09T08:00:00.000Z,0.3250,0.3250,,,,,trade,false
2024-05-09T09:00:00.000Z,0.3250,0.3250,,,,,trade,false
2024-05-09T10:00:00.000Z,0.3250,0.3250,,,,,trade,false
2024-05-09T11:00:00.000Z,0.3250,0.3250,,,,,trade,false
2024-05-09T12:00:00.000Z,0.3250,0.3250,,,,,trade,false
2024-05-09T13:00:00.000Z,0.3150,0.3150,,,,,trade,false
2024-05-09T14:00:00.000Z,0.3150,0.3150,,,,,trade,false
2024-05-09T15:00:00.000Z,0.3150,0.3150,,,,,trade,false
2024-05-09T16:00:00.000Z,0.3150,0.3150,,,,,trade,false
2024-05-09T17:00:00.000Z,0.3150,0.3150,,,,,trade,false
2024-05-09T18:00:00.000Z,0.3150,0.3150,,,,,trade,false
2024-05-09T19:00:00.000Z,0.3200,0.3200,,,,,trade,false
2024-05-09T20:00:00.000Z,0.3200,0.3200,,,,,trade,false
2024-05-09T21:00:00.000Z,0.3200,0.3200,,,,,trade,false
2024-05-09T22:00:00.000Z,0.3200,0.3200,,,,,trade,false
2024-05-09T23:00:00.000Z,0.3200,0.3200,,,,,trade,false
2024-05-10T00:00:00.000Z,0.3200,0.3200,,,,,trade,false
2024-05-10T01:00:00.000Z,0.3200,0.3200,,,,,trade,false
2024-05-10T02:00:00.000Z,0.3200,0.3200,,,,,trade,false
2024-05-10T03:00:00.000Z,0.3250,0.3250,,,,,trade,false
2024-05-10T04:00:00.000Z,0.3250,0.3250,,,,,trade,false
2024-05-10T05:00:00.000Z,0.3250,0.3250,,,,,trade,false
2024-05-10T06:00:00.000Z,0.3250,0.3250,,,,,trade,false
2024-05-10T07:00:00.000Z,0.3250,0.3250,,,,,trade,false
2024-05-10T08:00:00.000Z,0.3250,0.3250,,,,,trade,false
2024-05-10T09:00:00.000Z,0.3250,0.3250,,,,,trade,false
2024-05-10T10:00:00.000Z,0.3250,0.3250,,,,,trade,false
2024-05-10T11:00:00.000Z,0.3250,0.3250,,,,,trade,false
2024-05-10T12:00:00.000Z,0.3250,0.3250,,,,,trade,false
2024-05-10T13:00:00.000Z,0.3250,0.3250,,,,,trade,false
2024-05-10T14:00:00.000Z,0.3250,0.3250,,,,,trade,false
2024-05-10T15:00:00.000Z,0.3250,0.3250,,,,,trade,false
2024-05-10T16:00:00.000Z,0.3250,0.3250,,,,,trade,false
2024-05-10T17:00:00.000Z,0.3250,0.3250,,,,,trade,false
2024-05-10T18:00:00.000Z,0.3250,0.3250,,,,,trade,false
2024-05-10T19:00:00.000Z,0.3250,0.3250,,,,,trade,false
2024-05-10T20:00:00.000Z,0.3250,0.3250,,,,,trade,false
2024-05-10T21:00:00.000Z,0.3250,0.3250,,,,,trade,false
2024-05-10T22:00:00.000Z,0.3250,0.3250,,,,,trade,false
2024-05-10T23:00:00.000Z,0.3250,0.3250,,,,,trade,false
2024-05-11T00:00:00.000Z,0.3250,0.3250,,,,,trade,false
2024-05-11T01:00:00.000Z,0.3250,0.3250,,,,,trade,false
2024-05-11T02:00:00.000Z,0.3250,0.3250,,,,,trade,false
2024-05-11T03:00:00.000Z,0.3250,0.3250,,,,,trade,false
2024-05-11T04:00:00.000Z,0.3250,0.3250,,,,,trade,false
2024-05-11T05:00:00.000Z,0.3250,0.3250,,,,,trade,false
2024-05-11T06:00:00.000Z,0.3250,0.3250,,,,,trade,false
2024-05-11T07:00:00.000Z,0.3250,0.3250,,,,,trade,false
2024-05-11T08:00:00.000Z,0.3250,0.3250,,,,,trade,false
2024-05-11T09:00:00.000Z,0.3250,0.3250,,,,,trade,false
2024-05-11T10:00:00.000Z,0.3250,0.3250,,,,,trade,false
2024-05-11T11:00:00.000Z,0.3250,0.3250,,,,,trade,false
2024-05-11T12:00:00.000Z,0.3250,0.3250,,,,,trade,false
2024-05-11T13:00:00.000Z,0.3250,0.3250,,,,,trade,false
2024-05-11T14:00:00.000Z,0.3250,0.3250,,,,,trade,false
2024-05-11T15:00:00.000Z,0.3250,0.3250,,,,,trade,false
2024-05-11T16:00:00.000Z,0.3250,0.3250,,,,,trade,false
2024-05-11T17:00:00.000Z,0.3250,0.3250,,,,,trade,false
2024-05-11T18:00:00.000Z,0.3250,0.3250,,,,,trade,false
2024-05-11T19:00:00.000Z,0.3250,0.3250,,,,,trade,false
2024-05-11T20:00:00.000Z,0.3250,0.3250,,,,,trade,false
2024-05-11T21:00:00.000Z,0.3250,0.3250,,,,,trade,false
2024-05-11T22:00:00.000Z,0.3250,0.3250,,,,,trade,false
2024-05-11T23:00:00.000Z,0.3250,0.3250,,,,,trade,false
2024-05-12T00:00:00.000Z,0.3200,0.3200,,,,,trade,false
2024-05-12T01:00:00.000Z,0.3200,0.3200,,,,,trade,false
2024-05-12T02:00:00.000Z,0.3200,0.3200,,,,,trade,false
2024-05-12T03:00:00.000Z,0.3200,0.3200,,,,,trade,false
2024-05-12T04:00:00.000Z,0.3200,0.3200,,,,,trade,false
2024-05-12T05:00:00.000Z,0.3200,0.3200,,,,,trade,false
2024-05-12T06:00:00.000Z,0.3200,0.3200,,,,,trade,false
2024-05-12T07:00:00.000Z,0.3200,0.3200,,,,,trade,false
2024-05-12T08:00:00.000Z,0.3200,0.3200,,,,,trade,false
2024-05-12T09:00:00.000Z,0.3200,0.3200,,,,,trade,false
2024-05-12T10:00:00.000Z,0.3200,0.3200,,,,,trade,false
2024-05-12T11:00:00.000Z,0.3200,0.3200,,,,,trade,false
2024-05-12T12:00:00.000Z,0.3200,0.3200,,,,,trade,false
2024-05-12T13:00:00.000Z,0.3200,0.3200,,,,,trade,false
2024-05-12T14:00:00.000Z,0.3200,0.3200,,,,,trade,false
2024-05-12T15:00:00.000Z,0.3200,0.3200,,,,,trade,false
2024-05-12T16:00:00.000Z,0.3200,0.3200,,,,,trade,false
2024-05-12T17:00:00.000Z,0.3200,0.3200,,,,,trade,false
2024-05-12T18:00:00.000Z,0.3200,0.3200,,,,,trade,false
2024-05-12T19:00:00.000Z,0.3200,0.3200,,,,,trade,false
2024-05-12T20:00:00.000Z,0.3200,0.3200,,,,,trade,false
2024-05-12T21:00:00.000Z,0.3200,0.3200,,,,,trade,false
2024-05-12T22:00:00.000Z,0.3200,0.3200,,,,,trade,false
2024-05-12T23:00:00.000Z,0.3200,0.3200,,,,,trade,false
2024-05-13T00:00:00.000Z,0.3200,0.3200,,,,,trade,false
2024-05-13T01:00:00.000Z,0.3200,0.3200,,,,,trade,false
2024-05-13T02:00:00.000Z,0.3200,0.3200,,,,,trade,false
2024-05-13T03:00:00.000Z,0.3200,0.3200,,,,,trade,false
2024-05-13T04:00:00.000Z,0.3200,0.3200,,,,,trade,false
2024-05-13T05:00:00.000Z,0.3200,0.3200,,,,,trade,false
2024-05-13T06:00:00.000Z,0.3200,0.3200,,,,,trade,false
2024-05-13T07:00:00.000Z,0.3200,0.3200,,,,,trade,false
2024-05-13T08:00:00.000Z,0.3200,0.3200,,,,,trade,false
2024-05-13T09:00:00.000Z,0.3200,0.3200,,,,,trade,false
2024-05-13T10:00:00.000Z,0.3200,0.3200,,,,,trade,false
2024-05-13T11:00:00.000Z,0.3200,0.3200,,,,,trade,false
2024-05-13T12:00:00.000Z,0.3250,0.3250,,,,,trade,false
2024-05-13T13:00:00.000Z,0.3250,0.3250,,,,,trade,false
2024-05-13T14:00:00.000Z,0.3250,0.3250,,,,,trade,false
2024-05-13T15:00:00.000Z,0.3250,0.3250,,,,,trade,false
2024-05-13T16:00:00.000Z,0.3250,0.3250,,,,,trade,false
2024-05-13T17:00:00.000Z,0.3250,0.3250,,,,,trade,false
2024-05-13T18:00:00.000Z,0.3250,0.3250,,,,,trade,false
2024-05-13T19:00:00.000Z,0.3250,0.3250,,,,,trade,false
2024-05-13T20:00:00.000Z,0.3250,0.3250,,,,,trade,false
2024-05-13T21:00:00.000Z,0.3250,0.3250,,,,,trade,false
2024-05-13T22:00:00.000Z,0.3250,0.3250,,,,,trade,false
2024-05-13T23:00:00.000Z,0.3250,0.3250,,,,,trade,false
2024-05-14T00:00:00.000Z,0.3250,0.3250,,,,,trade,false
2024-05-14T01:00:00.000Z,0.3250,0.3250,,,,,trade,false
2024-05-14T02:00:00.000Z,0.3250,0.3250,,,,,trade,false
2024-05-14T03:00:00.000Z,0.3250,0.3250,,,,,trade,false
2024-05-14T04:00:00.000Z,0.3250,0.3250,,,,,trade,false
2024-05-14T05:00:00.000Z,0.3250,0.3250,,,,,trade,false
2024-05-14T06:00:00.000Z,0.3250,0.3250,,,,,trade,false
2024-05-14T07:00:00.000Z,0.3250,0.3250,,,,,trade,false
2024-05-14T08:00:00.000Z,0.3250,0.3250,,,,,trade,false
2024-05-14T09:00:00.000Z,0.3250,0.3250,,,,,trade,false
2024-05-14T10:00:00.000Z,0.3250,0.3250,,,,,trade,false
2024-05-14T11:00:00.000Z,0.3250,0.3250,,,,,trade,false
2024-05-14T12:00:00.000Z,0.3250,0.3250,,,,,trade,false
2024-05-14T13:00:00.000Z,0.3250,0.3250,,,,,trade,false
2024-05-14T14:00:00.000Z,0.3250,0.3250,,,,,trade,false
2024-05-14T15:00:00.000Z,0.3250,0.3250,,,,,trade,false
2024-05-14T16:00:00.000Z,0.3250,0.3250,,,,,trade,false
2024-05-14T17:00:00.000Z,0.3250,0.3250,,,,,trade,false
2024-05-14T18:00:00.000Z,0.3250,0.3250,,,,,trade,false
2024-05-14T19:00:00.000Z,0.3250,0.3250,,,,,trade,false
2024-05-14T20:00:00.000Z,0.3250,0.3250,,,,,trade,false
2024-05-14T21:00:00.000Z,0.3250,0.3250,,,,,trade,false
2024-05-14T22:00:00.000Z,0.3250,0.3250,,,,,trade,false
2024-05-14T23:00:00.000Z,0.3250,0.3250,,,,,trade,false
2024-05-15T00:00:00.000Z,0.3250,0.3250,,,,,trade,false
2024-05-15T01:00:00.000Z,0.3250,0.3250,,,,,trade,false
2024-05-15T02:00:00.000Z,0.3250,0.3250,,,,,trade,false
2024-05-15T03:00:00.000Z,0.3250,0.3250,,,,,trade,false
2024-05-15T04:00:00.000Z,0.3250,0.3250,,,,,trade,false
2024-05-15T05:00:00.000Z,0.3200,0.3200,,,,,trade,false
2024-05-15T06:00:00.000Z,0.3200,0.3200,,,,,trade,false
2024-05-15T07:00:00.000Z,0.3200,0.3200,,,,,trade,false
2024-05-15T08:00:00.000Z,0.3200,0.3200,,,,,trade,false
2024-05-15T09:00:00.000Z,0.3200,0.3200,,,,,trade,false
2024-05-15T10:00:00.000Z,0.3200,0.3200,,,,,trade,false
2024-05-15T11:00:00.000Z,0.3200,0.3200,,,,,trade,false
2024-05-15T12:00:00.000Z,0.3200,0.3200,,,,,trade,false
2024-05-15T13:00:00.000Z,0.3300,0.3300,,,,,trade,false
2024-05-15T14:00:00.000Z,0.3300,0.3300,,,,,trade,false
2024-05-15T15:00:00.000Z,0.3300,0.3300,,,,,trade,false
2024-05-15T16:00:00.000Z,0.3350,0.3350,,,,,trade,false
2024-05-15T17:00:00.000Z,0.3350,0.3350,,,,,trade,false
2024-05-15T18:00:00.000Z,0.3350,0.3350,,,,,trade,false
2024-05-15T19:00:00.000Z,0.3350,0.3350,,,,,trade,false
2024-05-15T20:00:00.000Z,0.3350,0.3350,,,,,trade,false
2024-05-15T21:00:00.000Z,0.3350,0.3350,,,,,trade,false
2024-05-15T22:00:00.000Z,0.3350,0.3350,,,,,trade,false
2024-05-15T23:00:00.000Z,0.3350,0.3350,,,,,trade,false
2024-05-16T00:00:00.000Z,0.3350,0.3350,,,,,trade,false
2024-05-16T01:00:00.000Z,0.3350,0.3350,,,,,trade,false
2024-05-16T02:00:00.000Z,0.3350,0.3350,,,,,trade,false
2024-05-16T03:00:00.000Z,0.3350,0.3350,,,,,trade,false
2024-05-16T04:00:00.000Z,0.3350,0.3350,,,,,trade,false
2024-05-16T05:00:00.000Z,0.3350,0.3350,,,,,trade,false
2024-05-16T06:00:00.000Z,0.3300,0.3300,,,,,trade,false
2024-05-16T07:00:00.000Z,0.3300,0.3300,,,,,trade,false
2024-05-16T08:00:00.000Z,0.3300,0.3300,,,,,trade,false
2024-05-16T09:00:00.000Z,0.3300,0.3300,,,,,trade,false
2024-05-16T10:00:00.000Z,0.3300,0.3300,,,,,trade,false
2024-05-16T11:00:00.000Z,0.3450,0.3450,,,,,trade,false
2024-05-16T12:00:00.000Z,0.3450,0.3450,,,,,trade,false
2024-05-16T13:00:00.000Z,0.3450,0.3450,,,,,trade,false
2024-05-16T14:00:00.000Z,0.3450,0.3450,,,,,trade,false
2024-05-16T15:00:00.000Z,0.3450,0.3450,,,,,trade,false
2024-05-16T16:00:00.000Z,0.3450,0.3450,,,,,trade,false
2024-05-16T17:00:00.000Z,0.3450,0.3450,,,,,trade,false
2024-05-16T18:00:00.000Z,0.3450,0.3450,,,,,trade,false
2024-05-16T19:00:00.000Z,0.3450,0.3450,,,,,trade,false
2024-05-16T20:00:00.000Z,0.3450,0.3450,,,,,trade,false
2024-05-16T21:00:00.000Z,0.3450,0.3450,,,,,trade,false
2024-05-16T22:00:00.000Z,0.3450,0.3450,,,,,trade,false
2024-05-16T23:00:00.000Z,0.3450,0.3450,,,,,trade,false
2024-05-17T00:00:00.000Z,0.3450,0.3450,,,,,trade,false
2024-05-17T01:00:00.000Z,0.3450,0.3450,,,,,trade,false
2024-05-17T02:00:00.000Z,0.3450,0.3450,,,,,trade,false
2024-05-17T03:00:00.000Z,0.3450,0.3450,,,,,trade,false
2024-05-17T04:00:00.000Z,0.3450,0.3450,,,,,trade,false
2024-05-17T05:00:00.000Z,0.3450,0.3450,,,,,trade,false
2024-05-17T06:00:00.000Z,0.3450,0.3450,,,,,trade,false
2024-05-17T07:00:00.000Z,0.3450,0.3450,,,,,trade,false
2024-05-17T08:00:00.000Z,0.3450,0.3450,,,,,trade,false
2024-05-17T09:00:00.000Z,0.3450,0.3450,,,,,trade,false
2024-05-17T10:00:00.000Z,0.3450,0.3450,,,,,trade,false
2024-05-17T11:00:00.000Z,0.3450,0.3450,,,,,trade,false
2024-05-17T12:00:00.000Z,0.3450,0.3450,,,,,trade,false
2024-05-17T13:00:00.000Z,0.3550,0.3550,,,,,trade,false
2024-05-17T14:00:00.000Z,0.3550,0.3550,,,,,trade,false
2024-05-17T15:00:00.000Z,0.3550,0.3550,,,,,trade,false
2024-05-17T16:00:00.000Z,0.3550,0.3550,,,,,trade,false
2024-05-17T17:00:00.000Z,0.3550,0.3550,,,,,trade,false
2024-05-17T18:00:00.000Z,0.3550,0.3550,,,,,trade,false
2024-05-17T19:00:00.000Z,0.3550,0.3550,,,,,trade,false
2024-05-17T20:00:00.000Z,0.3550,0.3550,,,,,trade,false
2024-05-17T21:00:00.000Z,0.3550,0.3550,,,,,trade,false
2024-05-17T22:00:00.000Z,0.3550,0.3550,,,,,trade,false
2024-05-17T23:00:00.000Z,0.3550,0.3550,,,,,trade,false
2024-05-18T00:00:00.000Z,0.3550,0.3550,,,,,trade,false
2024-05-18T01:00:00.000Z,0.3550,0.3550,,,,,trade,false
2024-05-18T02:00:00.000Z,0.3550,0.3550,,,,,trade,false
2024-05-18T03:00:00.000Z,0.3550,0.3550,,,,,trade,false
2024-05-18T04:00:00.000Z,0.3550,0.3550,,,,,trade,false
2024-05-18T05:00:00.000Z,0.3550,0.3550,,,,,trade,false
2024-05-18T06:00:00.000Z,0.3550,0.3550,,,,,trade,false
2024-05-18T07:00:00.000Z,0.3550,0.3550,,,,,trade,false
2024-05-18T08:00:00.000Z,0.3550,0.3550,,,,,trade,false
2024-05-18T09:00:00.000Z,0.3550,0.3550,,,,,trade,false
2024-05-18T10:00:00.000Z,0.3550,0.3550,,,,,trade,false
2024-05-18T11:00:00.000Z,0.3550,0.3550,,,,,trade,false
2024-05-18T12:00:00.000Z,0.3550,0.3550,,,,,trade,false
2024-05-18T13:00:00.000Z,0.3550,0.3550,,,,,trade,false
2024-05-18T14:00:00.000Z,0.3550,0.3550,,,,,trade,false
2024-05-18T15:00:00.000Z,0.3550,0.3550,,,,,trade,false
2024-05-18T16:00:00.000Z,0.3550,0.3550,,,,,trade,false
2024-05-18T17:00:00.000Z,0.3550,0.3550,,,,,trade,false
2024-05-18T18:00:00.000Z,0.3550,0.3550,,,,,trade,false
2024-05-18T19:00:00.000Z,0.3550,0.3550,,,,,trade,false
2024-05-18T20:00:00.000Z,0.3550,0.3550,,,,,trade,false
2024-05-18T21:00:00.000Z,0.3550,0.3550,,,,,trade,false
2024-05-18T22:00:00.000Z,0.3550,0.3550,,,,,trade,false
2024-05-18T23:00:00.000Z,0.3550,0.3550,,,,,trade,false
2024-05-19T00:00:00.000Z,0.3550,0.3550,,,,,trade,false
2024-05-19T01:00:00.000Z,0.3550,0.3550,,,,,trade,false
2024-05-19T02:00:00.000Z,0.3550,0.3550,,,,,trade,false
2024-05-19T03:00:00.000Z,0.3550,0.3550,,,,,trade,false
2024-05-19T04:00:00.000Z,0.3550,0.3550,,,,,trade,false
2024-05-19T05:00:00.000Z,0.3550,0.3550,,,,,trade,false
2024-05-19T06:00:00.000Z,0.3550,0.3550,,,,,trade,false
2024-05-19T07:00:00.000Z,0.3550,0.3550,,,,,trade,false
2024-05-19T08:00:00.000Z,0.3550,0.3550,,,,,trade,false
2024-05-19T09:00:00.000Z,0.3550,0.3550,,,,,trade,false
2024-05-19T10:00:00.000Z,0.3550,0.3550,,,,,trade,false
2024-05-19T11:00:00.000Z,0.3550,0.3550,,,,,trade,false
2024-05-19T12:00:00.000Z,0.3500,0.3500,,,,,trade,false
2024-05-19T13:00:00.000Z,0.3450,0.3450,,,,,trade,false
2024-05-19T14:00:00.000Z,0.3450,0.3450,,,,,trade,false
2024-05-19T15:00:00.000Z,0.3450,0.3450,,,,,trade,false
2024-05-19T16:00:00.000Z,0.3450,0.3450,,,,,trade,false
2024-05-19T17:00:00.000Z,0.3450,0.3450,,,,,trade,false
2024-05-19T18:00:00.000Z,0.3450,0.3450,,,,,trade,false
2024-05-19T19:00:00.000Z,0.3450,0.3450,,,,,trade,false
2024-05-19T20:00:00.000Z,0.3450,0.3450,,,,,trade,false
2024-05-19T21:00:00.000Z,0.3450,0.3450,,,,,trade,false
2024-05-19T22:00:00.000Z,0.3450,0.3450,,,,,trade,false
2024-05-19T23:00:00.000Z,0.3450,0.3450,,,,,trade,false
2024-05-20T00:00:00.000Z,0.3450,0.3450,,,,,trade,false
2024-05-20T01:00:00.000Z,0.3450,0.3450,,,,,trade,false
2024-05-20T02:00:00.000Z,0.3450,0.3450,,,,,trade,false
2024-05-20T03:00:00.000Z,0.3450,0.3450,,,,,trade,false
2024-05-20T04:00:00.000Z,0.3450,0.3450,,,,,trade,false
2024-05-20T05:00:00.000Z,0.3450,0.3450,,,,,trade,false
2024-05-20T06:00:00.000Z,0.3450,0.3450,,,,,trade,false
2024-05-20T07:00:00.000Z,0.3450,0.3450,,,,,trade,false
2024-05-20T08:00:00.000Z,0.3450,0.3450,,,,,trade,false
2024-05-20T09:00:00.000Z,0.3450,0.3450,,,,,trade,false
2024-05-20T10:00:00.000Z,0.3500,0.3500,,,,,trade,false
2024-05-20T11:00:00.000Z,0.3500,0.3500,,,,,trade,false
2024-05-20T12:00:00.000Z,0.3500,0.3500,,,,,trade,false
2024-05-20T13:00:00.000Z,0.3500,0.3500,,,,,trade,false
2024-05-20T14:00:00.000Z,0.3500,0.3500,,,,,trade,false
2024-05-20T15:00:00.000Z,0.3500,0.3500,,,,,trade,false
2024-05-20T16:00:00.000Z,0.3500,0.3500,,,,,trade,false
2024-05-20T17:00:00.000Z,0.3500,0.3500,,,,,trade,false
2024-05-20T18:00:00.000Z,0.3500,0.3500,,,,,trade,false
2024-05-20T19:00:00.000Z,0.3550,0.3550,,,,,trade,false
2024-05-20T20:00:00.000Z,0.3550,0.3550,,,,,trade,false
2024-05-20T21:00:00.000Z,0.3650,0.3650,,,,,trade,false
2024-05-20T22:00:00.000Z,0.4050,0.4050,,,,,trade,false
2024-05-20T23:00:00.000Z,0.4050,0.4050,,,,,trade,false
2024-05-21T00:00:00.000Z,0.4200,0.4200,,,,,trade,false
2024-05-21T01:00:00.000Z,0.4800,0.4800,,,,,trade,false
2024-05-21T02:00:00.000Z,0.4050,0.4050,,,,,trade,false
2024-05-21T03:00:00.000Z,0.4050,0.4050,,,,,trade,false
2024-05-21T04:00:00.000Z,0.4050,0.4050,,,,,trade,false
2024-05-21T05:00:00.000Z,0.4050,0.4050,,,,,trade,false
2024-05-21T06:00:00.000Z,0.4050,0.4050,,,,,trade,false
2024-05-21T07:00:00.000Z,0.4500,0.4500,,,,,trade,false
2024-05-21T08:00:00.000Z,0.4500,0.4500,,,,,trade,false
2024-05-21T09:00:00.000Z,0.4050,0.4050,,,,,trade,false
2024-05-21T10:00:00.000Z,0.4500,0.4500,,,,,trade,false
2024-05-21T11:00:00.000Z,0.4050,0.4050,,,,,trade,false
2024-05-21T12:00:00.000Z,0.4050,0.4050,,,,,trade,false
2024-05-21T13:00:00.000Z,0.4550,0.4550,,,,,trade,false
2024-05-21T14:00:00.000Z,0.4550,0.4550,,,,,trade,false
2024-05-21T15:00:00.000Z,0.4500,0.4500,,,,,trade,false
2024-05-21T16:00:00.000Z,0.4500,0.4500,,,,,trade,false
2024-05-21T17:00:00.000Z,0.4400,0.4400,,,,,trade,false
2024-05-21T18:00:00.000Z,0.4500,0.4500,,,,,trade,false
2024-05-21T19:00:00.000Z,0.4500,0.4500,,,,,trade,false
2024-05-21T20:00:00.000Z,0.4500,0.4500,,,,,trade,false
2024-05-21T21:00:00.000Z,0.4400,0.4400,,,,,trade,false
2024-05-21T22:00:00.000Z,0.4400,0.4400,,,,,trade,false
2024-05-21T23:00:00.000Z,0.4400,0.4400,,,,,trade,false
2024-05-22T00:00:00.000Z,0.4400,0.4400,,,,,trade,false
2024-05-22T01:00:00.000Z,0.4400,0.4400,,,,,trade,false
2024-05-22T02:00:00.000Z,0.4450,0.4450,,,,,trade,false
2024-05-22T03:00:00.000Z,0.4500,0.4500,,,,,trade,false
2024-05-22T04:00:00.000Z,0.4500,0.4500,,,,,trade,false
2024-05-22T05:00:00.000Z,0.4500,0.4500,,,,,trade,false
2024-05-22T06:00:00.000Z,0.4500,0.4500,,,,,trade,false
2024-05-22T07:00:00.000Z,0.4500,0.4500,,,,,trade,false
2024-05-22T08:00:00.000Z,0.4500,0.4500,,,,,trade,false
2024-05-22T09:00:00.000Z,0.4500,0.4500,,,,,trade,false
2024-05-22T10:00:00.000Z,0.4500,0.4500,,,,,trade,false
2024-05-22T11:00:00.000Z,0.4500,0.4500,,,,,trade,false
2024-05-22T12:00:00.000Z,0.4500,0.4500,,,,,trade,false
2024-05-22T13:00:00.000Z,0.4450,0.4450,,,,,trade,false
2024-05-22T14:00:00.000Z,0.4450,0.4450,,,,,trade,false
2024-05-22T15:00:00.000Z,0.4450,0.4450,,,,,trade,false
2024-05-22T16:00:00.000Z,0.4500,0.4500,,,,,trade,false
2024-05-22T17:00:00.000Z,0.4500,0.4500,,,,,trade,false
2024-05-22T18:00:00.000Z,0.4450,0.4450,,,,,trade,false
2024-05-22T19:00:00.000Z,0.4350,0.4350,,,,,trade,false
2024-05-22T20:00:00.000Z,0.4350,0.4350,,,,,trade,false
2024-05-22T21:00:00.000Z,0.4300,0.4300,,,,,trade,false
2024-05-22T22:00:00.000Z,0.4300,0.4300,,,,,trade,false
2024-05-22T23:00:00.000Z,0.4300,0.4300,,,,,trade,false
2024-05-23T00:00:00.000Z,0.4200,0.4200,,,,,trade,false
2024-05-23T01:00:00.000Z,0.4200,0.4200,,,,,trade,false
2024-05-23T02:00:00.000Z,0.4300,0.4300,,,,,trade,false
2024-05-23T03:00:00.000Z,0.4300,0.4300,,,,,trade,false
2024-05-23T04:00:00.000Z,0.4300,0.4300,,,,,trade,false
2024-05-23T05:00:00.000Z,0.4200,0.4200,,,,,trade,false
2024-05-23T06:00:00.000Z,0.4200,0.4200,,,,,trade,false
2024-05-23T07:00:00.000Z,0.4300,0.4300,,,,,trade,false
2024-05-23T08:00:00.000Z,0.4300,0.4300,,,,,trade,false
2024-05-23T09:00:00.000Z,0.4300,0.4300,,,,,trade,false
2024-05-23T10:00:00.000Z,0.4300,0.4300,,,,,trade,false
2024-05-23T11:00:00.000Z,0.4300,0.4300,,,,,trade,false
2024-05-23T12:00:00.000Z,0.4400,0.4400,,,,,trade,false
2024-05-23T13:00:00.000Z,0.4350,0.4350,,,,,trade,false
2024-05-23T14:00:00.000Z,0.4250,0.4250,,,,,trade,false
2024-05-23T15:00:00.000Z,0.4200,0.4200,,,,,trade,false
2024-05-23T16:00:00.000Z,0.4200,0.4200,,,,,trade,false
2024-05-23T17:00:00.000Z,0.4200,0.4200,,,,,trade,false
2024-05-23T18:00:00.000Z,0.4200,0.4200,,,,,trade,false
2024-05-23T19:00:00.000Z,0.4200,0.4200,,,,,trade,false
2024-05-23T20:00:00.000Z,0.4200,0.4200,,,,,trade,false
2024-05-23T21:00:00.000Z,0.4200,0.4200,,,,,trade,false
2024-05-23T22:00:00.000Z,0.4200,0.4200,,,,,trade,false
2024-05-23T23:00:00.000Z,0.4150,0.4150,,,,,trade,false
2024-05-24T00:00:00.000Z,0.4200,0.4200,,,,,trade,false
2024-05-24T01:00:00.000Z,0.4150,0.4150,,,,,trade,false
2024-05-24T02:00:00.000Z,0.4200,0.4200,,,,,trade,false
2024-05-24T03:00:00.000Z,0.4250,0.4250,,,,,trade,false
2024-05-24T04:00:00.000Z,0.4250,0.4250,,,,,trade,false
2024-05-24T05:00:00.000Z,0.4200,0.4200,,,,,trade,false
2024-05-24T06:00:00.000Z,0.4350,0.4350,,,,,trade,false
2024-05-24T07:00:00.000Z,0.4350,0.4350,,,,,trade,false
2024-05-24T08:00:00.000Z,0.4350,0.4350,,,,,trade,false
2024-05-24T09:00:00.000Z,0.4300,0.4300,,,,,trade,false
2024-05-24T10:00:00.000Z,0.4300,0.4300,,,,,trade,false
2024-05-24T11:00:00.000Z,0.4300,0.4300,,,,,trade,false
2024-05-24T12:00:00.000Z,0.4300,0.4300,,,,,trade,false
2024-05-24T13:00:00.000Z,0.4250,0.4250,,,,,trade,false
2024-05-24T14:00:00.000Z,0.4250,0.4250,,,,,trade,false
2024-05-24T15:00:00.000Z,0.4250,0.4250,,,,,trade,false
2024-05-24T16:00:00.000Z,0.4200,0.4200,,,,,trade,false
2024-05-24T17:00:00.000Z,0.4200,0.4200,,,,,trade,false
2024-05-24T18:00:00.000Z,0.4250,0.4250,,,,,trade,false
2024-05-24T19:00:00.000Z,0.4250,0.4250,,,,,trade,false
2024-05-24T20:00:00.000Z,0.4250,0.4250,,,,,trade,false
2024-05-24T21:00:00.000Z,0.4250,0.4250,,,,,trade,false
2024-05-24T22:00:00.000Z,0.4350,0.4350,,,,,trade,false
2024-05-24T23:00:00.000Z,0.4350,0.4350,,,,,trade,false
2024-05-25T00:00:00.000Z,0.4350,0.4350,,,,,trade,false
2024-05-25T01:00:00.000Z,0.4350,0.4350,,,,,trade,false
2024-05-25T02:00:00.000Z,0.4350,0.4350,,,,,trade,false
2024-05-25T03:00:00.000Z,0.4300,0.4300,,,,,trade,false
2024-05-25T04:00:00.000Z,0.3750,0.3750,,,,,trade,false
2024-05-25T05:00:00.000Z,0.3750,0.3750,,,,,trade,false
2024-05-25T06:00:00.000Z,0.3750,0.3750,,,,,trade,false
2024-05-25T07:00:00.000Z,0.3750,0.3750,,,,,trade,false
2024-05-25T08:00:00.000Z,0.3750,0.3750,,,,,trade,false
2024-05-25T09:00:00.000Z,0.3750,0.3750,,,,,trade,false
2024-05-25T10:00:00.000Z,0.3800,0.3800,,,,,trade,false
2024-05-25T11:00:00.000Z,0.3800,0.3800,,,,,trade,false
2024-05-25T12:00:00.000Z,0.3800,0.3800,,,,,trade,false
2024-05-25T13:00:00.000Z,0.3900,0.3900,,,,,trade,false
2024-05-25T14:00:00.000Z,0.3900,0.3900,,,,,trade,false
2024-05-25T15:00:00.000Z,0.3900,0.3900,,,,,trade,false
2024-05-25T16:00:00.000Z,0.3900,0.3900,,,,,trade,false
2024-05-25T17:00:00.000Z,0.3900,0.3900,,,,,trade,false
2024-05-25T18:00:00.000Z,0.3900,0.3900,,,,,trade,false
2024-05-25T19:00:00.000Z,0.3900,0.3900,,,,,trade,false
2024-05-25T20:00:00.000Z,0.3900,0.3900,,,,,trade,false
2024-05-25T21:00:00.000Z,0.3900,0.3900,,,,,trade,false
2024-05-25T22:00:00.000Z,0.3900,0.3900,,,,,trade,false
2024-05-25T23:00:00.000Z,0.3900,0.3900,,,,,trade,false
2024-05-26T00:00:00.000Z,0.3950,0.3950,,,,,trade,false
2024-05-26T01:00:00.000Z,0.4200,0.4200,,,,,trade,false
2024-05-26T02:00:00.000Z,0.4200,0.4200,,,,,trade,false
2024-05-26T03:00:00.000Z,0.4200,0.4200,,,,,trade,false
2024-05-26T04:00:00.000Z,0.4200,0.4200,,,,,trade,false
2024-05-26T05:00:00.000Z,0.4200,0.4200,,,,,trade,false
2024-05-26T06:00:00.000Z,0.4200,0.4200,,,,,trade,false
2024-05-26T07:00:00.000Z,0.4250,0.4250,,,,,trade,false
2024-05-26T08:00:00.000Z,0.4250,0.4250,,,,,trade,false
2024-05-26T09:00:00.000Z,0.4250,0.4250,,,,,trade,false
2024-05-26T10:00:00.000Z,0.4200,0.4200,,,,,trade,false
2024-05-26T11:00:00.000Z,0.4200,0.4200,,,,,trade,false
2024-05-26T12:00:00.000Z,0.4200,0.4200,,,,,trade,false
2024-05-26T13:00:00.000Z,0.4200,0.4200,,,,,trade,false
2024-05-26T14:00:00.000Z,0.4200,0.4200,,,,,trade,false
2024-05-26T15:00:00.000Z,0.4200,0.4200,,,,,trade,false
2024-05-26T16:00:00.000Z,0.4150,0.4150,,,,,trade,false
2024-05-26T17:00:00.000Z,0.4150,0.4150,,,,,trade,false
2024-05-26T18:00:00.000Z,0.4150,0.4150,,,,,trade,false
2024-05-26T19:00:00.000Z,0.4150,0.4150,,,,,trade,false
2024-05-26T20:00:00.000Z,0.4150,0.4150,,,,,trade,false
2024-05-26T21:00:00.000Z,0.4150,0.4150,,,,,trade,false
2024-05-26T22:00:00.000Z,0.4150,0.4150,,,,,trade,false
2024-05-26T23:00:00.000Z,0.4150,0.4150,,,,,trade,false
2024-05-27T00:00:00.000Z,0.4150,0.4150,,,,,trade,false
2024-05-27T01:00:00.000Z,0.4150,0.4150,,,,,trade,false
2024-05-27T02:00:00.000Z,0.4150,0.4150,,,,,trade,false
2024-05-27T03:00:00.000Z,0.4150,0.4150,,,,,trade,false
2024-05-27T04:00:00.000Z,0.4150,0.4150,,,,,trade,false
2024-05-27T05:00:00.000Z,0.4150,0.4150,,,,,trade,false
2024-05-27T06:00:00.000Z,0.4150,0.4150,,,,,trade,false
2024-05-27T07:00:00.000Z,0.4150,0.4150,,,,,trade,false
2024-05-27T08:00:00.000Z,0.4150,0.4150,,,,,trade,false
2024-05-27T09:00:00.000Z,0.4150,0.4150,,,,,trade,false
2024-05-27T10:00:00.000Z,0.4150,0.4150,,,,,trade,false
2024-05-27T11:00:00.000Z,0.4150,0.4150,,,,,trade,false
2024-05-27T12:00:00.000Z,0.4150,0.4150,,,,,trade,false
2024-05-27T13:00:00.000Z,0.4150,0.4150,,,,,trade,false
2024-05-27T14:00:00.000Z,0.4150,0.4150,,,,,trade,false
2024-05-27T15:00:00.000Z,0.4100,0.4100,,,,,trade,false
2024-05-27T16:00:00.000Z,0.4100,0.4100,,,,,trade,false
2024-05-27T17:00:00.000Z,0.4100,0.4100,,,,,trade,false
2024-05-27T18:00:00.000Z,0.4100,0.4100,,,,,trade,false
2024-05-27T19:00:00.000Z,0.4100,0.4100,,,,,trade,false
2024-05-27T20:00:00.000Z,0.4150,0.4150,,,,,trade,false
2024-05-27T21:00:00.000Z,0.4150,0.4150,,,,,trade,false
2024-05-27T22:00:00.000Z,0.4150,0.4150,,,,,trade,false
2024-05-27T23:00:00.000Z,0.4150,0.4150,,,,,trade,false
2024-05-28T00:00:00.000Z,0.4100,0.4100,,,,,trade,false
2024-05-28T01:00:00.000Z,0.4100,0.4100,,,,,trade,false
2024-05-28T02:00:00.000Z,0.4100,0.4100,,,,,trade,false
2024-05-28T03:00:00.000Z,0.4100,0.4100,,,,,trade,false
2024-05-28T04:00:00.000Z,0.4100,0.4100,,,,,trade,false
2024-05-28T05:00:00.000Z,0.4100,0.4100,,,,,trade,false
2024-05-28T06:00:00.000Z,0.4100,0.4100,,,,,trade,false
2024-05-28T07:00:00.000Z,0.4100,0.4100,,,,,trade,false
2024-05-28T08:00:00.000Z,0.4100,0.4100,,,,,trade,false
2024-05-28T09:00:00.000Z,0.4100,0.4100,,,,,trade,false
2024-05-28T10:00:00.000Z,0.4100,0.4100,,,,,trade,false
2024-05-28T11:00:00.000Z,0.4100,0.4100,,,,,trade,false
2024-05-28T12:00:00.000Z,0.4100,0.4100,,,,,trade,false
2024-05-28T13:00:00.000Z,0.4100,0.4100,,,,,trade,false
2024-05-28T14:00:00.000Z,0.4100,0.4100,,,,,trade,false
2024-05-28T15:00:00.000Z,0.4100,0.4100,,,,,trade,false
2024-05-28T16:00:00.000Z,0.4100,0.4100,,,,,trade,false
2024-05-28T17:00:00.000Z,0.4100,0.4100,,,,,trade,false
2024-05-28T18:00:00.000Z,0.4100,0.4100,,,,,trade,false
2024-05-28T19:00:00.000Z,0.4100,0.4100,,,,,trade,false
2024-05-28T20:00:00.000Z,0.4100,0.4100,,,,,trade,false
2024-05-28T21:00:00.000Z,0.4150,0.4150,,,,,trade,false
2024-05-28T22:00:00.000Z,0.4150,0.4150,,,,,trade,false
2024-05-28T23:00:00.000Z,0.4150,0.4150,,,,,trade,false
2024-05-29T00:00:00.000Z,0.4150,0.4150,,,,,trade,false
2024-05-29T01:00:00.000Z,0.4150,0.4150,,,,,trade,false
2024-05-29T02:00:00.000Z,0.4150,0.4150,,,,,trade,false
2024-05-29T03:00:00.000Z,0.4150,0.4150,,,,,trade,false
2024-05-29T04:00:00.000Z,0.4150,0.4150,,,,,trade,false
2024-05-29T05:00:00.000Z,0.4150,0.4150,,,,,trade,false
2024-05-29T06:00:00.000Z,0.4150,0.4150,,,,,trade,false
2024-05-29T07:00:00.000Z,0.4150,0.4150,,,,,trade,false
2024-05-29T08:00:00.000Z,0.4150,0.4150,,,,,trade,false
2024-05-29T09:00:00.000Z,0.4150,0.4150,,,,,trade,false
2024-05-29T10:00:00.000Z,0.4100,0.4100,,,,,trade,false
2024-05-29T11:00:00.000Z,0.4100,0.4100,,,,,trade,false
2024-05-29T12:00:00.000Z,0.4150,0.4150,,,,,trade,false
2024-05-29T13:00:00.000Z,0.4150,0.4150,,,,,trade,false
2024-05-29T14:00:00.000Z,0.4150,0.4150,,,,,trade,false
2024-05-29T15:00:00.000Z,0.4150,0.4150,,,,,trade,false
2024-05-29T16:00:00.000Z,0.4150,0.4150,,,,,trade,false
2024-05-29T17:00:00.000Z,0.4150,0.4150,,,,,trade,false
2024-05-29T18:00:00.000Z,0.4150,0.4150,,,,,trade,false
2024-05-29T19:00:00.000Z,0.4150,0.4150,,,,,trade,false
2024-05-29T20:00:00.000Z,0.4100,0.4100,,,,,trade,false
2024-05-29T21:00:00.000Z,0.4100,0.4100,,,,,trade,false
2024-05-29T22:00:00.000Z,0.4100,0.4100,,,,,trade,false
2024-05-29T23:00:00.000Z,0.4100,0.4100,,,,,trade,false
2024-05-30T00:00:00.000Z,0.4150,0.4150,,,,,trade,false
2024-05-30T01:00:00.000Z,0.4150,0.4150,,,,,trade,false
2024-05-30T02:00:00.000Z,0.4150,0.4150,,,,,trade,false
2024-05-30T03:00:00.000Z,0.4150,0.4150,,,,,trade,false
2024-05-30T04:00:00.000Z,0.4150,0.4150,,,,,trade,false
2024-05-30T05:00:00.000Z,0.4150,0.4150,,,,,trade,false
2024-05-30T06:00:00.000Z,0.4150,0.4150,,,,,trade,false
2024-05-30T07:00:00.000Z,0.4150,0.4150,,,,,trade,false
2024-05-30T08:00:00.000Z,0.4150,0.4150,,,,,trade,false
2024-05-30T09:00:00.000Z,0.4100,0.4100,,,,,trade,false
2024-05-30T10:00:00.000Z,0.4100,0.4100,,,,,trade,false
2024-05-30T11:00:00.000Z,0.4150,0.4150,,,,,trade,false
2024-05-30T12:00:00.000Z,0.4150,0.4150,,,,,trade,false
2024-05-30T13:00:00.000Z,0.4150,0.4150,,,,,trade,false
2024-05-30T14:00:00.000Z,0.4150,0.4150,,,,,trade,false
2024-05-30T15:00:00.000Z,0.4150,0.4150,,,,,trade,false
2024-05-30T16:00:00.000Z,0.4150,0.4150,,,,,trade,false
2024-05-30T17:00:00.000Z,0.4150,0.4150,,,,,trade,false
2024-05-30T18:00:00.000Z,0.4150,0.4150,,,,,trade,false
2024-05-30T19:00:00.000Z,0.4150,0.4150,,,,,trade,false
2024-05-30T20:00:00.000Z,0.4150,0.4150,,,,,trade,false
2024-05-30T21:00:00.000Z,0.4150,0.4150,,,,,trade,false
2024-05-30T22:00:00.000Z,0.4150,0.4150,,,,,trade,false
2024-05-30T23:00:00.000Z,0.4150,0.4150,,,,,trade,false
2024-05-31T00:00:00.000Z,0.4150,0.4150,,,,,trade,false
2024-05-31T01:00:00.000Z,0.4150,0.4150,,,,,trade,false
2024-05-31T02:00:00.000Z,0.4150,0.4150,,,,,trade,false
2024-05-31T03:00:00.000Z,0.4150,0.4150,,,,,trade,false
2024-05-31T04:00:00.000Z,0.4150,0.4150,,,,,trade,false
2024-05-31T05:00:00.000Z,0.4150,0.4150,,,,,trade,false
2024-05-31T06:00:00.000Z,0.4150,0.4150,,,,,trade,false
2024-05-31T07:00:00.000Z,0.4150,0.4150,,,,,trade,false
2024-05-31T08:00:00.000Z,0.4150,0.4150,,,,,trade,false
2024-05-31T09:00:00.000Z,0.4150,0.4150,,,,,trade,false
2024-05-31T10:00:00.000Z,0.4150,0.4150,,,,,trade,false
2024-05-31T11:00:00.000Z,0.4150,0.4150,,,,,trade,false
2024-05-31T12:00:00.000Z,0.4150,0.4150,,,,,trade,false
2024-05-31T13:00:00.000Z,0.4150,0.4150,,,,,trade,false
2024-05-31T14:00:00.000Z,0.4150,0.4150,,,,,trade,false
2024-05-31T15:00:00.000Z,0.4150,0.4150,,,,,trade,false
2024-05-31T16:00:00.000Z,0.4150,0.4150,,,,,trade,false
2024-05-31T17:00:00.000Z,0.4100,0.4100,,,,,trade,false
2024-05-31T18:00:00.000Z,0.4100,0.4100,,,,,trade,false
2024-05-31T19:00:00.000Z,0.4100,0.4100,,,,,trade,false
2024-05-31T20:00:00.000Z,0.4100,0.4100,,,,,trade,false
2024-05-31T21:00:00.000Z,0.4100,0.4100,,,,,trade,false
2024-05-31T22:00:00.000Z,0.4100,0.4100,,,,,trade,false
2024-05-31T23:00:00.000Z,0.4100,0.4100,,,,,trade,false
2024-06-01T00:00:00.000Z,0.4100,0.4100,,,,,trade,false
2024-06-01T01:00:00.000Z,0.4100,0.4100,,,,,trade,false
2024-06-01T02:00:00.000Z,0.4100,0.4100,,,,,trade,false
2024-06-01T03:00:00.000Z,0.4100,0.4100,,,,,trade,false
2024-06-01T04:00:00.000Z,0.4100,0.4100,,,,,trade,false
2024-06-01T05:00:00.000Z,0.4100,0.4100,,,,,trade,false
2024-06-01T06:00:00.000Z,0.4100,0.4100,,,,,trade,false
2024-06-01T07:00:00.000Z,0.4100,0.4100,,,,,trade,false
2024-06-01T08:00:00.000Z,0.4100,0.4100,,,,,trade,false
2024-06-01T09:00:00.000Z,0.4050,0.4050,,,,,trade,false
2024-06-01T10:00:00.000Z,0.4050,0.4050,,,,,trade,false
2024-06-01T11:00:00.000Z,0.4050,0.4050,,,,,trade,false
2024-06-01T12:00:00.000Z,0.4050,0.4050,,,,,trade,false
2024-06-01T13:00:00.000Z,0.4050,0.4050,,,,,trade,false
2024-06-01T14:00:00.000Z,0.4050,0.4050,,,,,trade,false
2024-06-01T15:00:00.000Z,0.4100,0.4100,,,,,trade,false
2024-06-01T16:00:00.000Z,0.4100,0.4100,,,,,trade,false
2024-06-01T17:00:00.000Z,0.4150,0.4150,,,,,trade,false
2024-06-01T18:00:00.000Z,0.4150,0.4150,,,,,trade,false
2024-06-01T19:00:00.000Z,0.4150,0.4150,,,,,trade,false
2024-06-01T20:00:00.000Z,0.4150,0.4150,,,,,trade,false
2024-06-01T21:00:00.000Z,0.4150,0.4150,,,,,trade,false
2024-06-01T22:00:00.000Z,0.4150,0.4150,,,,,trade,false
2024-06-01T23:00:00.000Z,0.4150,0.4150,,,,,trade,false
2024-06-02T00:00:00.000Z,0.4150,0.4150,,,,,trade,false
2024-06-02T01:00:00.000Z,0.4150,0.4150,,,,,trade,false
2024-06-02T02:00:00.000Z,0.4150,0.4150,,,,,trade,false
2024-06-02T03:00:00.000Z,0.4150,0.4150,,,,,trade,false
2024-06-02T04:00:00.000Z,0.4150,0.4150,,,,,trade,false
2024-06-02T05:00:00.000Z,0.4150,0.4150,,,,,trade,false
2024-06-02T06:00:00.000Z,0.4150,0.4150,,,,,trade,false
2024-06-02T07:00:00.000Z,0.4150,0.4150,,,,,trade,false
2024-06-02T08:00:00.000Z,0.4150,0.4150,,,,,trade,false
2024-06-02T09:00:00.000Z,0.4150,0.4150,,,,,trade,false
2024-06-02T10:00:00.000Z,0.4150,0.4150,,,,,trade,false
2024-06-02T11:00:00.000Z,0.4150,0.4150,,,,,trade,false
2024-06-02T12:00:00.000Z,0.4150,0.4150,,,,,trade,false
2024-06-02T13:00:00.000Z,0.4150,0.4150,,,,,trade,false
2024-06-02T14:00:00.000Z,0.4150,0.4150,,,,,trade,false
2024-06-02T15:00:00.000Z,0.4150,0.4150,,,,,trade,false
2024-06-02T16:00:00.000Z,0.4150,0.4150,,,,,trade,false
2024-06-02T17:00:00.000Z,0.4150,0.4150,,,,,trade,false
2024-06-02T18:00:00.000Z,0.4150,0.4150,,,,,trade,false
2024-06-02T19:00:00.000Z,0.4150,0.4150,,,,,trade,false
2024-06-02T20:00:00.000Z,0.4150,0.4150,,,,,trade,false
2024-06-02T21:00:00.000Z,0.4150,0.4150,,,,,trade,false
2024-06-02T22:00:00.000Z,0.4150,0.4150,,,,,trade,false
2024-06-02T23:00:00.000Z,0.4150,0.4150,,,,,trade,false
2024-06-03T00:00:00.000Z,0.4150,0.4150,,,,,trade,false
2024-06-03T01:00:00.000Z,0.4150,0.4150,,,,,trade,false
2024-06-03T02:00:00.000Z,0.4150,0.4150,,,,,trade,false
2024-06-03T03:00:00.000Z,0.4150,0.4150,,,,,trade,false
2024-06-03T04:00:00.000Z,0.4150,0.4150,,,,,trade,false
2024-06-03T05:00:00.000Z,0.4150,0.4150,,,,,trade,false
2024-06-03T06:00:00.000Z,0.4150,0.4150,,,,,trade,false
2024-06-03T07:00:00.000Z,0.4150,0.4150,,,,,trade,false
2024-06-03T08:00:00.000Z,0.4150,0.4150,,,,,trade,false
2024-06-03T09:00:00.000Z,0.4150,0.4150,,,,,trade,false
2024-06-03T10:00:00.000Z,0.4150,0.4150,,,,,trade,false
2024-06-03T11:00:00.000Z,0.4150,0.4150,,,,,trade,false
2024-06-03T12:00:00.000Z,0.4150,0.4150,,,,,trade,false
2024-06-03T13:00:00.000Z,0.4150,0.4150,,,,,trade,false
2024-06-03T14:00:00.000Z,0.4150,0.4150,,,,,trade,false
2024-06-03T15:00:00.000Z,0.4150,0.4150,,,,,trade,false
2024-06-03T16:00:00.000Z,0.4150,0.4150,,,,,trade,false
2024-06-03T17:00:00.000Z,0.4150,0.4150,,,,,trade,false
2024-06-03T18:00:00.000Z,0.4150,0.4150,,,,,trade,false
2024-06-03T19:00:00.000Z,0.4150,0.4150,,,,,trade,false
2024-06-03T20:00:00.000Z,0.4150,0.4150,,,,,trade,false
2024-06-03T21:00:00.000Z,0.4150,0.4150,,,,,trade,false
2024-06-03T22:00:00.000Z,0.4150,0.4150,,,,,trade,false
2024-06-03T23:00:00.000Z,0.4150,0.4150,,,,,trade,false
2024-06-04T00:00:00.000Z,0.4150,0.4150,,,,,trade,false
2024-06-04T01:00:00.000Z,0.4150,0.4150,,,,,trade,false
2024-06-04T02:00:00.000Z,0.4150,0.4150,,,,,trade,false
2024-06-04T03:00:00.000Z,0.4150,0.4150,,,,,trade,false
2024-06-04T04:00:00.000Z,0.4150,0.4150,,,,,trade,false
2024-06-04T05:00:00.000Z,0.4150,0.4150,,,,,trade,false
2024-06-04T06:00:00.000Z,0.4100,0.4100,,,,,trade,false
2024-06-04T07:00:00.000Z,0.4150,0.4150,,,,,trade,false
2024-06-04T08:00:00.000Z,0.4150,0.4150,,,,,trade,false
2024-06-04T09:00:00.000Z,0.4150,0.4150,,,,,trade,false
2024-06-04T10:00:00.000Z,0.4150,0.4150,,,,,trade,false
2024-06-04T11:00:00.000Z,0.4150,0.4150,,,,,trade,false
2024-06-04T12:00:00.000Z,0.4150,0.4150,,,,,trade,false
2024-06-04T13:00:00.000Z,0.4150,0.4150,,,,,trade,false
2024-06-04T14:00:00.000Z,0.4150,0.4150,,,,,trade,false
2024-06-04T15:00:00.000Z,0.4150,0.4150,,,,,trade,false
2024-06-04T16:00:00.000Z,0.4150,0.4150,,,,,trade,false
2024-06-04T17:00:00.000Z,0.4150,0.4150,,,,,trade,false
2024-06-04T18:00:00.000Z,0.4100,0.4100,,,,,trade,false
2024-06-04T19:00:00.000Z,0.4100,0.4100,,,,,trade,false
2024-06-04T20:00:00.000Z,0.4100,0.4100,,,,,trade,false
2024-06-04T21:00:00.000Z,0.4100,0.4100,,,,,trade,false
2024-06-04T22:00:00.000Z,0.4100,0.4100,,,,,trade,false
2024-06-04T23:00:00.000Z,0.4100,0.4100,,,,,trade,false
2024-06-05T00:00:00.000Z,0.4100,0.4100,,,,,trade,false
2024-06-05T01:00:00.000Z,0.4100,0.4100,,,,,trade,false
2024-06-05T02:00:00.000Z,0.4150,0.4150,,,,,trade,false
2024-06-05T03:00:00.000Z,0.4150,0.4150,,,,,trade,false
2024-06-05T04:00:00.000Z,0.4200,0.4200,,,,,trade,false
2024-06-05T05:00:00.000Z,0.4200,0.4200,,,,,trade,false
2024-06-05T06:00:00.000Z,0.4200,0.4200,,,,,trade,false
2024-06-05T07:00:00.000Z,0.4200,0.4200,,,,,trade,false
2024-06-05T08:00:00.000Z,0.4200,0.4200,,,,,trade,false
2024-06-05T09:00:00.000Z,0.4200,0.4200,,,,,trade,false
2024-06-05T10:00:00.000Z,0.4200,0.4200,,,,,trade,false
2024-06-05T11:00:00.000Z,0.4200,0.4200,,,,,trade,false
2024-06-05T12:00:00.000Z,0.4200,0.4200,,,,,trade,false
2024-06-05T13:00:00.000Z,0.4200,0.4200,,,,,trade,false
2024-06-05T14:00:00.000Z,0.4200,0.4200,,,,,trade,false
2024-06-05T15:00:00.000Z,0.4200,0.4200,,,,,trade,false
2024-06-05T16:00:00.000Z,0.4250,0.4250,,,,,trade,false
2024-06-05T17:00:00.000Z,0.4250,0.4250,,,,,trade,false
2024-06-05T18:00:00.000Z,0.4250,0.4250,,,,,trade,false
2024-06-05T19:00:00.000Z,0.4250,0.4250,,,,,trade,false
2024-06-05T20:00:00.000Z,0.4250,0.4250,,,,,trade,false
2024-06-05T21:00:00.000Z,0.4350,0.4350,,,,,trade,false
2024-06-05T22:00:00.000Z,0.4350,0.4350,,,,,trade,false
2024-06-05T23:00:00.000Z,0.4350,0.4350,,,,,trade,false
2024-06-06T00:00:00.000Z,0.4350,0.4350,,,,,trade,false
2024-06-06T01:00:00.000Z,0.4350,0.4350,,,,,trade,false
2024-06-06T02:00:00.000Z,0.4350,0.4350,,,,,trade,false
2024-06-06T03:00:00.000Z,0.4350,0.4350,,,,,trade,false
2024-06-06T04:00:00.000Z,0.4350,0.4350,,,,,trade,false
2024-06-06T05:00:00.000Z,0.4350,0.4350,,,,,trade,false
2024-06-06T06:00:00.000Z,0.4350,0.4350,,,,,trade,false
2024-06-06T07:00:00.000Z,0.4350,0.4350,,,,,trade,false
2024-06-06T08:00:00.000Z,0.4350,0.4350,,,,,trade,false
2024-06-06T09:00:00.000Z,0.4350,0.4350,,,,,trade,false
2024-06-06T10:00:00.000Z,0.4350,0.4350,,,,,trade,false
2024-06-06T11:00:00.000Z,0.4350,0.4350,,,,,trade,false
2024-06-06T12:00:00.000Z,0.4350,0.4350,,,,,trade,false
2024-06-06T13:00:00.000Z,0.4350,0.4350,,,,,trade,false
2024-06-06T14:00:00.000Z,0.4350,0.4350,,,,,trade,false
2024-06-06T15:00:00.000Z,0.4350,0.4350,,,,,trade,false
2024-06-06T16:00:00.000Z,0.4350,0.4350,,,,,trade,false
2024-06-06T17:00:00.000Z,0.4350,0.4350,,,,,trade,false
2024-06-06T18:00:00.000Z,0.4350,0.4350,,,,,trade,false
2024-06-06T19:00:00.000Z,0.4350,0.4350,,,,,trade,false
2024-06-06T20:00:00.000Z,0.4350,0.4350,,,,,trade,false
2024-06-06T21:00:00.000Z,0.4300,0.4300,,,,,trade,false
2024-06-06T22:00:00.000Z,0.4300,0.4300,,,,,trade,false
2024-06-06T23:00:00.000Z,0.4300,0.4300,,,,,trade,false
2024-06-07T00:00:00.000Z,0.4250,0.4250,,,,,trade,false
2024-06-07T01:00:00.000Z,0.4250,0.4250,,,,,trade,false
2024-06-07T02:00:00.000Z,0.4250,0.4250,,,,,trade,false
2024-06-07T03:00:00.000Z,0.4250,0.4250,,,,,trade,false
2024-06-07T04:00:00.000Z,0.4250,0.4250,,,,,trade,false
2024-06-07T05:00:00.000Z,0.4250,0.4250,,,,,trade,false
2024-06-07T06:00:00.000Z,0.4250,0.4250,,,,,trade,false
2024-06-07T07:00:00.000Z,0.4250,0.4250,,,,,trade,false
2024-06-07T08:00:00.000Z,0.4250,0.4250,,,,,trade,false
2024-06-07T09:00:00.000Z,0.4250,0.4250,,,,,trade,false
2024-06-07T10:00:00.000Z,0.4250,0.4250,,,,,trade,false
2024-06-07T11:00:00.000Z,0.4250,0.4250,,,,,trade,false
2024-06-07T12:00:00.000Z,0.4250,0.4250,,,,,trade,false
2024-06-07T13:00:00.000Z,0.4350,0.4350,,,,,trade,false
2024-06-07T14:00:00.000Z,0.4350,0.4350,,,,,trade,false
2024-06-07T15:00:00.000Z,0.4350,0.4350,,,,,trade,false
2024-06-07T16:00:00.000Z,0.4350,0.4350,,,,,trade,false
2024-06-07T17:00:00.000Z,0.4350,0.4350,,,,,trade,false
2024-06-07T18:00:00.000Z,0.4350,0.4350,,,,,trade,false
2024-06-07T19:00:00.000Z,0.4300,0.4300,,,,,trade,false
2024-06-07T20:00:00.000Z,0.4300,0.4300,,,,,trade,false
2024-06-07T21:00:00.000Z,0.4250,0.4250,,,,,trade,false
2024-06-07T22:00:00.000Z,0.4250,0.4250,,,,,trade,false
2024-06-07T23:00:00.000Z,0.4300,0.4300,,,,,trade,false
2024-06-08T00:00:00.000Z,0.4300,0.4300,,,,,trade,false
2024-06-08T01:00:00.000Z,0.4350,0.4350,,,,,trade,false
2024-06-08T02:00:00.000Z,0.4300,0.4300,,,,,trade,false
2024-06-08T03:00:00.000Z,0.4350,0.4350,,,,,trade,false
2024-06-08T04:00:00.000Z,0.4350,0.4350,,,,,trade,false
2024-06-08T05:00:00.000Z,0.4350,0.4350,,,,,trade,false
2024-06-08T06:00:00.000Z,0.4350,0.4350,,,,,trade,false
2024-06-08T07:00:00.000Z,0.4350,0.4350,,,,,trade,false
2024-06-08T08:00:00.000Z,0.4350,0.4350,,,,,trade,false
2024-06-08T09:00:00.000Z,0.4350,0.4350,,,,,trade,false
2024-06-08T10:00:00.000Z,0.4350,0.4350,,,,,trade,false
2024-06-08T11:00:00.000Z,0.4350,0.4350,,,,,trade,false
2024-06-08T12:00:00.000Z,0.4350,0.4350,,,,,trade,false
2024-06-08T13:00:00.000Z,0.4300,0.4300,,,,,trade,false
2024-06-08T14:00:00.000Z,0.4300,0.4300,,,,,trade,false
2024-06-08T15:00:00.000Z,0.4300,0.4300,,,,,trade,false
2024-06-08T16:00:00.000Z,0.4300,0.4300,,,,,trade,false
2024-06-08T17:00:00.000Z,0.4300,0.4300,,,,,trade,false
2024-06-08T18:00:00.000Z,0.4300,0.4300,,,,,trade,false
2024-06-08T19:00:00.000Z,0.4350,0.4350,,,,,trade,false
2024-06-08T20:00:00.000Z,0.4350,0.4350,,,,,trade,false
2024-06-08T21:00:00.000Z,0.4400,0.4400,,,,,trade,false
2024-06-08T22:00:00.000Z,0.4400,0.4400,,,,,trade,false
2024-06-08T23:00:00.000Z,0.4400,0.4400,,,,,trade,false
2024-06-09T00:00:00.000Z,0.4400,0.4400,,,,,trade,false
2024-06-09T01:00:00.000Z,0.4400,0.4400,,,,,trade,false
2024-06-09T02:00:00.000Z,0.4400,0.4400,,,,,trade,false
2024-06-09T03:00:00.000Z,0.4400,0.4400,,,,,trade,false
2024-06-09T04:00:00.000Z,0.4400,0.4400,,,,,trade,false
2024-06-09T05:00:00.000Z,0.4400,0.4400,,,,,trade,false
2024-06-09T06:00:00.000Z,0.4400,0.4400,,,,,trade,false
2024-06-09T07:00:00.000Z,0.4400,0.4400,,,,,trade,false
2024-06-09T08:00:00.000Z,0.4400,0.4400,,,,,trade,false
2024-06-09T09:00:00.000Z,0.4350,0.4350,,,,,trade,false
2024-06-09T10:00:00.000Z,0.4350,0.4350,,,,,trade,false
2024-06-09T11:00:00.000Z,0.4300,0.4300,,,,,trade,false
2024-06-09T12:00:00.000Z,0.4300,0.4300,,,,,trade,false
2024-06-09T13:00:00.000Z,0.4300,0.4300,,,,,trade,false
2024-06-09T14:00:00.000Z,0.4300,0.4300,,,,,trade,false
2024-06-09T15:00:00.000Z,0.4250,0.4250,,,,,trade,false
2024-06-09T16:00:00.000Z,0.4250,0.4250,,,,,trade,false
2024-06-09T17:00:00.000Z,0.4250,0.4250,,,,,trade,false
2024-06-09T18:00:00.000Z,0.4250,0.4250,,,,,trade,false
2024-06-09T19:00:00.000Z,0.4250,0.4250,,,,,trade,false
2024-06-09T20:00:00.000Z,0.4250,0.4250,,,,,trade,false
2024-06-09T21:00:00.000Z,0.4250,0.4250,,,,,trade,false
2024-06-09T22:00:00.000Z,0.4250,0.4250,,,,,trade,false
2024-06-09T23:00:00.000Z,0.4250,0.4250,,,,,trade,false
2024-06-10T00:00:00.000Z,0.4250,0.4250,,,,,trade,false
2024-06-10T01:00:00.000Z,0.4250,0.4250,,,,,trade,false
2024-06-10T02:00:00.000Z,0.4250,0.4250,,,,,trade,false
2024-06-10T03:00:00.000Z,0.4250,0.4250,,,,,trade,false
2024-06-10T04:00:00.000Z,0.4250,0.4250,,,,,trade,false
2024-06-10T05:00:00.000Z,0.4250,0.4250,,,,,trade,false
2024-06-10T06:00:00.000Z,0.4250,0.4250,,,,,trade,false
2024-06-10T07:00:00.000Z,0.4250,0.4250,,,,,trade,false
2024-06-10T08:00:00.000Z,0.4250,0.4250,,,,,trade,false
2024-06-10T09:00:00.000Z,0.4250,0.4250,,,,,trade,false
2024-06-10T10:00:00.000Z,0.4200,0.4200,,,,,trade,false
2024-06-10T11:00:00.000Z,0.4200,0.4200,,,,,trade,false
2024-06-10T12:00:00.000Z,0.4200,0.4200,,,,,trade,false
2024-06-10T13:00:00.000Z,0.4200,0.4200,,,,,trade,false
2024-06-10T14:00:00.000Z,0.4200,0.4200,,,,,trade,false
2024-06-10T15:00:00.000Z,0.4150,0.4150,,,,,trade,false
2024-06-10T16:00:00.000Z,0.4200,0.4200,,,,,trade,false
2024-06-10T17:00:00.000Z,0.4000,0.4000,,,,,trade,false
2024-06-10T18:00:00.000Z,0.4000,0.4000,,,,,trade,false
2024-06-10T19:00:00.000Z,0.4000,0.4000,,,,,trade,false
2024-06-10T20:00:00.000Z,0.4000,0.4000,,,,,trade,false
2024-06-10T21:00:00.000Z,0.4000,0.4000,,,,,trade,false
2024-06-10T22:00:00.000Z,0.4000,0.4000,,,,,trade,false
2024-06-10T23:00:00.000Z,0.4000,0.4000,,,,,trade,false
2024-06-11T00:00:00.000Z,0.4000,0.4000,,,,,trade,false
2024-06-11T01:00:00.000Z,0.4000,0.4000,,,,,trade,false
2024-06-11T02:00:00.000Z,0.4000,0.4000,,,,,trade,false
2024-06-11T03:00:00.000Z,0.4000,0.4000,,,,,trade,false
2024-06-11T04:00:00.000Z,0.4000,0.4000,,,,,trade,false
2024-06-11T05:00:00.000Z,0.4000,0.4000,,,,,trade,false
2024-06-11T06:00:00.000Z,0.4000,0.4000,,,,,trade,false
2024-06-11T07:00:00.000Z,0.3650,0.3650,,,,,trade,false
2024-06-11T08:00:00.000Z,0.3500,0.3500,,,,,trade,false
2024-06-11T09:00:00.000Z,0.3500,0.3500,,,,,trade,false
2024-06-11T10:00:00.000Z,0.3500,0.3500,,,,,trade,false
2024-06-11T11:00:00.000Z,0.3450,0.3450,,,,,trade,false
2024-06-11T12:00:00.000Z,0.3550,0.3550,,,,,trade,false
2024-06-11T13:00:00.000Z,0.3550,0.3550,,,,,trade,false
2024-06-11T14:00:00.000Z,0.3700,0.3700,,,,,trade,false
2024-06-11T15:00:00.000Z,0.3650,0.3650,,,,,trade,false
2024-06-11T16:00:00.000Z,0.3600,0.3600,,,,,trade,false
2024-06-11T17:00:00.000Z,0.3650,0.3650,,,,,trade,false
2024-06-11T18:00:00.000Z,0.3700,0.3700,,,,,trade,false
2024-06-11T19:00:00.000Z,0.3700,0.3700,,,,,trade,false
2024-06-11T20:00:00.000Z,0.3700,0.3700,,,,,trade,false
2024-06-11T21:00:00.000Z,0.3700,0.3700,,,,,trade,false
2024-06-11T22:00:00.000Z,0.3750,0.3750,,,,,trade,false
2024-06-11T23:00:00.000Z,0.3750,0.3750,,,,,trade,false
2024-06-12T00:00:00.000Z,0.3750,0.3750,,,,,trade,false
2024-06-12T01:00:00.000Z,0.3750,0.3750,,,,,trade,false
2024-06-12T02:00:00.000Z,0.3750,0.3750,,,,,trade,false
2024-06-12T03:00:00.000Z,0.3750,0.3750,,,,,trade,false
2024-06-12T04:00:00.000Z,0.3750,0.3750,,,,,trade,false
2024-06-12T05:00:00.000Z,0.3750,0.3750,,,,,trade,false
2024-06-12T06:00:00.000Z,0.3750,0.3750,,,,,trade,false
2024-06-12T07:00:00.000Z,0.3750,0.3750,,,,,trade,false
2024-06-12T08:00:00.000Z,0.3750,0.3750,,,,,trade,false
2024-06-12T09:00:00.000Z,0.3750,0.3750,,,,,trade,false
2024-06-12T10:00:00.000Z,0.3750,0.3750,,,,,trade,false
2024-06-12T11:00:00.000Z,0.3750,0.3750,,,,,trade,false
2024-06-12T12:00:00.000Z,0.3750,0.3750,,,,,trade,false
2024-06-12T13:00:00.000Z,0.3750,0.3750,,,,,trade,false
2024-06-12T14:00:00.000Z,0.3750,0.3750,,,,,trade,false
2024-06-12T15:00:00.000Z,0.3750,0.3750,,,,,trade,false
2024-06-12T16:00:00.000Z,0.3750,0.3750,,,,,trade,false
2024-06-12T17:00:00.000Z,0.3750,0.3750,,,,,trade,false
2024-06-12T18:00:00.000Z,0.3750,0.3750,,,,,trade,false
2024-06-12T19:00:00.000Z,0.3750,0.3750,,,,,trade,false
2024-06-12T20:00:00.000Z,0.3750,0.3750,,,,,trade,false
2024-06-12T21:00:00.000Z,0.3750,0.3750,,,,,trade,false
2024-06-12T22:00:00.000Z,0.3750,0.3750,,,,,trade,false
2024-06-12T23:00:00.000Z,0.3750,0.3750,,,,,trade,false
2024-06-13T00:00:00.000Z,0.3750,0.3750,,,,,trade,false
2024-06-13T01:00:00.000Z,0.3750,0.3750,,,,,trade,false
2024-06-13T02:00:00.000Z,0.3750,0.3750,,,,,trade,false
2024-06-13T03:00:00.000Z,0.3750,0.3750,,,,,trade,false
2024-06-13T04:00:00.000Z,0.3750,0.3750,,,,,trade,false
2024-06-13T05:00:00.000Z,0.3750,0.3750,,,,,trade,false
2024-06-13T06:00:00.000Z,0.3750,0.3750,,,,,trade,false
2024-06-13T07:00:00.000Z,0.3750,0.3750,,,,,trade,false
2024-06-13T08:00:00.000Z,0.3750,0.3750,,,,,trade,false
2024-06-13T09:00:00.000Z,0.3750,0.3750,,,,,trade,false
2024-06-13T10:00:00.000Z,0.3750,0.3750,,,,,trade,false
2024-06-13T11:00:00.000Z,0.3750,0.3750,,,,,trade,false
2024-06-13T12:00:00.000Z,0.3750,0.3750,,,,,trade,false
2024-06-13T13:00:00.000Z,0.3750,0.3750,,,,,trade,false
2024-06-13T14:00:00.000Z,0.3750,0.3750,,,,,trade,false
2024-06-13T15:00:00.000Z,0.3750,0.3750,,,,,trade,false
2024-06-13T16:00:00.000Z,0.3750,0.3750,,,,,trade,false
2024-06-13T17:00:00.000Z,0.3750,0.3750,,,,,trade,false
2024-06-13T18:00:00.000Z,0.3750,0.3750,,,,,trade,false
2024-06-13T19:00:00.000Z,0.3750,0.3750,,,,,trade,false
2024-06-13T20:00:00.000Z,0.3750,0.3750,,,,,trade,false
2024-06-13T21:00:00.000Z,0.3750,0.3750,,,,,trade,false
2024-06-13T22:00:00.000Z,0.3750,0.3750,,,,,trade,false
2024-06-13T23:00:00.000Z,0.3750,0.3750,,,,,trade,false
2024-06-14T00:00:00.000Z,0.3700,0.3700,,,,,trade,false
2024-06-14T01:00:00.000Z,0.3700,0.3700,,,,,trade,false
2024-06-14T02:00:00.000Z,0.3700,0.3700,,,,,trade,false
2024-06-14T03:00:00.000Z,0.3700,0.3700,,,,,trade,false
2024-06-14T04:00:00.000Z,0.3700,0.3700,,,,,trade,false
2024-06-14T05:00:00.000Z,0.3700,0.3700,,,,,trade,false
2024-06-14T06:00:00.000Z,0.3700,0.3700,,,,,trade,false
2024-06-14T07:00:00.000Z,0.3700,0.3700,,,,,trade,false
2024-06-14T08:00:00.000Z,0.3700,0.3700,,,,,trade,false
2024-06-14T09:00:00.000Z,0.3700,0.3700,,,,,trade,false
2024-06-14T10:00:00.000Z,0.3700,0.3700,,,,,trade,false
2024-06-14T11:00:00.000Z,0.3700,0.3700,,,,,trade,false
2024-06-14T12:00:00.000Z,0.3700,0.3700,,,,,trade,false
2024-06-14T13:00:00.000Z,0.3700,0.3700,,,,,trade,false
2024-06-14T14:00:00.000Z,0.3700,0.3700,,,,,trade,false
2024-06-14T15:00:00.000Z,0.3700,0.3700,,,,,trade,false
2024-06-14T16:00:00.000Z,0.3700,0.3700,,,,,trade,false
2024-06-14T17:00:00.000Z,0.3700,0.3700,,,,,trade,false
2024-06-14T18:00:00.000Z,0.3700,0.3700,,,,,trade,false
2024-06-14T19:00:00.000Z,0.3700,0.3700,,,,,trade,false
2024-06-14T20:00:00.000Z,0.3700,0.3700,,,,,trade,false
2024-06-14T21:00:00.000Z,0.3700,0.3700,,,,,trade,false
2024-06-14T22:00:00.000Z,0.3700,0.3700,,,,,trade,false
2024-06-14T23:00:00.000Z,0.3700,0.3700,,,,,trade,false
2024-06-15T00:00:00.000Z,0.3700,0.3700,,,,,trade,false
2024-06-15T01:00:00.000Z,0.3700,0.3700,,,,,trade,false
2024-06-15T02:00:00.000Z,0.3700,0.3700,,,,,trade,false
2024-06-15T03:00:00.000Z,0.3700,0.3700,,,,,trade,false
2024-06-15T04:00:00.000Z,0.3700,0.3700,,,,,trade,false
2024-06-15T05:00:00.000Z,0.3650,0.3650,,,,,trade,false
2024-06-15T06:00:00.000Z,0.3650,0.3650,,,,,trade,false
2024-06-15T07:00:00.000Z,0.3650,0.3650,,,,,trade,false
2024-06-15T08:00:00.000Z,0.3650,0.3650,,,,,trade,false
2024-06-15T09:00:00.000Z,0.3650,0.3650,,,,,trade,false
2024-06-15T10:00:00.000Z,0.3650,0.3650,,,,,trade,false
2024-06-15T11:00:00.000Z,0.3650,0.3650,,,,,trade,false
2024-06-15T12:00:00.000Z,0.3650,0.3650,,,,,trade,false
2024-06-15T13:00:00.000Z,0.3650,0.3650,,,,,trade,false
2024-06-15T14:00:00.000Z,0.3650,0.3650,,,,,trade,false
2024-06-15T15:00:00.000Z,0.3650,0.3650,,,,,trade,false
2024-06-15T16:00:00.000Z,0.3650,0.3650,,,,,trade,false
2024-06-15T17:00:00.000Z,0.3650,0.3650,,,,,trade,false
2024-06-15T18:00:00.000Z,0.3650,0.3650,,,,,trade,false
2024-06-15T19:00:00.000Z,0.3650,0.3650,,,,,trade,false
2024-06-15T20:00:00.000Z,0.3650,0.3650,,,,,trade,false
2024-06-15T21:00:00.000Z,0.3650,0.3650,,,,,trade,false
2024-06-15T22:00:00.000Z,0.3650,0.3650,,,,,trade,false
2024-06-15T23:00:00.000Z,0.3650,0.3650,,,,,trade,false
2024-06-16T00:00:00.000Z,0.3650,0.3650,,,,,trade,false
2024-06-16T01:00:00.000Z,0.3650,0.3650,,,,,trade,false
2024-06-16T02:00:00.000Z,0.3650,0.3650,,,,,trade,false
2024-06-16T03:00:00.000Z,0.3650,0.3650,,,,,trade,false
2024-06-16T04:00:00.000Z,0.3650,0.3650,,,,,trade,false
2024-06-16T05:00:00.000Z,0.3650,0.3650,,,,,trade,false
2024-06-16T06:00:00.000Z,0.3650,0.3650,,,,,trade,false
2024-06-16T07:00:00.000Z,0.3650,0.3650,,,,,trade,false
2024-06-16T08:00:00.000Z,0.3650,0.3650,,,,,trade,false
2024-06-16T09:00:00.000Z,0.3650,0.3650,,,,,trade,false
2024-06-16T10:00:00.000Z,0.3650,0.3650,,,,,trade,false
2024-06-16T11:00:00.000Z,0.3650,0.3650,,,,,trade,false
2024-06-16T12:00:00.000Z,0.3650,0.3650,,,,,trade,false
2024-06-16T13:00:00.000Z,0.3650,0.3650,,,,,trade,false
2024-06-16T14:00:00.000Z,0.3650,0.3650,,,,,trade,false
2024-06-16T15:00:00.000Z,0.3650,0.3650,,,,,trade,false
2024-06-16T16:00:00.000Z,0.3650,0.3650,,,,,trade,false
2024-06-16T17:00:00.000Z,0.3650,0.3650,,,,,trade,false
2024-06-16T18:00:00.000Z,0.3650,0.3650,,,,,trade,false
2024-06-16T19:00:00.000Z,0.3650,0.3650,,,,,trade,false
2024-06-16T20:00:00.000Z,0.3650,0.3650,,,,,trade,false
2024-06-16T21:00:00.000Z,0.3650,0.3650,,,,,trade,false
2024-06-16T22:00:00.000Z,0.3650,0.3650,,,,,trade,false
2024-06-16T23:00:00.000Z,0.3650,0.3650,,,,,trade,false
2024-06-17T00:00:00.000Z,0.3650,0.3650,,,,,trade,false
2024-06-17T01:00:00.000Z,0.3650,0.3650,,,,,trade,false
2024-06-17T02:00:00.000Z,0.3650,0.3650,,,,,trade,false
2024-06-17T03:00:00.000Z,0.3650,0.3650,,,,,trade,false
2024-06-17T04:00:00.000Z,0.3650,0.3650,,,,,trade,false
2024-06-17T05:00:00.000Z,0.3650,0.3650,,,,,trade,false
2024-06-17T06:00:00.000Z,0.3700,0.3700,,,,,trade,false
2024-06-17T07:00:00.000Z,0.3700,0.3700,,,,,trade,false
2024-06-17T08:00:00.000Z,0.3700,0.3700,,,,,trade,false
2024-06-17T09:00:00.000Z,0.3700,0.3700,,,,,trade,false
2024-06-17T10:00:00.000Z,0.3700,0.3700,,,,,trade,false
2024-06-17T11:00:00.000Z,0.3700,0.3700,,,,,trade,false
2024-06-17T12:00:00.000Z,0.3700,0.3700,,,,,trade,false
2024-06-17T13:00:00.000Z,0.3700,0.3700,,,,,trade,false
2024-06-17T14:00:00.000Z,0.3700,0.3700,,,,,trade,false
2024-06-17T15:00:00.000Z,0.3700,0.3700,,,,,trade,false
2024-06-17T16:00:00.000Z,0.3700,0.3700,,,,,trade,false
2024-06-17T17:00:00.000Z,0.3200,0.3200,,,,,trade,false
2024-06-17T18:00:00.000Z,0.3550,0.3550,,,,,trade,false
2024-06-17T19:00:00.000Z,0.3650,0.3650,,,,,trade,false
2024-06-17T20:00:00.000Z,0.3600,0.3600,,,,,trade,false
2024-06-17T21:00:00.000Z,0.3600,0.3600,,,,,trade,false
2024-06-17T22:00:00.000Z,0.3650,0.3650,,,,,trade,false
2024-06-17T23:00:00.000Z,0.3650,0.3650,,,,,trade,false
2024-06-18T00:00:00.000Z,0.3600,0.3600,,,,,trade,false
2024-06-18T01:00:00.000Z,0.3600,0.3600,,,,,trade,false
2024-06-18T02:00:00.000Z,0.3500,0.3500,,,,,trade,false
2024-06-18T03:00:00.000Z,0.3500,0.3500,,,,,trade,false
2024-06-18T04:00:00.000Z,0.3500,0.3500,,,,,trade,false
2024-06-18T05:00:00.000Z,0.3500,0.3500,,,,,trade,false
2024-06-18T06:00:00.000Z,0.3400,0.3400,,,,,trade,false
2024-06-18T07:00:00.000Z,0.3450,0.3450,,,,,trade,false
2024-06-18T08:00:00.000Z,0.3450,0.3450,,,,,trade,false
2024-06-18T09:00:00.000Z,0.3450,0.3450,,,,,trade,false
2024-06-18T10:00:00.000Z,0.3450,0.3450,,,,,trade,false
2024-06-18T11:00:00.000Z,0.3500,0.3500,,,,,trade,false
2024-06-18T12:00:00.000Z,0.3500,0.3500,,,,,trade,false
2024-06-18T13:00:00.000Z,0.3550,0.3550,,,,,trade,false
2024-06-18T14:00:00.000Z,0.3550,0.3550,,,,,trade,false
2024-06-18T15:00:00.000Z,0.3550,0.3550,,,,,trade,false
2024-06-18T16:00:00.000Z,0.3650,0.3650,,,,,trade,false
2024-06-18T17:00:00.000Z,0.3650,0.3650,,,,,trade,false
2024-06-18T18:00:00.000Z,0.3650,0.3650,,,,,trade,false
2024-06-18T19:00:00.000Z,0.3650,0.3650,,,,,trade,false
2024-06-18T20:00:00.000Z,0.3650,0.3650,,,,,trade,false
2024-06-18T21:00:00.000Z,0.3650,0.3650,,,,,trade,false
2024-06-18T22:00:00.000Z,0.3600,0.3600,,,,,trade,false
2024-06-18T23:00:00.000Z,0.3600,0.3600,,,,,trade,false
2024-06-19T00:00:00.000Z,0.3600,0.3600,,,,,trade,false
2024-06-19T01:00:00.000Z,0.3600,0.3600,,,,,trade,false
2024-06-19T02:00:00.000Z,0.3600,0.3600,,,,,trade,false
2024-06-19T03:00:00.000Z,0.3600,0.3600,,,,,trade,false
2024-06-19T04:00:00.000Z,0.3600,0.3600,,,,,trade,false
2024-06-19T05:00:00.000Z,0.3600,0.3600,,,,,trade,false
2024-06-19T06:00:00.000Z,0.3600,0.3600,,,,,trade,false
2024-06-19T07:00:00.000Z,0.3600,0.3600,,,,,trade,false
2024-06-19T08:00:00.000Z,0.3600,0.3600,,,,,trade,false
2024-06-19T09:00:00.000Z,0.3600,0.3600,,,,,trade,false
2024-06-19T10:00:00.000Z,0.3600,0.3600,,,,,trade,false
2024-06-19T11:00:00.000Z,0.3600,0.3600,,,,,trade,false
2024-06-19T12:00:00.000Z,0.3600,0.3600,,,,,trade,false
2024-06-19T13:00:00.000Z,0.3600,0.3600,,,,,trade,false
2024-06-19T14:00:00.000Z,0.3650,0.3650,,,,,trade,false
2024-06-19T15:00:00.000Z,0.3650,0.3650,,,,,trade,false
2024-06-19T16:00:00.000Z,0.3650,0.3650,,,,,trade,false
2024-06-19T17:00:00.000Z,0.3650,0.3650,,,,,trade,false
2024-06-19T18:00:00.000Z,0.3650,0.3650,,,,,trade,false
2024-06-19T19:00:00.000Z,0.3600,0.3600,,,,,trade,false
2024-06-19T20:00:00.000Z,0.3600,0.3600,,,,,trade,false
2024-06-19T21:00:00.000Z,0.3600,0.3600,,,,,trade,false
2024-06-19T22:00:00.000Z,0.3600,0.3600,,,,,trade,false
2024-06-19T23:00:00.000Z,0.3600,0.3600,,,,,trade,false
2024-06-20T00:00:00.000Z,0.3600,0.3600,,,,,trade,false
2024-06-20T01:00:00.000Z,0.3600,0.3600,,,,,trade,false
2024-06-20T02:00:00.000Z,0.3600,0.3600,,,,,trade,false
2024-06-20T03:00:00.000Z,0.3600,0.3600,,,,,trade,false
2024-06-20T04:00:00.000Z,0.3600,0.3600,,,,,trade,false
2024-06-20T05:00:00.000Z,0.3600,0.3600,,,,,trade,false
2024-06-20T06:00:00.000Z,0.3600,0.3600,,,,,trade,false
2024-06-20T07:00:00.000Z,0.3600,0.3600,,,,,trade,false
2024-06-20T08:00:00.000Z,0.3600,0.3600,,,,,trade,false
2024-06-20T09:00:00.000Z,0.3550,0.3550,,,,,trade,false
2024-06-20T10:00:00.000Z,0.3550,0.3550,,,,,trade,false
2024-06-20T11:00:00.000Z,0.3550,0.3550,,,,,trade,false
2024-06-20T12:00:00.000Z,0.3550,0.3550,,,,,trade,false
2024-06-20T13:00:00.000Z,0.3550,0.3550,,,,,trade,false
2024-06-20T14:00:00.000Z,0.3550,0.3550,,,,,trade,false
2024-06-20T15:00:00.000Z,0.3550,0.3550,,,,,trade,false
2024-06-20T16:00:00.000Z,0.3550,0.3550,,,,,trade,false
2024-06-20T17:00:00.000Z,0.3550,0.3550,,,,,trade,false
2024-06-20T18:00:00.000Z,0.3550,0.3550,,,,,trade,false
2024-06-20T19:00:00.000Z,0.3400,0.3400,,,,,trade,false
2024-06-20T20:00:00.000Z,0.3450,0.3450,,,,,trade,false
2024-06-20T21:00:00.000Z,0.3350,0.3350,,,,,trade,false
2024-06-20T22:00:00.000Z,0.3350,0.3350,,,,,trade,false
2024-06-20T23:00:00.000Z,0.3350,0.3350,,,,,trade,false
2024-06-21T00:00:00.000Z,0.3300,0.3300,,,,,trade,false
2024-06-21T01:00:00.000Z,0.3300,0.3300,,,,,trade,false
2024-06-21T02:00:00.000Z,0.3300,0.3300,,,,,trade,false
2024-06-21T03:00:00.000Z,0.3350,0.3350,,,,,trade,false
2024-06-21T04:00:00.000Z,0.3350,0.3350,,,,,trade,false
2024-06-21T05:00:00.000Z,0.3350,0.3350,,,,,trade,false
2024-06-21T06:00:00.000Z,0.3350,0.3350,,,,,trade,false
2024-06-21T07:00:00.000Z,0.3350,0.3350,,,,,trade,false
2024-06-21T08:00:00.000Z,0.3350,0.3350,,,,,trade,false
2024-06-21T09:00:00.000Z,0.3350,0.3350,,,,,trade,false
2024-06-21T10:00:00.000Z,0.3350,0.3350,,,,,trade,false
2024-06-21T11:00:00.000Z,0.3350,0.3350,,,,,trade,false
2024-06-21T12:00:00.000Z,0.3350,0.3350,,,,,trade,false
2024-06-21T13:00:00.000Z,0.3350,0.3350,,,,,trade,false
2024-06-21T14:00:00.000Z,0.3350,0.3350,,,,,trade,false
2024-06-21T15:00:00.000Z,0.3350,0.3350,,,,,trade,false
2024-06-21T16:00:00.000Z,0.3350,0.3350,,,,,trade,false
2024-06-21T17:00:00.000Z,0.3400,0.3400,,,,,trade,false
2024-06-21T18:00:00.000Z,0.3400,0.3400,,,,,trade,false
2024-06-21T19:00:00.000Z,0.3200,0.3200,,,,,trade,false
2024-06-21T20:00:00.000Z,0.3200,0.3200,,,,,trade,false
2024-06-21T21:00:00.000Z,0.3200,0.3200,,,,,trade,false
2024-06-21T22:00:00.000Z,0.3200,0.3200,,,,,trade,false
2024-06-21T23:00:00.000Z,0.3250,0.3250,,,,,trade,false
2024-06-22T00:00:00.000Z,0.3350,0.3350,,,,,trade,false
2024-06-22T01:00:00.000Z,0.3350,0.3350,,,,,trade,false
2024-06-22T02:00:00.000Z,0.3150,0.3150,,,,,trade,false
2024-06-22T03:00:00.000Z,0.2450,0.2450,,,,,trade,false
2024-06-22T04:00:00.000Z,0.2450,0.2450,,,,,trade,false
2024-06-22T05:00:00.000Z,0.2450,0.2450,,,,,trade,false
2024-06-22T06:00:00.000Z,0.2450,0.2450,,,,,trade,false
2024-06-22T07:00:00.000Z,0.2600,0.2600,,,,,trade,false
2024-06-22T08:00:00.000Z,0.2700,0.2700,,,,,trade,false
2024-06-22T09:00:00.000Z,0.2700,0.2700,,,,,trade,false
2024-06-22T10:00:00.000Z,0.2700,0.2700,,,,,trade,false
2024-06-22T11:00:00.000Z,0.2750,0.2750,,,,,trade,false
2024-06-22T12:00:00.000Z,0.2750,0.2750,,,,,trade,false
2024-06-22T13:00:00.000Z,0.2400,0.2400,,,,,trade,false
2024-06-22T14:00:00.000Z,0.2750,0.2750,,,,,trade,false
2024-06-22T15:00:00.000Z,0.2700,0.2700,,,,,trade,false
2024-06-22T16:00:00.000Z,0.2700,0.2700,,,,,trade,false
2024-06-22T17:00:00.000Z,0.2700,0.2700,,,,,trade,false
2024-06-22T18:00:00.000Z,0.2750,0.2750,,,,,trade,false
2024-06-22T19:00:00.000Z,0.2800,0.2800,,,,,trade,false
2024-06-22T20:00:00.000Z,0.2850,0.2850,,,,,trade,false
2024-06-22T21:00:00.000Z,0.2850,0.2850,,,,,trade,false
2024-06-22T22:00:00.000Z,0.2850,0.2850,,,,,trade,false
2024-06-22T23:00:00.000Z,0.2850,0.2850,,,,,trade,false
2024-06-23T00:00:00.000Z,0.2850,0.2850,,,,,trade,false
2024-06-23T01:00:00.000Z,0.2950,0.2950,,,,,trade,false
2024-06-23T02:00:00.000Z,0.2950,0.2950,,,,,trade,false
2024-06-23T03:00:00.000Z,0.2950,0.2950,,,,,trade,false
2024-06-23T04:00:00.000Z,0.2950,0.2950,,,,,trade,false
2024-06-23T05:00:00.000Z,0.2950,0.2950,,,,,trade,false
2024-06-23T06:00:00.000Z,0.2950,0.2950,,,,,trade,false
2024-06-23T07:00:00.000Z,0.2950,0.2950,,,,,trade,false
2024-06-23T08:00:00.000Z,0.2950,0.2950,,,,,trade,false
2024-06-23T09:00:00.000Z,0.2950,0.2950,,,,,trade,false
2024-06-23T10:00:00.000Z,0.2950,0.2950,,,,,trade,false
2024-06-23T11:00:00.000Z,0.2950,0.2950,,,,,trade,false
2024-06-23T12:00:00.000Z,0.3050,0.3050,,,,,trade,false
2024-06-23T13:00:00.000Z,0.3050,0.3050,,,,,trade,false
2024-06-23T14:00:00.000Z,0.3050,0.3050,,,,,trade,false
2024-06-23T15:00:00.000Z,0.3050,0.3050,,,,,trade,false
2024-06-23T16:00:00.000Z,0.3050,0.3050,,,,,trade,false
2024-06-23T17:00:00.000Z,0.3050,0.3050,,,,,trade,false
2024-06-23T18:00:00.000Z,0.3050,0.3050,,,,,trade,false
2024-06-23T19:00:00.000Z,0.3100,0.3100,,,,,trade,false
2024-06-23T20:00:00.000Z,0.3100,0.3100,,,,,trade,false
2024-06-23T21:00:00.000Z,0.3150,0.3150,,,,,trade,false
2024-06-23T22:00:00.000Z,0.3050,0.3050,,,,,trade,false
2024-06-23T23:00:00.000Z,0.3050,0.3050,,,,,trade,false
2024-06-24T00:00:00.000Z,0.3000,0.3000,,,,,trade,false
2024-06-24T01:00:00.000Z,0.3000,0.3000,,,,,trade,false
2024-06-24T02:00:00.000Z,0.3000,0.3000,,,,,trade,false
2024-06-24T03:00:00.000Z,0.2950,0.2950,,,,,trade,false
2024-06-24T04:00:00.000Z,0.2950,0.2950,,,,,trade,false
2024-06-24T05:00:00.000Z,0.2950,0.2950,,,,,trade,false
2024-06-24T06:00:00.000Z,0.2950,0.2950,,,,,trade,false
2024-06-24T07:00:00.000Z,0.2950,0.2950,,,,,trade,false
2024-06-24T08:00:00.000Z,0.2950,0.2950,,,,,trade,false
2024-06-24T09:00:00.000Z,0.2800,0.2800,,,,,trade,false
2024-06-24T10:00:00.000Z,0.2800,0.2800,,,,,trade,false
2024-06-24T11:00:00.000Z,0.2950,0.2950,,,,,trade,false
2024-06-24T12:00:00.000Z,0.2950,0.2950,,,,,trade,false
2024-06-24T13:00:00.000Z,0.2800,0.2800,,,,,trade,false
2024-06-24T14:00:00.000Z,0.2800,0.2800,,,,,trade,false
2024-06-24T15:00:00.000Z,0.2800,0.2800,,,,,trade,false
2024-06-24T16:00:00.000Z,0.2750,0.2750,,,,,trade,false
2024-06-24T17:00:00.000Z,0.2550,0.2550,,,,,trade,false
2024-06-24T18:00:00.000Z,0.2600,0.2600,,,,,trade,false
2024-06-24T19:00:00.000Z,0.2600,0.2600,,,,,trade,false
2024-06-24T20:00:00.000Z,0.2750,0.2750,,,,,trade,false
2024-06-24T21:00:00.000Z,0.2650,0.2650,,,,,trade,false
2024-06-24T22:00:00.000Z,0.2650,0.2650,,,,,trade,false
2024-06-24T23:00:00.000Z,0.2750,0.2750,,,,,trade,false
2024-06-25T00:00:00.000Z,0.2800,0.2800,,,,,trade,false
2024-06-25T01:00:00.000Z,0.2800,0.2800,,,,,trade,false
2024-06-25T02:00:00.000Z,0.2750,0.2750,,,,,trade,false
2024-06-25T03:00:00.000Z,0.2750,0.2750,,,,,trade,false
2024-06-25T04:00:00.000Z,0.2750,0.2750,,,,,trade,false
2024-06-25T05:00:00.000Z,0.2750,0.2750,,,,,trade,false
2024-06-25T06:00:00.000Z,0.2750,0.2750,,,,,trade,false
2024-06-25T07:00:00.000Z,0.2900,0.2900,,,,,trade,false
2024-06-25T08:00:00.000Z,0.2950,0.2950,,,,,trade,false
2024-06-25T09:00:00.000Z,0.2900,0.2900,,,,,trade,false
2024-06-25T10:00:00.000Z,0.2900,0.2900,,,,,trade,false
2024-06-25T11:00:00.000Z,0.2900,0.2900,,,,,trade,false
2024-06-25T12:00:00.000Z,0.2900,0.2900,,,,,trade,false
2024-06-25T13:00:00.000Z,0.2900,0.2900,,,,,trade,false
2024-06-25T14:00:00.000Z,0.3000,0.3000,,,,,trade,false
2024-06-25T15:00:00.000Z,0.3000,0.3000,,,,,trade,false
2024-06-25T16:00:00.000Z,0.3000,0.3000,,,,,trade,false
2024-06-25T17:00:00.000Z,0.3050,0.3050,,,,,trade,false
2024-06-25T18:00:00.000Z,0.3050,0.3050,,,,,trade,false
2024-06-25T19:00:00.000Z,0.3050,0.3050,,,,,trade,false
2024-06-25T20:00:00.000Z,0.3050,0.3050,,,,,trade,false
2024-06-25T21:00:00.000Z,0.3050,0.3050,,,,,trade,false
2024-06-25T22:00:00.000Z,0.3050,0.3050,,,,,trade,false
2024-06-25T23:00:00.000Z,0.3050,0.3050,,,,,trade,false
2024-06-26T00:00:00.000Z,0.3050,0.3050,,,,,trade,false
2024-06-26T01:00:00.000Z,0.3050,0.3050,,,,,trade,false
2024-06-26T02:00:00.000Z,0.3050,0.3050,,,,,trade,false
2024-06-26T03:00:00.000Z,0.3050,0.3050,,,,,trade,false
2024-06-26T04:00:00.000Z,0.3050,0.3050,,,,,trade,false
2024-06-26T05:00:00.000Z,0.3050,0.3050,,,,,trade,false
2024-06-26T06:00:00.000Z,0.3050,0.3050,,,,,trade,false
2024-06-26T07:00:00.000Z,0.3050,0.3050,,,,,trade,false
2024-06-26T08:00:00.000Z,0.2950,0.2950,,,,,trade,false
2024-06-26T09:00:00.000Z,0.2900,0.2900,,,,,trade,false
2024-06-26T10:00:00.000Z,0.2900,0.2900,,,,,trade,false
2024-06-26T11:00:00.000Z,0.2850,0.2850,,,,,trade,false
2024-06-26T12:00:00.000Z,0.2850,0.2850,,,,,trade,false
2024-06-26T13:00:00.000Z,0.2850,0.2850,,,,,trade,false
2024-06-26T14:00:00.000Z,0.2850,0.2850,,,,,trade,false
2024-06-26T15:00:00.000Z,0.2850,0.2850,,,,,trade,false
2024-06-26T16:00:00.000Z,0.2850,0.2850,,,,,trade,false
2024-06-26T17:00:00.000Z,0.2850,0.2850,,,,,trade,false
2024-06-26T18:00:00.000Z,0.2850,0.2850,,,,,trade,false
2024-06-26T19:00:00.000Z,0.2850,0.2850,,,,,trade,false
2024-06-26T20:00:00.000Z,0.2850,0.2850,,,,,trade,false
2024-06-26T21:00:00.000Z,0.2850,0.2850,,,,,trade,false
2024-06-26T22:00:00.000Z,0.2850,0.2850,,,,,trade,false
2024-06-26T23:00:00.000Z,0.2800,0.2800,,,,,trade,false
2024-06-27T00:00:00.000Z,0.2800,0.2800,,,,,trade,false
2024-06-27T01:00:00.000Z,0.2800,0.2800,,,,,trade,false
2024-06-27T02:00:00.000Z,0.2800,0.2800,,,,,trade,false
2024-06-27T03:00:00.000Z,0.2800,0.2800,,,,,trade,false
2024-06-27T04:00:00.000Z,0.2800,0.2800,,,,,trade,false
2024-06-27T05:00:00.000Z,0.2800,0.2800,,,,,trade,false
2024-06-27T06:00:00.000Z,0.2800,0.2800,,,,,trade,false
2024-06-27T07:00:00.000Z,0.2800,0.2800,,,,,trade,false
2024-06-27T08:00:00.000Z,0.2800,0.2800,,,,,trade,false
2024-06-27T09:00:00.000Z,0.2800,0.2800,,,,,trade,false
2024-06-27T10:00:00.000Z,0.2800,0.2800,,,,,trade,false
2024-06-27T11:00:00.000Z,0.2800,0.2800,,,,,trade,false
2024-06-27T12:00:00.000Z,0.2800,0.2800,,,,,trade,false
2024-06-27T13:00:00.000Z,0.2800,0.2800,,,,,trade,false
2024-06-27T14:00:00.000Z,0.2800,0.2800,,,,,trade,false
2024-06-27T15:00:00.000Z,0.2800,0.2800,,,,,trade,false
2024-06-27T16:00:00.000Z,0.2800,0.2800,,,,,trade,false
2024-06-27T17:00:00.000Z,0.2800,0.2800,,,,,trade,false
2024-06-27T18:00:00.000Z,0.2950,0.2950,,,,,trade,false
2024-06-27T19:00:00.000Z,0.2950,0.2950,,,,,trade,false
2024-06-27T20:00:00.000Z,0.2950,0.2950,,,,,trade,false
2024-06-27T21:00:00.000Z,0.2800,0.2800,,,,,trade,false
2024-06-27T22:00:00.000Z,0.3000,0.3000,,,,,trade,false
2024-06-27T23:00:00.000Z,0.3000,0.3000,,,,,trade,false
2024-06-28T00:00:00.000Z,0.3000,0.3000,,,,,trade,false
2024-06-28T01:00:00.000Z,0.2950,0.2950,,,,,trade,false
2024-06-28T02:00:00.000Z,0.3200,0.3200,,,,,trade,false
2024-06-28T03:00:00.000Z,0.3200,0.3200,,,,,trade,false
2024-06-28T04:00:00.000Z,0.3250,0.3250,,,,,trade,false
2024-06-28T05:00:00.000Z,0.3250,0.3250,,,,,trade,false
2024-06-28T06:00:00.000Z,0.3250,0.3250,,,,,trade,false
2024-06-28T07:00:00.000Z,0.3200,0.3200,,,,,trade,false
2024-06-28T08:00:00.000Z,0.3200,0.3200,,,,,trade,false
2024-06-28T09:00:00.000Z,0.3200,0.3200,,,,,trade,false
2024-06-28T10:00:00.000Z,0.3200,0.3200,,,,,trade,false
2024-06-28T11:00:00.000Z,0.3150,0.3150,,,,,trade,false
2024-06-28T12:00:00.000Z,0.3150,0.3150,,,,,trade,false
2024-06-28T13:00:00.000Z,0.2750,0.2750,,,,,trade,false
2024-06-28T14:00:00.000Z,0.2750,0.2750,,,,,trade,false
2024-06-28T15:00:00.000Z,0.2750,0.2750,,,,,trade,false
2024-06-28T16:00:00.000Z,0.2750,0.2750,,,,,trade,false
2024-06-28T17:00:00.000Z,0.2750,0.2750,,,,,trade,false
2024-06-28T18:00:00.000Z,0.2750,0.2750,,,,,trade,false
2024-06-28T19:00:00.000Z,0.2750,0.2750,,,,,trade,false
2024-06-28T20:00:00.000Z,0.2750,0.2750,,,,,trade,false
2024-06-28T21:00:00.000Z,0.2750,0.2750,,,,,trade,false
2024-06-28T22:00:00.000Z,0.2950,0.2950,,,,,trade,false
2024-06-28T23:00:00.000Z,0.3000,0.3000,,,,,trade,false
2024-06-29T00:00:00.000Z,0.3000,0.3000,,,,,trade,false
2024-06-29T01:00:00.000Z,0.3000,0.3000,,,,,trade,false
2024-06-29T02:00:00.000Z,0.3000,0.3000,,,,,trade,false
2024-06-29T03:00:00.000Z,0.3000,0.3000,,,,,trade,false
2024-06-29T04:00:00.000Z,0.3000,0.3000,,,,,trade,false
2024-06-29T05:00:00.000Z,0.3000,0.3000,,,,,trade,false
2024-06-29T06:00:00.000Z,0.3000,0.3000,,,,,trade,false
2024-06-29T07:00:00.000Z,0.3000,0.3000,,,,,trade,false
2024-06-29T08:00:00.000Z,0.3000,0.3000,,,,,trade,false
2024-06-29T09:00:00.000Z,0.3000,0.3000,,,,,trade,false
2024-06-29T10:00:00.000Z,0.3000,0.3000,,,,,trade,false
2024-06-29T11:00:00.000Z,0.3000,0.3000,,,,,trade,false
2024-06-29T12:00:00.000Z,0.3000,0.3000,,,,,trade,false
2024-06-29T13:00:00.000Z,0.3000,0.3000,,,,,trade,false
2024-06-29T14:00:00.000Z,0.3000,0.3000,,,,,trade,false
2024-06-29T15:00:00.000Z,0.3000,0.3000,,,,,trade,false
2024-06-29T16:00:00.000Z,0.3000,0.3000,,,,,trade,false
2024-06-29T17:00:00.000Z,0.3000,0.3000,,,,,trade,false
2024-06-29T18:00:00.000Z,0.3000,0.3000,,,,,trade,false
2024-06-29T19:00:00.000Z,0.3000,0.3000,,,,,trade,false
2024-06-29T20:00:00.000Z,0.3000,0.3000,,,,,trade,false
2024-06-29T21:00:00.000Z,0.3000,0.3000,,,,,trade,false
2024-06-29T22:00:00.000Z,0.3000,0.3000,,,,,trade,false
2024-06-29T23:00:00.000Z,0.3000,0.3000,,,,,trade,false
2024-06-30T00:00:00.000Z,0.3000,0.3000,,,,,trade,false
2024-06-30T01:00:00.000Z,0.3000,0.3000,,,,,trade,false
2024-06-30T02:00:00.000Z,0.3000,0.3000,,,,,trade,false
2024-06-30T03:00:00.000Z,0.3000,0.3000,,,,,trade,false
2024-06-30T04:00:00.000Z,0.3000,0.3000,,,,,trade,false
2024-06-30T05:00:00.000Z,0.3000,0.3000,,,,,trade,false
2024-06-30T06:00:00.000Z,0.3000,0.3000,,,,,trade,false
2024-06-30T07:00:00.000Z,0.3000,0.3000,,,,,trade,false
2024-06-30T08:00:00.000Z,0.3000,0.3000,,,,,trade,false
2024-06-30T09:00:00.000Z,0.3000,0.3000,,,,,trade,false
2024-06-30T10:00:00.000Z,0.3000,0.3000,,,,,trade,false
2024-06-30T11:00:00.000Z,0.3000,0.3000,,,,,trade,false
2024-06-30T12:00:00.000Z,0.3000,0.3000,,,,,trade,false
2024-06-30T13:00:00.000Z,0.3000,0.3000,,,,,trade,false
2024-06-30T14:00:00.000Z,0.3100,0.3100,,,,,trade,false
2024-06-30T15:00:00.000Z,0.3200,0.3200,,,,,trade,false
2024-06-30T16:00:00.000Z,0.3150,0.3150,,,,,trade,false
2024-06-30T17:00:00.000Z,0.3100,0.3100,,,,,trade,false
2024-06-30T18:00:00.000Z,0.3100,0.3100,,,,,trade,false
2024-06-30T19:00:00.000Z,0.3100,0.3100,,,,,trade,false
2024-06-30T20:00:00.000Z,0.3100,0.3100,,,,,trade,false
2024-06-30T21:00:00.000Z,0.3100,0.3100,,,,,trade,false
2024-06-30T22:00:00.000Z,0.3100,0.3100,,,,,trade,false
2024-06-30T23:00:00.000Z,0.3100,0.3100,,,,,trade,false
2024-07-01T00:00:00.000Z,0.3100,0.3100,,,,,trade,false
2024-07-01T01:00:00.000Z,0.3100,0.3100,,,,,trade,false
2024-07-01T02:00:00.000Z,0.3100,0.3100,,,,,trade,false
2024-07-01T03:00:00.000Z,0.3100,0.3100,,,,,trade,false
2024-07-01T04:00:00.000Z,0.3100,0.3100,,,,,trade,false
2024-07-01T05:00:00.000Z,0.3100,0.3100,,,,,trade,false
2024-07-01T06:00:00.000Z,0.3100,0.3100,,,,,trade,false
2024-07-01T07:00:00.000Z,0.3100,0.3100,,,,,trade,false
2024-07-01T08:00:00.000Z,0.3100,0.3100,,,,,trade,false
2024-07-01T09:00:00.000Z,0.3050,0.3050,,,,,trade,false
2024-07-01T10:00:00.000Z,0.3050,0.3050,,,,,trade,false
2024-07-01T11:00:00.000Z,0.3100,0.3100,,,,,trade,false
2024-07-01T12:00:00.000Z,0.3150,0.3150,,,,,trade,false
2024-07-01T13:00:00.000Z,0.3200,0.3200,,,,,trade,false
2024-07-01T14:00:00.000Z,0.3300,0.3300,,,,,trade,false
2024-07-01T15:00:00.000Z,0.3300,0.3300,,,,,trade,false
2024-07-01T16:00:00.000Z,0.3300,0.3300,,,,,trade,false
2024-07-01T17:00:00.000Z,0.3300,0.3300,,,,,trade,false
2024-07-01T18:00:00.000Z,0.3150,0.3150,,,,,trade,false
2024-07-01T19:00:00.000Z,0.3150,0.3150,,,,,trade,false
2024-07-01T20:00:00.000Z,0.3400,0.3400,,,,,trade,false
2024-07-01T21:00:00.000Z,0.3400,0.3400,,,,,trade,false
2024-07-01T22:00:00.000Z,0.3400,0.3400,,,,,trade,false
2024-07-01T23:00:00.000Z,0.3400,0.3400,,,,,trade,false
2024-07-02T00:00:00.000Z,0.3400,0.3400,,,,,trade,false
2024-07-02T01:00:00.000Z,0.3400,0.3400,,,,,trade,false
2024-07-02T02:00:00.000Z,0.3150,0.3150,,,,,trade,false
2024-07-02T03:00:00.000Z,0.3100,0.3100,,,,,trade,false
2024-07-02T04:00:00.000Z,0.3100,0.3100,,,,,trade,false
2024-07-02T05:00:00.000Z,0.3100,0.3100,,,,,trade,false
2024-07-02T06:00:00.000Z,0.3250,0.3250,,,,,trade,false
2024-07-02T07:00:00.000Z,0.3250,0.3250,,,,,trade,false
2024-07-02T08:00:00.000Z,0.3250,0.3250,,,,,trade,false
2024-07-02T09:00:00.000Z,0.3300,0.3300,,,,,trade,false
2024-07-02T10:00:00.000Z,0.3300,0.3300,,,,,trade,false
2024-07-02T11:00:00.000Z,0.3250,0.3250,,,,,trade,false
2024-07-02T12:00:00.000Z,0.3300,0.3300,,,,,trade,false
2024-07-02T13:00:00.000Z,0.3300,0.3300,,,,,trade,false
2024-07-02T14:00:00.000Z,0.3300,0.3300,,,,,trade,false
2024-07-02T15:00:00.000Z,0.3300,0.3300,,,,,trade,false
2024-07-02T16:00:00.000Z,0.3300,0.3300,,,,,trade,false
2024-07-02T17:00:00.000Z,0.3300,0.3300,,,,,trade,false
2024-07-02T18:00:00.000Z,0.3150,0.3150,,,,,trade,false
2024-07-02T19:00:00.000Z,0.3150,0.3150,,,,,trade,false
2024-07-02T20:00:00.000Z,0.3150,0.3150,,,,,trade,false
2024-07-02T21:00:00.000Z,0.3150,0.3150,,,,,trade,false
2024-07-02T22:00:00.000Z,0.3150,0.3150,,,,,trade,false
2024-07-02T23:00:00.000Z,0.3150,0.3150,,,,,trade,false
2024-07-03T00:00:00.000Z,0.3150,0.3150,,,,,trade,false
2024-07-03T01:00:00.000Z,0.3150,0.3150,,,,,trade,false
2024-07-03T02:00:00.000Z,0.3050,0.3050,,,,,trade,false
2024-07-03T03:00:00.000Z,0.3050,0.3050,,,,,trade,false
2024-07-03T04:00:00.000Z,0.3050,0.3050,,,,,trade,false
2024-07-03T05:00:00.000Z,0.3050,0.3050,,,,,trade,false
2024-07-03T06:00:00.000Z,0.3050,0.3050,,,,,trade,false
2024-07-03T07:00:00.000Z,0.3050,0.3050,,,,,trade,false
2024-07-03T08:00:00.000Z,0.3050,0.3050,,,,,trade,false
2024-07-03T09:00:00.000Z,0.3050,0.3050,,,,,trade,false
2024-07-03T10:00:00.000Z,0.3050,0.3050,,,,,trade,false
2024-07-03T11:00:00.000Z,0.3050,0.3050,,,,,trade,false
2024-07-03T12:00:00.000Z,0.3050,0.3050,,,,,trade,false
2024-07-03T13:00:00.000Z,0.3050,0.3050,,,,,trade,false
2024-07-03T14:00:00.000Z,0.3050,0.3050,,,,,trade,false
2024-07-03T15:00:00.000Z,0.3000,0.3000,,,,,trade,false
2024-07-03T16:00:00.000Z,0.3000,0.3000,,,,,trade,false
2024-07-03T17:00:00.000Z,0.3050,0.3050,,,,,trade,false
2024-07-03T18:00:00.000Z,0.3050,0.3050,,,,,trade,false
2024-07-03T19:00:00.000Z,0.3050,0.3050,,,,,trade,false
2024-07-03T20:00:00.000Z,0.2700,0.2700,,,,,trade,false
2024-07-03T21:00:00.000Z,0.2700,0.2700,,,,,trade,false
2024-07-03T22:00:00.000Z,0.2700,0.2700,,,,,trade,false
2024-07-03T23:00:00.000Z,0.2950,0.2950,,,,,trade,false
2024-07-04T00:00:00.000Z,0.2950,0.2950,,,,,trade,false
2024-07-04T01:00:00.000Z,0.2950,0.2950,,,,,trade,false
2024-07-04T02:00:00.000Z,0.2900,0.2900,,,,,trade,false
2024-07-04T03:00:00.000Z,0.2900,0.2900,,,,,trade,false
2024-07-04T04:00:00.000Z,0.2900,0.2900,,,,,trade,false
2024-07-04T05:00:00.000Z,0.2900,0.2900,,,,,trade,false
2024-07-04T06:00:00.000Z,0.2850,0.2850,,,,,trade,false
2024-07-04T07:00:00.000Z,0.2850,0.2850,,,,,trade,false
2024-07-04T08:00:00.000Z,0.2850,0.2850,,,,,trade,false
2024-07-04T09:00:00.000Z,0.2700,0.2700,,,,,trade,false
2024-07-04T10:00:00.000Z,0.2750,0.2750,,,,,trade,false
2024-07-04T11:00:00.000Z,0.2750,0.2750,,,,,trade,false
2024-07-04T12:00:00.000Z,0.2800,0.2800,,,,,trade,false
2024-07-04T13:00:00.000Z,0.2750,0.2750,,,,,trade,false
2024-07-04T14:00:00.000Z,0.2800,0.2800,,,,,trade,false
2024-07-04T15:00:00.000Z,0.2800,0.2800,,,,,trade,false
2024-07-04T16:00:00.000Z,0.2800,0.2800,,,,,trade,false
2024-07-04T17:00:00.000Z,0.2800,0.2800,,,,,trade,false
2024-07-04T18:00:00.000Z,0.2800,0.2800,,,,,trade,false
2024-07-04T19:00:00.000Z,0.2800,0.2800,,,,,trade,false
2024-07-04T20:00:00.000Z,0.2800,0.2800,,,,,trade,false
2024-07-04T21:00:00.000Z,0.2800,0.2800,,,,,trade,false
2024-07-04T22:00:00.000Z,0.2800,0.2800,,,,,trade,false
2024-07-04T23:00:00.000Z,0.2800,0.2800,,,,,trade,false
2024-07-05T00:00:00.000Z,0.2750,0.2750,,,,,trade,false
2024-07-05T01:00:00.000Z,0.2800,0.2800,,,,,trade,false
2024-07-05T02:00:00.000Z,0.2800,0.2800,,,,,trade,false
2024-07-05T03:00:00.000Z,0.2800,0.2800,,,,,trade,false
2024-07-05T04:00:00.000Z,0.2700,0.2700,,,,,trade,false
2024-07-05T05:00:00.000Z,0.2600,0.2600,,,,,trade,false
2024-07-05T06:00:00.000Z,0.2550,0.2550,,,,,trade,false
2024-07-05T07:00:00.000Z,0.2550,0.2550,,,,,trade,false
2024-07-05T08:00:00.000Z,0.2550,0.2550,,,,,trade,false
2024-07-05T09:00:00.000Z,0.2500,0.2500,,,,,trade,false
2024-07-05T10:00:00.000Z,0.2500,0.2500,,,,,trade,false
2024-07-05T11:00:00.000Z,0.2650,0.2650,,,,,trade,false
2024-07-05T12:00:00.000Z,0.2600,0.2600,,,,,trade,false
2024-07-05T13:00:00.000Z,0.2600,0.2600,,,,,trade,false
2024-07-05T14:00:00.000Z,0.2600,0.2600,,,,,trade,false
2024-07-05T15:00:00.000Z,0.2600,0.2600,,,,,trade,false
2024-07-05T16:00:00.000Z,0.2600,0.2600,,,,,trade,false
2024-07-05T17:00:00.000Z,0.2500,0.2500,,,,,trade,false
2024-07-05T18:00:00.000Z,0.2650,0.2650,,,,,trade,false
2024-07-05T19:00:00.000Z,0.2550,0.2550,,,,,trade,false
2024-07-05T20:00:00.000Z,0.2500,0.2500,,,,,trade,false
2024-07-05T21:00:00.000Z,0.2500,0.2500,,,,,trade,false
2024-07-05T22:00:00.000Z,0.2500,0.2500,,,,,trade,false
2024-07-05T23:00:00.000Z,0.2500,0.2500,,,,,trade,false
2024-07-06T00:00:00.000Z,0.2500,0.2500,,,,,trade,false
2024-07-06T01:00:00.000Z,0.2400,0.2400,,,,,trade,false
2024-07-06T02:00:00.000Z,0.2550,0.2550,,,,,trade,false
2024-07-06T03:00:00.000Z,0.2550,0.2550,,,,,trade,false
2024-07-06T04:00:00.000Z,0.2550,0.2550,,,,,trade,false
2024-07-06T05:00:00.000Z,0.2550,0.2550,,,,,trade,false
2024-07-06T06:00:00.000Z,0.2550,0.2550,,,,,trade,false
2024-07-06T07:00:00.000Z,0.2450,0.2450,,,,,trade,false
2024-07-06T08:00:00.000Z,0.2450,0.2450,,,,,trade,false
2024-07-06T09:00:00.000Z,0.2450,0.2450,,,,,trade,false
2024-07-06T10:00:00.000Z,0.2450,0.2450,,,,,trade,false
2024-07-06T11:00:00.000Z,0.2450,0.2450,,,,,trade,false
2024-07-06T12:00:00.000Z,0.2450,0.2450,,,,,trade,false
2024-07-06T13:00:00.000Z,0.2450,0.2450,,,,,trade,false
2024-07-06T14:00:00.000Z,0.2500,0.2500,,,,,trade,false
2024-07-06T15:00:00.000Z,0.2500,0.2500,,,,,trade,false
2024-07-06T16:00:00.000Z,0.2550,0.2550,,,,,trade,false
2024-07-06T17:00:00.000Z,0.2550,0.2550,,,,,trade,false
2024-07-06T18:00:00.000Z,0.2600,0.2600,,,,,trade,false
2024-07-06T19:00:00.000Z,0.2600,0.2600,,,,,trade,false
2024-07-06T20:00:00.000Z,0.2600,0.2600,,,,,trade,false
2024-07-06T21:00:00.000Z,0.2800,0.2800,,,,,trade,false
2024-07-06T22:00:00.000Z,0.2800,0.2800,,,,,trade,false
2024-07-06T23:00:00.000Z,0.2800,0.2800,,,,,trade,false
2024-07-07T00:00:00.000Z,0.2800,0.2800,,,,,trade,false
2024-07-07T01:00:00.000Z,0.2800,0.2800,,,,,trade,false
2024-07-07T02:00:00.000Z,0.2800,0.2800,,,,,trade,false
2024-07-07T03:00:00.000Z,0.2800,0.2800,,,,,trade,false
2024-07-07T04:00:00.000Z,0.2800,0.2800,,,,,trade,false
2024-07-07T05:00:00.000Z,0.2800,0.2800,,,,,trade,false
2024-07-07T06:00:00.000Z,0.2800,0.2800,,,,,trade,false
2024-07-07T07:00:00.000Z,0.2750,0.2750,,,,,trade,false
2024-07-07T08:00:00.000Z,0.2700,0.2700,,,,,trade,false
2024-07-07T09:00:00.000Z,0.2750,0.2750,,,,,trade,false
2024-07-07T10:00:00.000Z,0.2800,0.2800,,,,,trade,false
2024-07-07T11:00:00.000Z,0.2800,0.2800,,,,,trade,false
2024-07-07T12:00:00.000Z,0.2800,0.2800,,,,,trade,false
2024-07-07T13:00:00.000Z,0.2800,0.2800,,,,,trade,false
2024-07-07T14:00:00.000Z,0.2800,0.2800,,,,,trade,false
2024-07-07T15:00:00.000Z,0.2750,0.2750,,,,,trade,false
2024-07-07T16:00:00.000Z,0.2750,0.2750,,,,,trade,false
2024-07-07T17:00:00.000Z,0.2750,0.2750,,,,,trade,false
2024-07-07T18:00:00.000Z,0.2700,0.2700,,,,,trade,false
2024-07-07T19:00:00.000Z,0.2700,0.2700,,,,,trade,false
2024-07-07T20:00:00.000Z,0.2700,0.2700,,,,,trade,false
2024-07-07T21:00:00.000Z,0.2650,0.2650,,,,,trade,false
2024-07-07T22:00:00.000Z,0.2650,0.2650,,,,,trade,false
2024-07-07T23:00:00.000Z,0.2750,0.2750,,,,,trade,false
2024-07-08T00:00:00.000Z,0.2750,0.2750,,,,,trade,false
2024-07-08T01:00:00.000Z,0.2700,0.2700,,,,,trade,false
2024-07-08T02:00:00.000Z,0.2650,0.2650,,,,,trade,false
2024-07-08T03:00:00.000Z,0.2600,0.2600,,,,,trade,false
2024-07-08T04:00:00.000Z,0.2600,0.2600,,,,,trade,false
2024-07-08T05:00:00.000Z,0.2600,0.2600,,,,,trade,false
2024-07-08T06:00:00.000Z,0.2600,0.2600,,,,,trade,false
2024-07-08T07:00:00.000Z,0.2650,0.2650,,,,,trade,false
2024-07-08T08:00:00.000Z,0.2650,0.2650,,,,,trade,false
2024-07-08T09:00:00.000Z,0.2700,0.2700,,,,,trade,false
2024-07-08T10:00:00.000Z,0.2700,0.2700,,,,,trade,false
2024-07-08T11:00:00.000Z,0.2700,0.2700,,,,,trade,false
2024-07-08T12:00:00.000Z,0.2800,0.2800,,,,,trade,false
2024-07-08T13:00:00.000Z,0.2800,0.2800,,,,,trade,false
2024-07-08T14:00:00.000Z,0.2850,0.2850,,,,,trade,false
2024-07-08T15:00:00.000Z,0.2850,0.2850,,,,,trade,false
2024-07-08T16:00:00.000Z,0.2850,0.2850,,,,,trade,false
2024-07-08T17:00:00.000Z,0.2800,0.2800,,,,,trade,false
2024-07-08T18:00:00.000Z,0.2800,0.2800,,,,,trade,false
2024-07-08T19:00:00.000Z,0.2850,0.2850,,,,,trade,false
2024-07-08T20:00:00.000Z,0.2750,0.2750,,,,,trade,false
2024-07-08T21:00:00.000Z,0.2600,0.2600,,,,,trade,false
2024-07-08T22:00:00.000Z,0.2600,0.2600,,,,,trade,false
2024-07-08T23:00:00.000Z,0.2550,0.2550,,,,,trade,false
2024-07-09T00:00:00.000Z,0.2600,0.2600,,,,,trade,false
2024-07-09T01:00:00.000Z,0.2600,0.2600,,,,,trade,false
2024-07-09T02:00:00.000Z,0.2600,0.2600,,,,,trade,false
2024-07-09T03:00:00.000Z,0.2550,0.2550,,,,,trade,false
2024-07-09T04:00:00.000Z,0.2550,0.2550,,,,,trade,false
2024-07-09T05:00:00.000Z,0.2550,0.2550,,,,,trade,false
2024-07-09T06:00:00.000Z,0.2550,0.2550,,,,,trade,false
2024-07-09T07:00:00.000Z,0.2500,0.2500,,,,,trade,false
2024-07-09T08:00:00.000Z,0.2500,0.2500,,,,,trade,false
2024-07-09T09:00:00.000Z,0.2500,0.2500,,,,,trade,false
2024-07-09T10:00:00.000Z,0.2500,0.2500,,,,,trade,false
2024-07-09T11:00:00.000Z,0.2600,0.2600,,,,,trade,false
2024-07-09T12:00:00.000Z,0.2600,0.2600,,,,,trade,false
2024-07-09T13:00:00.000Z,0.2600,0.2600,,,,,trade,false
2024-07-09T14:00:00.000Z,0.2600,0.2600,,,,,trade,false
2024-07-09T15:00:00.000Z,0.2600,0.2600,,,,,trade,false
2024-07-09T16:00:00.000Z,0.2600,0.2600,,,,,trade,false
2024-07-09T17:00:00.000Z,0.2600,0.2600,,,,,trade,false
2024-07-09T18:00:00.000Z,0.2600,0.2600,,,,,trade,false
2024-07-09T19:00:00.000Z,0.2650,0.2650,,,,,trade,false
2024-07-09T20:00:00.000Z,0.2650,0.2650,,,,,trade,false
2024-07-09T21:00:00.000Z,0.2700,0.2700,,,,,trade,false
2024-07-09T22:00:00.000Z,0.2750,0.2750,,,,,trade,false
2024-07-09T23:00:00.000Z,0.2750,0.2750,,,,,trade,false
2024-07-10T00:00:00.000Z,0.2750,0.2750,,,,,trade,false
2024-07-10T01:00:00.000Z,0.2800,0.2800,,,,,trade,false
2024-07-10T02:00:00.000Z,0.2800,0.2800,,,,,trade,false
2024-07-10T03:00:00.000Z,0.2750,0.2750,,,,,trade,false
2024-07-10T04:00:00.000Z,0.2750,0.2750,,,,,trade,false
2024-07-10T05:00:00.000Z,0.2750,0.2750,,,,,trade,false
2024-07-10T06:00:00.000Z,0.2750,0.2750,,,,,trade,false
2024-07-10T07:00:00.000Z,0.2750,0.2750,,,,,trade,false
2024-07-10T08:00:00.000Z,0.2800,0.2800,,,,,trade,false
2024-07-10T09:00:00.000Z,0.2800,0.2800,,,,,trade,false
2024-07-10T10:00:00.000Z,0.2800,0.2800,,,,,trade,false
2024-07-10T11:00:00.000Z,0.2800,0.2800,,,,,trade,false
2024-07-10T12:00:00.000Z,0.2800,0.2800,,,,,trade,false
2024-07-10T13:00:00.000Z,0.2800,0.2800,,,,,trade,false
2024-07-10T14:00:00.000Z,0.2800,0.2800,,,,,trade,false
2024-07-10T15:00:00.000Z,0.2800,0.2800,,,,,trade,false
2024-07-10T16:00:00.000Z,0.2800,0.2800,,,,,trade,false
2024-07-10T17:00:00.000Z,0.2800,0.2800,,,,,trade,false
2024-07-10T18:00:00.000Z,0.2850,0.2850,,,,,trade,false
2024-07-10T19:00:00.000Z,0.2850,0.2850,,,,,trade,false
2024-07-10T20:00:00.000Z,0.2850,0.2850,,,,,trade,false
2024-07-10T21:00:00.000Z,0.2850,0.2850,,,,,trade,false
2024-07-10T22:00:00.000Z,0.2850,0.2850,,,,,trade,false
2024-07-10T23:00:00.000Z,0.2850,0.2850,,,,,trade,false
2024-07-11T00:00:00.000Z,0.2850,0.2850,,,,,trade,false
2024-07-11T01:00:00.000Z,0.2850,0.2850,,,,,trade,false
2024-07-11T02:00:00.000Z,0.2850,0.2850,,,,,trade,false
2024-07-11T03:00:00.000Z,0.2850,0.2850,,,,,trade,false
2024-07-11T04:00:00.000Z,0.2850,0.2850,,,,,trade,false
2024-07-11T05:00:00.000Z,0.2850,0.2850,,,,,trade,false
2024-07-11T06:00:00.000Z,0.2850,0.2850,,,,,trade,false
2024-07-11T07:00:00.000Z,0.2850,0.2850,,,,,trade,false
2024-07-11T08:00:00.000Z,0.2850,0.2850,,,,,trade,false
2024-07-11T09:00:00.000Z,0.2850,0.2850,,,,,trade,false
2024-07-11T10:00:00.000Z,0.2850,0.2850,,,,,trade,false
2024-07-11T11:00:00.000Z,0.2850,0.2850,,,,,trade,false
2024-07-11T12:00:00.000Z,0.2850,0.2850,,,,,trade,false
2024-07-11T13:00:00.000Z,0.2850,0.2850,,,,,trade,false
2024-07-11T14:00:00.000Z,0.2850,0.2850,,,,,trade,false
2024-07-11T15:00:00.000Z,0.2850,0.2850,,,,,trade,false
2024-07-11T16:00:00.000Z,0.2850,0.2850,,,,,trade,false
2024-07-11T17:00:00.000Z,0.2850,0.2850,,,,,trade,false
2024-07-11T18:00:00.000Z,0.2850,0.2850,,,,,trade,false
2024-07-11T19:00:00.000Z,0.2850,0.2850,,,,,trade,false
2024-07-11T20:00:00.000Z,0.2850,0.2850,,,,,trade,false
2024-07-11T21:00:00.000Z,0.2850,0.2850,,,,,trade,false
2024-07-11T22:00:00.000Z,0.2850,0.2850,,,,,trade,false
2024-07-11T23:00:00.000Z,0.2850,0.2850,,,,,trade,false
2024-07-12T00:00:00.000Z,0.2850,0.2850,,,,,trade,false
2024-07-12T01:00:00.000Z,0.2850,0.2850,,,,,trade,false
2024-07-12T02:00:00.000Z,0.2850,0.2850,,,,,trade,false
2024-07-12T03:00:00.000Z,0.2850,0.2850,,,,,trade,false
2024-07-12T04:00:00.000Z,0.2850,0.2850,,,,,trade,false
2024-07-12T05:00:00.000Z,0.2850,0.2850,,,,,trade,false
2024-07-12T06:00:00.000Z,0.2850,0.2850,,,,,trade,false
2024-07-12T07:00:00.000Z,0.2850,0.2850,,,,,trade,false
2024-07-12T08:00:00.000Z,0.2850,0.2850,,,,,trade,false
2024-07-12T09:00:00.000Z,0.2850,0.2850,,,,,trade,false
2024-07-12T10:00:00.000Z,0.2850,0.2850,,,,,trade,false
2024-07-12T11:00:00.000Z,0.2850,0.2850,,,,,trade,false
2024-07-12T12:00:00.000Z,0.2850,0.2850,,,,,trade,false
2024-07-12T13:00:00.000Z,0.2850,0.2850,,,,,trade,false
2024-07-12T14:00:00.000Z,0.2850,0.2850,,,,,trade,false
2024-07-12T15:00:00.000Z,0.2850,0.2850,,,,,trade,false
2024-07-12T16:00:00.000Z,0.2850,0.2850,,,,,trade,false
2024-07-12T17:00:00.000Z,0.2850,0.2850,,,,,trade,false
2024-07-12T18:00:00.000Z,0.2850,0.2850,,,,,trade,false
2024-07-12T19:00:00.000Z,0.2850,0.2850,,,,,trade,false
2024-07-12T20:00:00.000Z,0.2850,0.2850,,,,,trade,false
2024-07-12T21:00:00.000Z,0.2850,0.2850,,,,,trade,false
2024-07-12T22:00:00.000Z,0.2850,0.2850,,,,,trade,false
2024-07-12T23:00:00.000Z,0.2850,0.2850,,,,,trade,false
2024-07-13T00:00:00.000Z,0.2850,0.2850,,,,,trade,false
2024-07-13T01:00:00.000Z,0.2850,0.2850,,,,,trade,false
2024-07-13T02:00:00.000Z,0.2850,0.2850,,,,,trade,false
2024-07-13T03:00:00.000Z,0.2850,0.2850,,,,,trade,false
2024-07-13T04:00:00.000Z,0.2850,0.2850,,,,,trade,false
2024-07-13T05:00:00.000Z,0.2850,0.2850,,,,,trade,false
2024-07-13T06:00:00.000Z,0.2850,0.2850,,,,,trade,false
2024-07-13T07:00:00.000Z,0.2850,0.2850,,,,,trade,false
2024-07-13T08:00:00.000Z,0.2850,0.2850,,,,,trade,false
2024-07-13T09:00:00.000Z,0.2850,0.2850,,,,,trade,false
2024-07-13T10:00:00.000Z,0.2850,0.2850,,,,,trade,false
2024-07-13T11:00:00.000Z,0.2850,0.2850,,,,,trade,false
2024-07-13T12:00:00.000Z,0.2850,0.2850,,,,,trade,false
2024-07-13T13:00:00.000Z,0.2850,0.2850,,,,,trade,false
2024-07-13T14:00:00.000Z,0.2850,0.2850,,,,,trade,false
2024-07-13T15:00:00.000Z,0.2850,0.2850,,,,,trade,false
2024-07-13T16:00:00.000Z,0.2850,0.2850,,,,,trade,false
2024-07-13T17:00:00.000Z,0.2850,0.2850,,,,,trade,false
2024-07-13T18:00:00.000Z,0.2850,0.2850,,,,,trade,false
2024-07-13T19:00:00.000Z,0.2850,0.2850,,,,,trade,false
2024-07-13T20:00:00.000Z,0.2850,0.2850,,,,,trade,false
2024-07-13T21:00:00.000Z,0.2850,0.2850,,,,,trade,false
2024-07-13T22:00:00.000Z,0.2850,0.2850,,,,,trade,false
2024-07-13T23:00:00.000Z,0.2850,0.2850,,,,,trade,false
2024-07-14T00:00:00.000Z,0.2850,0.2850,,,,,trade,false
2024-07-14T01:00:00.000Z,0.2900,0.2900,,,,,trade,false
2024-07-14T02:00:00.000Z,0.2900,0.2900,,,,,trade,false
2024-07-14T03:00:00.000Z,0.2900,0.2900,,,,,trade,false
2024-07-14T04:00:00.000Z,0.2900,0.2900,,,,,trade,false
2024-07-14T05:00:00.000Z,0.2900,0.2900,,,,,trade,false
2024-07-14T06:00:00.000Z,0.2900,0.2900,,,,,trade,false
2024-07-14T07:00:00.000Z,0.2900,0.2900,,,,,trade,false
2024-07-14T08:00:00.000Z,0.2900,0.2900,,,,,trade,false
2024-07-14T09:00:00.000Z,0.2900,0.2900,,,,,trade,false
2024-07-14T10:00:00.000Z,0.2900,0.2900,,,,,trade,false
2024-07-14T11:00:00.000Z,0.2900,0.2900,,,,,trade,false
2024-07-14T12:00:00.000Z,0.2900,0.2900,,,,,trade,false
2024-07-14T13:00:00.000Z,0.2900,0.2900,,,,,trade,false
2024-07-14T14:00:00.000Z,0.3100,0.3100,,,,,trade,false
2024-07-14T15:00:00.000Z,0.3100,0.3100,,,,,trade,false
2024-07-14T16:00:00.000Z,0.3100,0.3100,,,,,trade,false
2024-07-14T17:00:00.000Z,0.3100,0.3100,,,,,trade,false
2024-07-14T18:00:00.000Z,0.3100,0.3100,,,,,trade,false
2024-07-14T19:00:00.000Z,0.3100,0.3100,,,,,trade,false
2024-07-14T20:00:00.000Z,0.3100,0.3100,,,,,trade,false
2024-07-14T21:00:00.000Z,0.3100,0.3100,,,,,trade,false
2024-07-14T22:00:00.000Z,0.3100,0.3100,,,,,trade,false
2024-07-14T23:00:00.000Z,0.3100,0.3100,,,,,trade,false
2024-07-15T00:00:00.000Z,0.3050,0.3050,,,,,trade,false
2024-07-15T01:00:00.000Z,0.3050,0.3050,,,,,trade,false
2024-07-15T02:00:00.000Z,0.3100,0.3100,,,,,trade,false
2024-07-15T03:00:00.000Z,0.3100,0.3100,,,,,trade,false
2024-07-15T04:00:00.000Z,0.3100,0.3100,,,,,trade,false
2024-07-15T05:00:00.000Z,0.3100,0.3100,,,,,trade,false
2024-07-15T06:00:00.000Z,0.3100,0.3100,,,,,trade,false
2024-07-15T07:00:00.000Z,0.3100,0.3100,,,,,trade,false
2024-07-15T08:00:00.000Z,0.3100,0.3100,,,,,trade,false
2024-07-15T09:00:00.000Z,0.3100,0.3100,,,,,trade,false
2024-07-15T10:00:00.000Z,0.3100,0.3100,,,,,trade,false
2024-07-15T11:00:00.000Z,0.3100,0.3100,,,,,trade,false
2024-07-15T12:00:00.000Z,0.3100,0.3100,,,,,trade,false
2024-07-15T13:00:00.000Z,0.3250,0.3250,,,,,trade,false
2024-07-15T14:00:00.000Z,0.3250,0.3250,,,,,trade,false
2024-07-15T15:00:00.000Z,0.3250,0.3250,,,,,trade,false
2024-07-15T16:00:00.000Z,0.3250,0.3250,,,,,trade,false
2024-07-15T17:00:00.000Z,0.3250,0.3250,,,,,trade,false
2024-07-15T18:00:00.000Z,0.3250,0.3250,,,,,trade,false
2024-07-15T19:00:00.000Z,0.3250,0.3250,,,,,trade,false
2024-07-15T20:00:00.000Z,0.3250,0.3250,,,,,trade,false
2024-07-15T21:00:00.000Z,0.3250,0.3250,,,,,trade,false
2024-07-15T22:00:00.000Z,0.3250,0.3250,,,,,trade,false
2024-07-15T23:00:00.000Z,0.3250,0.3250,,,,,trade,false
2024-07-16T00:00:00.000Z,0.3250,0.3250,,,,,trade,false
2024-07-16T01:00:00.000Z,0.3300,0.3300,,,,,trade,false
2024-07-16T02:00:00.000Z,0.3300,0.3300,,,,,trade,false
2024-07-16T03:00:00.000Z,0.3500,0.3500,,,,,trade,false
2024-07-16T04:00:00.000Z,0.3500,0.3500,,,,,trade,false
2024-07-16T05:00:00.000Z,0.3500,0.3500,,,,,trade,false
2024-07-16T06:00:00.000Z,0.3450,0.3450,,,,,trade,false
2024-07-16T07:00:00.000Z,0.3450,0.3450,,,,,trade,false
2024-07-16T08:00:00.000Z,0.3450,0.3450,,,,,trade,false
2024-07-16T09:00:00.000Z,0.3450,0.3450,,,,,trade,false
2024-07-16T10:00:00.000Z,0.3400,0.3400,,,,,trade,false
2024-07-16T11:00:00.000Z,0.3350,0.3350,,,,,trade,false
2024-07-16T12:00:00.000Z,0.3350,0.3350,,,,,trade,false
2024-07-16T13:00:00.000Z,0.3250,0.3250,,,,,trade,false
2024-07-16T14:00:00.000Z,0.3250,0.3250,,,,,trade,false
2024-07-16T15:00:00.000Z,0.3250,0.3250,,,,,trade,false
2024-07-16T16:00:00.000Z,0.3250,0.3250,,,,,trade,false
2024-07-16T17:00:00.000Z,0.3250,0.3250,,,,,trade,false
2024-07-16T18:00:00.000Z,0.3250,0.3250,,,,,trade,false
2024-07-16T19:00:00.000Z,0.3250,0.3250,,,,,trade,false
2024-07-16T20:00:00.000Z,0.3250,0.3250,,,,,trade,false
2024-07-16T21:00:00.000Z,0.3250,0.3250,,,,,trade,false
2024-07-16T22:00:00.000Z,0.3250,0.3250,,,,,trade,false
2024-07-16T23:00:00.000Z,0.3250,0.3250,,,,,trade,false
2024-07-17T00:00:00.000Z,0.3250,0.3250,,,,,trade,false
2024-07-17T01:00:00.000Z,0.3250,0.3250,,,,,trade,false
2024-07-17T02:00:00.000Z,0.3300,0.3300,,,,,trade,false
2024-07-17T03:00:00.000Z,0.3300,0.3300,,,,,trade,false
2024-07-17T04:00:00.000Z,0.3300,0.3300,,,,,trade,false
2024-07-17T05:00:00.000Z,0.3300,0.3300,,,,,trade,false
2024-07-17T06:00:00.000Z,0.3300,0.3300,,,,,trade,false
2024-07-17T07:00:00.000Z,0.3300,0.3300,,,,,trade,false
2024-07-17T08:00:00.000Z,0.3300,0.3300,,,,,trade,false
2024-07-17T09:00:00.000Z,0.3300,0.3300,,,,,trade,false
2024-07-17T10:00:00.000Z,0.3300,0.3300,,,,,trade,false
2024-07-17T11:00:00.000Z,0.3300,0.3300,,,,,trade,false
2024-07-17T12:00:00.000Z,0.3300,0.3300,,,,,trade,false
2024-07-17T13:00:00.000Z,0.3300,0.3300,,,,,trade,false
2024-07-17T14:00:00.000Z,0.3300,0.3300,,,,,trade,false
2024-07-17T15:00:00.000Z,0.3300,0.3300,,,,,trade,false
2024-07-17T16:00:00.000Z,0.3300,0.3300,,,,,trade,false
2024-07-17T17:00:00.000Z,0.3300,0.3300,,,,,trade,false
2024-07-17T18:00:00.000Z,0.3300,0.3300,,,,,trade,false
2024-07-17T19:00:00.000Z,0.3300,0.3300,,,,,trade,false
2024-07-17T20:00:00.000Z,0.3300,0.3300,,,,,trade,false
2024-07-17T21:00:00.000Z,0.3300,0.3300,,,,,trade,false
2024-07-17T22:00:00.000Z,0.3300,0.3300,,,,,trade,false
2024-07-17T23:00:00.000Z,0.3300,0.3300,,,,,trade,false
2024-07-18T00:00:00.000Z,0.3300,0.3300,,,,,trade,false
2024-07-18T01:00:00.000Z,0.3300,0.3300,,,,,trade,false
2024-07-18T02:00:00.000Z,0.3300,0.3300,,,,,trade,false
2024-07-18T03:00:00.000Z,0.3300,0.3300,,,,,trade,false
2024-07-18T04:00:00.000Z,0.3300,0.3300,,,,,trade,false
2024-07-18T05:00:00.000Z,0.3350,0.3350,,,,,trade,false
2024-07-18T06:00:00.000Z,0.3450,0.3450,,,,,trade,false
2024-07-18T07:00:00.000Z,0.3450,0.3450,,,,,trade,false
2024-07-18T08:00:00.000Z,0.3450,0.3450,,,,,trade,false
2024-07-18T09:00:00.000Z,0.3450,0.3450,,,,,trade,false
2024-07-18T10:00:00.000Z,0.3450,0.3450,,,,,trade,false
2024-07-18T11:00:00.000Z,0.3450,0.3450,,,,,trade,false
2024-07-18T12:00:00.000Z,0.3450,0.3450,,,,,trade,false
2024-07-18T13:00:00.000Z,0.3450,0.3450,,,,,trade,false
2024-07-18T14:00:00.000Z,0.3450,0.3450,,,,,trade,false
2024-07-18T15:00:00.000Z,0.3450,0.3450,,,,,trade,false
2024-07-18T16:00:00.000Z,0.3250,0.3250,,,,,trade,false
2024-07-18T17:00:00.000Z,0.3250,0.3250,,,,,trade,false
2024-07-18T18:00:00.000Z,0.3250,0.3250,,,,,trade,false
2024-07-18T19:00:00.000Z,0.3250,0.3250,,,,,trade,false
2024-07-18T20:00:00.000Z,0.3250,0.3250,,,,,trade,false
2024-07-18T21:00:00.000Z,0.3250,0.3250,,,,,trade,false
2024-07-18T22:00:00.000Z,0.3250,0.3250,,,,,trade,false
2024-07-18T23:00:00.000Z,0.3300,0.3300,,,,,trade,false
2024-07-19T00:00:00.000Z,0.3300,0.3300,,,,,trade,false
2024-07-19T01:00:00.000Z,0.3300,0.3300,,,,,trade,false
2024-07-19T02:00:00.000Z,0.3300,0.3300,,,,,trade,false
2024-07-19T03:00:00.000Z,0.3250,0.3250,,,,,trade,false
2024-07-19T04:00:00.000Z,0.3250,0.3250,,,,,trade,false
2024-07-19T05:00:00.000Z,0.3250,0.3250,,,,,trade,false
2024-07-19T06:00:00.000Z,0.3250,0.3250,,,,,trade,false
2024-07-19T07:00:00.000Z,0.3250,0.3250,,,,,trade,false
2024-07-19T08:00:00.000Z,0.3250,0.3250,,,,,trade,false
2024-07-19T09:00:00.000Z,0.3200,0.3200,,,,,trade,false
2024-07-19T10:00:00.000Z,0.3200,0.3200,,,,,trade,false
2024-07-19T11:00:00.000Z,0.3200,0.3200,,,,,trade,false
2024-07-19T12:00:00.000Z,0.3200,0.3200,,,,,trade,false
2024-07-19T13:00:00.000Z,0.3200,0.3200,,,,,trade,false
2024-07-19T14:00:00.000Z,0.3250,0.3250,,,,,trade,false
2024-07-19T15:00:00.000Z,0.3250,0.3250,,,,,trade,false
2024-07-19T16:00:00.000Z,0.3250,0.3250,,,,,trade,false
2024-07-19T17:00:00.000Z,0.3250,0.3250,,,,,trade,false
2024-07-19T18:00:00.000Z,0.3250,0.3250,,,,,trade,false
2024-07-19T19:00:00.000Z,0.3250,0.3250,,,,,trade,false
2024-07-19T20:00:00.000Z,0.3250,0.3250,,,,,trade,false
2024-07-19T21:00:00.000Z,0.3250,0.3250,,,,,trade,false
2024-07-19T22:00:00.000Z,0.3350,0.3350,,,,,trade,false
2024-07-19T23:00:00.000Z,0.3350,0.3350,,,,,trade,false
2024-07-20T00:00:00.000Z,0.3350,0.3350,,,,,trade,false
2024-07-20T01:00:00.000Z,0.3350,0.3350,,,,,trade,false
2024-07-20T02:00:00.000Z,0.3350,0.3350,,,,,trade,false
2024-07-20T03:00:00.000Z,0.3350,0.3350,,,,,trade,false
2024-07-20T04:00:00.000Z,0.3350,0.3350,,,,,trade,false
2024-07-20T05:00:00.000Z,0.3350,0.3350,,,,,trade,false
2024-07-20T06:00:00.000Z,0.3350,0.3350,,,,,trade,false
2024-07-20T07:00:00.000Z,0.3350,0.3350,,,,,trade,false
2024-07-20T08:00:00.000Z,0.3350,0.3350,,,,,trade,false
2024-07-20T09:00:00.000Z,0.3350,0.3350,,,,,trade,false
2024-07-20T10:00:00.000Z,0.3350,0.3350,,,,,trade,false
2024-07-20T11:00:00.000Z,0.3350,0.3350,,,,,trade,false
2024-07-20T12:00:00.000Z,0.3350,0.3350,,,,,trade,false
2024-07-20T13:00:00.000Z,0.3350,0.3350,,,,,trade,false
2024-07-20T14:00:00.000Z,0.3350,0.3350,,,,,trade,false
2024-07-20T15:00:00.000Z,0.3350,0.3350,,,,,trade,false
2024-07-20T16:00:00.000Z,0.3350,0.3350,,,,,trade,false
2024-07-20T17:00:00.000Z,0.3350,0.3350,,,,,trade,false
2024-07-20T18:00:00.000Z,0.3350,0.3350,,,,,trade,false
2024-07-20T19:00:00.000Z,0.3350,0.3350,,,,,trade,false
2024-07-20T20:00:00.000Z,0.3250,0.3250,,,,,trade,false
2024-07-20T21:00:00.000Z,0.3250,0.3250,,,,,trade,false
2024-07-20T22:00:00.000Z,0.3250,0.3250,,,,,trade,false
2024-07-20T23:00:00.000Z,0.3250,0.3250,,,,,trade,false
2024-07-21T00:00:00.000Z,0.2450,0.2450,,,,,trade,false
2024-07-21T01:00:00.000Z,0.3200,0.3200,,,,,trade,false
2024-07-21T02:00:00.000Z,0.3200,0.3200,,,,,trade,false
2024-07-21T03:00:00.000Z,0.3200,0.3200,,,,,trade,false
2024-07-21T04:00:00.000Z,0.3350,0.3350,,,,,trade,false
2024-07-21T05:00:00.000Z,0.3350,0.3350,,,,,trade,false
2024-07-21T06:00:00.000Z,0.3350,0.3350,,,,,trade,false
2024-07-21T07:00:00.000Z,0.3350,0.3350,,,,,trade,false
2024-07-21T08:00:00.000Z,0.3350,0.3350,,,,,trade,false
2024-07-21T09:00:00.000Z,0.3350,0.3350,,,,,trade,false
2024-07-21T10:00:00.000Z,0.3350,0.3350,,,,,trade,false
2024-07-21T11:00:00.000Z,0.3350,0.3350,,,,,trade,false
2024-07-21T12:00:00.000Z,0.3350,0.3350,,,,,trade,false
2024-07-21T13:00:00.000Z,0.3350,0.3350,,,,,trade,false
2024-07-21T14:00:00.000Z,0.3350,0.3350,,,,,trade,false
2024-07-21T15:00:00.000Z,0.3350,0.3350,,,,,trade,false
2024-07-21T16:00:00.000Z,0.3350,0.3350,,,,,trade,false
2024-07-21T17:00:00.000Z,0.3350,0.3350,,,,,trade,false
2024-07-21T19:00:00.000Z,0.3350,0.3350,,,,,trade,false
2024-07-21T20:00:00.000Z,0.3350,0.3350,,,,,trade,false
2024-07-21T21:00:00.000Z,0.3350,0.3350,,,,,trade,false
2024-07-21T22:00:00.000Z,0.3350,0.3350,,,,,trade,false
2024-07-21T23:00:00.000Z,0.3350,0.3350,,,,,trade,false
2024-07-22T00:00:00.000Z,0.3350,0.3350,,,,,trade,false
2024-07-22T01:00:00.000Z,0.3400,0.3400,,,,,trade,false
2024-07-22T02:00:00.000Z,0.3450,0.3450,,,,,trade,false
2024-07-22T03:00:00.000Z,0.3450,0.3450,,,,,trade,false
2024-07-22T04:00:00.000Z,0.3450,0.3450,,,,,trade,false
2024-07-22T05:00:00.000Z,0.3450,0.3450,,,,,trade,false
2024-07-22T06:00:00.000Z,0.3450,0.3450,,,,,trade,false
2024-07-22T07:00:00.000Z,0.3400,0.3400,,,,,trade,false
2024-07-22T08:00:00.000Z,0.3400,0.3400,,,,,trade,false
2024-07-22T09:00:00.000Z,0.3450,0.3450,,,,,trade,false
2024-07-22T10:00:00.000Z,0.3400,0.3400,,,,,trade,false
2024-07-22T11:00:00.000Z,0.3400,0.3400,,,,,trade,false
2024-07-22T12:00:00.000Z,0.3400,0.3400,,,,,trade,false
2024-07-22T13:00:00.000Z,0.3400,0.3400,,,,,trade,false
2024-07-22T14:00:00.000Z,0.3400,0.3400,,,,,trade,false
2024-07-22T15:00:00.000Z,0.3400,0.3400,,,,,trade,false
2024-07-22T16:00:00.000Z,0.3400,0.3400,,,,,trade,false
2024-07-22T17:00:00.000Z,0.3400,0.3400,,,,,trade,false
2024-07-22T18:00:00.000Z,0.3400,0.3400,,,,,trade,false
2024-07-22T19:00:00.000Z,0.3400,0.3400,,,,,trade,false
2024-07-22T20:00:00.000Z,0.3450,0.3450,,,,,trade,false
2024-07-22T21:00:00.000Z,0.3450,0.3450,,,,,trade,false
2024-07-22T22:00:00.000Z,0.3450,0.3450,,,,,trade,false
2024-07-22T23:00:00.000Z,0.3450,0.3450,,,,,trade,false
2024-07-23T00:00:00.000Z,0.3450,0.3450,,,,,trade,false
2024-07-23T01:00:00.000Z,0.3450,0.3450,,,,,trade,false
2024-07-23T02:00:00.000Z,0.3450,0.3450,,,,,trade,false
2024-07-23T03:00:00.000Z,0.3450,0.3450,,,,,trade,false
2024-07-23T04:00:00.000Z,0.3200,0.3200,,,,,trade,false
2024-07-23T05:00:00.000Z,0.3200,0.3200,,,,,trade,false
2024-07-23T06:00:00.000Z,0.2550,0.2550,,,,,trade,false
2024-07-23T07:00:00.000Z,0.2600,0.2600,,,,,trade,false
2024-07-23T08:00:00.000Z,0.2550,0.2550,,,,,trade,false
2024-07-23T09:00:00.000Z,0.2600,0.2600,,,,,trade,false
2024-07-23T10:00:00.000Z,0.2650,0.2650,,,,,trade,false
2024-07-23T11:00:00.000Z,0.3100,0.3100,,,,,trade,false
2024-07-23T12:00:00.000Z,0.3100,0.3100,,,,,trade,false
2024-07-23T13:00:00.000Z,0.3100,0.3100,,,,,trade,false
2024-07-23T14:00:00.000Z,0.3100,0.3100,,,,,trade,false
2024-07-23T15:00:00.000Z,0.3000,0.3000,,,,,trade,false
2024-07-23T16:00:00.000Z,0.3000,0.3000,,,,,trade,false
2024-07-23T17:00:00.000Z,0.3000,0.3000,,,,,trade,false
2024-07-23T18:00:00.000Z,0.3000,0.3000,,,,,trade,false
2024-07-23T19:00:00.000Z,0.3000,0.3000,,,,,trade,false
2024-07-23T20:00:00.000Z,0.3000,0.3000,,,,,trade,false
2024-07-23T21:00:00.000Z,0.2800,0.2800,,,,,trade,false
2024-07-23T22:00:00.000Z,0.2900,0.2900,,,,,trade,false
2024-07-23T23:00:00.000Z,0.3000,0.3000,,,,,trade,false
2024-07-24T00:00:00.000Z,0.3000,0.3000,,,,,trade,false
2024-07-24T01:00:00.000Z,0.3000,0.3000,,,,,trade,false
2024-07-24T02:00:00.000Z,0.3000,0.3000,,,,,trade,false
2024-07-24T03:00:00.000Z,0.3000,0.3000,,,,,trade,false
2024-07-24T04:00:00.000Z,0.2800,0.2800,,,,,trade,false
2024-07-24T05:00:00.000Z,0.2750,0.2750,,,,,trade,false
2024-07-24T06:00:00.000Z,0.2650,0.2650,,,,,trade,false
2024-07-24T07:00:00.000Z,0.2700,0.2700,,,,,trade,false
2024-07-24T08:00:00.000Z,0.2650,0.2650,,,,,trade,false
2024-07-24T09:00:00.000Z,0.3100,0.3100,,,,,trade,false
2024-07-24T10:00:00.000Z,0.3100,0.3100,,,,,trade,false
2024-07-24T11:00:00.000Z,0.3100,0.3100,,,,,trade,false
2024-07-24T12:00:00.000Z,0.3100,0.3100,,,,,trade,false
2024-07-24T13:00:00.000Z,0.3150,0.3150,,,,,trade,false
2024-07-24T14:00:00.000Z,0.3150,0.3150,,,,,trade,false
2024-07-24T15:00:00.000Z,0.3400,0.3400,,,,,trade,false
2024-07-24T16:00:00.000Z,0.3400,0.3400,,,,,trade,false
2024-07-24T17:00:00.000Z,0.3400,0.3400,,,,,trade,false
2024-07-24T18:00:00.000Z,0.3450,0.3450,,,,,trade,false
2024-07-24T19:00:00.000Z,0.3450,0.3450,,,,,trade,false
2024-07-24T20:00:00.000Z,0.3450,0.3450,,,,,trade,false
2024-07-24T21:00:00.000Z,0.3450,0.3450,,,,,trade,false
2024-07-24T22:00:00.000Z,0.3450,0.3450,,,,,trade,false
2024-07-24T23:00:00.000Z,0.3450,0.3450,,,,,trade,false
2024-07-25T00:00:00.000Z,0.3300,0.3300,,,,,trade,false
2024-07-25T01:00:00.000Z,0.3250,0.3250,,,,,trade,false
2024-07-25T02:00:00.000Z,0.3300,0.3300,,,,,trade,false
2024-07-25T03:00:00.000Z,0.3350,0.3350,,,,,trade,false
2024-07-25T04:00:00.000Z,0.3350,0.3350,,,,,trade,false
2024-07-25T05:00:00.000Z,0.3350,0.3350,,,,,trade,false
2024-07-25T06:00:00.000Z,0.3350,0.3350,,,,,trade,false
2024-07-25T07:00:00.000Z,0.3350,0.3350,,,,,trade,false
2024-07-25T08:00:00.000Z,0.3600,0.3600,,,,,trade,false
2024-07-25T09:00:00.000Z,0.3650,0.3650,,,,,trade,false
2024-07-25T10:00:00.000Z,0.3650,0.3650,,,,,trade,false
2024-07-25T11:00:00.000Z,0.3650,0.3650,,,,,trade,false
2024-07-25T12:00:00.000Z,0.4150,0.4150,,,,,trade,false
2024-07-25T13:00:00.000Z,0.4150,0.4150,,,,,trade,false
2024-07-25T14:00:00.000Z,0.4100,0.4100,,,,,trade,false
2024-07-25T15:00:00.000Z,0.4100,0.4100,,,,,trade,false
2024-07-25T16:00:00.000Z,0.4100,0.4100,,,,,trade,false
2024-07-25T17:00:00.000Z,0.4250,0.4250,,,,,trade,false
2024-07-25T18:00:00.000Z,0.4350,0.4350,,,,,trade,false
2024-07-25T19:00:00.000Z,0.4300,0.4300,,,,,trade,false
2024-07-25T20:00:00.000Z,0.4250,0.4250,,,,,trade,false
2024-07-25T21:00:00.000Z,0.4250,0.4250,,,,,trade,false
2024-07-25T22:00:00.000Z,0.4250,0.4250,,,,,trade,false
2024-07-25T23:00:00.000Z,0.4100,0.4100,,,,,trade,false
2024-07-26T00:00:00.000Z,0.4100,0.4100,,,,,trade,false
2024-07-26T01:00:00.000Z,0.4050,0.4050,,,,,trade,false
2024-07-26T02:00:00.000Z,0.4050,0.4050,,,,,trade,false
2024-07-26T03:00:00.000Z,0.4050,0.4050,,,,,trade,false
2024-07-26T04:00:00.000Z,0.4050,0.4050,,,,,trade,false
2024-07-26T05:00:00.000Z,0.4050,0.4050,,,,,trade,false
2024-07-26T06:00:00.000Z,0.4050,0.4050,,,,,trade,false
2024-07-26T07:00:00.000Z,0.4050,0.4050,,,,,trade,false
2024-07-26T08:00:00.000Z,0.4050,0.4050,,,,,trade,false
2024-07-26T09:00:00.000Z,0.4050,0.4050,,,,,trade,false
2024-07-26T10:00:00.000Z,0.4050,0.4050,,,,,trade,false
2024-07-26T11:00:00.000Z,0.4050,0.4050,,,,,trade,false
2024-07-26T12:00:00.000Z,0.4050,0.4050,,,,,trade,false
2024-07-26T13:00:00.000Z,0.3850,0.3850,,,,,trade,false
2024-07-26T14:00:00.000Z,0.3850,0.3850,,,,,trade,false
2024-07-26T15:00:00.000Z,0.3800,0.3800,,,,,trade,false
2024-07-26T16:00:00.000Z,0.3900,0.3900,,,,,trade,false
2024-07-26T17:00:00.000Z,0.3900,0.3900,,,,,trade,false
2024-07-26T18:00:00.000Z,0.3850,0.3850,,,,,trade,false
2024-07-26T19:00:00.000Z,0.3850,0.3850,,,,,trade,false
2024-07-26T20:00:00.000Z,0.3850,0.3850,,,,,trade,false
2024-07-26T21:00:00.000Z,0.3750,0.3750,,,,,trade,false
2024-07-26T22:00:00.000Z,0.3750,0.3750,,,,,trade,false
2024-07-26T23:00:00.000Z,0.3750,0.3750,,,,,trade,false
2024-07-27T00:00:00.000Z,0.3750,0.3750,,,,,trade,false
2024-07-27T01:00:00.000Z,0.3850,0.3850,,,,,trade,false
2024-07-27T02:00:00.000Z,0.3800,0.3800,,,,,trade,false
2024-07-27T03:00:00.000Z,0.3800,0.3800,,,,,trade,false
2024-07-27T04:00:00.000Z,0.3800,0.3800,,,,,trade,false
2024-07-27T05:00:00.000Z,0.3800,0.3800,,,,,trade,false
2024-07-27T06:00:00.000Z,0.3800,0.3800,,,,,trade,false
2024-07-27T07:00:00.000Z,0.3800,0.3800,,,,,trade,false
2024-07-27T08:00:00.000Z,0.3800,0.3800,,,,,trade,false
2024-07-27T09:00:00.000Z,0.3800,0.3800,,,,,trade,false
2024-07-27T10:00:00.000Z,0.3750,0.3750,,,,,trade,false
2024-07-27T11:00:00.000Z,0.3750,0.3750,,,,,trade,false
2024-07-27T12:00:00.000Z,0.3750,0.3750,,,,,trade,false
2024-07-27T13:00:00.000Z,0.3800,0.3800,,,,,trade,false
2024-07-27T14:00:00.000Z,0.3800,0.3800,,,,,trade,false
2024-07-27T15:00:00.000Z,0.3800,0.3800,,,,,trade,false
2024-07-27T16:00:00.000Z,0.3800,0.3800,,,,,trade,false
2024-07-27T17:00:00.000Z,0.3800,0.3800,,,,,trade,false
2024-07-27T18:00:00.000Z,0.3850,0.3850,,,,,trade,false
2024-07-27T19:00:00.000Z,0.3700,0.3700,,,,,trade,false
2024-07-27T20:00:00.000Z,0.3700,0.3700,,,,,trade,false
2024-07-27T21:00:00.000Z,0.4050,0.4050,,,,,trade,false
2024-07-27T22:00:00.000Z,0.4350,0.4350,,,,,trade,false
2024-07-27T23:00:00.000Z,0.4350,0.4350,,,,,trade,false
2024-07-28T00:00:00.000Z,0.4050,0.4050,,,,,trade,false
2024-07-28T01:00:00.000Z,0.4050,0.4050,,,,,trade,false
2024-07-28T02:00:00.000Z,0.4150,0.4150,,,,,trade,false
2024-07-28T03:00:00.000Z,0.4000,0.4000,,,,,trade,false
2024-07-28T04:00:00.000Z,0.4000,0.4000,,,,,trade,false
2024-07-28T05:00:00.000Z,0.3950,0.3950,,,,,trade,false
2024-07-28T06:00:00.000Z,0.3950,0.3950,,,,,trade,false
2024-07-28T07:00:00.000Z,0.3900,0.3900,,,,,trade,false
2024-07-28T08:00:00.000Z,0.3900,0.3900,,,,,trade,false
2024-07-28T09:00:00.000Z,0.3950,0.3950,,,,,trade,false
2024-07-28T10:00:00.000Z,0.3950,0.3950,,,,,trade,false
2024-07-28T11:00:00.000Z,0.3900,0.3900,,,,,trade,false
2024-07-28T12:00:00.000Z,0.3900,0.3900,,,,,trade,false
2024-07-28T13:00:00.000Z,0.3850,0.3850,,,,,trade,false
2024-07-28T14:00:00.000Z,0.3850,0.3850,,,,,trade,false
2024-07-28T15:00:00.000Z,0.3850,0.3850,,,,,trade,false
2024-07-28T16:00:00.000Z,0.3850,0.3850,,,,,trade,false
2024-07-28T17:00:00.000Z,0.3800,0.3800,,,,,trade,false
2024-07-28T18:00:00.000Z,0.3800,0.3800,,,,,trade,false
2024-07-28T19:00:00.000Z,0.3800,0.3800,,,,,trade,false
2024-07-28T20:00:00.000Z,0.3800,0.3800,,,,,trade,false
2024-07-28T21:00:00.000Z,0.3800,0.3800,,,,,trade,false
2024-07-28T22:00:00.000Z,0.3800,0.3800,,,,,trade,false
2024-07-28T23:00:00.000Z,0.3800,0.3800,,,,,trade,false
2024-07-29T00:00:00.000Z,0.3850,0.3850,,,,,trade,false
2024-07-29T01:00:00.000Z,0.3900,0.3900,,,,,trade,false
2024-07-29T02:00:00.000Z,0.3900,0.3900,,,,,trade,false
2024-07-29T03:00:00.000Z,0.3900,0.3900,,,,,trade,false
2024-07-29T04:00:00.000Z,0.3900,0.3900,,,,,trade,false
2024-07-29T05:00:00.000Z,0.3900,0.3900,,,,,trade,false
2024-07-29T06:00:00.000Z,0.3900,0.3900,,,,,trade,false
2024-07-29T07:00:00.000Z,0.3900,0.3900,,,,,trade,false
2024-07-29T08:00:00.000Z,0.3850,0.3850,,,,,trade,false
2024-07-29T09:00:00.000Z,0.3800,0.3800,,,,,trade,false
2024-07-29T10:00:00.000Z,0.3800,0.3800,,,,,trade,false
2024-07-29T11:00:00.000Z,0.3800,0.3800,,,,,trade,false
2024-07-29T12:00:00.000Z,0.3800,0.3800,,,,,trade,false
2024-07-29T13:00:00.000Z,0.3850,0.3850,,,,,trade,false
2024-07-29T14:00:00.000Z,0.3850,0.3850,,,,,trade,false
2024-07-29T15:00:00.000Z,0.3850,0.3850,,,,,trade,false
2024-07-29T16:00:00.000Z,0.3850,0.3850,,,,,trade,false
2024-07-29T17:00:00.000Z,0.3850,0.3850,,,,,trade,false
2024-07-29T18:00:00.000Z,0.3900,0.3900,,,,,trade,false
2024-07-29T19:00:00.000Z,0.3900,0.3900,,,,,trade,false
2024-07-29T20:00:00.000Z,0.3900,0.3900,,,,,trade,false
2024-07-29T21:00:00.000Z,0.3900,0.3900,,,,,trade,false
2024-07-29T22:00:00.000Z,0.3900,0.3900,,,,,trade,false
2024-07-29T23:00:00.000Z,0.3900,0.3900,,,,,trade,false
2024-07-30T00:00:00.000Z,0.3900,0.3900,,,,,trade,false
2024-07-30T01:00:00.000Z,0.3900,0.3900,,,,,trade,false
2024-07-30T02:00:00.000Z,0.3850,0.3850,,,,,trade,false
2024-07-30T03:00:00.000Z,0.3850,0.3850,,,,,trade,false
2024-07-30T04:00:00.000Z,0.3850,0.3850,,,,,trade,false
2024-07-30T05:00:00.000Z,0.3850,0.3850,,,,,trade,false
2024-07-30T06:00:00.000Z,0.3850,0.3850,,,,,trade,false
2024-07-30T07:00:00.000Z,0.3850,0.3850,,,,,trade,false
2024-07-30T08:00:00.000Z,0.3750,0.3750,,,,,trade,false
2024-07-30T09:00:00.000Z,0.3750,0.3750,,,,,trade,false
2024-07-30T10:00:00.000Z,0.3750,0.3750,,,,,trade,false
2024-07-30T11:00:00.000Z,0.3750,0.3750,,,,,trade,false
2024-07-30T12:00:00.000Z,0.3750,0.3750,,,,,trade,false
2024-07-30T13:00:00.000Z,0.3750,0.3750,,,,,trade,false
2024-07-30T14:00:00.000Z,0.3750,0.3750,,,,,trade,false
2024-07-30T15:00:00.000Z,0.3750,0.3750,,,,,trade,false
2024-07-30T16:00:00.000Z,0.3750,0.3750,,,,,trade,false
2024-07-30T17:00:00.000Z,0.3750,0.3750,,,,,trade,false
2024-07-30T18:00:00.000Z,0.4150,0.4150,,,,,trade,false
2024-07-30T19:00:00.000Z,0.4150,0.4150,,,,,trade,false
2024-07-30T20:00:00.000Z,0.4150,0.4150,,,,,trade,false
2024-07-30T21:00:00.000Z,0.4150,0.4150,,,,,trade,false
2024-07-30T22:00:00.000Z,0.4150,0.4150,,,,,trade,false
2024-07-30T23:00:00.000Z,0.4150,0.4150,,,,,trade,false
2024-07-31T00:00:00.000Z,0.4150,0.4150,,,,,trade,false
2024-07-31T01:00:00.000Z,0.4050,0.4050,,,,,trade,false
2024-07-31T02:00:00.000Z,0.3850,0.3850,,,,,trade,false
2024-07-31T03:00:00.000Z,0.3850,0.3850,,,,,trade,false
2024-07-31T04:00:00.000Z,0.3850,0.3850,,,,,trade,false
2024-07-31T05:00:00.000Z,0.3850,0.3850,,,,,trade,false
2024-07-31T06:00:00.000Z,0.3750,0.3750,,,,,trade,false
2024-07-31T07:00:00.000Z,0.3800,0.3800,,,,,trade,false
2024-07-31T08:00:00.000Z,0.3850,0.3850,,,,,trade,false
2024-07-31T09:00:00.000Z,0.3850,0.3850,,,,,trade,false
2024-07-31T10:00:00.000Z,0.3850,0.3850,,,,,trade,false
2024-07-31T11:00:00.000Z,0.3850,0.3850,,,,,trade,false
2024-07-31T12:00:00.000Z,0.3750,0.3750,,,,,trade,false
2024-07-31T13:00:00.000Z,0.3750,0.3750,,,,,trade,false
2024-07-31T14:00:00.000Z,0.3750,0.3750,,,,,trade,false
2024-07-31T15:00:00.000Z,0.3750,0.3750,,,,,trade,false
2024-07-31T16:00:00.000Z,0.3700,0.3700,,,,,trade,false
2024-07-31T17:00:00.000Z,0.3700,0.3700,,,,,trade,false
2024-07-31T18:00:00.000Z,0.3700,0.3700,,,,,trade,false
2024-07-31T19:00:00.000Z,0.3750,0.3750,,,,,trade,false
2024-07-31T20:00:00.000Z,0.3750,0.3750,,,,,trade,false
2024-07-31T21:00:00.000Z,0.3250,0.3250,,,,,trade,false
2024-07-31T22:00:00.000Z,0.3500,0.3500,,,,,trade,false
2024-07-31T23:00:00.000Z,0.3500,0.3500,,,,,trade,false
2024-08-01T00:00:00.000Z,0.3600,0.3600,,,,,trade,false
2024-08-01T01:00:00.000Z,0.3600,0.3600,,,,,trade,false
2024-08-01T02:00:00.000Z,0.3600,0.3600,,,,,trade,false
2024-08-01T03:00:00.000Z,0.3600,0.3600,,,,,trade,false
2024-08-01T04:00:00.000Z,0.3600,0.3600,,,,,trade,false
2024-08-01T05:00:00.000Z,0.3600,0.3600,,,,,trade,false
2024-08-01T06:00:00.000Z,0.3600,0.3600,,,,,trade,false
2024-08-01T07:00:00.000Z,0.3600,0.3600,,,,,trade,false
2024-08-01T08:00:00.000Z,0.3350,0.3350,,,,,trade,false
2024-08-01T09:00:00.000Z,0.3500,0.3500,,,,,trade,false
2024-08-01T10:00:00.000Z,0.3550,0.3550,,,,,trade,false
2024-08-01T11:00:00.000Z,0.3450,0.3450,,,,,trade,false
2024-08-01T12:00:00.000Z,0.3450,0.3450,,,,,trade,false
2024-08-01T13:00:00.000Z,0.3450,0.3450,,,,,trade,false
2024-08-01T14:00:00.000Z,0.3800,0.3800,,,,,trade,false
2024-08-01T15:00:00.000Z,0.3800,0.3800,,,,,trade,false
2024-08-01T16:00:00.000Z,0.3550,0.3550,,,,,trade,false
2024-08-01T17:00:00.000Z,0.3400,0.3400,,,,,trade,false
2024-08-01T18:00:00.000Z,0.3400,0.3400,,,,,trade,false
2024-08-01T19:00:00.000Z,0.3300,0.3300,,,,,trade,false
2024-08-01T20:00:00.000Z,0.3300,0.3300,,,,,trade,false
2024-08-01T21:00:00.000Z,0.3350,0.3350,,,,,trade,false
2024-08-01T22:00:00.000Z,0.3350,0.3350,,,,,trade,false
2024-08-01T23:00:00.000Z,0.3350,0.3350,,,,,trade,false
2024-08-02T00:00:00.000Z,0.3400,0.3400,,,,,trade,false
2024-08-02T01:00:00.000Z,0.3400,0.3400,,,,,trade,false
2024-08-02T02:00:00.000Z,0.3450,0.3450,,,,,trade,false
2024-08-02T03:00:00.000Z,0.3450,0.3450,,,,,trade,false
2024-08-02T04:00:00.000Z,0.3450,0.3450,,,,,trade,false
2024-08-02T05:00:00.000Z,0.3450,0.3450,,,,,trade,false
2024-08-02T06:00:00.000Z,0.3450,0.3450,,,,,trade,false
2024-08-02T07:00:00.000Z,0.3450,0.3450,,,,,trade,false
2024-08-02T08:00:00.000Z,0.3450,0.3450,,,,,trade,false
2024-08-02T09:00:00.000Z,0.3450,0.3450,,,,,trade,false
2024-08-02T10:00:00.000Z,0.3450,0.3450,,,,,trade,false
2024-08-02T11:00:00.000Z,0.3450,0.3450,,,,,trade,false
2024-08-02T12:00:00.000Z,0.3450,0.3450,,,,,trade,false
2024-08-02T13:00:00.000Z,0.3450,0.3450,,,,,trade,false
2024-08-02T14:00:00.000Z,0.3450,0.3450,,,,,trade,false
2024-08-02T15:00:00.000Z,0.3450,0.3450,,,,,trade,false
2024-08-02T16:00:00.000Z,0.3400,0.3400,,,,,trade,false
2024-08-02T17:00:00.000Z,0.3400,0.3400,,,,,trade,false
2024-08-02T18:00:00.000Z,0.3400,0.3400,,,,,trade,false
2024-08-02T19:00:00.000Z,0.3400,0.3400,,,,,trade,false
2024-08-02T20:00:00.000Z,0.3350,0.3350,,,,,trade,false
2024-08-02T21:00:00.000Z,0.3300,0.3300,,,,,trade,false
2024-08-02T22:00:00.000Z,0.3300,0.3300,,,,,trade,false
2024-08-02T23:00:00.000Z,0.3250,0.3250,,,,,trade,false
2024-08-03T00:00:00.000Z,0.3350,0.3350,,,,,trade,false
2024-08-03T01:00:00.000Z,0.3350,0.3350,,,,,trade,false
2024-08-03T02:00:00.000Z,0.3050,0.3050,,,,,trade,false
2024-08-03T03:00:00.000Z,0.3050,0.3050,,,,,trade,false
2024-08-03T04:00:00.000Z,0.3100,0.3100,,,,,trade,false
2024-08-03T05:00:00.000Z,0.3100,0.3100,,,,,trade,false
2024-08-03T06:00:00.000Z,0.3050,0.3050,,,,,trade,false
2024-08-03T07:00:00.000Z,0.3050,0.3050,,,,,trade,false
2024-08-03T08:00:00.000Z,0.3050,0.3050,,,,,trade,false
2024-08-03T09:00:00.000Z,0.3000,0.3000,,,,,trade,false
2024-08-03T10:00:00.000Z,0.2900,0.2900,,,,,trade,false
2024-08-03T11:00:00.000Z,0.2900,0.2900,,,,,trade,false
2024-08-03T12:00:00.000Z,0.2950,0.2950,,,,,trade,false
2024-08-03T13:00:00.000Z,0.2950,0.2950,,,,,trade,false
2024-08-03T14:00:00.000Z,0.2950,0.2950,,,,,trade,false
2024-08-03T15:00:00.000Z,0.2950,0.2950,,,,,trade,false
2024-08-03T16:00:00.000Z,0.2950,0.2950,,,,,trade,false
2024-08-03T17:00:00.000Z,0.2900,0.2900,,,,,trade,false
2024-08-03T18:00:00.000Z,0.2500,0.2500,,,,,trade,false
2024-08-03T19:00:00.000Z,0.2500,0.2500,,,,,trade,false
2024-08-03T20:00:00.000Z,0.2500,0.2500,,,,,trade,false
2024-08-03T21:00:00.000Z,0.2700,0.2700,,,,,trade,false
2024-08-03T22:00:00.000Z,0.2700,0.2700,,,,,trade,false
2024-08-03T23:00:00.000Z,0.3150,0.3150,,,,,trade,false
2024-08-04T00:00:00.000Z,0.3250,0.3250,,,,,trade,false
2024-08-04T01:00:00.000Z,0.3100,0.3100,,,,,trade,false
2024-08-04T02:00:00.000Z,0.3150,0.3150,,,,,trade,false
2024-08-04T03:00:00.000Z,0.3100,0.3100,,,,,trade,false
2024-08-04T04:00:00.000Z,0.3100,0.3100,,,,,trade,false
2024-08-04T05:00:00.000Z,0.3100,0.3100,,,,,trade,false
2024-08-04T06:00:00.000Z,0.3150,0.3150,,,,,trade,false
2024-08-04T07:00:00.000Z,0.3150,0.3150,,,,,trade,false
2024-08-04T08:00:00.000Z,0.3150,0.3150,,,,,trade,false
2024-08-04T09:00:00.000Z,0.3150,0.3150,,,,,trade,false
2024-08-04T10:00:00.000Z,0.3150,0.3150,,,,,trade,false
2024-08-04T11:00:00.000Z,0.3150,0.3150,,,,,trade,false
2024-08-04T12:00:00.000Z,0.3150,0.3150,,,,,trade,false
2024-08-04T13:00:00.000Z,0.3150,0.3150,,,,,trade,false
2024-08-04T14:00:00.000Z,0.3100,0.3100,,,,,trade,false
2024-08-04T15:00:00.000Z,0.3050,0.3050,,,,,trade,false
2024-08-04T16:00:00.000Z,0.3000,0.3000,,,,,trade,false
2024-08-04T17:00:00.000Z,0.3000,0.3000,,,,,trade,false
2024-08-04T18:00:00.000Z,0.2750,0.2750,,,,,trade,false
2024-08-04T19:00:00.000Z,0.2850,0.2850,,,,,trade,false
2024-08-04T20:00:00.000Z,0.2850,0.2850,,,,,trade,false
2024-08-04T21:00:00.000Z,0.2850,0.2850,,,,,trade,false
2024-08-04T22:00:00.000Z,0.2850,0.2850,,,,,trade,false
2024-08-04T23:00:00.000Z,0.2850,0.2850,,,,,trade,false
2024-08-05T00:00:00.000Z,0.2850,0.2850,,,,,trade,false
2024-08-05T01:00:00.000Z,0.2850,0.2850,,,,,trade,false
2024-08-05T02:00:00.000Z,0.2750,0.2750,,,,,trade,false
2024-08-05T03:00:00.000Z,0.2650,0.2650,,,,,trade,false
2024-08-05T04:00:00.000Z,0.2300,0.2300,,,,,trade,false
2024-08-05T05:00:00.000Z,0.2250,0.2250,,,,,trade,false
2024-08-05T06:00:00.000Z,0.2150,0.2150,,,,,trade,false
2024-08-05T07:00:00.000Z,0.2050,0.2050,,,,,trade,false
2024-08-05T08:00:00.000Z,0.2300,0.2300,,,,,trade,false
2024-08-05T09:00:00.000Z,0.2400,0.2400,,,,,trade,false
2024-08-05T10:00:00.000Z,0.2400,0.2400,,,,,trade,false
2024-08-05T11:00:00.000Z,0.2400,0.2400,,,,,trade,false
2024-08-05T12:00:00.000Z,0.2350,0.2350,,,,,trade,false
2024-08-05T13:00:00.000Z,0.2200,0.2200,,,,,trade,false
2024-08-05T14:00:00.000Z,0.2200,0.2200,,,,,trade,false
2024-08-05T15:00:00.000Z,0.2150,0.2150,,,,,trade,false
2024-08-05T16:00:00.000Z,0.2150,0.2150,,,,,trade,false
2024-08-05T17:00:00.000Z,0.2200,0.2200,,,,,trade,false
2024-08-05T18:00:00.000Z,0.2250,0.2250,,,,,trade,false
2024-08-05T19:00:00.000Z,0.2250,0.2250,,,,,trade,false
2024-08-05T20:00:00.000Z,0.2150,0.2150,,,,,trade,false
2024-08-05T21:00:00.000Z,0.2150,0.2150,,,,,trade,false
2024-08-05T22:00:00.000Z,0.2250,0.2250,,,,,trade,false
2024-08-05T23:00:00.000Z,0.2250,0.2250,,,,,trade,false
2024-08-06T00:00:00.000Z,0.2300,0.2300,,,,,trade,false
2024-08-06T01:00:00.000Z,0.2300,0.2300,,,,,trade,false
2024-08-06T02:00:00.000Z,0.2300,0.2300,,,,,trade,false
2024-08-06T03:00:00.000Z,0.2250,0.2250,,,,,trade,false
2024-08-06T04:00:00.000Z,0.2150,0.2150,,,,,trade,false
2024-08-06T05:00:00.000Z,0.2150,0.2150,,,,,trade,false
2024-08-06T06:00:00.000Z,0.2150,0.2150,,,,,trade,false
2024-08-06T07:00:00.000Z,0.2150,0.2150,,,,,trade,false
2024-08-06T08:00:00.000Z,0.2150,0.2150,,,,,trade,false
2024-08-06T09:00:00.000Z,0.2050,0.2050,,,,,trade,false
2024-08-06T10:00:00.000Z,0.2050,0.2050,,,,,trade,false
2024-08-06T11:00:00.000Z,0.2050,0.2050,,,,,trade,false
2024-08-06T12:00:00.000Z,0.2050,0.2050,,,,,trade,false
2024-08-06T13:00:00.000Z,0.2050,0.2050,,,,,trade,false
2024-08-06T14:00:00.000Z,0.2050,0.2050,,,,,trade,false
2024-08-06T15:00:00.000Z,0.2000,0.2000,,,,,trade,false
2024-08-06T16:00:00.000Z,0.1950,0.1950,,,,,trade,false
2024-08-06T17:00:00.000Z,0.1950,0.1950,,,,,trade,false
2024-08-06T18:00:00.000Z,0.2050,0.2050,,,,,trade,false
2024-08-06T19:00:00.000Z,0.2050,0.2050,,,,,trade,false
2024-08-06T20:00:00.000Z,0.2050,0.2050,,,,,trade,false
2024-08-06T21:00:00.000Z,0.2100,0.2100,,,,,trade,false
2024-08-06T22:00:00.000Z,0.2100,0.2100,,,,,trade,false
2024-08-06T23:00:00.000Z,0.2100,0.2100,,,,,trade,false
2024-08-07T00:00:00.000Z,0.2100,0.2100,,,,,trade,false
2024-08-07T01:00:00.000Z,0.2100,0.2100,,,,,trade,false
2024-08-07T02:00:00.000Z,0.2100,0.2100,,,,,trade,false
2024-08-07T03:00:00.000Z,0.2100,0.2100,,,,,trade,false
2024-08-07T04:00:00.000Z,0.2100,0.2100,,,,,trade,false
2024-08-07T05:00:00.000Z,0.2100,0.2100,,,,,trade,false
2024-08-07T06:00:00.000Z,0.2100,0.2100,,,,,trade,false
2024-08-07T07:00:00.000Z,0.2100,0.2100,,,,,trade,false
2024-08-07T08:00:00.000Z,0.1900,0.1900,,,,,trade,false
2024-08-07T09:00:00.000Z,0.1900,0.1900,,,,,trade,false
2024-08-07T10:00:00.000Z,0.1950,0.1950,,,,,trade,false
2024-08-07T11:00:00.000Z,0.1950,0.1950,,,,,trade,false
2024-08-07T12:00:00.000Z,0.1950,0.1950,,,,,trade,false
2024-08-07T13:00:00.000Z,0.1900,0.1900,,,,,trade,false
2024-08-07T14:00:00.000Z,0.1900,0.1900,,,,,trade,false
2024-08-07T15:00:00.000Z,0.1900,0.1900,,,,,trade,false
2024-08-07T16:00:00.000Z,0.1950,0.1950,,,,,trade,false
2024-08-07T17:00:00.000Z,0.1900,0.1900,,,,,trade,false
2024-08-07T18:00:00.000Z,0.1900,0.1900,,,,,trade,false
2024-08-07T19:00:00.000Z,0.1900,0.1900,,,,,trade,false
2024-08-07T20:00:00.000Z,0.1900,0.1900,,,,,trade,false
2024-08-07T21:00:00.000Z,0.1750,0.1750,,,,,trade,false
2024-08-07T22:00:00.000Z,0.1750,0.1750,,,,,trade,false
2024-08-07T23:00:00.000Z,0.1750,0.1750,,,,,trade,false
2024-08-08T00:00:00.000Z,0.1750,0.1750,,,,,trade,false
2024-08-08T01:00:00.000Z,0.1750,0.1750,,,,,trade,false
2024-08-08T02:00:00.000Z,0.1750,0.1750,,,,,trade,false
2024-08-08T03:00:00.000Z,0.1750,0.1750,,,,,trade,false
2024-08-08T04:00:00.000Z,0.1750,0.1750,,,,,trade,false
2024-08-08T05:00:00.000Z,0.1750,0.1750,,,,,trade,false
2024-08-08T06:00:00.000Z,0.1750,0.1750,,,,,trade,false
2024-08-08T07:00:00.000Z,0.1750,0.1750,,,,,trade,false
2024-08-08T08:00:00.000Z,0.1850,0.1850,,,,,trade,false
2024-08-08T09:00:00.000Z,0.1850,0.1850,,,,,trade,false
2024-08-08T10:00:00.000Z,0.1850,0.1850,,,,,trade,false
2024-08-08T11:00:00.000Z,0.2050,0.2050,,,,,trade,false
2024-08-08T12:00:00.000Z,0.2050,0.2050,,,,,trade,false
2024-08-08T13:00:00.000Z,0.2150,0.2150,,,,,trade,false
2024-08-08T14:00:00.000Z,0.2150,0.2150,,,,,trade,false
2024-08-08T15:00:00.000Z,0.2150,0.2150,,,,,trade,false
2024-08-08T16:00:00.000Z,0.2150,0.2150,,,,,trade,false
2024-08-08T17:00:00.000Z,0.2200,0.2200,,,,,trade,false
2024-08-08T18:00:00.000Z,0.2350,0.2350,,,,,trade,false
2024-08-08T19:00:00.000Z,0.2350,0.2350,,,,,trade,false
2024-08-08T20:00:00.000Z,0.2500,0.2500,,,,,trade,false
2024-08-08T21:00:00.000Z,0.2550,0.2550,,,,,trade,false
2024-08-08T22:00:00.000Z,0.2550,0.2550,,,,,trade,false
2024-08-08T23:00:00.000Z,0.2600,0.2600,,,,,trade,false
2024-08-09T00:00:00.000Z,0.2400,0.2400,,,,,trade,false
2024-08-09T01:00:00.000Z,0.2350,0.2350,,,,,trade,false
2024-08-09T02:00:00.000Z,0.2350,0.2350,,,,,trade,false
2024-08-09T03:00:00.000Z,0.2350,0.2350,,,,,trade,false
2024-08-09T04:00:00.000Z,0.2350,0.2350,,,,,trade,false
2024-08-09T05:00:00.000Z,0.2350,0.2350,,,,,trade,false
2024-08-09T06:00:00.000Z,0.2350,0.2350,,,,,trade,false
2024-08-09T07:00:00.000Z,0.2350,0.2350,,,,,trade,false
2024-08-09T08:00:00.000Z,0.2350,0.2350,,,,,trade,false
2024-08-09T09:00:00.000Z,0.2350,0.2350,,,,,trade,false
2024-08-09T10:00:00.000Z,0.2350,0.2350,,,,,trade,false
2024-08-09T11:00:00.000Z,0.2350,0.2350,,,,,trade,false
2024-08-09T12:00:00.000Z,0.2350,0.2350,,,,,trade,false
2024-08-09T13:00:00.000Z,0.2350,0.2350,,,,,trade,false
2024-08-09T14:00:00.000Z,0.2300,0.2300,,,,,trade,false
2024-08-09T15:00:00.000Z,0.2300,0.2300,,,,,trade,false
2024-08-09T16:00:00.000Z,0.2300,0.2300,,,,,trade,false
2024-08-09T17:00:00.000Z,0.1700,0.1700,,,,,trade,false
2024-08-09T18:00:00.000Z,0.1700,0.1700,,,,,trade,false
2024-08-09T19:00:00.000Z,0.1550,0.1550,,,,,trade,false
2024-08-09T20:00:00.000Z,0.1800,0.1800,,,,,trade,false
2024-08-09T21:00:00.000Z,0.1850,0.1850,,,,,trade,false
2024-08-09T22:00:00.000Z,0.1850,0.1850,,,,,trade,false
2024-08-09T23:00:00.000Z,0.2000,0.2000,,,,,trade,false
2024-08-10T00:00:00.000Z,0.2000,0.2000,,,,,trade,false
2024-08-10T01:00:00.000Z,0.2050,0.2050,,,,,trade,false
2024-08-10T02:00:00.000Z,0.2050,0.2050,,,,,trade,false
2024-08-10T03:00:00.000Z,0.2050,0.2050,,,,,trade,false
2024-08-10T04:00:00.000Z,0.2050,0.2050,,,,,trade,false
2024-08-10T05:00:00.000Z,0.2200,0.2200,,,,,trade,false
2024-08-10T06:00:00.000Z,0.2150,0.2150,,,,,trade,false
2024-08-10T07:00:00.000Z,0.2250,0.2250,,,,,trade,false
2024-08-10T08:00:00.000Z,0.2300,0.2300,,,,,trade,false
2024-08-10T09:00:00.000Z,0.2300,0.2300,,,,,trade,false
2024-08-10T10:00:00.000Z,0.2300,0.2300,,,,,trade,false
2024-08-10T11:00:00.000Z,0.2300,0.2300,,,,,trade,false
2024-08-10T12:00:00.000Z,0.2300,0.2300,,,,,trade,false
2024-08-10T13:00:00.000Z,0.2300,0.2300,,,,,trade,false
2024-08-10T14:00:00.000Z,0.2350,0.2350,,,,,trade,false
2024-08-10T15:00:00.000Z,0.2350,0.2350,,,,,trade,false
2024-08-10T16:00:00.000Z,0.2350,0.2350,,,,,trade,false
2024-08-10T17:00:00.000Z,0.2350,0.2350,,,,,trade,false
2024-08-10T18:00:00.000Z,0.2350,0.2350,,,,,trade,false
2024-08-10T19:00:00.000Z,0.2350,0.2350,,,,,trade,false
2024-08-10T20:00:00.000Z,0.2350,0.2350,,,,,trade,false
2024-08-10T21:00:00.000Z,0.2350,0.2350,,,,,trade,false
2024-08-10T22:00:00.000Z,0.2350,0.2350,,,,,trade,false
2024-08-10T23:00:00.000Z,0.2300,0.2300,,,,,trade,false
2024-08-11T00:00:00.000Z,0.2300,0.2300,,,,,trade,false
2024-08-11T01:00:00.000Z,0.2350,0.2350,,,,,trade,false
2024-08-11T02:00:00.000Z,0.2350,0.2350,,,,,trade,false
2024-08-11T03:00:00.000Z,0.2350,0.2350,,,,,trade,false
2024-08-11T04:00:00.000Z,0.2300,0.2300,,,,,trade,false
2024-08-11T05:00:00.000Z,0.2250,0.2250,,,,,trade,false
2024-08-11T06:00:00.000Z,0.2250,0.2250,,,,,trade,false
2024-08-11T07:00:00.000Z,0.2250,0.2250,,,,,trade,false
2024-08-11T08:00:00.000Z,0.2300,0.2300,,,,,trade,false
2024-08-11T09:00:00.000Z,0.2300,0.2300,,,,,trade,false
2024-08-11T10:00:00.000Z,0.2300,0.2300,,,,,trade,false
2024-08-11T11:00:00.000Z,0.2300,0.2300,,,,,trade,false
2024-08-11T12:00:00.000Z,0.2300,0.2300,,,,,trade,false
2024-08-11T13:00:00.000Z,0.2300,0.2300,,,,,trade,false
2024-08-11T14:00:00.000Z,0.2300,0.2300,,,,,trade,false
2024-08-11T15:00:00.000Z,0.2300,0.2300,,,,,trade,false
2024-08-11T16:00:00.000Z,0.2300,0.2300,,,,,trade,false
2024-08-11T17:00:00.000Z,0.2300,0.2300,,,,,trade,false
2024-08-11T18:00:00.000Z,0.2300,0.2300,,,,,trade,false
2024-08-11T19:00:00.000Z,0.2300,0.2300,,,,,trade,false
2024-08-11T20:00:00.000Z,0.2250,0.2250,,,,,trade,false
2024-08-11T21:00:00.000Z,0.2250,0.2250,,,,,trade,false
2024-08-11T22:00:00.000Z,0.2250,0.2250,,,,,trade,false
2024-08-11T23:00:00.000Z,0.2150,0.2150,,,,,trade,false
2024-08-12T00:00:00.000Z,0.2100,0.2100,,,,,trade,false
2024-08-12T01:00:00.000Z,0.2100,0.2100,,,,,trade,false
2024-08-12T02:00:00.000Z,0.2100,0.2100,,,,,trade,false
2024-08-12T03:00:00.000Z,0.2100,0.2100,,,,,trade,false
2024-08-12T04:00:00.000Z,0.2100,0.2100,,,,,trade,false
2024-08-12T05:00:00.000Z,0.2100,0.2100,,,,,trade,false
2024-08-12T06:00:00.000Z,0.2200,0.2200,,,,,trade,false
2024-08-12T07:00:00.000Z,0.2150,0.2150,,,,,trade,false
2024-08-12T08:00:00.000Z,0.2200,0.2200,,,,,trade,false
2024-08-12T09:00:00.000Z,0.2100,0.2100,,,,,trade,false
2024-08-12T10:00:00.000Z,0.2000,0.2000,,,,,trade,false
2024-08-12T11:00:00.000Z,0.2000,0.2000,,,,,trade,false
2024-08-12T12:00:00.000Z,0.2100,0.2100,,,,,trade,false
2024-08-12T13:00:00.000Z,0.2100,0.2100,,,,,trade,false
2024-08-12T14:00:00.000Z,0.2050,0.2050,,,,,trade,false
2024-08-12T15:00:00.000Z,0.2000,0.2000,,,,,trade,false
2024-08-12T16:00:00.000Z,0.2000,0.2000,,,,,trade,false
2024-08-12T17:00:00.000Z,0.2000,0.2000,,,,,trade,false
2024-08-12T18:00:00.000Z,0.2050,0.2050,,,,,trade,false
2024-08-12T19:00:00.000Z,0.2050,0.2050,,,,,trade,false
2024-08-12T20:00:00.000Z,0.2050,0.2050,,,,,trade,false
2024-08-12T21:00:00.000Z,0.2050,0.2050,,,,,trade,false
2024-08-12T22:00:00.000Z,0.2050,0.2050,,,,,trade,false
2024-08-12T23:00:00.000Z,0.2050,0.2050,,,,,trade,false
2024-08-13T00:00:00.000Z,0.2050,0.2050,,,,,trade,false
2024-08-13T01:00:00.000Z,0.2000,0.2000,,,,,trade,false
2024-08-13T02:00:00.000Z,0.2000,0.2000,,,,,trade,false
2024-08-13T03:00:00.000Z,0.2000,0.2000,,,,,trade,false
2024-08-13T04:00:00.000Z,0.2050,0.2050,,,,,trade,false
2024-08-13T05:00:00.000Z,0.2050,0.2050,,,,,trade,false
2024-08-13T06:00:00.000Z,0.2000,0.2000,,,,,trade,false
2024-08-13T07:00:00.000Z,0.2000,0.2000,,,,,trade,false
2024-08-13T08:00:00.000Z,0.2000,0.2000,,,,,trade,false
2024-08-13T09:00:00.000Z,0.2000,0.2000,,,,,trade,false
2024-08-13T10:00:00.000Z,0.1800,0.1800,,,,,trade,false
2024-08-13T11:00:00.000Z,0.1850,0.1850,,,,,trade,false
2024-08-13T12:00:00.000Z,0.1950,0.1950,,,,,trade,false
2024-08-13T13:00:00.000Z,0.1950,0.1950,,,,,trade,false
2024-08-13T14:00:00.000Z,0.1950,0.1950,,,,,trade,false
2024-08-13T15:00:00.000Z,0.1950,0.1950,,,,,trade,false
2024-08-13T16:00:00.000Z,0.1950,0.1950,,,,,trade,false
2024-08-13T17:00:00.000Z,0.1950,0.1950,,,,,trade,false
2024-08-13T18:00:00.000Z,0.2150,0.2150,,,,,trade,false
2024-08-13T19:00:00.000Z,0.2150,0.2150,,,,,trade,false
2024-08-13T20:00:00.000Z,0.2150,0.2150,,,,,trade,false
2024-08-13T21:00:00.000Z,0.2150,0.2150,,,,,trade,false
2024-08-13T22:00:00.000Z,0.2150,0.2150,,,,,trade,false
2024-08-13T23:00:00.000Z,0.2150,0.2150,,,,,trade,false
2024-08-14T00:00:00.000Z,0.2250,0.2250,,,,,trade,false
2024-08-14T01:00:00.000Z,0.2250,0.2250,,,,,trade,false
2024-08-14T02:00:00.000Z,0.2150,0.2150,,,,,trade,false
2024-08-14T03:00:00.000Z,0.2150,0.2150,,,,,trade,false
2024-08-14T04:00:00.000Z,0.2100,0.2100,,,,,trade,false
2024-08-14T05:00:00.000Z,0.2100,0.2100,,,,,trade,false
2024-08-14T06:00:00.000Z,0.2100,0.2100,,,,,trade,false
2024-08-14T07:00:00.000Z,0.2150,0.2150,,,,,trade,false
2024-08-14T08:00:00.000Z,0.2150,0.2150,,,,,trade,false
2024-08-14T09:00:00.000Z,0.2150,0.2150,,,,,trade,false
2024-08-14T10:00:00.000Z,0.2200,0.2200,,,,,trade,false
2024-08-14T11:00:00.000Z,0.2150,0.2150,,,,,trade,false
2024-08-14T12:00:00.000Z,0.2200,0.2200,,,,,trade,false
2024-08-14T13:00:00.000Z,0.2150,0.2150,,,,,trade,false
2024-08-14T14:00:00.000Z,0.2100,0.2100,,,,,trade,false
2024-08-14T15:00:00.000Z,0.2100,0.2100,,,,,trade,false
2024-08-14T16:00:00.000Z,0.2050,0.2050,,,,,trade,false
2024-08-14T17:00:00.000Z,0.2050,0.2050,,,,,trade,false
2024-08-14T18:00:00.000Z,0.2000,0.2000,,,,,trade,false
2024-08-14T19:00:00.000Z,0.2000,0.2000,,,,,trade,false
2024-08-14T20:00:00.000Z,0.2000,0.2000,,,,,trade,false
2024-08-14T21:00:00.000Z,0.2000,0.2000,,,,,trade,false
2024-08-14T22:00:00.000Z,0.1950,0.1950,,,,,trade,false
2024-08-14T23:00:00.000Z,0.1950,0.1950,,,,,trade,false
2024-08-15T00:00:00.000Z,0.1950,0.1950,,,,,trade,false
2024-08-15T01:00:00.000Z,0.1950,0.1950,,,,,trade,false
2024-08-15T02:00:00.000Z,0.1950,0.1950,,,,,trade,false
2024-08-15T03:00:00.000Z,0.1950,0.1950,,,,,trade,false
2024-08-15T04:00:00.000Z,0.1950,0.1950,,,,,trade,false
2024-08-15T05:00:00.000Z,0.1950,0.1950,,,,,trade,false
2024-08-15T06:00:00.000Z,0.1950,0.1950,,,,,trade,false
2024-08-15T07:00:00.000Z,0.1950,0.1950,,,,,trade,false
2024-08-15T08:00:00.000Z,0.1950,0.1950,,,,,trade,false
2024-08-15T09:00:00.000Z,0.1900,0.1900,,,,,trade,false
2024-08-15T10:00:00.000Z,0.1900,0.1900,,,,,trade,false
2024-08-15T11:00:00.000Z,0.1900,0.1900,,,,,trade,false
2024-08-15T12:00:00.000Z,0.1950,0.1950,,,,,trade,false
2024-08-15T13:00:00.000Z,0.2200,0.2200,,,,,trade,false
2024-08-15T14:00:00.000Z,0.2000,0.2000,,,,,trade,false
2024-08-15T15:00:00.000Z,0.2100,0.2100,,,,,trade,false
2024-08-15T16:00:00.000Z,0.2150,0.2150,,,,,trade,false
2024-08-15T17:00:00.000Z,0.2050,0.2050,,,,,trade,false
2024-08-15T18:00:00.000Z,0.2050,0.2050,,,,,trade,false
2024-08-15T19:00:00.000Z,0.2100,0.2100,,,,,trade,false
2024-08-15T20:00:00.000Z,0.2100,0.2100,,,,,trade,false
2024-08-15T21:00:00.000Z,0.2100,0.2100,,,,,trade,false
2024-08-15T22:00:00.000Z,0.2100,0.2100,,,,,trade,false
2024-08-15T23:00:00.000Z,0.1950,0.1950,,,,,trade,false
2024-08-16T00:00:00.000Z,0.2000,0.2000,,,,,trade,false
2024-08-16T01:00:00.000Z,0.2000,0.2000,,,,,trade,false
2024-08-16T02:00:00.000Z,0.1900,0.1900,,,,,trade,false
2024-08-16T03:00:00.000Z,0.1900,0.1900,,,,,trade,false
2024-08-16T04:00:00.000Z,0.1900,0.1900,,,,,trade,false
2024-08-16T05:00:00.000Z,0.1900,0.1900,,,,,trade,false
2024-08-16T06:00:00.000Z,0.1850,0.1850,,,,,trade,false
2024-08-16T07:00:00.000Z,0.1800,0.1800,,,,,trade,false
2024-08-16T08:00:00.000Z,0.1800,0.1800,,,,,trade,false
2024-08-16T09:00:00.000Z,0.1800,0.1800,,,,,trade,false
2024-08-16T10:00:00.000Z,0.1800,0.1800,,,,,trade,false
2024-08-16T11:00:00.000Z,0.1850,0.1850,,,,,trade,false
2024-08-16T12:00:00.000Z,0.1800,0.1800,,,,,trade,false
2024-08-16T13:00:00.000Z,0.1850,0.1850,,,,,trade,false
2024-08-16T14:00:00.000Z,0.1850,0.1850,,,,,trade,false
2024-08-16T15:00:00.000Z,0.1950,0.1950,,,,,trade,false
2024-08-16T16:00:00.000Z,0.1900,0.1900,,,,,trade,false
2024-08-16T17:00:00.000Z,0.1950,0.1950,,,,,trade,false
2024-08-16T18:00:00.000Z,0.1950,0.1950,,,,,trade,false
2024-08-16T19:00:00.000Z,0.1850,0.1850,,,,,trade,false
2024-08-16T20:00:00.000Z,0.1850,0.1850,,,,,trade,false
2024-08-16T21:00:00.000Z,0.1850,0.1850,,,,,trade,false
2024-08-16T22:00:00.000Z,0.1850,0.1850,,,,,trade,false
2024-08-16T23:00:00.000Z,0.1850,0.1850,,,,,trade,false
2024-08-17T00:00:00.000Z,0.1950,0.1950,,,,,trade,false
2024-08-17T01:00:00.000Z,0.1900,0.1900,,,,,trade,false
2024-08-17T02:00:00.000Z,0.1800,0.1800,,,,,trade,false
2024-08-17T03:00:00.000Z,0.1800,0.1800,,,,,trade,false
2024-08-17T04:00:00.000Z,0.1800,0.1800,,,,,trade,false
2024-08-17T05:00:00.000Z,0.1800,0.1800,,,,,trade,false
2024-08-17T06:00:00.000Z,0.1800,0.1800,,,,,trade,false
2024-08-17T07:00:00.000Z,0.1800,0.1800,,,,,trade,false
2024-08-17T08:00:00.000Z,0.1750,0.1750,,,,,trade,false
2024-08-17T09:00:00.000Z,0.1750,0.1750,,,,,trade,false
2024-08-17T10:00:00.000Z,0.1800,0.1800,,,,,trade,false
2024-08-17T11:00:00.000Z,0.1800,0.1800,,,,,trade,false
2024-08-17T12:00:00.000Z,0.1850,0.1850,,,,,trade,false
2024-08-17T13:00:00.000Z,0.1850,0.1850,,,,,trade,false
2024-08-17T14:00:00.000Z,0.1900,0.1900,,,,,trade,false
2024-08-17T15:00:00.000Z,0.1950,0.1950,,,,,trade,false
2024-08-17T16:00:00.000Z,0.1950,0.1950,,,,,trade,false
2024-08-17T17:00:00.000Z,0.1850,0.1850,,,,,trade,false
2024-08-17T18:00:00.000Z,0.1850,0.1850,,,,,trade,false
2024-08-17T19:00:00.000Z,0.1850,0.1850,,,,,trade,false
2024-08-17T20:00:00.000Z,0.1850,0.1850,,,,,trade,false
2024-08-17T21:00:00.000Z,0.1850,0.1850,,,,,trade,false
2024-08-17T22:00:00.000Z,0.1850,0.1850,,,,,trade,false
2024-08-17T23:00:00.000Z,0.1800,0.1800,,,,,trade,false
2024-08-18T00:00:00.000Z,0.1800,0.1800,,,,,trade,false
2024-08-18T01:00:00.000Z,0.1800,0.1800,,,,,trade,false
2024-08-18T02:00:00.000Z,0.1800,0.1800,,,,,trade,false
2024-08-18T03:00:00.000Z,0.1800,0.1800,,,,,trade,false
2024-08-18T04:00:00.000Z,0.1800,0.1800,,,,,trade,false
2024-08-18T05:00:00.000Z,0.1800,0.1800,,,,,trade,false
2024-08-18T06:00:00.000Z,0.1800,0.1800,,,,,trade,false
2024-08-18T07:00:00.000Z,0.1800,0.1800,,,,,trade,false
2024-08-18T08:00:00.000Z,0.1800,0.1800,,,,,trade,false
2024-08-18T09:00:00.000Z,0.1800,0.1800,,,,,trade,false
2024-08-18T10:00:00.000Z,0.1800,0.1800,,,,,trade,false
2024-08-18T11:00:00.000Z,0.1800,0.1800,,,,,trade,false
2024-08-18T12:00:00.000Z,0.1800,0.1800,,,,,trade,false
2024-08-18T13:00:00.000Z,0.1850,0.1850,,,,,trade,false
2024-08-18T14:00:00.000Z,0.1850,0.1850,,,,,trade,false
2024-08-18T15:00:00.000Z,0.1850,0.1850,,,,,trade,false
2024-08-18T16:00:00.000Z,0.1850,0.1850,,,,,trade,false
2024-08-18T17:00:00.000Z,0.1850,0.1850,,,,,trade,false
2024-08-18T18:00:00.000Z,0.1850,0.1850,,,,,trade,false
2024-08-18T19:00:00.000Z,0.1850,0.1850,,,,,trade,false
2024-08-18T20:00:00.000Z,0.1850,0.1850,,,,,trade,false
2024-08-18T21:00:00.000Z,0.1850,0.1850,,,,,trade,false
2024-08-18T22:00:00.000Z,0.1850,0.1850,,,,,trade,false
2024-08-18T23:00:00.000Z,0.1850,0.1850,,,,,trade,false
2024-08-19T00:00:00.000Z,0.1850,0.1850,,,,,trade,false
2024-08-19T01:00:00.000Z,0.1800,0.1800,,,,,trade,false
2024-08-19T02:00:00.000Z,0.1850,0.1850,,,,,trade,false
2024-08-19T03:00:00.000Z,0.1850,0.1850,,,,,trade,false
2024-08-19T04:00:00.000Z,0.1850,0.1850,,,,,trade,false
2024-08-19T05:00:00.000Z,0.1850,0.1850,,,,,trade,false
2024-08-19T06:00:00.000Z,0.1850,0.1850,,,,,trade,false
2024-08-19T07:00:00.000Z,0.1850,0.1850,,,,,trade,false
2024-08-19T08:00:00.000Z,0.1850,0.1850,,,,,trade,false
2024-08-19T09:00:00.000Z,0.1850,0.1850,,,,,trade,false
2024-08-19T10:00:00.000Z,0.1850,0.1850,,,,,trade,false
2024-08-19T11:00:00.000Z,0.1850,0.1850,,,,,trade,false
2024-08-19T12:00:00.000Z,0.1850,0.1850,,,,,trade,false
2024-08-19T13:00:00.000Z,0.1850,0.1850,,,,,trade,false
2024-08-19T14:00:00.000Z,0.1850,0.1850,,,,,trade,false
2024-08-19T15:00:00.000Z,0.1850,0.1850,,,,,trade,false
2024-08-19T16:00:00.000Z,0.1850,0.1850,,,,,trade,false
2024-08-19T17:00:00.000Z,0.1850,0.1850,,,,,trade,false
2024-08-19T18:00:00.000Z,0.1850,0.1850,,,,,trade,false
2024-08-19T19:00:00.000Z,0.1800,0.1800,,,,,trade,false
2024-08-19T20:00:00.000Z,0.1800,0.1800,,,,,trade,false
2024-08-19T21:00:00.000Z,0.1750,0.1750,,,,,trade,false
2024-08-19T22:00:00.000Z,0.1850,0.1850,,,,,trade,false
2024-08-19T23:00:00.000Z,0.1800,0.1800,,,,,trade,false
2024-08-20T00:00:00.000Z,0.1800,0.1800,,,,,trade,false
2024-08-20T01:00:00.000Z,0.1800,0.1800,,,,,trade,false
2024-08-20T02:00:00.000Z,0.1800,0.1800,,,,,trade,false
2024-08-20T03:00:00.000Z,0.1800,0.1800,,,,,trade,false
2024-08-20T04:00:00.000Z,0.1850,0.1850,,,,,trade,false
2024-08-20T05:00:00.000Z,0.1850,0.1850,,,,,trade,false
2024-08-20T06:00:00.000Z,0.1800,0.1800,,,,,trade,false
2024-08-20T07:00:00.000Z,0.1850,0.1850,,,,,trade,false
2024-08-20T08:00:00.000Z,0.1850,0.1850,,,,,trade,false
2024-08-20T09:00:00.000Z,0.1850,0.1850,,,,,trade,false
2024-08-20T10:00:00.000Z,0.1850,0.1850,,,,,trade,false
2024-08-20T11:00:00.000Z,0.1800,0.1800,,,,,trade,false
2024-08-20T12:00:00.000Z,0.1800,0.1800,,,,,trade,false
2024-08-20T13:00:00.000Z,0.1850,0.1850,,,,,trade,false
2024-08-20T14:00:00.000Z,0.1850,0.1850,,,,,trade,false
2024-08-20T15:00:00.000Z,0.1850,0.1850,,,,,trade,false
2024-08-20T16:00:00.000Z,0.1850,0.1850,,,,,trade,false
2024-08-20T17:00:00.000Z,0.1850,0.1850,,,,,trade,false
2024-08-20T18:00:00.000Z,0.1850,0.1850,,,,,trade,false
2024-08-20T19:00:00.000Z,0.1850,0.1850,,,,,trade,false
2024-08-20T20:00:00.000Z,0.1850,0.1850,,,,,trade,false
2024-08-20T21:00:00.000Z,0.1850,0.1850,,,,,trade,false
2024-08-20T22:00:00.000Z,0.1850,0.1850,,,,,trade,false
2024-08-20T23:00:00.000Z,0.1850,0.1850,,,,,trade,false
2024-08-21T00:00:00.000Z,0.1850,0.1850,,,,,trade,false
2024-08-21T01:00:00.000Z,0.1850,0.1850,,,,,trade,false
2024-08-21T02:00:00.000Z,0.1850,0.1850,,,,,trade,false
2024-08-21T03:00:00.000Z,0.1850,0.1850,,,,,trade,false
2024-08-21T04:00:00.000Z,0.1850,0.1850,,,,,trade,false
2024-08-21T05:00:00.000Z,0.1850,0.1850,,,,,trade,false
2024-08-21T06:00:00.000Z,0.1850,0.1850,,,,,trade,false
2024-08-21T07:00:00.000Z,0.1850,0.1850,,,,,trade,false
2024-08-21T08:00:00.000Z,0.1850,0.1850,,,,,trade,false
2024-08-21T09:00:00.000Z,0.1850,0.1850,,,,,trade,false
2024-08-21T10:00:00.000Z,0.1850,0.1850,,,,,trade,false
2024-08-21T11:00:00.000Z,0.1850,0.1850,,,,,trade,false
2024-08-21T12:00:00.000Z,0.1850,0.1850,,,,,trade,false
2024-08-21T13:00:00.000Z,0.1850,0.1850,,,,,trade,false
2024-08-21T14:00:00.000Z,0.1850,0.1850,,,,,trade,false
2024-08-21T15:00:00.000Z,0.1850,0.1850,,,,,trade,false
2024-08-21T16:00:00.000Z,0.1850,0.1850,,,,,trade,false
2024-08-21T17:00:00.000Z,0.1850,0.1850,,,,,trade,false
2024-08-21T18:00:00.000Z,0.1850,0.1850,,,,,trade,false
2024-08-21T19:00:00.000Z,0.1850,0.1850,,,,,trade,false
2024-08-21T20:00:00.000Z,0.2050,0.2050,,,,,trade,false
2024-08-21T21:00:00.000Z,0.2050,0.2050,,,,,trade,false
2024-08-21T22:00:00.000Z,0.2050,0.2050,,,,,trade,false
2024-08-21T23:00:00.000Z,0.2100,0.2100,,,,,trade,false
2024-08-22T00:00:00.000Z,0.2100,0.2100,,,,,trade,false
2024-08-22T01:00:00.000Z,0.2100,0.2100,,,,,trade,false
2024-08-22T02:00:00.000Z,0.2100,0.2100,,,,,trade,false
2024-08-22T03:00:00.000Z,0.2100,0.2100,,,,,trade,false
2024-08-22T04:00:00.000Z,0.2100,0.2100,,,,,trade,false
2024-08-22T05:00:00.000Z,0.2050,0.2050,,,,,trade,false
2024-08-22T06:00:00.000Z,0.2050,0.2050,,,,,trade,false
2024-08-22T07:00:00.000Z,0.2050,0.2050,,,,,trade,false
2024-08-22T08:00:00.000Z,0.2050,0.2050,,,,,trade,false
2024-08-22T09:00:00.000Z,0.2050,0.2050,,,,,trade,false
2024-08-22T10:00:00.000Z,0.2050,0.2050,,,,,trade,false
2024-08-22T11:00:00.000Z,0.2050,0.2050,,,,,trade,false
2024-08-22T12:00:00.000Z,0.2050,0.2050,,,,,trade,false
2024-08-22T13:00:00.000Z,0.2050,0.2050,,,,,trade,false
2024-08-22T14:00:00.000Z,0.2050,0.2050,,,,,trade,false
2024-08-22T15:00:00.000Z,0.2050,0.2050,,,,,trade,false
2024-08-22T16:00:00.000Z,0.2050,0.2050,,,,,trade,false
2024-08-22T17:00:00.000Z,0.2050,0.2050,,,,,trade,false
2024-08-22T18:00:00.000Z,0.2050,0.2050,,,,,trade,false
2024-08-22T19:00:00.000Z,0.2000,0.2000,,,,,trade,false
2024-08-22T20:00:00.000Z,0.2000,0.2000,,,,,trade,false
2024-08-22T21:00:00.000Z,0.2000,0.2000,,,,,trade,false
2024-08-22T22:00:00.000Z,0.2000,0.2000,,,,,trade,false
2024-08-22T23:00:00.000Z,0.2050,0.2050,,,,,trade,false
2024-08-23T00:00:00.000Z,0.2050,0.2050,,,,,trade,false
2024-08-23T01:00:00.000Z,0.2050,0.2050,,,,,trade,false
2024-08-23T02:00:00.000Z,0.2050,0.2050,,,,,trade,false
2024-08-23T03:00:00.000Z,0.2050,0.2050,,,,,trade,false
2024-08-23T04:00:00.000Z,0.2050,0.2050,,,,,trade,false
2024-08-23T05:00:00.000Z,0.1950,0.1950,,,,,trade,false
2024-08-23T06:00:00.000Z,0.1950,0.1950,,,,,trade,false
2024-08-23T07:00:00.000Z,0.1950,0.1950,,,,,trade,false
2024-08-23T08:00:00.000Z,0.1950,0.1950,,,,,trade,false
2024-08-23T09:00:00.000Z,0.1950,0.1950,,,,,trade,false
2024-08-23T10:00:00.000Z,0.1950,0.1950,,,,,trade,false
2024-08-23T11:00:00.000Z,0.1950,0.1950,,,,,trade,false
2024-08-23T12:00:00.000Z,0.1950,0.1950,,,,,trade,false
2024-08-23T13:00:00.000Z,0.1950,0.1950,,,,,trade,false
2024-08-23T14:00:00.000Z,0.1950,0.1950,,,,,trade,false
2024-08-23T15:00:00.000Z,0.1950,0.1950,,,,,trade,false
2024-08-23T16:00:00.000Z,0.2000,0.2000,,,,,trade,false
2024-08-23T17:00:00.000Z,0.1950,0.1950,,,,,trade,false
2024-08-23T18:00:00.000Z,0.2050,0.2050,,,,,trade,false
2024-08-23T19:00:00.000Z,0.2150,0.2150,,,,,trade,false
2024-08-23T20:00:00.000Z,0.2150,0.2150,,,,,trade,false
2024-08-23T21:00:00.000Z,0.2150,0.2150,,,,,trade,false
2024-08-23T22:00:00.000Z,0.2150,0.2150,,,,,trade,false
2024-08-23T23:00:00.000Z,0.2150,0.2150,,,,,trade,false
2024-08-24T00:00:00.000Z,0.2150,0.2150,,,,,trade,false
2024-08-24T01:00:00.000Z,0.2150,0.2150,,,,,trade,false
2024-08-24T02:00:00.000Z,0.2150,0.2150,,,,,trade,false
2024-08-24T03:00:00.000Z,0.2150,0.2150,,,,,trade,false
2024-08-24T04:00:00.000Z,0.2150,0.2150,,,,,trade,false
2024-08-24T05:00:00.000Z,0.2100,0.2100,,,,,trade,false
2024-08-24T06:00:00.000Z,0.2100,0.2100,,,,,trade,false
2024-08-24T07:00:00.000Z,0.2000,0.2000,,,,,trade,false
2024-08-24T08:00:00.000Z,0.2000,0.2000,,,,,trade,false
2024-08-24T09:00:00.000Z,0.2000,0.2000,,,,,trade,false
2024-08-24T10:00:00.000Z,0.2000,0.2000,,,,,trade,false
2024-08-24T11:00:00.000Z,0.2000,0.2000,,,,,trade,false
2024-08-24T12:00:00.000Z,0.2000,0.2000,,,,,trade,false
2024-08-24T13:00:00.000Z,0.2050,0.2050,,,,,trade,false
2024-08-24T14:00:00.000Z,0.2050,0.2050,,,,,trade,false
2024-08-24T15:00:00.000Z,0.2050,0.2050,,,,,trade,false
2024-08-24T16:00:00.000Z,0.2050,0.2050,,,,,trade,false
2024-08-24T17:00:00.000Z,0.2050,0.2050,,,,,trade,false
2024-08-24T18:00:00.000Z,0.2050,0.2050,,,,,trade,false
2024-08-24T19:00:00.000Z,0.2050,0.2050,,,,,trade,false
2024-08-24T20:00:00.000Z,0.2050,0.2050,,,,,trade,false
2024-08-24T21:00:00.000Z,0.2100,0.2100,,,,,trade,false
2024-08-24T22:00:00.000Z,0.2100,0.2100,,,,,trade,false
2024-08-24T23:00:00.000Z,0.2150,0.2150,,,,,trade,false
2024-08-25T00:00:00.000Z,0.2150,0.2150,,,,,trade,false
2024-08-25T01:00:00.000Z,0.2150,0.2150,,,,,trade,false
2024-08-25T02:00:00.000Z,0.2150,0.2150,,,,,trade,false
2024-08-25T03:00:00.000Z,0.2150,0.2150,,,,,trade,false
2024-08-25T04:00:00.000Z,0.2150,0.2150,,,,,trade,false
2024-08-25T05:00:00.000Z,0.2150,0.2150,,,,,trade,false
2024-08-25T06:00:00.000Z,0.2150,0.2150,,,,,trade,false
2024-08-25T07:00:00.000Z,0.2150,0.2150,,,,,trade,false
2024-08-25T08:00:00.000Z,0.2150,0.2150,,,,,trade,false
2024-08-25T09:00:00.000Z,0.2150,0.2150,,,,,trade,false
2024-08-25T10:00:00.000Z,0.2150,0.2150,,,,,trade,false
2024-08-25T11:00:00.000Z,0.2150,0.2150,,,,,trade,false
2024-08-25T12:00:00.000Z,0.2150,0.2150,,,,,trade,false
2024-08-25T13:00:00.000Z,0.2150,0.2150,,,,,trade,false
2024-08-25T14:00:00.000Z,0.2150,0.2150,,,,,trade,false
2024-08-25T15:00:00.000Z,0.2150,0.2150,,,,,trade,false
2024-08-25T16:00:00.000Z,0.2150,0.2150,,,,,trade,false
2024-08-25T17:00:00.000Z,0.2150,0.2150,,,,,trade,false
2024-08-25T18:00:00.000Z,0.2150,0.2150,,,,,trade,false
2024-08-25T19:00:00.000Z,0.2150,0.2150,,,,,trade,false
2024-08-25T20:00:00.000Z,0.2150,0.2150,,,,,trade,false
2024-08-25T21:00:00.000Z,0.2100,0.2100,,,,,trade,false
2024-08-25T22:00:00.000Z,0.2100,0.2100,,,,,trade,false
2024-08-25T23:00:00.000Z,0.2100,0.2100,,,,,trade,false
2024-08-26T00:00:00.000Z,0.2100,0.2100,,,,,trade,false
2024-08-26T01:00:00.000Z,0.2100,0.2100,,,,,trade,false
2024-08-26T02:00:00.000Z,0.2050,0.2050,,,,,trade,false
2024-08-26T03:00:00.000Z,0.2100,0.2100,,,,,trade,false
2024-08-26T04:00:00.000Z,0.2100,0.2100,,,,,trade,false
2024-08-26T05:00:00.000Z,0.2100,0.2100,,,,,trade,false
2024-08-26T06:00:00.000Z,0.2100,0.2100,,,,,trade,false
2024-08-26T07:00:00.000Z,0.2150,0.2150,,,,,trade,false
2024-08-26T08:00:00.000Z,0.2150,0.2150,,,,,trade,false
2024-08-26T09:00:00.000Z,0.2150,0.2150,,,,,trade,false
2024-08-26T10:00:00.000Z,0.2150,0.2150,,,,,trade,false
2024-08-26T11:00:00.000Z,0.2150,0.2150,,,,,trade,false
2024-08-26T12:00:00.000Z,0.2150,0.2150,,,,,trade,false
2024-08-26T13:00:00.000Z,0.2150,0.2150,,,,,trade,false
2024-08-26T14:00:00.000Z,0.2100,0.2100,,,,,trade,false
2024-08-26T15:00:00.000Z,0.2100,0.2100,,,,,trade,false
2024-08-26T16:00:00.000Z,0.2100,0.2100,,,,,trade,false
2024-08-26T17:00:00.000Z,0.2100,0.2100,,,,,trade,false
2024-08-26T18:00:00.000Z,0.2100,0.2100,,,,,trade,false
2024-08-26T19:00:00.000Z,0.2100,0.2100,,,,,trade,false
2024-08-26T20:00:00.000Z,0.2100,0.2100,,,,,trade,false
2024-08-26T21:00:00.000Z,0.2100,0.2100,,,,,trade,false
2024-08-26T22:00:00.000Z,0.2100,0.2100,,,,,trade,false
2024-08-26T23:00:00.000Z,0.2100,0.2100,,,,,trade,false
2024-08-27T00:00:00.000Z,0.2100,0.2100,,,,,trade,false
2024-08-27T01:00:00.000Z,0.2100,0.2100,,,,,trade,false
2024-08-27T02:00:00.000Z,0.2050,0.2050,,,,,trade,false
2024-08-27T03:00:00.000Z,0.1950,0.1950,,,,,trade,false
2024-08-27T04:00:00.000Z,0.1950,0.1950,,,,,trade,false
2024-08-27T05:00:00.000Z,0.1950,0.1950,,,,,trade,false
2024-08-27T06:00:00.000Z,0.1900,0.1900,,,,,trade,false
2024-08-27T07:00:00.000Z,0.1850,0.1850,,,,,trade,false
2024-08-27T08:00:00.000Z,0.1850,0.1850,,,,,trade,false
2024-08-27T09:00:00.000Z,0.1900,0.1900,,,,,trade,false
2024-08-27T10:00:00.000Z,0.1900,0.1900,,,,,trade,false
2024-08-27T11:00:00.000Z,0.1950,0.1950,,,,,trade,false
2024-08-27T12:00:00.000Z,0.2000,0.2000,,,,,trade,false
2024-08-27T13:00:00.000Z,0.1950,0.1950,,,,,trade,false
2024-08-27T14:00:00.000Z,0.1950,0.1950,,,,,trade,false
2024-08-27T15:00:00.000Z,0.2100,0.2100,,,,,trade,false
2024-08-27T16:00:00.000Z,0.2100,0.2100,,,,,trade,false
2024-08-27T17:00:00.000Z,0.2050,0.2050,,,,,trade,false
2024-08-27T18:00:00.000Z,0.2050,0.2050,,,,,trade,false
2024-08-27T19:00:00.000Z,0.2050,0.2050,,,,,trade,false
2024-08-27T20:00:00.000Z,0.2050,0.2050,,,,,trade,false
2024-08-27T21:00:00.000Z,0.1950,0.1950,,,,,trade,false
2024-08-27T22:00:00.000Z,0.1800,0.1800,,,,,trade,false
2024-08-27T23:00:00.000Z,0.1800,0.1800,,,,,trade,false
2024-08-28T00:00:00.000Z,0.1750,0.1750,,,,,trade,false
2024-08-28T01:00:00.000Z,0.1850,0.1850,,,,,trade,false
2024-08-28T02:00:00.000Z,0.1850,0.1850,,,,,trade,false
2024-08-28T03:00:00.000Z,0.1850,0.1850,,,,,trade,false
2024-08-28T04:00:00.000Z,0.1750,0.1750,,,,,trade,false
2024-08-28T05:00:00.000Z,0.1850,0.1850,,,,,trade,false
2024-08-28T06:00:00.000Z,0.1850,0.1850,,,,,trade,false
2024-08-28T07:00:00.000Z,0.1850,0.1850,,,,,trade,false
2024-08-28T08:00:00.000Z,0.1850,0.1850,,,,,trade,false
2024-08-28T09:00:00.000Z,0.1800,0.1800,,,,,trade,false
2024-08-28T10:00:00.000Z,0.1750,0.1750,,,,,trade,false
2024-08-28T11:00:00.000Z,0.1750,0.1750,,,,,trade,false
2024-08-28T12:00:00.000Z,0.1750,0.1750,,,,,trade,false
2024-08-28T13:00:00.000Z,0.1750,0.1750,,,,,trade,false
2024-08-28T14:00:00.000Z,0.1750,0.1750,,,,,trade,false
2024-08-28T15:00:00.000Z,0.1750,0.1750,,,,,trade,false
2024-08-28T16:00:00.000Z,0.1750,0.1750,,,,,trade,false
2024-08-28T17:00:00.000Z,0.1750,0.1750,,,,,trade,false
2024-08-28T18:00:00.000Z,0.1750,0.1750,,,,,trade,false
2024-08-28T19:00:00.000Z,0.1750,0.1750,,,,,trade,false
2024-08-28T20:00:00.000Z,0.1750,0.1750,,,,,trade,false
2024-08-28T21:00:00.000Z,0.1750,0.1750,,,,,trade,false
2024-08-28T22:00:00.000Z,0.1750,0.1750,,,,,trade,false
2024-08-28T23:00:00.000Z,0.1750,0.1750,,,,,trade,false
2024-08-29T00:00:00.000Z,0.1750,0.1750,,,,,trade,false
2024-08-29T01:00:00.000Z,0.1750,0.1750,,,,,trade,false
2024-08-29T02:00:00.000Z,0.1750,0.1750,,,,,trade,false
2024-08-29T03:00:00.000Z,0.1750,0.1750,,,,,trade,false
2024-08-29T04:00:00.000Z,0.1750,0.1750,,,,,trade,false
2024-08-29T05:00:00.000Z,0.1750,0.1750,,,,,trade,false
2024-08-29T06:00:00.000Z,0.1750,0.1750,,,,,trade,false
2024-08-29T07:00:00.000Z,0.1750,0.1750,,,,,trade,false
2024-08-29T08:00:00.000Z,0.1750,0.1750,,,,,trade,false
2024-08-29T09:00:00.000Z,0.1750,0.1750,,,,,trade,false
2024-08-29T10:00:00.000Z,0.1750,0.1750,,,,,trade,false
2024-08-29T11:00:00.000Z,0.1750,0.1750,,,,,trade,false
2024-08-29T12:00:00.000Z,0.1750,0.1750,,,,,trade,false
2024-08-29T13:00:00.000Z,0.1750,0.1750,,,,,trade,false
2024-08-29T14:00:00.000Z,0.1750,0.1750,,,,,trade,false
2024-08-29T15:00:00.000Z,0.1750,0.1750,,,,,trade,false
2024-08-29T16:00:00.000Z,0.1750,0.1750,,,,,trade,false
2024-08-29T17:00:00.000Z,0.1750,0.1750,,,,,trade,false
2024-08-29T18:00:00.000Z,0.1750,0.1750,,,,,trade,false
2024-08-29T19:00:00.000Z,0.1750,0.1750,,,,,trade,false
2024-08-29T20:00:00.000Z,0.1750,0.1750,,,,,trade,false
2024-08-29T21:00:00.000Z,0.1750,0.1750,,,,,trade,false
2024-08-29T22:00:00.000Z,0.1750,0.1750,,,,,trade,false
2024-08-29T23:00:00.000Z,0.1750,0.1750,,,,,trade,false
2024-08-30T00:00:00.000Z,0.1750,0.1750,,,,,trade,false
2024-08-30T01:00:00.000Z,0.1700,0.1700,,,,,trade,false
2024-08-30T02:00:00.000Z,0.1700,0.1700,,,,,trade,false
2024-08-30T03:00:00.000Z,0.1700,0.1700,,,,,trade,false
2024-08-30T04:00:00.000Z,0.1700,0.1700,,,,,trade,false
2024-08-30T05:00:00.000Z,0.1700,0.1700,,,,,trade,false
2024-08-30T06:00:00.000Z,0.1650,0.1650,,,,,trade,false
2024-08-30T07:00:00.000Z,0.1650,0.1650,,,,,trade,false
2024-08-30T08:00:00.000Z,0.1650,0.1650,,,,,trade,false
2024-08-30T09:00:00.000Z,0.1650,0.1650,,,,,trade,false
2024-08-30T10:00:00.000Z,0.1650,0.1650,,,,,trade,false
2024-08-30T11:00:00.000Z,0.1650,0.1650,,,,,trade,false
2024-08-30T12:00:00.000Z,0.1650,0.1650,,,,,trade,false
2024-08-30T13:00:00.000Z,0.1650,0.1650,,,,,trade,false
2024-08-30T14:00:00.000Z,0.1700,0.1700,,,,,trade,false
2024-08-30T15:00:00.000Z,0.1750,0.1750,,,,,trade,false
2024-08-30T16:00:00.000Z,0.1750,0.1750,,,,,trade,false
2024-08-30T17:00:00.000Z,0.1700,0.1700,,,,,trade,false
2024-08-30T18:00:00.000Z,0.1700,0.1700,,,,,trade,false
2024-08-30T19:00:00.000Z,0.1750,0.1750,,,,,trade,false
2024-08-30T20:00:00.000Z,0.1700,0.1700,,,,,trade,false
2024-08-30T21:00:00.000Z,0.1700,0.1700,,,,,trade,false
2024-08-30T22:00:00.000Z,0.1700,0.1700,,,,,trade,false
2024-08-30T23:00:00.000Z,0.1700,0.1700,,,,,trade,false
2024-08-31T00:00:00.000Z,0.1700,0.1700,,,,,trade,false
2024-08-31T01:00:00.000Z,0.1650,0.1650,,,,,trade,false
2024-08-31T02:00:00.000Z,0.1650,0.1650,,,,,trade,false
2024-08-31T03:00:00.000Z,0.1650,0.1650,,,,,trade,false
2024-08-31T04:00:00.000Z,0.1650,0.1650,,,,,trade,false
2024-08-31T05:00:00.000Z,0.1650,0.1650,,,,,trade,false
2024-08-31T06:00:00.000Z,0.1650,0.1650,,,,,trade,false
2024-08-31T07:00:00.000Z,0.1650,0.1650,,,,,trade,false
2024-08-31T08:00:00.000Z,0.1650,0.1650,,,,,trade,false
2024-08-31T09:00:00.000Z,0.1650,0.1650,,,,,trade,false
2024-08-31T10:00:00.000Z,0.1600,0.1600,,,,,trade,false
2024-08-31T11:00:00.000Z,0.1650,0.1650,,,,,trade,false
2024-08-31T12:00:00.000Z,0.1650,0.1650,,,,,trade,false
2024-08-31T13:00:00.000Z,0.1650,0.1650,,,,,trade,false
2024-08-31T14:00:00.000Z,0.1650,0.1650,,,,,trade,false
2024-08-31T15:00:00.000Z,0.1650,0.1650,,,,,trade,false
2024-08-31T16:00:00.000Z,0.1650,0.1650,,,,,trade,false
2024-08-31T17:00:00.000Z,0.1650,0.1650,,,,,trade,false
2024-08-31T18:00:00.000Z,0.1650,0.1650,,,,,trade,false
2024-08-31T19:00:00.000Z,0.1650,0.1650,,,,,trade,false
2024-08-31T20:00:00.000Z,0.1650,0.1650,,,,,trade,false
2024-08-31T21:00:00.000Z,0.1650,0.1650,,,,,trade,false
2024-08-31T22:00:00.000Z,0.1650,0.1650,,,,,trade,false
2024-08-31T23:00:00.000Z,0.1650,0.1650,,,,,trade,false
2024-09-01T00:00:00.000Z,0.1650,0.1650,,,,,trade,false
2024-09-01T01:00:00.000Z,0.1650,0.1650,,,,,trade,false
2024-09-01T02:00:00.000Z,0.1550,0.1550,,,,,trade,false
2024-09-01T03:00:00.000Z,0.1550,0.1550,,,,,trade,false
2024-09-01T04:00:00.000Z,0.1550,0.1550,,,,,trade,false
2024-09-01T05:00:00.000Z,0.1550,0.1550,,,,,trade,false
2024-09-01T06:00:00.000Z,0.1500,0.1500,,,,,trade,false
2024-09-01T07:00:00.000Z,0.1500,0.1500,,,,,trade,false
2024-09-01T08:00:00.000Z,0.1500,0.1500,,,,,trade,false
2024-09-01T09:00:00.000Z,0.1450,0.1450,,,,,trade,false
2024-09-01T10:00:00.000Z,0.1500,0.1500,,,,,trade,false
2024-09-01T11:00:00.000Z,0.1500,0.1500,,,,,trade,false
2024-09-01T12:00:00.000Z,0.1500,0.1500,,,,,trade,false
2024-09-01T13:00:00.000Z,0.1500,0.1500,,,,,trade,false
2024-09-01T14:00:00.000Z,0.1500,0.1500,,,,,trade,false
2024-09-01T15:00:00.000Z,0.1500,0.1500,,,,,trade,false
2024-09-01T16:00:00.000Z,0.1500,0.1500,,,,,trade,false
2024-09-01T17:00:00.000Z,0.1500,0.1500,,,,,trade,false
2024-09-01T18:00:00.000Z,0.1550,0.1550,,,,,trade,false
2024-09-01T19:00:00.000Z,0.1550,0.1550,,,,,trade,false
2024-09-01T20:00:00.000Z,0.1550,0.1550,,,,,trade,false
2024-09-01T21:00:00.000Z,0.1550,0.1550,,,,,trade,false
2024-09-01T22:00:00.000Z,0.1550,0.1550,,,,,trade,false
2024-09-01T23:00:00.000Z,0.1550,0.1550,,,,,trade,false
2024-09-02T00:00:00.000Z,0.1550,0.1550,,,,,trade,false
2024-09-02T01:00:00.000Z,0.1550,0.1550,,,,,trade,false
2024-09-02T02:00:00.000Z,0.1550,0.1550,,,,,trade,false
2024-09-02T03:00:00.000Z,0.1500,0.1500,,,,,trade,false
2024-09-02T04:00:00.000Z,0.1350,0.1350,,,,,trade,false
2024-09-02T05:00:00.000Z,0.1350,0.1350,,,,,trade,false
2024-09-02T06:00:00.000Z,0.1500,0.1500,,,,,trade,false
2024-09-02T07:00:00.000Z,0.1450,0.1450,,,,,trade,false
2024-09-02T08:00:00.000Z,0.1450,0.1450,,,,,trade,false
2024-09-02T09:00:00.000Z,0.1450,0.1450,,,,,trade,false
2024-09-02T10:00:00.000Z,0.1450,0.1450,,,,,trade,false
2024-09-02T11:00:00.000Z,0.1450,0.1450,,,,,trade,false
2024-09-02T12:00:00.000Z,0.1450,0.1450,,,,,trade,false
2024-09-02T13:00:00.000Z,0.1500,0.1500,,,,,trade,false
2024-09-02T14:00:00.000Z,0.1500,0.1500,,,,,trade,false
2024-09-02T15:00:00.000Z,0.1500,0.1500,,,,,trade,false
2024-09-02T16:00:00.000Z,0.1500,0.1500,,,,,trade,false
2024-09-02T17:00:00.000Z,0.1500,0.1500,,,,,trade,false
2024-09-02T18:00:00.000Z,0.1500,0.1500,,,,,trade,false
2024-09-02T19:00:00.000Z,0.1500,0.1500,,,,,trade,false
2024-09-02T20:00:00.000Z,0.1500,0.1500,,,,,trade,false
2024-09-02T21:00:00.000Z,0.1500,0.1500,,,,,trade,false
2024-09-02T22:00:00.000Z,0.1550,0.1550,,,,,trade,false
2024-09-02T23:00:00.000Z,0.1650,0.1650,,,,,trade,false
2024-09-03T00:00:00.000Z,0.1600,0.1600,,,,,trade,false
2024-09-03T01:00:00.000Z,0.1550,0.1550,,,,,trade,false
2024-09-03T02:00:00.000Z,0.1650,0.1650,,,,,trade,false
2024-09-03T03:00:00.000Z,0.1650,0.1650,,,,,trade,false
2024-09-03T04:00:00.000Z,0.1650,0.1650,,,,,trade,false
2024-09-03T05:00:00.000Z,0.1650,0.1650,,,,,trade,false
2024-09-03T06:00:00.000Z,0.1650,0.1650,,,,,trade,false
2024-09-03T07:00:00.000Z,0.1650,0.1650,,,,,trade,false
2024-09-03T08:00:00.000Z,0.1650,0.1650,,,,,trade,false
2024-09-03T09:00:00.000Z,0.1650,0.1650,,,,,trade,false
2024-09-03T10:00:00.000Z,0.1650,0.1650,,,,,trade,false
2024-09-03T11:00:00.000Z,0.1700,0.1700,,,,,trade,false
2024-09-03T12:00:00.000Z,0.1750,0.1750,,,,,trade,false
2024-09-03T13:00:00.000Z,0.1650,0.1650,,,,,trade,false
2024-09-03T14:00:00.000Z,0.1550,0.1550,,,,,trade,false
2024-09-03T15:00:00.000Z,0.1550,0.1550,,,,,trade,false
2024-09-03T16:00:00.000Z,0.1550,0.1550,,,,,trade,false
2024-09-03T17:00:00.000Z,0.1550,0.1550,,,,,trade,false
2024-09-03T18:00:00.000Z,0.1550,0.1550,,,,,trade,false
2024-09-03T19:00:00.000Z,0.1550,0.1550,,,,,trade,false
2024-09-03T20:00:00.000Z,0.1550,0.1550,,,,,trade,false
2024-09-03T21:00:00.000Z,0.1550,0.1550,,,,,trade,false
2024-09-03T22:00:00.000Z,0.1450,0.1450,,,,,trade,false
2024-09-03T23:00:00.000Z,0.1450,0.1450,,,,,trade,false
2024-09-04T00:00:00.000Z,0.1450,0.1450,,,,,trade,false
2024-09-04T01:00:00.000Z,0.1450,0.1450,,,,,trade,false
2024-09-04T02:00:00.000Z,0.1450,0.1450,,,,,trade,false
2024-09-04T03:00:00.000Z,0.1450,0.1450,,,,,trade,false
2024-09-04T04:00:00.000Z,0.1450,0.1450,,,,,trade,false
2024-09-04T05:00:00.000Z,0.1150,0.1150,,,,,trade,false
2024-09-04T06:00:00.000Z,0.1200,0.1200,,,,,trade,false
2024-09-04T07:00:00.000Z,0.1200,0.1200,,,,,trade,false
2024-09-04T08:00:00.000Z,0.1150,0.1150,,,,,trade,false
2024-09-04T09:00:00.000Z,0.1150,0.1150,,,,,trade,false
2024-09-04T10:00:00.000Z,0.1150,0.1150,,,,,trade,false
2024-09-04T11:00:00.000Z,0.1200,0.1200,,,,,trade,false
2024-09-04T12:00:00.000Z,0.1250,0.1250,,,,,trade,false
2024-09-04T13:00:00.000Z,0.1250,0.1250,,,,,trade,false
2024-09-04T14:00:00.000Z,0.1300,0.1300,,,,,trade,false
2024-09-04T15:00:00.000Z,0.1350,0.1350,,,,,trade,false
2024-09-04T16:00:00.000Z,0.1350,0.1350,,,,,trade,false
2024-09-04T17:00:00.000Z,0.1350,0.1350,,,,,trade,false
2024-09-04T18:00:00.000Z,0.1350,0.1350,,,,,trade,false
2024-09-04T19:00:00.000Z,0.1350,0.1350,,,,,trade,false
2024-09-04T20:00:00.000Z,0.1350,0.1350,,,,,trade,false
2024-09-04T21:00:00.000Z,0.1350,0.1350,,,,,trade,false
2024-09-04T22:00:00.000Z,0.1350,0.1350,,,,,trade,false
2024-09-04T23:00:00.000Z,0.1350,0.1350,,,,,trade,false
2024-09-05T00:00:00.000Z,0.1350,0.1350,,,,,trade,false
2024-09-05T01:00:00.000Z,0.1350,0.1350,,,,,trade,false
2024-09-05T02:00:00.000Z,0.1350,0.1350,,,,,trade,false
2024-09-05T03:00:00.000Z,0.1350,0.1350,,,,,trade,false
2024-09-05T04:00:00.000Z,0.1350,0.1350,,,,,trade,false
2024-09-05T05:00:00.000Z,0.1350,0.1350,,,,,trade,false
2024-09-05T06:00:00.000Z,0.1350,0.1350,,,,,trade,false
2024-09-05T07:00:00.000Z,0.1350,0.1350,,,,,trade,false
2024-09-05T08:00:00.000Z,0.1200,0.1200,,,,,trade,false
2024-09-05T09:00:00.000Z,0.1200,0.1200,,,,,trade,false
2024-09-05T10:00:00.000Z,0.1200,0.1200,,,,,trade,false
2024-09-05T11:00:00.000Z,0.1200,0.1200,,,,,trade,false
2024-09-05T12:00:00.000Z,0.1200,0.1200,,,,,trade,false
2024-09-05T13:00:00.000Z,0.1200,0.1200,,,,,trade,false
2024-09-05T14:00:00.000Z,0.1200,0.1200,,,,,trade,false
2024-09-05T15:00:00.000Z,0.1200,0.1200,,,,,trade,false
2024-09-05T16:00:00.000Z,0.1200,0.1200,,,,,trade,false
2024-09-05T17:00:00.000Z,0.1200,0.1200,,,,,trade,false
2024-09-05T18:00:00.000Z,0.1200,0.1200,,,,,trade,false
2024-09-05T19:00:00.000Z,0.1200,0.1200,,,,,trade,false
2024-09-05T20:00:00.000Z,0.1200,0.1200,,,,,trade,false
2024-09-05T21:00:00.000Z,0.1200,0.1200,,,,,trade,false
2024-09-05T22:00:00.000Z,0.1200,0.1200,,,,,trade,false
2024-09-05T23:00:00.000Z,0.1250,0.1250,,,,,trade,false
2024-09-06T00:00:00.000Z,0.1250,0.1250,,,,,trade,false
2024-09-06T01:00:00.000Z,0.1250,0.1250,,,,,trade,false
2024-09-06T02:00:00.000Z,0.1250,0.1250,,,,,trade,false
2024-09-06T03:00:00.000Z,0.1400,0.1400,,,,,trade,false
2024-09-06T04:00:00.000Z,0.1450,0.1450,,,,,trade,false
2024-09-06T05:00:00.000Z,0.1450,0.1450,,,,,trade,false
2024-09-06T06:00:00.000Z,0.1450,0.1450,,,,,trade,false
2024-09-06T07:00:00.000Z,0.1450,0.1450,,,,,trade,false
2024-09-06T08:00:00.000Z,0.1450,0.1450,,,,,trade,false
2024-09-06T09:00:00.000Z,0.1450,0.1450,,,,,trade,false
2024-09-06T10:00:00.000Z,0.1450,0.1450,,,,,trade,false
2024-09-06T11:00:00.000Z,0.1450,0.1450,,,,,trade,false
2024-09-06T12:00:00.000Z,0.1400,0.1400,,,,,trade,false
2024-09-06T13:00:00.000Z,0.1450,0.1450,,,,,trade,false
2024-09-06T14:00:00.000Z,0.1450,0.1450,,,,,trade,false
2024-09-06T15:00:00.000Z,0.1300,0.1300,,,,,trade,false
2024-09-06T16:00:00.000Z,0.1250,0.1250,,,,,trade,false
2024-09-06T17:00:00.000Z,0.1250,0.1250,,,,,trade,false
2024-09-06T18:00:00.000Z,0.1250,0.1250,,,,,trade,false
2024-09-06T19:00:00.000Z,0.1250,0.1250,,,,,trade,false
2024-09-06T20:00:00.000Z,0.1200,0.1200,,,,,trade,false
2024-09-06T21:00:00.000Z,0.1200,0.1200,,,,,trade,false
2024-09-06T22:00:00.000Z,0.1200,0.1200,,,,,trade,false
2024-09-06T23:00:00.000Z,0.1150,0.1150,,,,,trade,false
2024-09-07T00:00:00.000Z,0.1150,0.1150,,,,,trade,false
2024-09-07T01:00:00.000Z,0.1150,0.1150,,,,,trade,false
2024-09-07T02:00:00.000Z,0.1150,0.1150,,,,,trade,false
2024-09-07T03:00:00.000Z,0.1150,0.1150,,,,,trade,false
2024-09-07T04:00:00.000Z,0.1150,0.1150,,,,,trade,false
2024-09-07T05:00:00.000Z,0.1150,0.1150,,,,,trade,false
2024-09-07T06:00:00.000Z,0.1150,0.1150,,,,,trade,false
2024-09-07T07:00:00.000Z,0.1150,0.1150,,,,,trade,false
2024-09-07T08:00:00.000Z,0.1150,0.1150,,,,,trade,false
2024-09-07T09:00:00.000Z,0.1150,0.1150,,,,,trade,false
2024-09-07T10:00:00.000Z,0.1150,0.1150,,,,,trade,false
2024-09-07T11:00:00.000Z,0.1150,0.1150,,,,,trade,false
2024-09-07T12:00:00.000Z,0.1150,0.1150,,,,,trade,false
2024-09-07T13:00:00.000Z,0.1150,0.1150,,,,,trade,false
2024-09-07T14:00:00.000Z,0.1150,0.1150,,,,,trade,false
2024-09-07T15:00:00.000Z,0.1150,0.1150,,,,,trade,false
2024-09-07T16:00:00.000Z,0.1150,0.1150,,,,,trade,false
2024-09-07T17:00:00.000Z,0.1150,0.1150,,,,,trade,false
2024-09-07T18:00:00.000Z,0.1150,0.1150,,,,,trade,false
2024-09-07T19:00:00.000Z,0.1150,0.1150,,,,,trade,false
2024-09-07T20:00:00.000Z,0.1150,0.1150,,,,,trade,false
2024-09-07T21:00:00.000Z,0.1150,0.1150,,,,,trade,false
2024-09-07T22:00:00.000Z,0.1150,0.1150,,,,,trade,false
2024-09-07T23:00:00.000Z,0.1150,0.1150,,,,,trade,false
2024-09-08T00:00:00.000Z,0.1150,0.1150,,,,,trade,false
2024-09-08T01:00:00.000Z,0.1150,0.1150,,,,,trade,false
2024-09-08T02:00:00.000Z,0.1150,0.1150,,,,,trade,false
2024-09-08T03:00:00.000Z,0.1150,0.1150,,,,,trade,false
2024-09-08T04:00:00.000Z,0.1150,0.1150,,,,,trade,false
2024-09-08T05:00:00.000Z,0.1150,0.1150,,,,,trade,false
2024-09-08T06:00:00.000Z,0.1150,0.1150,,,,,trade,false
2024-09-08T07:00:00.000Z,0.1150,0.1150,,,,,trade,false
2024-09-08T08:00:00.000Z,0.1150,0.1150,,,,,trade,false
2024-09-08T09:00:00.000Z,0.1000,0.1000,,,,,trade,false
2024-09-08T10:00:00.000Z,0.1000,0.1000,,,,,trade,false
2024-09-08T11:00:00.000Z,0.1000,0.1000,,,,,trade,false
2024-09-08T12:00:00.000Z,0.1000,0.1000,,,,,trade,false
2024-09-08T13:00:00.000Z,0.1000,0.1000,,,,,trade,false
2024-09-08T14:00:00.000Z,0.1000,0.1000,,,,,trade,false
2024-09-08T15:00:00.000Z,0.1000,0.1000,,,,,trade,false
2024-09-08T16:00:00.000Z,0.1000,0.1000,,,,,trade,false
2024-09-08T17:00:00.000Z,0.1000,0.1000,,,,,trade,false
2024-09-08T18:00:00.000Z,0.1000,0.1000,,,,,trade,false
2024-09-08T19:00:00.000Z,0.1000,0.1000,,,,,trade,false
2024-09-08T20:00:00.000Z,0.1050,0.1050,,,,,trade,false
2024-09-08T21:00:00.000Z,0.1050,0.1050,,,,,trade,false
2024-09-08T22:00:00.000Z,0.1050,0.1050,,,,,trade,false
2024-09-08T23:00:00.000Z,0.1050,0.1050,,,,,trade,false
2024-09-09T00:00:00.000Z,0.1050,0.1050,,,,,trade,false
2024-09-09T01:00:00.000Z,0.1050,0.1050,,,,,trade,false
2024-09-09T02:00:00.000Z,0.1050,0.1050,,,,,trade,false
2024-09-09T03:00:00.000Z,0.1050,0.1050,,,,,trade,false
2024-09-09T04:00:00.000Z,0.1050,0.1050,,,,,trade,false
2024-09-09T05:00:00.000Z,0.1050,0.1050,,,,,trade,false
2024-09-09T06:00:00.000Z,0.1050,0.1050,,,,,trade,false
2024-09-09T07:00:00.000Z,0.1050,0.1050,,,,,trade,false
2024-09-09T08:00:00.000Z,0.1050,0.1050,,,,,trade,false
2024-09-09T09:00:00.000Z,0.1050,0.1050,,,,,trade,false
2024-09-09T10:00:00.000Z,0.1050,0.1050,,,,,trade,false
2024-09-09T11:00:00.000Z,0.1000,0.1000,,,,,trade,false
2024-09-09T12:00:00.000Z,0.1000,0.1000,,,,,trade,false
2024-09-09T13:00:00.000Z,0.1000,0.1000,,,,,trade,false
2024-09-09T14:00:00.000Z,0.1050,0.1050,,,,,trade,false
2024-09-09T15:00:00.000Z,0.1150,0.1150,,,,,trade,false
2024-09-09T16:00:00.000Z,0.1150,0.1150,,,,,trade,false
2024-09-09T17:00:00.000Z,0.1200,0.1200,,,,,trade,false
2024-09-09T18:00:00.000Z,0.1200,0.1200,,,,,trade,false
2024-09-09T19:00:00.000Z,0.1200,0.1200,,,,,trade,false
2024-09-09T20:00:00.000Z,0.1200,0.1200,,,,,trade,false
2024-09-09T21:00:00.000Z,0.1200,0.1200,,,,,trade,false
2024-09-09T22:00:00.000Z,0.1300,0.1300,,,,,trade,false
2024-09-09T23:00:00.000Z,0.1300,0.1300,,,,,trade,false
2024-09-10T00:00:00.000Z,0.1300,0.1300,,,,,trade,false
2024-09-10T01:00:00.000Z,0.1350,0.1350,,,,,trade,false
2024-09-10T02:00:00.000Z,0.1300,0.1300,,,,,trade,false
2024-09-10T03:00:00.000Z,0.1300,0.1300,,,,,trade,false
2024-09-10T04:00:00.000Z,0.1300,0.1300,,,,,trade,false
2024-09-10T05:00:00.000Z,0.1300,0.1300,,,,,trade,false
2024-09-10T06:00:00.000Z,0.1150,0.1150,,,,,trade,false
2024-09-10T07:00:00.000Z,0.1200,0.1200,,,,,trade,false
2024-09-10T08:00:00.000Z,0.1200,0.1200,,,,,trade,false
2024-09-10T09:00:00.000Z,0.1200,0.1200,,,,,trade,false
2024-09-10T10:00:00.000Z,0.1150,0.1150,,,,,trade,false
2024-09-10T11:00:00.000Z,0.1150,0.1150,,,,,trade,false
2024-09-10T12:00:00.000Z,0.1150,0.1150,,,,,trade,false
2024-09-10T13:00:00.000Z,0.1150,0.1150,,,,,trade,false
2024-09-10T14:00:00.000Z,0.1200,0.1200,,,,,trade,false
2024-09-10T15:00:00.000Z,0.1100,0.1100,,,,,trade,false
2024-09-10T16:00:00.000Z,0.1050,0.1050,,,,,trade,false
2024-09-10T17:00:00.000Z,0.1050,0.1050,,,,,trade,false
2024-09-10T18:00:00.000Z,0.1250,0.1250,,,,,trade,false
2024-09-10T19:00:00.000Z,0.1300,0.1300,,,,,trade,false
2024-09-10T20:00:00.000Z,0.1300,0.1300,,,,,trade,false
2024-09-10T21:00:00.000Z,0.1300,0.1300,,,,,trade,false
2024-09-10T22:00:00.000Z,0.1300,0.1300,,,,,trade,false
2024-09-10T23:00:00.000Z,0.1300,0.1300,,,,,trade,false
2024-09-11T00:00:00.000Z,0.1300,0.1300,,,,,trade,false
2024-09-11T01:00:00.000Z,0.1300,0.1300,,,,,trade,false
2024-09-11T02:00:00.000Z,0.1300,0.1300,,,,,trade,false
2024-09-11T03:00:00.000Z,0.1300,0.1300,,,,,trade,false
2024-09-11T04:00:00.000Z,0.1300,0.1300,,,,,trade,false
2024-09-11T05:00:00.000Z,0.1300,0.1300,,,,,trade,false
2024-09-11T06:00:00.000Z,0.1300,0.1300,,,,,trade,false
2024-09-11T07:00:00.000Z,0.1350,0.1350,,,,,trade,false
2024-09-11T08:00:00.000Z,0.1150,0.1150,,,,,trade,false
2024-09-11T09:00:00.000Z,0.1150,0.1150,,,,,trade,false
2024-09-11T10:00:00.000Z,0.1150,0.1150,,,,,trade,false
2024-09-11T11:00:00.000Z,0.1150,0.1150,,,,,trade,false
2024-09-11T12:00:00.000Z,0.1150,0.1150,,,,,trade,false
2024-09-11T13:00:00.000Z,0.1100,0.1100,,,,,trade,false
2024-09-11T14:00:00.000Z,0.1100,0.1100,,,,,trade,false
2024-09-11T15:00:00.000Z,0.1100,0.1100,,,,,trade,false
2024-09-11T16:00:00.000Z,0.1150,0.1150,,,,,trade,false
2024-09-11T17:00:00.000Z,0.1150,0.1150,,,,,trade,false
2024-09-11T18:00:00.000Z,0.1100,0.1100,,,,,trade,false
2024-09-11T19:00:00.000Z,0.1100,0.1100,,,,,trade,false
2024-09-11T20:00:00.000Z,0.1150,0.1150,,,,,trade,false
2024-09-11T21:00:00.000Z,0.1150,0.1150,,,,,trade,false
2024-09-11T22:00:00.000Z,0.1150,0.1150,,,,,trade,false
2024-09-11T23:00:00.000Z,0.1150,0.1150,,,,,trade,false
2024-09-12T00:00:00.000Z,0.1150,0.1150,,,,,trade,false
2024-09-12T01:00:00.000Z,0.1100,0.1100,,,,,trade,false
2024-09-12T02:00:00.000Z,0.1100,0.1100,,,,,trade,false
2024-09-12T03:00:00.000Z,0.1150,0.1150,,,,,trade,false
2024-09-12T04:00:00.000Z,0.1150,0.1150,,,,,trade,false
2024-09-12T05:00:00.000Z,0.1200,0.1200,,,,,trade,false
2024-09-12T06:00:00.000Z,0.1150,0.1150,,,,,trade,false
2024-09-12T07:00:00.000Z,0.1150,0.1150,,,,,trade,false
2024-09-12T08:00:00.000Z,0.1150,0.1150,,,,,trade,false
2024-09-12T09:00:00.000Z,0.1150,0.1150,,,,,trade,false
2024-09-12T10:00:00.000Z,0.1100,0.1100,,,,,trade,false
2024-09-12T11:00:00.000Z,0.1100,0.1100,,,,,trade,false
2024-09-12T12:00:00.000Z,0.1100,0.1100,,,,,trade,false
2024-09-12T13:00:00.000Z,0.1100,0.1100,,,,,trade,false
2024-09-12T14:00:00.000Z,0.1100,0.1100,,,,,trade,false
2024-09-12T15:00:00.000Z,0.1100,0.1100,,,,,trade,false
2024-09-12T16:00:00.000Z,0.1100,0.1100,,,,,trade,false
2024-09-12T17:00:00.000Z,0.1100,0.1100,,,,,trade,false
2024-09-12T18:00:00.000Z,0.1100,0.1100,,,,,trade,false
2024-09-12T19:00:00.000Z,0.1100,0.1100,,,,,trade,false
2024-09-12T20:00:00.000Z,0.1200,0.1200,,,,,trade,false
2024-09-12T21:00:00.000Z,0.1200,0.1200,,,,,trade,false
2024-09-12T22:00:00.000Z,0.1250,0.1250,,,,,trade,false
2024-09-12T23:00:00.000Z,0.1250,0.1250,,,,,trade,false
2024-09-13T00:00:00.000Z,0.1250,0.1250,,,,,trade,false
2024-09-13T01:00:00.000Z,0.1250,0.1250,,,,,trade,false
2024-09-13T02:00:00.000Z,0.1250,0.1250,,,,,trade,false
2024-09-13T03:00:00.000Z,0.1250,0.1250,,,,,trade,false
2024-09-13T04:00:00.000Z,0.1250,0.1250,,,,,trade,false
2024-09-13T05:00:00.000Z,0.1250,0.1250,,,,,trade,false
2024-09-13T06:00:00.000Z,0.1250,0.1250,,,,,trade,false
2024-09-13T07:00:00.000Z,0.1250,0.1250,,,,,trade,false
2024-09-13T08:00:00.000Z,0.1250,0.1250,,,,,trade,false
2024-09-13T09:00:00.000Z,0.1250,0.1250,,,,,trade,false
2024-09-13T10:00:00.000Z,0.1300,0.1300,,,,,trade,false
2024-09-13T11:00:00.000Z,0.1300,0.1300,,,,,trade,false
2024-09-13T12:00:00.000Z,0.1300,0.1300,,,,,trade,false
2024-09-13T13:00:00.000Z,0.1250,0.1250,,,,,trade,false
2024-09-13T14:00:00.000Z,0.1250,0.1250,,,,,trade,false
2024-09-13T15:00:00.000Z,0.1250,0.1250,,,,,trade,false
2024-09-13T16:00:00.000Z,0.1300,0.1300,,,,,trade,false
2024-09-13T17:00:00.000Z,0.1300,0.1300,,,,,trade,false
2024-09-13T18:00:00.000Z,0.1300,0.1300,,,,,trade,false
2024-09-13T19:00:00.000Z,0.1150,0.1150,,,,,trade,false
2024-09-13T20:00:00.000Z,0.1150,0.1150,,,,,trade,false
2024-09-13T21:00:00.000Z,0.1150,0.1150,,,,,trade,false
2024-09-13T22:00:00.000Z,0.1150,0.1150,,,,,trade,false
2024-09-13T23:00:00.000Z,0.1150,0.1150,,,,,trade,false
2024-09-14T00:00:00.000Z,0.1250,0.1250,,,,,trade,false
2024-09-14T01:00:00.000Z,0.1350,0.1350,,,,,trade,false
2024-09-14T02:00:00.000Z,0.1300,0.1300,,,,,trade,false
2024-09-14T03:00:00.000Z,0.1300,0.1300,,,,,trade,false
2024-09-14T04:00:00.000Z,0.1350,0.1350,,,,,trade,false
2024-09-14T05:00:00.000Z,0.1300,0.1300,,,,,trade,false
2024-09-14T06:00:00.000Z,0.1300,0.1300,,,,,trade,false
2024-09-14T07:00:00.000Z,0.1300,0.1300,,,,,trade,false
2024-09-14T08:00:00.000Z,0.1350,0.1350,,,,,trade,false
2024-09-14T09:00:00.000Z,0.1350,0.1350,,,,,trade,false
2024-09-14T10:00:00.000Z,0.1350,0.1350,,,,,trade,false
2024-09-14T11:00:00.000Z,0.1350,0.1350,,,,,trade,false
2024-09-14T12:00:00.000Z,0.1300,0.1300,,,,,trade,false
2024-09-14T13:00:00.000Z,0.1350,0.1350,,,,,trade,false
2024-09-14T14:00:00.000Z,0.1350,0.1350,,,,,trade,false
2024-09-14T15:00:00.000Z,0.1300,0.1300,,,,,trade,false
2024-09-14T16:00:00.000Z,0.1300,0.1300,,,,,trade,false
2024-09-14T17:00:00.000Z,0.1300,0.1300,,,,,trade,false
2024-09-14T18:00:00.000Z,0.1300,0.1300,,,,,trade,false
2024-09-14T19:00:00.000Z,0.1300,0.1300,,,,,trade,false
2024-09-14T20:00:00.000Z,0.1300,0.1300,,,,,trade,false
2024-09-14T21:00:00.000Z,0.1300,0.1300,,,,,trade,false
2024-09-14T22:00:00.000Z,0.1300,0.1300,,,,,trade,false
2024-09-14T23:00:00.000Z,0.1300,0.1300,,,,,trade,false
2024-09-15T00:00:00.000Z,0.1300,0.1300,,,,,trade,false
2024-09-15T01:00:00.000Z,0.1300,0.1300,,,,,trade,false
2024-09-15T02:00:00.000Z,0.1300,0.1300,,,,,trade,false
2024-09-15T03:00:00.000Z,0.1300,0.1300,,,,,trade,false
2024-09-15T04:00:00.000Z,0.1400,0.1400,,,,,trade,false
2024-09-15T05:00:00.000Z,0.1400,0.1400,,,,,trade,false
2024-09-15T06:00:00.000Z,0.1300,0.1300,,,,,trade,false
2024-09-15T07:00:00.000Z,0.1250,0.1250,,,,,trade,false
2024-09-15T08:00:00.000Z,0.1250,0.1250,,,,,trade,false
2024-09-15T09:00:00.000Z,0.1300,0.1300,,,,,trade,false
2024-09-15T10:00:00.000Z,0.1300,0.1300,,,,,trade,false
2024-09-15T11:00:00.000Z,0.1300,0.1300,,,,,trade,false
2024-09-15T12:00:00.000Z,0.1300,0.1300,,,,,trade,false
2024-09-15T13:00:00.000Z,0.1350,0.1350,,,,,trade,false
2024-09-15T14:00:00.000Z,0.1300,0.1300,,,,,trade,false
2024-09-15T15:00:00.000Z,0.1300,0.1300,,,,,trade,false
2024-09-15T16:00:00.000Z,0.1350,0.1350,,,,,trade,false
2024-09-15T17:00:00.000Z,0.1300,0.1300,,,,,trade,false
2024-09-15T18:00:00.000Z,0.1300,0.1300,,,,,trade,false
2024-09-15T19:00:00.000Z,0.1300,0.1300,,,,,trade,false
2024-09-15T20:00:00.000Z,0.1300,0.1300,,,,,trade,false
2024-09-15T21:00:00.000Z,0.1300,0.1300,,,,,trade,false
2024-09-15T22:00:00.000Z,0.1300,0.1300,,,,,trade,false
2024-09-15T23:00:00.000Z,0.1300,0.1300,,,,,trade,false
2024-09-16T00:00:00.000Z,0.1300,0.1300,,,,,trade,false
2024-09-16T01:00:00.000Z,0.1300,0.1300,,,,,trade,false
2024-09-16T02:00:00.000Z,0.1300,0.1300,,,,,trade,false
2024-09-16T03:00:00.000Z,0.1300,0.1300,,,,,trade,false
2024-09-16T04:00:00.000Z,0.1300,0.1300,,,,,trade,false
2024-09-16T05:00:00.000Z,0.1350,0.1350,,,,,trade,false
2024-09-16T06:00:00.000Z,0.1350,0.1350,,,,,trade,false
2024-09-16T07:00:00.000Z,0.1350,0.1350,,,,,trade,false
2024-09-16T08:00:00.000Z,0.1350,0.1350,,,,,trade,false
2024-09-16T09:00:00.000Z,0.1300,0.1300,,,,,trade,false
2024-09-16T10:00:00.000Z,0.1300,0.1300,,,,,trade,false
2024-09-16T11:00:00.000Z,0.1300,0.1300,,,,,trade,false
2024-09-16T12:00:00.000Z,0.1250,0.1250,,,,,trade,false
2024-09-16T13:00:00.000Z,0.1300,0.1300,,,,,trade,false
2024-09-16T14:00:00.000Z,0.1300,0.1300,,,,,trade,false
2024-09-16T15:00:00.000Z,0.1300,0.1300,,,,,trade,false
2024-09-16T16:00:00.000Z,0.1300,0.1300,,,,,trade,false
2024-09-16T17:00:00.000Z,0.1300,0.1300,,,,,trade,false
2024-09-16T18:00:00.000Z,0.1250,0.1250,,,,,trade,false
2024-09-16T19:00:00.000Z,0.1300,0.1300,,,,,trade,false
2024-09-16T20:00:00.000Z,0.1300,0.1300,,,,,trade,false
2024-09-16T21:00:00.000Z,0.1250,0.1250,,,,,trade,false
2024-09-16T22:00:00.000Z,0.1250,0.1250,,,,,trade,false
2024-09-16T23:00:00.000Z,0.1250,0.1250,,,,,trade,false
2024-09-17T00:00:00.000Z,0.1250,0.1250,,,,,trade,false
2024-09-17T01:00:00.000Z,0.1250,0.1250,,,,,trade,false
2024-09-17T02:00:00.000Z,0.1250,0.1250,,,,,trade,false
2024-09-17T03:00:00.000Z,0.1300,0.1300,,,,,trade,false
2024-09-17T04:00:00.000Z,0.1300,0.1300,,,,,trade,false
2024-09-17T05:00:00.000Z,0.1250,0.1250,,,,,trade,false
2024-09-17T06:00:00.000Z,0.1250,0.1250,,,,,trade,false
2024-09-17T07:00:00.000Z,0.1250,0.1250,,,,,trade,false
2024-09-17T08:00:00.000Z,0.1250,0.1250,,,,,trade,false
2024-09-17T09:00:00.000Z,0.1250,0.1250,,,,,trade,false
2024-09-17T10:00:00.000Z,0.1250,0.1250,,,,,trade,false
2024-09-17T11:00:00.000Z,0.1250,0.1250,,,,,trade,false
2024-09-17T12:00:00.000Z,0.1250,0.1250,,,,,trade,false
2024-09-17T13:00:00.000Z,0.1250,0.1250,,,,,trade,false
2024-09-17T14:00:00.000Z,0.1250,0.1250,,,,,trade,false
2024-09-17T15:00:00.000Z,0.1200,0.1200,,,,,trade,false
2024-09-17T16:00:00.000Z,0.1200,0.1200,,,,,trade,false
2024-09-17T17:00:00.000Z,0.1250,0.1250,,,,,trade,false
2024-09-17T18:00:00.000Z,0.1250,0.1250,,,,,trade,false
2024-09-17T19:00:00.000Z,0.1250,0.1250,,,,,trade,false
2024-09-17T20:00:00.000Z,0.1250,0.1250,,,,,trade,false
2024-09-17T21:00:00.000Z,0.1250,0.1250,,,,,trade,false
2024-09-17T22:00:00.000Z,0.1250,0.1250,,,,,trade,false
2024-09-17T23:00:00.000Z,0.1250,0.1250,,,,,trade,false
2024-09-18T00:00:00.000Z,0.1250,0.1250,,,,,trade,false
2024-09-18T01:00:00.000Z,0.1250,0.1250,,,,,trade,false
2024-09-18T02:00:00.000Z,0.1250,0.1250,,,,,trade,false
2024-09-18T03:00:00.000Z,0.1250,0.1250,,,,,trade,false
2024-09-18T04:00:00.000Z,0.1250,0.1250,,,,,trade,false
2024-09-18T05:00:00.000Z,0.1250,0.1250,,,,,trade,false
2024-09-18T06:00:00.000Z,0.1250,0.1250,,,,,trade,false
2024-09-18T07:00:00.000Z,0.1250,0.1250,,,,,trade,false
2024-09-18T08:00:00.000Z,0.1250,0.1250,,,,,trade,false
2024-09-18T09:00:00.000Z,0.1250,0.1250,,,,,trade,false
2024-09-18T10:00:00.000Z,0.1250,0.1250,,,,,trade,false
2024-09-18T11:00:00.000Z,0.1250,0.1250,,,,,trade,false
2024-09-18T12:00:00.000Z,0.1250,0.1250,,,,,trade,false
2024-09-18T13:00:00.000Z,0.1250,0.1250,,,,,trade,false
2024-09-18T14:00:00.000Z,0.1250,0.1250,,,,,trade,false
2024-09-18T15:00:00.000Z,0.1250,0.1250,,,,,trade,false
2024-09-18T16:00:00.000Z,0.1250,0.1250,,,,,trade,false
2024-09-18T17:00:00.000Z,0.1250,0.1250,,,,,trade,false
2024-09-18T18:00:00.000Z,0.1250,0.1250,,,,,trade,false
2024-09-18T19:00:00.000Z,0.1250,0.1250,,,,,trade,false
2024-09-18T20:00:00.000Z,0.1250,0.1250,,,,,trade,false
2024-09-18T21:00:00.000Z,0.1250,0.1250,,,,,trade,false
2024-09-18T22:00:00.000Z,0.1250,0.1250,,,,,trade,false
2024-09-18T23:00:00.000Z,0.1250,0.1250,,,,,trade,false
2024-09-19T00:00:00.000Z,0.1350,0.1350,,,,,trade,false
2024-09-19T01:00:00.000Z,0.1350,0.1350,,,,,trade,false
2024-09-19T02:00:00.000Z,0.1350,0.1350,,,,,trade,false
2024-09-19T03:00:00.000Z,0.1400,0.1400,,,,,trade,false
2024-09-19T04:00:00.000Z,0.1350,0.1350,,,,,trade,false
2024-09-19T05:00:00.000Z,0.1300,0.1300,,,,,trade,false
2024-09-19T06:00:00.000Z,0.1300,0.1300,,,,,trade,false
2024-09-19T07:00:00.000Z,0.1300,0.1300,,,,,trade,false
2024-09-19T08:00:00.000Z,0.1300,0.1300,,,,,trade,false
2024-09-19T09:00:00.000Z,0.1350,0.1350,,,,,trade,false
2024-09-19T10:00:00.000Z,0.1350,0.1350,,,,,trade,false
2024-09-19T11:00:00.000Z,0.1350,0.1350,,,,,trade,false
2024-09-19T12:00:00.000Z,0.1400,0.1400,,,,,trade,false
2024-09-19T13:00:00.000Z,0.1400,0.1400,,,,,trade,false
2024-09-19T14:00:00.000Z,0.1450,0.1450,,,,,trade,false
2024-09-19T15:00:00.000Z,0.1450,0.1450,,,,,trade,false
2024-09-19T16:00:00.000Z,0.1450,0.1450,,,,,trade,false
2024-09-19T17:00:00.000Z,0.1450,0.1450,,,,,trade,false
2024-09-19T18:00:00.000Z,0.1450,0.1450,,,,,trade,false
2024-09-19T19:00:00.000Z,0.1650,0.1650,,,,,trade,false
2024-09-19T20:00:00.000Z,0.1500,0.1500,,,,,trade,false
2024-09-19T21:00:00.000Z,0.1500,0.1500,,,,,trade,false
2024-09-19T22:00:00.000Z,0.1550,0.1550,,,,,trade,false
2024-09-19T23:00:00.000Z,0.1550,0.1550,,,,,trade,false
2024-09-20T00:00:00.000Z,0.1550,0.1550,,,,,trade,false
2024-09-20T01:00:00.000Z,0.1550,0.1550,,,,,trade,false
2024-09-20T02:00:00.000Z,0.1550,0.1550,,,,,trade,false
2024-09-20T03:00:00.000Z,0.1550,0.1550,,,,,trade,false
2024-09-20T04:00:00.000Z,0.1550,0.1550,,,,,trade,false
2024-09-20T05:00:00.000Z,0.1550,0.1550,,,,,trade,false
2024-09-20T06:00:00.000Z,0.1550,0.1550,,,,,trade,false
2024-09-20T07:00:00.000Z,0.1500,0.1500,,,,,trade,false
2024-09-20T08:00:00.000Z,0.1500,0.1500,,,,,trade,false
2024-09-20T09:00:00.000Z,0.1500,0.1500,,,,,trade,false
2024-09-20T10:00:00.000Z,0.1500,0.1500,,,,,trade,false
2024-09-20T11:00:00.000Z,0.1500,0.1500,,,,,trade,false
2024-09-20T12:00:00.000Z,0.1500,0.1500,,,,,trade,false
2024-09-20T13:00:00.000Z,0.1450,0.1450,,,,,trade,false
2024-09-20T14:00:00.000Z,0.1500,0.1500,,,,,trade,false
2024-09-20T15:00:00.000Z,0.1500,0.1500,,,,,trade,false
2024-09-20T16:00:00.000Z,0.1500,0.1500,,,,,trade,false
2024-09-20T17:00:00.000Z,0.1500,0.1500,,,,,trade,false
2024-09-20T18:00:00.000Z,0.1400,0.1400,,,,,trade,false
2024-09-20T19:00:00.000Z,0.1400,0.1400,,,,,trade,false
2024-09-20T20:00:00.000Z,0.1300,0.1300,,,,,trade,false
2024-09-20T21:00:00.000Z,0.1250,0.1250,,,,,trade,false
2024-09-20T22:00:00.000Z,0.1300,0.1300,,,,,trade,false
2024-09-20T23:00:00.000Z,0.1300,0.1300,,,,,trade,false
2024-09-21T00:00:00.000Z,0.1300,0.1300,,,,,trade,false
2024-09-21T01:00:00.000Z,0.1300,0.1300,,,,,trade,false
2024-09-21T02:00:00.000Z,0.1300,0.1300,,,,,trade,false
2024-09-21T03:00:00.000Z,0.1300,0.1300,,,,,trade,false
2024-09-21T04:00:00.000Z,0.1300,0.1300,,,,,trade,false
2024-09-21T05:00:00.000Z,0.1300,0.1300,,,,,trade,false
2024-09-21T06:00:00.000Z,0.1300,0.1300,,,,,trade,false
2024-09-21T07:00:00.000Z,0.1300,0.1300,,,,,trade,false
2024-09-21T08:00:00.000Z,0.1300,0.1300,,,,,trade,false
2024-09-21T09:00:00.000Z,0.1300,0.1300,,,,,trade,false
2024-09-21T10:00:00.000Z,0.1300,0.1300,,,,,trade,false
2024-09-21T11:00:00.000Z,0.1300,0.1300,,,,,trade,false
2024-09-21T12:00:00.000Z,0.1450,0.1450,,,,,trade,false
2024-09-21T13:00:00.000Z,0.1450,0.1450,,,,,trade,false
2024-09-21T14:00:00.000Z,0.1450,0.1450,,,,,trade,false
2024-09-21T15:00:00.000Z,0.1450,0.1450,,,,,trade,false
2024-09-21T16:00:00.000Z,0.1400,0.1400,,,,,trade,false
2024-09-21T17:00:00.000Z,0.1400,0.1400,,,,,trade,false
2024-09-21T18:00:00.000Z,0.1350,0.1350,,,,,trade,false
2024-09-21T19:00:00.000Z,0.1350,0.1350,,,,,trade,false
2024-09-21T20:00:00.000Z,0.1350,0.1350,,,,,trade,false
2024-09-21T21:00:00.000Z,0.1300,0.1300,,,,,trade,false
2024-09-21T22:00:00.000Z,0.1300,0.1300,,,,,trade,false
2024-09-21T23:00:00.000Z,0.1350,0.1350,,,,,trade,false
2024-09-22T00:00:00.000Z,0.1350,0.1350,,,,,trade,false
2024-09-22T01:00:00.000Z,0.1350,0.1350,,,,,trade,false
2024-09-22T02:00:00.000Z,0.1350,0.1350,,,,,trade,false
2024-09-22T03:00:00.000Z,0.1300,0.1300,,,,,trade,false
2024-09-22T04:00:00.000Z,0.1300,0.1300,,,,,trade,false
2024-09-22T05:00:00.000Z,0.1300,0.1300,,,,,trade,false
2024-09-22T06:00:00.000Z,0.1300,0.1300,,,,,trade,false
2024-09-22T07:00:00.000Z,0.1300,0.1300,,,,,trade,false
2024-09-22T08:00:00.000Z,0.1300,0.1300,,,,,trade,false
2024-09-22T09:00:00.000Z,0.1300,0.1300,,,,,trade,false
2024-09-22T10:00:00.000Z,0.1350,0.1350,,,,,trade,false
2024-09-22T11:00:00.000Z,0.1350,0.1350,,,,,trade,false
2024-09-22T12:00:00.000Z,0.1350,0.1350,,,,,trade,false
2024-09-22T13:00:00.000Z,0.1350,0.1350,,,,,trade,false
2024-09-22T14:00:00.000Z,0.1350,0.1350,,,,,trade,false
2024-09-22T15:00:00.000Z,0.1350,0.1350,,,,,trade,false
2024-09-22T16:00:00.000Z,0.1350,0.1350,,,,,trade,false
2024-09-22T17:00:00.000Z,0.1350,0.1350,,,,,trade,false
2024-09-22T18:00:00.000Z,0.1350,0.1350,,,,,trade,false
2024-09-22T19:00:00.000Z,0.1350,0.1350,,,,,trade,false
2024-09-22T20:00:00.000Z,0.1350,0.1350,,,,,trade,false
2024-09-22T21:00:00.000Z,0.1350,0.1350,,,,,trade,false
2024-09-22T22:00:00.000Z,0.1350,0.1350,,,,,trade,false
2024-09-22T23:00:00.000Z,0.1300,0.1300,,,,,trade,false
2024-09-23T00:00:00.000Z,0.1300,0.1300,,,,,trade,false
2024-09-23T01:00:00.000Z,0.1300,0.1300,,,,,trade,false
2024-09-23T02:00:00.000Z,0.1300,0.1300,,,,,trade,false
2024-09-23T03:00:00.000Z,0.1300,0.1300,,,,,trade,false
2024-09-23T04:00:00.000Z,0.1300,0.1300,,,,,trade,false
2024-09-23T05:00:00.000Z,0.1300,0.1300,,,,,trade,false
2024-09-23T06:00:00.000Z,0.1300,0.1300,,,,,trade,false
2024-09-23T07:00:00.000Z,0.1350,0.1350,,,,,trade,false
2024-09-23T08:00:00.000Z,0.1350,0.1350,,,,,trade,false
2024-09-23T09:00:00.000Z,0.1400,0.1400,,,,,trade,false
2024-09-23T10:00:00.000Z,0.1400,0.1400,,,,,trade,false
2024-09-23T11:00:00.000Z,0.1350,0.1350,,,,,trade,false
2024-09-23T12:00:00.000Z,0.1350,0.1350,,,,,trade,false
2024-09-23T13:00:00.000Z,0.1400,0.1400,,,,,trade,false
2024-09-23T14:00:00.000Z,0.1350,0.1350,,,,,trade,false
2024-09-23T15:00:00.000Z,0.1350,0.1350,,,,,trade,false
2024-09-23T16:00:00.000Z,0.1350,0.1350,,,,,trade,false
2024-09-23T17:00:00.000Z,0.1350,0.1350,,,,,trade,false
2024-09-23T18:00:00.000Z,0.1250,0.1250,,,,,trade,false
2024-09-23T19:00:00.000Z,0.1300,0.1300,,,,,trade,false
2024-09-23T20:00:00.000Z,0.1300,0.1300,,,,,trade,false
2024-09-23T21:00:00.000Z,0.1300,0.1300,,,,,trade,false
2024-09-23T22:00:00.000Z,0.1300,0.1300,,,,,trade,false
2024-09-23T23:00:00.000Z,0.1300,0.1300,,,,,trade,false
2024-09-24T00:00:00.000Z,0.1350,0.1350,,,,,trade,false
2024-09-24T01:00:00.000Z,0.1300,0.1300,,,,,trade,false
2024-09-24T02:00:00.000Z,0.1300,0.1300,,,,,trade,false
2024-09-24T03:00:00.000Z,0.1300,0.1300,,,,,trade,false
2024-09-24T04:00:00.000Z,0.1300,0.1300,,,,,trade,false
2024-09-24T05:00:00.000Z,0.1350,0.1350,,,,,trade,false
2024-09-24T06:00:00.000Z,0.1350,0.1350,,,,,trade,false
2024-09-24T07:00:00.000Z,0.1350,0.1350,,,,,trade,false
2024-09-24T08:00:00.000Z,0.1350,0.1350,,,,,trade,false
2024-09-24T09:00:00.000Z,0.1350,0.1350,,,,,trade,false
2024-09-24T10:00:00.000Z,0.1350,0.1350,,,,,trade,false
2024-09-24T11:00:00.000Z,0.1350,0.1350,,,,,trade,false
2024-09-24T12:00:00.000Z,0.1350,0.1350,,,,,trade,false
2024-09-24T13:00:00.000Z,0.1350,0.1350,,,,,trade,false
2024-09-24T14:00:00.000Z,0.1350,0.1350,,,,,trade,false
2024-09-24T15:00:00.000Z,0.1350,0.1350,,,,,trade,false
2024-09-24T16:00:00.000Z,0.1350,0.1350,,,,,trade,false
2024-09-24T17:00:00.000Z,0.1350,0.1350,,,,,trade,false
2024-09-24T18:00:00.000Z,0.1350,0.1350,,,,,trade,false
2024-09-24T19:00:00.000Z,0.1350,0.1350,,,,,trade,false
2024-09-24T20:00:00.000Z,0.1350,0.1350,,,,,trade,false
2024-09-24T21:00:00.000Z,0.1400,0.1400,,,,,trade,false
2024-09-24T22:00:00.000Z,0.1400,0.1400,,,,,trade,false
2024-09-24T23:00:00.000Z,0.1450,0.1450,,,,,trade,false
2024-09-25T00:00:00.000Z,0.1450,0.1450,,,,,trade,false
2024-09-25T01:00:00.000Z,0.1450,0.1450,,,,,trade,false
2024-09-25T02:00:00.000Z,0.1450,0.1450,,,,,trade,false
2024-09-25T03:00:00.000Z,0.1450,0.1450,,,,,trade,false
2024-09-25T04:00:00.000Z,0.1450,0.1450,,,,,trade,false
2024-09-25T05:00:00.000Z,0.1450,0.1450,,,,,trade,false
2024-09-25T06:00:00.000Z,0.1450,0.1450,,,,,trade,false
2024-09-25T07:00:00.000Z,0.1450,0.1450,,,,,trade,false
2024-09-25T08:00:00.000Z,0.1450,0.1450,,,,,trade,false
2024-09-25T09:00:00.000Z,0.1450,0.1450,,,,,trade,false
2024-09-25T10:00:00.000Z,0.1450,0.1450,,,,,trade,false
2024-09-25T11:00:00.000Z,0.1450,0.1450,,,,,trade,false
2024-09-25T12:00:00.000Z,0.1450,0.1450,,,,,trade,false
2024-09-25T13:00:00.000Z,0.1450,0.1450,,,,,trade,false
2024-09-25T14:00:00.000Z,0.1450,0.1450,,,,,trade,false
2024-09-25T15:00:00.000Z,0.1450,0.1450,,,,,trade,false
2024-09-25T16:00:00.000Z,0.1400,0.1400,,,,,trade,false
2024-09-25T17:00:00.000Z,0.1400,0.1400,,,,,trade,false
2024-09-25T18:00:00.000Z,0.1400,0.1400,,,,,trade,false
2024-09-25T19:00:00.000Z,0.1400,0.1400,,,,,trade,false
2024-09-25T20:00:00.000Z,0.1400,0.1400,,,,,trade,false
2024-09-25T21:00:00.000Z,0.1450,0.1450,,,,,trade,false
2024-09-25T22:00:00.000Z,0.1500,0.1500,,,,,trade,false
2024-09-25T23:00:00.000Z,0.1500,0.1500,,,,,trade,false
2024-09-26T00:00:00.000Z,0.1500,0.1500,,,,,trade,false
2024-09-26T01:00:00.000Z,0.1450,0.1450,,,,,trade,false
2024-09-26T02:00:00.000Z,0.1450,0.1450,,,,,trade,false
2024-09-26T03:00:00.000Z,0.1450,0.1450,,,,,trade,false
2024-09-26T04:00:00.000Z,0.1450,0.1450,,,,,trade,false
2024-09-26T05:00:00.000Z,0.1450,0.1450,,,,,trade,false
2024-09-26T06:00:00.000Z,0.1500,0.1500,,,,,trade,false
2024-09-26T07:00:00.000Z,0.1500,0.1500,,,,,trade,false
2024-09-26T08:00:00.000Z,0.1500,0.1500,,,,,trade,false
2024-09-26T09:00:00.000Z,0.1500,0.1500,,,,,trade,false
2024-09-26T10:00:00.000Z,0.1500,0.1500,,,,,trade,false
2024-09-26T11:00:00.000Z,0.1500,0.1500,,,,,trade,false
2024-09-26T12:00:00.000Z,0.1500,0.1500,,,,,trade,false
2024-09-26T13:00:00.000Z,0.1500,0.1500,,,,,trade,false
2024-09-26T14:00:00.000Z,0.1550,0.1550,,,,,trade,false
2024-09-26T15:00:00.000Z,0.1550,0.1550,,,,,trade,false
2024-09-26T16:00:00.000Z,0.1550,0.1550,,,,,trade,false
2024-09-26T17:00:00.000Z,0.1600,0.1600,,,,,trade,false
2024-09-26T18:00:00.000Z,0.1600,0.1600,,,,,trade,false
2024-09-26T19:00:00.000Z,0.1650,0.1650,,,,,trade,false
2024-09-26T20:00:00.000Z,0.1650,0.1650,,,,,trade,false
2024-09-26T21:00:00.000Z,0.1600,0.1600,,,,,trade,false
2024-09-26T22:00:00.000Z,0.1650,0.1650,,,,,trade,false
2024-09-26T23:00:00.000Z,0.1700,0.1700,,,,,trade,false
2024-09-27T00:00:00.000Z,0.1750,0.1750,,,,,trade,false
2024-09-27T01:00:00.000Z,0.1750,0.1750,,,,,trade,false
2024-09-27T02:00:00.000Z,0.1700,0.1700,,,,,trade,false
2024-09-27T03:00:00.000Z,0.1650,0.1650,,,,,trade,false
2024-09-27T04:00:00.000Z,0.1550,0.1550,,,,,trade,false
2024-09-27T05:00:00.000Z,0.1550,0.1550,,,,,trade,false
2024-09-27T06:00:00.000Z,0.1550,0.1550,,,,,trade,false
2024-09-27T07:00:00.000Z,0.1550,0.1550,,,,,trade,false
2024-09-27T08:00:00.000Z,0.1650,0.1650,,,,,trade,false
2024-09-27T09:00:00.000Z,0.1650,0.1650,,,,,trade,false
2024-09-27T10:00:00.000Z,0.1700,0.1700,,,,,trade,false
2024-09-27T11:00:00.000Z,0.1700,0.1700,,,,,trade,false
2024-09-27T12:00:00.000Z,0.1700,0.1700,,,,,trade,false
2024-09-27T13:00:00.000Z,0.1700,0.1700,,,,,trade,false
2024-09-27T14:00:00.000Z,0.1700,0.1700,,,,,trade,false
2024-09-27T15:00:00.000Z,0.2100,0.2100,,,,,trade,false
2024-09-27T16:00:00.000Z,0.1650,0.1650,,,,,trade,false
2024-09-27T17:00:00.000Z,0.1550,0.1550,,,,,trade,false
2024-09-27T18:00:00.000Z,0.1550,0.1550,,,,,trade,false
2024-09-27T19:00:00.000Z,0.1500,0.1500,,,,,trade,false
2024-09-27T20:00:00.000Z,0.1500,0.1500,,,,,trade,false
2024-09-27T21:00:00.000Z,0.1950,0.1950,,,,,trade,false
2024-09-27T22:00:00.000Z,0.1600,0.1600,,,,,trade,false
2024-09-27T23:00:00.000Z,0.1500,0.1500,,,,,trade,false
2024-09-28T00:00:00.000Z,0.1500,0.1500,,,,,trade,false
2024-09-28T01:00:00.000Z,0.1550,0.1550,,,,,trade,false
2024-09-28T02:00:00.000Z,0.1500,0.1500,,,,,trade,false
2024-09-28T03:00:00.000Z,0.1500,0.1500,,,,,trade,false
2024-09-28T04:00:00.000Z,0.1500,0.1500,,,,,trade,false
2024-09-28T05:00:00.000Z,0.1700,0.1700,,,,,trade,false
2024-09-28T06:00:00.000Z,0.1650,0.1650,,,,,trade,false
2024-09-28T07:00:00.000Z,0.1600,0.1600,,,,,trade,false
2024-09-28T08:00:00.000Z,0.1600,0.1600,,,,,trade,false
2024-09-28T09:00:00.000Z,0.1600,0.1600,,,,,trade,false
2024-09-28T10:00:00.000Z,0.1600,0.1600,,,,,trade,false
2024-09-28T11:00:00.000Z,0.1600,0.1600,,,,,trade,false
2024-09-28T12:00:00.000Z,0.1700,0.1700,,,,,trade,false
2024-09-28T13:00:00.000Z,0.1700,0.1700,,,,,trade,false
2024-09-28T14:00:00.000Z,0.1700,0.1700,,,,,trade,false
2024-09-28T15:00:00.000Z,0.1600,0.1600,,,,,trade,false
2024-09-28T16:00:00.000Z,0.1550,0.1550,,,,,trade,false
2024-09-28T17:00:00.000Z,0.1650,0.1650,,,,,trade,false
2024-09-28T18:00:00.000Z,0.1650,0.1650,,,,,trade,false
2024-09-28T19:00:00.000Z,0.1650,0.1650,,,,,trade,false
2024-09-28T20:00:00.000Z,0.1650,0.1650,,,,,trade,false
2024-09-28T21:00:00.000Z,0.1650,0.1650,,,,,trade,false
2024-09-28T22:00:00.000Z,0.1650,0.1650,,,,,trade,false
2024-09-28T23:00:00.000Z,0.1650,0.1650,,,,,trade,false
2024-09-29T00:00:00.000Z,0.1650,0.1650,,,,,trade,false
2024-09-29T01:00:00.000Z,0.1650,0.1650,,,,,trade,false
2024-09-29T02:00:00.000Z,0.1600,0.1600,,,,,trade,false
2024-09-29T03:00:00.000Z,0.1600,0.1600,,,,,trade,false
2024-09-29T04:00:00.000Z,0.1600,0.1600,,,,,trade,false
2024-09-29T05:00:00.000Z,0.1700,0.1700,,,,,trade,false
2024-09-29T06:00:00.000Z,0.1700,0.1700,,,,,trade,false
2024-09-29T07:00:00.000Z,0.1650,0.1650,,,,,trade,false
2024-09-29T08:00:00.000Z,0.1650,0.1650,,,,,trade,false
2024-09-29T09:00:00.000Z,0.1700,0.1700,,,,,trade,false
2024-09-29T10:00:00.000Z,0.1700,0.1700,,,,,trade,false
2024-09-29T11:00:00.000Z,0.1700,0.1700,,,,,trade,false
2024-09-29T12:00:00.000Z,0.1700,0.1700,,,,,trade,false
2024-09-29T13:00:00.000Z,0.1700,0.1700,,,,,trade,false
2024-09-29T14:00:00.000Z,0.1650,0.1650,,,,,trade,false
2024-09-29T15:00:00.000Z,0.1650,0.1650,,,,,trade,false
2024-09-29T16:00:00.000Z,0.1700,0.1700,,,,,trade,false
2024-09-29T17:00:00.000Z,0.1700,0.1700,,,,,trade,false
2024-09-29T18:00:00.000Z,0.1750,0.1750,,,,,trade,false
2024-09-29T19:00:00.000Z,0.1750,0.1750,,,,,trade,false
2024-09-29T20:00:00.000Z,0.1750,0.1750,,,,,trade,false
2024-09-29T21:00:00.000Z,0.1750,0.1750,,,,,trade,false
2024-09-29T22:00:00.000Z,0.1550,0.1550,,,,,trade,false
2024-09-29T23:00:00.000Z,0.1550,0.1550,,,,,trade,false
2024-09-30T00:00:00.000Z,0.1550,0.1550,,,,,trade,false
2024-09-30T01:00:00.000Z,0.1550,0.1550,,,,,trade,false
2024-09-30T02:00:00.000Z,0.1550,0.1550,,,,,trade,false
2024-09-30T03:00:00.000Z,0.1550,0.1550,,,,,trade,false
2024-09-30T04:00:00.000Z,0.1550,0.1550,,,,,trade,false
2024-09-30T05:00:00.000Z,0.1500,0.1500,,,,,trade,false
2024-09-30T06:00:00.000Z,0.1500,0.1500,,,,,trade,false
2024-09-30T07:00:00.000Z,0.1450,0.1450,,,,,trade,false
2024-09-30T08:00:00.000Z,0.1450,0.1450,,,,,trade,false
2024-09-30T09:00:00.000Z,0.1450,0.1450,,,,,trade,false
2024-09-30T10:00:00.000Z,0.1550,0.1550,,,,,trade,false
2024-09-30T11:00:00.000Z,0.1550,0.1550,,,,,trade,false
2024-09-30T12:00:00.000Z,0.1550,0.1550,,,,,trade,false
2024-09-30T13:00:00.000Z,0.1550,0.1550,,,,,trade,false
2024-09-30T14:00:00.000Z,0.1550,0.1550,,,,,trade,false
2024-09-30T15:00:00.000Z,0.1550,0.1550,,,,,trade,false
2024-09-30T16:00:00.000Z,0.1600,0.1600,,,,,trade,false
2024-09-30T17:00:00.000Z,0.1600,0.1600,,,,,trade,false
2024-09-30T18:00:00.000Z,0.1550,0.1550,,,,,trade,false
2024-09-30T19:00:00.000Z,0.1550,0.1550,,,,,trade,false
2024-09-30T20:00:00.000Z,0.1600,0.1600,,,,,trade,false
2024-09-30T21:00:00.000Z,0.1600,0.1600,,,,,trade,false
2024-09-30T22:00:00.000Z,0.1600,0.1600,,,,,trade,false
2024-09-30T23:00:00.000Z,0.1600,0.1600,,,,,trade,false
2024-10-01T00:00:00.000Z,0.1600,0.1600,,,,,trade,false
2024-10-01T01:00:00.000Z,0.1600,0.1600,,,,,trade,false
2024-10-01T02:00:00.000Z,0.1600,0.1600,,,,,trade,false
2024-10-01T03:00:00.000Z,0.1600,0.1600,,,,,trade,false
2024-10-01T04:00:00.000Z,0.1600,0.1600,,,,,trade,false
2024-10-01T05:00:00.000Z,0.1600,0.1600,,,,,trade,false
2024-10-01T06:00:00.000Z,0.1500,0.1500,,,,,trade,false
2024-10-01T07:00:00.000Z,0.1500,0.1500,,,,,trade,false
2024-10-01T08:00:00.000Z,0.1600,0.1600,,,,,trade,false
2024-10-01T09:00:00.000Z,0.1600,0.1600,,,,,trade,false
2024-10-01T10:00:00.000Z,0.1500,0.1500,,,,,trade,false
2024-10-01T11:00:00.000Z,0.1500,0.1500,,,,,trade,false
2024-10-01T12:00:00.000Z,0.1450,0.1450,,,,,trade,false
2024-10-01T13:00:00.000Z,0.1450,0.1450,,,,,trade,false
2024-10-01T14:00:00.000Z,0.1400,0.1400,,,,,trade,false
2024-10-01T15:00:00.000Z,0.1450,0.1450,,,,,trade,false
2024-10-01T16:00:00.000Z,0.1400,0.1400,,,,,trade,false
2024-10-01T17:00:00.000Z,0.1600,0.1600,,,,,trade,false
2024-10-01T18:00:00.000Z,0.1450,0.1450,,,,,trade,false
2024-10-01T19:00:00.000Z,0.1500,0.1500,,,,,trade,false
2024-10-01T20:00:00.000Z,0.1450,0.1450,,,,,trade,false
2024-10-01T21:00:00.000Z,0.1350,0.1350,,,,,trade,false
2024-10-01T22:00:00.000Z,0.1350,0.1350,,,,,trade,false
2024-10-01T23:00:00.000Z,0.1350,0.1350,,,,,trade,false
2024-10-02T00:00:00.000Z,0.1350,0.1350,,,,,trade,false
2024-10-02T01:00:00.000Z,0.1350,0.1350,,,,,trade,false
2024-10-02T02:00:00.000Z,0.1350,0.1350,,,,,trade,false
2024-10-02T03:00:00.000Z,0.1350,0.1350,,,,,trade,false
2024-10-02T04:00:00.000Z,0.1350,0.1350,,,,,trade,false
2024-10-02T05:00:00.000Z,0.1350,0.1350,,,,,trade,false
2024-10-02T06:00:00.000Z,0.1350,0.1350,,,,,trade,false
2024-10-02T07:00:00.000Z,0.1350,0.1350,,,,,trade,false
2024-10-02T08:00:00.000Z,0.1350,0.1350,,,,,trade,false
2024-10-02T09:00:00.000Z,0.1350,0.1350,,,,,trade,false
2024-10-02T10:00:00.000Z,0.1350,0.1350,,,,,trade,false
2024-10-02T11:00:00.000Z,0.1350,0.1350,,,,,trade,false
2024-10-02T12:00:00.000Z,0.1350,0.1350,,,,,trade,false
2024-10-02T13:00:00.000Z,0.1350,0.1350,,,,,trade,false
2024-10-02T14:00:00.000Z,0.1350,0.1350,,,,,trade,false
2024-10-02T15:00:00.000Z,0.1350,0.1350,,,,,trade,false
2024-10-02T16:00:00.000Z,0.1350,0.1350,,,,,trade,false
2024-10-02T17:00:00.000Z,0.1450,0.1450,,,,,trade,false
2024-10-02T18:00:00.000Z,0.1600,0.1600,,,,,trade,false
2024-10-02T19:00:00.000Z,0.1550,0.1550,,,,,trade,false
2024-10-02T20:00:00.000Z,0.1550,0.1550,,,,,trade,false
2024-10-02T21:00:00.000Z,0.1550,0.1550,,,,,trade,false
2024-10-02T22:00:00.000Z,0.1550,0.1550,,,,,trade,false
2024-10-02T23:00:00.000Z,0.1650,0.1650,,,,,trade,false
2024-10-03T00:00:00.000Z,0.1550,0.1550,,,,,trade,false
2024-10-03T01:00:00.000Z,0.1550,0.1550,,,,,trade,false
2024-10-03T02:00:00.000Z,0.1550,0.1550,,,,,trade,false
2024-10-03T03:00:00.000Z,0.1550,0.1550,,,,,trade,false
2024-10-03T04:00:00.000Z,0.1550,0.1550,,,,,trade,false
2024-10-03T05:00:00.000Z,0.1700,0.1700,,,,,trade,false
2024-10-03T06:00:00.000Z,0.1650,0.1650,,,,,trade,false
2024-10-03T07:00:00.000Z,0.1600,0.1600,,,,,trade,false
2024-10-03T08:00:00.000Z,0.1600,0.1600,,,,,trade,false
2024-10-03T09:00:00.000Z,0.1600,0.1600,,,,,trade,false
2024-10-03T10:00:00.000Z,0.1550,0.1550,,,,,trade,false
2024-10-03T11:00:00.000Z,0.1450,0.1450,,,,,trade,false
2024-10-03T12:00:00.000Z,0.1450,0.1450,,,,,trade,false
2024-10-03T13:00:00.000Z,0.1400,0.1400,,,,,trade,false
2024-10-03T14:00:00.000Z,0.1350,0.1350,,,,,trade,false
2024-10-03T15:00:00.000Z,0.1350,0.1350,,,,,trade,false
2024-10-03T16:00:00.000Z,0.1300,0.1300,,,,,trade,false
2024-10-03T17:00:00.000Z,0.1300,0.1300,,,,,trade,false
2024-10-03T18:00:00.000Z,0.1300,0.1300,,,,,trade,false
2024-10-03T19:00:00.000Z,0.1350,0.1350,,,,,trade,false
2024-10-03T20:00:00.000Z,0.1350,0.1350,,,,,trade,false
2024-10-03T21:00:00.000Z,0.1350,0.1350,,,,,trade,false
2024-10-03T22:00:00.000Z,0.1350,0.1350,,,,,trade,false
2024-10-03T23:00:00.000Z,0.1350,0.1350,,,,,trade,false
2024-10-04T00:00:00.000Z,0.1350,0.1350,,,,,trade,false
2024-10-04T01:00:00.000Z,0.1350,0.1350,,,,,trade,false
2024-10-04T02:00:00.000Z,0.1350,0.1350,,,,,trade,false
2024-10-04T03:00:00.000Z,0.1350,0.1350,,,,,trade,false
2024-10-04T04:00:00.000Z,0.1350,0.1350,,,,,trade,false
2024-10-04T05:00:00.000Z,0.1350,0.1350,,,,,trade,false
2024-10-04T06:00:00.000Z,0.1350,0.1350,,,,,trade,false
2024-10-04T07:00:00.000Z,0.1350,0.1350,,,,,trade,false
2024-10-04T08:00:00.000Z,0.1350,0.1350,,,,,trade,false
2024-10-04T09:00:00.000Z,0.1350,0.1350,,,,,trade,false
2024-10-04T10:00:00.000Z,0.1400,0.1400,,,,,trade,false
2024-10-04T11:00:00.000Z,0.1400,0.1400,,,,,trade,false
2024-10-04T12:00:00.000Z,0.1400,0.1400,,,,,trade,false
2024-10-04T13:00:00.000Z,0.1450,0.1450,,,,,trade,false
2024-10-04T14:00:00.000Z,0.1450,0.1450,,,,,trade,false
2024-10-04T15:00:00.000Z,0.1500,0.1500,,,,,trade,false
2024-10-04T16:00:00.000Z,0.1650,0.1650,,,,,trade,false
2024-10-04T17:00:00.000Z,0.1500,0.1500,,,,,trade,false
2024-10-04T18:00:00.000Z,0.1500,0.1500,,,,,trade,false
2024-10-04T19:00:00.000Z,0.1450,0.1450,,,,,trade,false
2024-10-04T20:00:00.000Z,0.1500,0.1500,,,,,trade,false
2024-10-04T21:00:00.000Z,0.1500,0.1500,,,,,trade,false
2024-10-04T22:00:00.000Z,0.1500,0.1500,,,,,trade,false
2024-10-04T23:00:00.000Z,0.1500,0.1500,,,,,trade,false
2024-10-05T00:00:00.000Z,0.1500,0.1500,,,,,trade,false
2024-10-05T01:00:00.000Z,0.1500,0.1500,,,,,trade,false
2024-10-05T02:00:00.000Z,0.1500,0.1500,,,,,trade,false
2024-10-05T03:00:00.000Z,0.1500,0.1500,,,,,trade,false
2024-10-05T04:00:00.000Z,0.1500,0.1500,,,,,trade,false
2024-10-05T05:00:00.000Z,0.1500,0.1500,,,,,trade,false
2024-10-05T06:00:00.000Z,0.1500,0.1500,,,,,trade,false
2024-10-05T07:00:00.000Z,0.1500,0.1500,,,,,trade,false
2024-10-05T08:00:00.000Z,0.1450,0.1450,,,,,trade,false
2024-10-05T09:00:00.000Z,0.1500,0.1500,,,,,trade,false
2024-10-05T10:00:00.000Z,0.1500,0.1500,,,,,trade,false
2024-10-05T11:00:00.000Z,0.1450,0.1450,,,,,trade,false
2024-10-05T12:00:00.000Z,0.1550,0.1550,,,,,trade,false
2024-10-05T13:00:00.000Z,0.1550,0.1550,,,,,trade,false
2024-10-05T14:00:00.000Z,0.1550,0.1550,,,,,trade,false
2024-10-05T15:00:00.000Z,0.1550,0.1550,,,,,trade,false
2024-10-05T16:00:00.000Z,0.1550,0.1550,,,,,trade,false
2024-10-05T17:00:00.000Z,0.1550,0.1550,,,,,trade,false
2024-10-05T18:00:00.000Z,0.1550,0.1550,,,,,trade,false
2024-10-05T19:00:00.000Z,0.1550,0.1550,,,,,trade,false
2024-10-05T20:00:00.000Z,0.1500,0.1500,,,,,trade,false
2024-10-05T21:00:00.000Z,0.1450,0.1450,,,,,trade,false
2024-10-05T22:00:00.000Z,0.1450,0.1450,,,,,trade,false
2024-10-05T23:00:00.000Z,0.1450,0.1450,,,,,trade,false
2024-10-06T00:00:00.000Z,0.1500,0.1500,,,,,trade,false
2024-10-06T01:00:00.000Z,0.1450,0.1450,,,,,trade,false
2024-10-06T02:00:00.000Z,0.1450,0.1450,,,,,trade,false
2024-10-06T03:00:00.000Z,0.1450,0.1450,,,,,trade,false
2024-10-06T04:00:00.000Z,0.1450,0.1450,,,,,trade,false
2024-10-06T05:00:00.000Z,0.1450,0.1450,,,,,trade,false
2024-10-06T06:00:00.000Z,0.1450,0.1450,,,,,trade,false
2024-10-06T07:00:00.000Z,0.1450,0.1450,,,,,trade,false
2024-10-06T08:00:00.000Z,0.1500,0.1500,,,,,trade,false
2024-10-06T09:00:00.000Z,0.1500,0.1500,,,,,trade,false
2024-10-06T10:00:00.000Z,0.1500,0.1500,,,,,trade,false
2024-10-06T11:00:00.000Z,0.1500,0.1500,,,,,trade,false
2024-10-06T12:00:00.000Z,0.1500,0.1500,,,,,trade,false
2024-10-06T13:00:00.000Z,0.1500,0.1500,,,,,trade,false
2024-10-06T14:00:00.000Z,0.1500,0.1500,,,,,trade,false
2024-10-06T15:00:00.000Z,0.1500,0.1500,,,,,trade,false
2024-10-06T16:00:00.000Z,0.1500,0.1500,,,,,trade,false
2024-10-06T17:00:00.000Z,0.1450,0.1450,,,,,trade,false
2024-10-06T18:00:00.000Z,0.1450,0.1450,,,,,trade,false
2024-10-06T19:00:00.000Z,0.1400,0.1400,,,,,trade,false
2024-10-06T20:00:00.000Z,0.1450,0.1450,,,,,trade,false
2024-10-06T21:00:00.000Z,0.1450,0.1450,,,,,trade,false
2024-10-06T22:00:00.000Z,0.1450,0.1450,,,,,trade,false
2024-10-06T23:00:00.000Z,0.1450,0.1450,,,,,trade,false
2024-10-07T00:00:00.000Z,0.1450,0.1450,,,,,trade,false
2024-10-07T01:00:00.000Z,0.1400,0.1400,,,,,trade,false
2024-10-07T02:00:00.000Z,0.1350,0.1350,,,,,trade,false
2024-10-07T03:00:00.000Z,0.1350,0.1350,,,,,trade,false
2024-10-07T04:00:00.000Z,0.1350,0.1350,,,,,trade,false
2024-10-07T05:00:00.000Z,0.1350,0.1350,,,,,trade,false
2024-10-07T06:00:00.000Z,0.1350,0.1350,,,,,trade,false
2024-10-07T07:00:00.000Z,0.1350,0.1350,,,,,trade,false
2024-10-07T08:00:00.000Z,0.1350,0.1350,,,,,trade,false
2024-10-07T09:00:00.000Z,0.1350,0.1350,,,,,trade,false
2024-10-07T10:00:00.000Z,0.1350,0.1350,,,,,trade,false
2024-10-07T11:00:00.000Z,0.1350,0.1350,,,,,trade,false
2024-10-07T12:00:00.000Z,0.1400,0.1400,,,,,trade,false
2024-10-07T13:00:00.000Z,0.1400,0.1400,,,,,trade,false
2024-10-07T14:00:00.000Z,0.1400,0.1400,,,,,trade,false
2024-10-07T15:00:00.000Z,0.1400,0.1400,,,,,trade,false
2024-10-07T16:00:00.000Z,0.1350,0.1350,,,,,trade,false
2024-10-07T17:00:00.000Z,0.1450,0.1450,,,,,trade,false
2024-10-07T18:00:00.000Z,0.1500,0.1500,,,,,trade,false
2024-10-07T19:00:00.000Z,0.1500,0.1500,,,,,trade,false
2024-10-07T20:00:00.000Z,0.1500,0.1500,,,,,trade,false
2024-10-07T21:00:00.000Z,0.1550,0.1550,,,,,trade,false
2024-10-07T22:00:00.000Z,0.1550,0.1550,,,,,trade,false
2024-10-07T23:00:00.000Z,0.1550,0.1550,,,,,trade,false
2024-10-08T00:00:00.000Z,0.1500,0.1500,,,,,trade,false
2024-10-08T01:00:00.000Z,0.1500,0.1500,,,,,trade,false
2024-10-08T02:00:00.000Z,0.1450,0.1450,,,,,trade,false
2024-10-08T03:00:00.000Z,0.1450,0.1450,,,,,trade,false
2024-10-08T04:00:00.000Z,0.1450,0.1450,,,,,trade,false
2024-10-08T05:00:00.000Z,0.1450,0.1450,,,,,trade,false
2024-10-08T06:00:00.000Z,0.1450,0.1450,,,,,trade,false
2024-10-08T07:00:00.000Z,0.1450,0.1450,,,,,trade,false
2024-10-08T08:00:00.000Z,0.1450,0.1450,,,,,trade,false
2024-10-08T09:00:00.000Z,0.1450,0.1450,,,,,trade,false
2024-10-08T10:00:00.000Z,0.1450,0.1450,,,,,trade,false
2024-10-08T11:00:00.000Z,0.1500,0.1500,,,,,trade,false
2024-10-08T12:00:00.000Z,0.1500,0.1500,,,,,trade,false
2024-10-08T13:00:00.000Z,0.1500,0.1500,,,,,trade,false
2024-10-08T14:00:00.000Z,0.1500,0.1500,,,,,trade,false
2024-10-08T15:00:00.000Z,0.1500,0.1500,,,,,trade,false
2024-10-08T16:00:00.000Z,0.1450,0.1450,,,,,trade,false
2024-10-08T17:00:00.000Z,0.1450,0.1450,,,,,trade,false
2024-10-08T18:00:00.000Z,0.1450,0.1450,,,,,trade,false
2024-10-08T19:00:00.000Z,0.1450,0.1450,,,,,trade,false
2024-10-08T20:00:00.000Z,0.1400,0.1400,,,,,trade,false
2024-10-08T21:00:00.000Z,0.1400,0.1400,,,,,trade,false
2024-10-08T22:00:00.000Z,0.1400,0.1400,,,,,trade,false
2024-10-08T23:00:00.000Z,0.1400,0.1400,,,,,trade,false
2024-10-09T00:00:00.000Z,0.1400,0.1400,,,,,trade,false
2024-10-09T01:00:00.000Z,0.1400,0.1400,,,,,trade,false
2024-10-09T02:00:00.000Z,0.1400,0.1400,,,,,trade,false
2024-10-09T03:00:00.000Z,0.1400,0.1400,,,,,trade,false
2024-10-09T04:00:00.000Z,0.1450,0.1450,,,,,trade,false
2024-10-09T05:00:00.000Z,0.1400,0.1400,,,,,trade,false
2024-10-09T06:00:00.000Z,0.1450,0.1450,,,,,trade,false
2024-10-09T07:00:00.000Z,0.1450,0.1450,,,,,trade,false
2024-10-09T08:00:00.000Z,0.1400,0.1400,,,,,trade,false
2024-10-09T09:00:00.000Z,0.1400,0.1400,,,,,trade,false
2024-10-09T10:00:00.000Z,0.1400,0.1400,,,,,trade,false
2024-10-09T11:00:00.000Z,0.1400,0.1400,,,,,trade,false
2024-10-09T12:00:00.000Z,0.1400,0.1400,,,,,trade,false
2024-10-09T13:00:00.000Z,0.1400,0.1400,,,,,trade,false
2024-10-09T14:00:00.000Z,0.1350,0.1350,,,,,trade,false
2024-10-09T15:00:00.000Z,0.1400,0.1400,,,,,trade,false
2024-10-09T16:00:00.000Z,0.1400,0.1400,,,,,trade,false
2024-10-09T17:00:00.000Z,0.1350,0.1350,,,,,trade,false
2024-10-09T18:00:00.000Z,0.1350,0.1350,,,,,trade,false
2024-10-09T19:00:00.000Z,0.1350,0.1350,,,,,trade,false
2024-10-09T20:00:00.000Z,0.1350,0.1350,,,,,trade,false
2024-10-09T21:00:00.000Z,0.1350,0.1350,,,,,trade,false
2024-10-09T22:00:00.000Z,0.1350,0.1350,,,,,trade,false
2024-10-09T23:00:00.000Z,0.1350,0.1350,,,,,trade,false
2024-10-10T00:00:00.000Z,0.1350,0.1350,,,,,trade,false
2024-10-10T01:00:00.000Z,0.1350,0.1350,,,,,trade,false
2024-10-10T02:00:00.000Z,0.1350,0.1350,,,,,trade,false
2024-10-10T03:00:00.000Z,0.1350,0.1350,,,,,trade,false
2024-10-10T04:00:00.000Z,0.1350,0.1350,,,,,trade,false
2024-10-10T05:00:00.000Z,0.1350,0.1350,,,,,trade,false
2024-10-10T06:00:00.000Z,0.1350,0.1350,,,,,trade,false
2024-10-10T07:00:00.000Z,0.1350,0.1350,,,,,trade,false
2024-10-10T08:00:00.000Z,0.1350,0.1350,,,,,trade,false
2024-10-10T09:00:00.000Z,0.1350,0.1350,,,,,trade,false
2024-10-10T10:00:00.000Z,0.1350,0.1350,,,,,trade,false
2024-10-10T11:00:00.000Z,0.1350,0.1350,,,,,trade,false
2024-10-10T12:00:00.000Z,0.1350,0.1350,,,,,trade,false
2024-10-10T13:00:00.000Z,0.1350,0.1350,,,,,trade,false
2024-10-10T14:00:00.000Z,0.1350,0.1350,,,,,trade,false
2024-10-10T15:00:00.000Z,0.1350,0.1350,,,,,trade,false
2024-10-10T16:00:00.000Z,0.1350,0.1350,,,,,trade,false
2024-10-10T17:00:00.000Z,0.1350,0.1350,,,,,trade,false
2024-10-10T18:00:00.000Z,0.1350,0.1350,,,,,trade,false
2024-10-10T19:00:00.000Z,0.1350,0.1350,,,,,trade,false
2024-10-10T20:00:00.000Z,0.1350,0.1350,,,,,trade,false
2024-10-10T21:00:00.000Z,0.1350,0.1350,,,,,trade,false
2024-10-10T22:00:00.000Z,0.1350,0.1350,,,,,trade,false
2024-10-10T23:00:00.000Z,0.1350,0.1350,,,,,trade,false
2024-10-11T00:00:00.000Z,0.1350,0.1350,,,,,trade,false
2024-10-11T01:00:00.000Z,0.1400,0.1400,,,,,trade,false
2024-10-11T02:00:00.000Z,0.1400,0.1400,,,,,trade,false
2024-10-11T03:00:00.000Z,0.1350,0.1350,,,,,trade,false
2024-10-11T04:00:00.000Z,0.1350,0.1350,,,,,trade,false
2024-10-11T05:00:00.000Z,0.1350,0.1350,,,,,trade,false
2024-10-11T06:00:00.000Z,0.1350,0.1350,,,,,trade,false
2024-10-11T07:00:00.000Z,0.1350,0.1350,,,,,trade,false
2024-10-11T08:00:00.000Z,0.1350,0.1350,,,,,trade,false
2024-10-11T09:00:00.000Z,0.1300,0.1300,,,,,trade,false
2024-10-11T10:00:00.000Z,0.1300,0.1300,,,,,trade,false
2024-10-11T11:00:00.000Z,0.1300,0.1300,,,,,trade,false
2024-10-11T12:00:00.000Z,0.1250,0.1250,,,,,trade,false
2024-10-11T13:00:00.000Z,0.1300,0.1300,,,,,trade,false
2024-10-11T14:00:00.000Z,0.1300,0.1300,,,,,trade,false
2024-10-11T15:00:00.000Z,0.1300,0.1300,,,,,trade,false
2024-10-11T16:00:00.000Z,0.1300,0.1300,,,,,trade,false
2024-10-11T17:00:00.000Z,0.1300,0.1300,,,,,trade,false
2024-10-11T18:00:00.000Z,0.1300,0.1300,,,,,trade,false
2024-10-11T19:00:00.000Z,0.1400,0.1400,,,,,trade,false
2024-10-11T20:00:00.000Z,0.1400,0.1400,,,,,trade,false
2024-10-11T21:00:00.000Z,0.1400,0.1400,,,,,trade,false
2024-10-11T22:00:00.000Z,0.1400,0.1400,,,,,trade,false
2024-10-11T23:00:00.000Z,0.1400,0.1400,,,,,trade,false
2024-10-12T00:00:00.000Z,0.1350,0.1350,,,,,trade,false
2024-10-12T01:00:00.000Z,0.1350,0.1350,,,,,trade,false
2024-10-12T02:00:00.000Z,0.1350,0.1350,,,,,trade,false
2024-10-12T03:00:00.000Z,0.1400,0.1400,,,,,trade,false
2024-10-12T04:00:00.000Z,0.1400,0.1400,,,,,trade,false
2024-10-12T05:00:00.000Z,0.1400,0.1400,,,,,trade,false
2024-10-12T06:00:00.000Z,0.1300,0.1300,,,,,trade,false
2024-10-12T07:00:00.000Z,0.1300,0.1300,,,,,trade,false
2024-10-12T08:00:00.000Z,0.1300,0.1300,,,,,trade,false
2024-10-12T09:00:00.000Z,0.1350,0.1350,,,,,trade,false
2024-10-12T10:00:00.000Z,0.1350,0.1350,,,,,trade,false
2024-10-12T11:00:00.000Z,0.1350,0.1350,,,,,trade,false
2024-10-12T12:00:00.000Z,0.1350,0.1350,,,,,trade,false
2024-10-12T13:00:00.000Z,0.1350,0.1350,,,,,trade,false
2024-10-12T14:00:00.000Z,0.1350,0.1350,,,,,trade,false
2024-10-12T15:00:00.000Z,0.1350,0.1350,,,,,trade,false
2024-10-12T16:00:00.000Z,0.1350,0.1350,,,,,trade,false
2024-10-12T17:00:00.000Z,0.1400,0.1400,,,,,trade,false
2024-10-12T18:00:00.000Z,0.1400,0.1400,,,,,trade,false
2024-10-12T19:00:00.000Z,0.1400,0.1400,,,,,trade,false
2024-10-12T20:00:00.000Z,0.1450,0.1450,,,,,trade,false
2024-10-12T21:00:00.000Z,0.1350,0.1350,,,,,trade,false
2024-10-12T22:00:00.000Z,0.1350,0.1350,,,,,trade,false
2024-10-12T23:00:00.000Z,0.1300,0.1300,,,,,trade,false
2024-10-13T00:00:00.000Z,0.1350,0.1350,,,,,trade,false
2024-10-13T01:00:00.000Z,0.1300,0.1300,,,,,trade,false
2024-10-13T02:00:00.000Z,0.1400,0.1400,,,,,trade,false
2024-10-13T03:00:00.000Z,0.1400,0.1400,,,,,trade,false
2024-10-13T04:00:00.000Z,0.1400,0.1400,,,,,trade,false
2024-10-13T05:00:00.000Z,0.1400,0.1400,,,,,trade,false
2024-10-13T06:00:00.000Z,0.1350,0.1350,,,,,trade,false
2024-10-13T07:00:00.000Z,0.1350,0.1350,,,,,trade,false
2024-10-13T08:00:00.000Z,0.1350,0.1350,,,,,trade,false
2024-10-13T09:00:00.000Z,0.1350,0.1350,,,,,trade,false
2024-10-13T10:00:00.000Z,0.1350,0.1350,,,,,trade,false
2024-10-13T11:00:00.000Z,0.1300,0.1300,,,,,trade,false
2024-10-13T12:00:00.000Z,0.1300,0.1300,,,,,trade,false
2024-10-13T13:00:00.000Z,0.1300,0.1300,,,,,trade,false
2024-10-13T14:00:00.000Z,0.1350,0.1350,,,,,trade,false
2024-10-13T15:00:00.000Z,0.1350,0.1350,,,,,trade,false
2024-10-13T16:00:00.000Z,0.1350,0.1350,,,,,trade,false
2024-10-13T17:00:00.000Z,0.1350,0.1350,,,,,trade,false
2024-10-13T18:00:00.000Z,0.1350,0.1350,,,,,trade,false
2024-10-13T19:00:00.000Z,0.1300,0.1300,,,,,trade,false
2024-10-13T20:00:00.000Z,0.1250,0.1250,,,,,trade,false
2024-10-13T21:00:00.000Z,0.1200,0.1200,,,,,trade,false
2024-10-13T22:00:00.000Z,0.1250,0.1250,,,,,trade,false
2024-10-13T23:00:00.000Z,0.1250,0.1250,,,,,trade,false
2024-10-14T00:00:00.000Z,0.1350,0.1350,,,,,trade,false
2024-10-14T01:00:00.000Z,0.1350,0.1350,,,,,trade,false
2024-10-14T02:00:00.000Z,0.1350,0.1350,,,,,trade,false
2024-10-14T03:00:00.000Z,0.1350,0.1350,,,,,trade,false
2024-10-14T04:00:00.000Z,0.1350,0.1350,,,,,trade,false
2024-10-14T05:00:00.000Z,0.1350,0.1350,,,,,trade,false
2024-10-14T06:00:00.000Z,0.1350,0.1350,,,,,trade,false
2024-10-14T07:00:00.000Z,0.1350,0.1350,,,,,trade,false
2024-10-14T08:00:00.000Z,0.1300,0.1300,,,,,trade,false
2024-10-14T09:00:00.000Z,0.1300,0.1300,,,,,trade,false
2024-10-14T10:00:00.000Z,0.1300,0.1300,,,,,trade,false
2024-10-14T11:00:00.000Z,0.1250,0.1250,,,,,trade,false
2024-10-14T12:00:00.000Z,0.1250,0.1250,,,,,trade,false
2024-10-14T13:00:00.000Z,0.1250,0.1250,,,,,trade,false
2024-10-14T14:00:00.000Z,0.1350,0.1350,,,,,trade,false
2024-10-14T15:00:00.000Z,0.1350,0.1350,,,,,trade,false
2024-10-14T16:00:00.000Z,0.1500,0.1500,,,,,trade,false
2024-10-14T17:00:00.000Z,0.1450,0.1450,,,,,trade,false
2024-10-14T18:00:00.000Z,0.1550,0.1550,,,,,trade,false
2024-10-14T19:00:00.000Z,0.1550,0.1550,,,,,trade,false
2024-10-14T20:00:00.000Z,0.1500,0.1500,,,,,trade,false
2024-10-14T21:00:00.000Z,0.1450,0.1450,,,,,trade,false
2024-10-14T22:00:00.000Z,0.1350,0.1350,,,,,trade,false
2024-10-14T23:00:00.000Z,0.1350,0.1350,,,,,trade,false
2024-10-15T00:00:00.000Z,0.1350,0.1350,,,,,trade,false
2024-10-15T01:00:00.000Z,0.1450,0.1450,,,,,trade,false
2024-10-15T02:00:00.000Z,0.1450,0.1450,,,,,trade,false
2024-10-15T03:00:00.000Z,0.1450,0.1450,,,,,trade,false
2024-10-15T04:00:00.000Z,0.1450,0.1450,,,,,trade,false
2024-10-15T05:00:00.000Z,0.1450,0.1450,,,,,trade,false
2024-10-15T06:00:00.000Z,0.1450,0.1450,,,,,trade,false
2024-10-15T07:00:00.000Z,0.1450,0.1450,,,,,trade,false
2024-10-15T08:00:00.000Z,0.1500,0.1500,,,,,trade,false
2024-10-15T09:00:00.000Z,0.1500,0.1500,,,,,trade,false
2024-10-15T10:00:00.000Z,0.1450,0.1450,,,,,trade,false
2024-10-15T11:00:00.000Z,0.1450,0.1450,,,,,trade,false
2024-10-15T12:00:00.000Z,0.1350,0.1350,,,,,trade,false
2024-10-15T13:00:00.000Z,0.1350,0.1350,,,,,trade,false
2024-10-15T14:00:00.000Z,0.1500,0.1500,,,,,trade,false
2024-10-15T15:00:00.000Z,0.1550,0.1550,,,,,trade,false
2024-10-15T16:00:00.000Z,0.1500,0.1500,,,,,trade,false
2024-10-15T17:00:00.000Z,0.1500,0.1500,,,,,trade,false
2024-10-15T18:00:00.000Z,0.1500,0.1500,,,,,trade,false
2024-10-15T19:00:00.000Z,0.1500,0.1500,,,,,trade,false
2024-10-15T20:00:00.000Z,0.1500,0.1500,,,,,trade,false
2024-10-15T21:00:00.000Z,0.1600,0.1600,,,,,trade,false
2024-10-15T22:00:00.000Z,0.1600,0.1600,,,,,trade,false
2024-10-15T23:00:00.000Z,0.1600,0.1600,,,,,trade,false
2024-10-16T00:00:00.000Z,0.1550,0.1550,,,,,trade,false
2024-10-16T01:00:00.000Z,0.1550,0.1550,,,,,trade,false
2024-10-16T02:00:00.000Z,0.1600,0.1600,,,,,trade,false
2024-10-16T03:00:00.000Z,0.1550,0.1550,,,,,trade,false
2024-10-16T04:00:00.000Z,0.1600,0.1600,,,,,trade,false
2024-10-16T05:00:00.000Z,0.1650,0.1650,,,,,trade,false
2024-10-16T06:00:00.000Z,0.1650,0.1650,,,,,trade,false
2024-10-16T07:00:00.000Z,0.1650,0.1650,,,,,trade,false
2024-10-16T08:00:00.000Z,0.1700,0.1700,,,,,trade,false
2024-10-16T09:00:00.000Z,0.1700,0.1700,,,,,trade,false
2024-10-16T10:00:00.000Z,0.1700,0.1700,,,,,trade,false
2024-10-16T11:00:00.000Z,0.1750,0.1750,,,,,trade,false
2024-10-16T12:00:00.000Z,0.1800,0.1800,,,,,trade,false
2024-10-16T13:00:00.000Z,0.1750,0.1750,,,,,trade,false
2024-10-16T14:00:00.000Z,0.1750,0.1750,,,,,trade,false
2024-10-16T15:00:00.000Z,0.1750,0.1750,,,,,trade,false
2024-10-16T16:00:00.000Z,0.1700,0.1700,,,,,trade,false
2024-10-16T17:00:00.000Z,0.1650,0.1650,,,,,trade,false
2024-10-16T18:00:00.000Z,0.1700,0.1700,,,,,trade,false
2024-10-16T19:00:00.000Z,0.1750,0.1750,,,,,trade,false
2024-10-16T20:00:00.000Z,0.1700,0.1700,,,,,trade,false
2024-10-16T21:00:00.000Z,0.1700,0.1700,,,,,trade,false
2024-10-16T22:00:00.000Z,0.1850,0.1850,,,,,trade,false
2024-10-16T23:00:00.000Z,0.1750,0.1750,,,,,trade,false
2024-10-17T00:00:00.000Z,0.2000,0.2000,,,,,trade,false
2024-10-17T01:00:00.000Z,0.2000,0.2000,,,,,trade,false
2024-10-17T02:00:00.000Z,0.2200,0.2200,,,,,trade,false
2024-10-17T03:00:00.000Z,0.2100,0.2100,,,,,trade,false
2024-10-17T04:00:00.000Z,0.1950,0.1950,,,,,trade,false
2024-10-17T05:00:00.000Z,0.1900,0.1900,,,,,trade,false
2024-10-17T06:00:00.000Z,0.2000,0.2000,,,,,trade,false
2024-10-17T07:00:00.000Z,0.2000,0.2000,,,,,trade,false
2024-10-17T08:00:00.000Z,0.1950,0.1950,,,,,trade,false
2024-10-17T09:00:00.000Z,0.1950,0.1950,,,,,trade,false
2024-10-17T10:00:00.000Z,0.1950,0.1950,,,,,trade,false
2024-10-17T11:00:00.000Z,0.1950,0.1950,,,,,trade,false
2024-10-17T12:00:00.000Z,0.1950,0.1950,,,,,trade,false
2024-10-17T13:00:00.000Z,0.1950,0.1950,,,,,trade,false
2024-10-17T14:00:00.000Z,0.1900,0.1900,,,,,trade,false
2024-10-17T15:00:00.000Z,0.1900,0.1900,,,,,trade,false
2024-10-17T16:00:00.000Z,0.1900,0.1900,,,,,trade,false
2024-10-17T17:00:00.000Z,0.1850,0.1850,,,,,trade,false
2024-10-17T18:00:00.000Z,0.1900,0.1900,,,,,trade,false
2024-10-17T19:00:00.000Z,0.1950,0.1950,,,,,trade,false
2024-10-17T20:00:00.000Z,0.1950,0.1950,,,,,trade,false
2024-10-17T21:00:00.000Z,0.1650,0.1650,,,,,trade,false
2024-10-17T22:00:00.000Z,0.1700,0.1700,,,,,trade,false
2024-10-17T23:00:00.000Z,0.1700,0.1700,,,,,trade,false
2024-10-18T00:00:00.000Z,0.1650,0.1650,,,,,trade,false
2024-10-18T01:00:00.000Z,0.1650,0.1650,,,,,trade,false
2024-10-18T02:00:00.000Z,0.1650,0.1650,,,,,trade,false
2024-10-18T03:00:00.000Z,0.1750,0.1750,,,,,trade,false
2024-10-18T04:00:00.000Z,0.1750,0.1750,,,,,trade,false
2024-10-18T05:00:00.000Z,0.1600,0.1600,,,,,trade,false
2024-10-18T06:00:00.000Z,0.1600,0.1600,,,,,trade,false
2024-10-18T07:00:00.000Z,0.1900,0.1900,,,,,trade,false
2024-10-18T08:00:00.000Z,0.1900,0.1900,,,,,trade,false
2024-10-18T09:00:00.000Z,0.1900,0.1900,,,,,trade,false
2024-10-18T10:00:00.000Z,0.1900,0.1900,,,,,trade,false
2024-10-18T11:00:00.000Z,0.1900,0.1900,,,,,trade,false
2024-10-18T12:00:00.000Z,0.1800,0.1800,,,,,trade,false
2024-10-18T13:00:00.000Z,0.1800,0.1800,,,,,trade,false
2024-10-18T14:00:00.000Z,0.1650,0.1650,,,,,trade,false
2024-10-18T15:00:00.000Z,0.1800,0.1800,,,,,trade,false
2024-10-18T16:00:00.000Z,0.1850,0.1850,,,,,trade,false
2024-10-18T17:00:00.000Z,0.1850,0.1850,,,,,trade,false
2024-10-18T18:00:00.000Z,0.1800,0.1800,,,,,trade,false
2024-10-18T19:00:00.000Z,0.1800,0.1800,,,,,trade,false
2024-10-18T20:00:00.000Z,0.1800,0.1800,,,,,trade,false
2024-10-18T21:00:00.000Z,0.1800,0.1800,,,,,trade,false
2024-10-18T22:00:00.000Z,0.1800,0.1800,,,,,trade,false
2024-10-18T23:00:00.000Z,0.1800,0.1800,,,,,trade,false
2024-10-19T00:00:00.000Z,0.1800,0.1800,,,,,trade,false
2024-10-19T01:00:00.000Z,0.1850,0.1850,,,,,trade,false
2024-10-19T02:00:00.000Z,0.1800,0.1800,,,,,trade,false
2024-10-19T03:00:00.000Z,0.1800,0.1800,,,,,trade,false
2024-10-19T04:00:00.000Z,0.1800,0.1800,,,,,trade,false
2024-10-19T05:00:00.000Z,0.1800,0.1800,,,,,trade,false
2024-10-19T06:00:00.000Z,0.1800,0.1800,,,,,trade,false
2024-10-19T07:00:00.000Z,0.1800,0.1800,,,,,trade,false
2024-10-19T08:00:00.000Z,0.1950,0.1950,,,,,trade,false
2024-10-19T09:00:00.000Z,0.1950,0.1950,,,,,trade,false
2024-10-19T10:00:00.000Z,0.1950,0.1950,,,,,trade,false
2024-10-19T11:00:00.000Z,0.1850,0.1850,,,,,trade,false
2024-10-19T12:00:00.000Z,0.1950,0.1950,,,,,trade,false
2024-10-19T13:00:00.000Z,0.1900,0.1900,,,,,trade,false
2024-10-19T14:00:00.000Z,0.1900,0.1900,,,,,trade,false
2024-10-19T15:00:00.000Z,0.1850,0.1850,,,,,trade,false
2024-10-19T16:00:00.000Z,0.1800,0.1800,,,,,trade,false
2024-10-19T17:00:00.000Z,0.1750,0.1750,,,,,trade,false
2024-10-19T18:00:00.000Z,0.1750,0.1750,,,,,trade,false
2024-10-19T19:00:00.000Z,0.1750,0.1750,,,,,trade,false
2024-10-19T20:00:00.000Z,0.1750,0.1750,,,,,trade,false
2024-10-19T21:00:00.000Z,0.1750,0.1750,,,,,trade,false
2024-10-19T22:00:00.000Z,0.1750,0.1750,,,,,trade,false
2024-10-19T23:00:00.000Z,0.1750,0.1750,,,,,trade,false
2024-10-20T00:00:00.000Z,0.1800,0.1800,,,,,trade,false
2024-10-20T01:00:00.000Z,0.1800,0.1800,,,,,trade,false
2024-10-20T02:00:00.000Z,0.1800,0.1800,,,,,trade,false
2024-10-20T03:00:00.000Z,0.1900,0.1900,,,,,trade,false
2024-10-20T04:00:00.000Z,0.1750,0.1750,,,,,trade,false
2024-10-20T05:00:00.000Z,0.1750,0.1750,,,,,trade,false
2024-10-20T06:00:00.000Z,0.1750,0.1750,,,,,trade,false
2024-10-20T07:00:00.000Z,0.1750,0.1750,,,,,trade,false
2024-10-20T08:00:00.000Z,0.1750,0.1750,,,,,trade,false
2024-10-20T09:00:00.000Z,0.1700,0.1700,,,,,trade,false
2024-10-20T10:00:00.000Z,0.1700,0.1700,,,,,trade,false
2024-10-20T11:00:00.000Z,0.1750,0.1750,,,,,trade,false
2024-10-20T12:00:00.000Z,0.1750,0.1750,,,,,trade,false
2024-10-20T13:00:00.000Z,0.1700,0.1700,,,,,trade,false
2024-10-20T14:00:00.000Z,0.1750,0.1750,,,,,trade,false
2024-10-20T15:00:00.000Z,0.1700,0.1700,,,,,trade,false
2024-10-20T16:00:00.000Z,0.1750,0.1750,,,,,trade,false
2024-10-20T17:00:00.000Z,0.1750,0.1750,,,,,trade,false
2024-10-20T18:00:00.000Z,0.1700,0.1700,,,,,trade,false
2024-10-20T19:00:00.000Z,0.1800,0.1800,,,,,trade,false
2024-10-20T20:00:00.000Z,0.1800,0.1800,,,,,trade,false
2024-10-20T21:00:00.000Z,0.1750,0.1750,,,,,trade,false
2024-10-20T22:00:00.000Z,0.2300,0.2300,,,,,trade,false
2024-10-20T23:00:00.000Z,0.2000,0.2000,,,,,trade,false
2024-10-21T00:00:00.000Z,0.2050,0.2050,,,,,trade,false
2024-10-21T01:00:00.000Z,0.2000,0.2000,,,,,trade,false
2024-10-21T02:00:00.000Z,0.2000,0.2000,,,,,trade,false
2024-10-21T03:00:00.000Z,0.1950,0.1950,,,,,trade,false
2024-10-21T04:00:00.000Z,0.1900,0.1900,,,,,trade,false
2024-10-21T05:00:00.000Z,0.1850,0.1850,,,,,trade,false
2024-10-21T06:00:00.000Z,0.1850,0.1850,,,,,trade,false
2024-10-21T07:00:00.000Z,0.1850,0.1850,,,,,trade,false
2024-10-21T08:00:00.000Z,0.1850,0.1850,,,,,trade,false
2024-10-21T09:00:00.000Z,0.1850,0.1850,,,,,trade,false
2024-10-21T10:00:00.000Z,0.1850,0.1850,,,,,trade,false
2024-10-21T11:00:00.000Z,0.1850,0.1850,,,,,trade,false
2024-10-21T12:00:00.000Z,0.1850,0.1850,,,,,trade,false
2024-10-21T13:00:00.000Z,0.1850,0.1850,,,,,trade,false
2024-10-21T14:00:00.000Z,0.1800,0.1800,,,,,trade,false
2024-10-21T15:00:00.000Z,0.1800,0.1800,,,,,trade,false
2024-10-21T16:00:00.000Z,0.1800,0.1800,,,,,trade,false
2024-10-21T17:00:00.000Z,0.1800,0.1800,,,,,trade,false
2024-10-21T18:00:00.000Z,0.1800,0.1800,,,,,trade,false
2024-10-21T19:00:00.000Z,0.1750,0.1750,,,,,trade,false
2024-10-21T20:00:00.000Z,0.1750,0.1750,,,,,trade,false
2024-10-21T21:00:00.000Z,0.1750,0.1750,,,,,trade,false
2024-10-21T22:00:00.000Z,0.1750,0.1750,,,,,trade,false
2024-10-21T23:00:00.000Z,0.1700,0.1700,,,,,trade,false
2024-10-22T00:00:00.000Z,0.1700,0.1700,,,,,trade,false
2024-10-22T01:00:00.000Z,0.1650,0.1650,,,,,trade,false
2024-10-22T02:00:00.000Z,0.1650,0.1650,,,,,trade,false
2024-10-22T03:00:00.000Z,0.1650,0.1650,,,,,trade,false
2024-10-22T04:00:00.000Z,0.1650,0.1650,,,,,trade,false
2024-10-22T05:00:00.000Z,0.1650,0.1650,,,,,trade,false
2024-10-22T06:00:00.000Z,0.1650,0.1650,,,,,trade,false
2024-10-22T07:00:00.000Z,0.1650,0.1650,,,,,trade,false
2024-10-22T08:00:00.000Z,0.1650,0.1650,,,,,trade,false
2024-10-22T09:00:00.000Z,0.1650,0.1650,,,,,trade,false
2024-10-22T10:00:00.000Z,0.1650,0.1650,,,,,trade,false
2024-10-22T11:00:00.000Z,0.1650,0.1650,,,,,trade,false
2024-10-22T12:00:00.000Z,0.1650,0.1650,,,,,trade,false
2024-10-22T13:00:00.000Z,0.1650,0.1650,,,,,trade,false
2024-10-22T14:00:00.000Z,0.1650,0.1650,,,,,trade,false
2024-10-22T15:00:00.000Z,0.1650,0.1650,,,,,trade,false
2024-10-22T16:00:00.000Z,0.1650,0.1650,,,,,trade,false
2024-10-22T17:00:00.000Z,0.1650,0.1650,,,,,trade,false
2024-10-22T18:00:00.000Z,0.1650,0.1650,,,,,trade,false
2024-10-22T19:00:00.000Z,0.2250,0.2250,,,,,trade,false
2024-10-22T20:00:00.000Z,0.1900,0.1900,,,,,trade,false
2024-10-22T21:00:00.000Z,0.2000,0.2000,,,,,trade,false
2024-10-22T22:00:00.000Z,0.1950,0.1950,,,,,trade,false
2024-10-22T23:00:00.000Z,0.1950,0.1950,,,,,trade,false
2024-10-23T00:00:00.000Z,0.1950,0.1950,,,,,trade,false
2024-10-23T01:00:00.000Z,0.1800,0.1800,,,,,trade,false
2024-10-23T02:00:00.000Z,0.1850,0.1850,,,,,trade,false
2024-10-23T03:00:00.000Z,0.1700,0.1700,,,,,trade,false
2024-10-23T04:00:00.000Z,0.1650,0.1650,,,,,trade,false
2024-10-23T05:00:00.000Z,0.1650,0.1650,,,,,trade,false
2024-10-23T06:00:00.000Z,0.1600,0.1600,,,,,trade,false
2024-10-23T07:00:00.000Z,0.1650,0.1650,,,,,trade,false
2024-10-23T08:00:00.000Z,0.1650,0.1650,,,,,trade,false
2024-10-23T09:00:00.000Z,0.1600,0.1600,,,,,trade,false
2024-10-23T10:00:00.000Z,0.1600,0.1600,,,,,trade,false
2024-10-23T11:00:00.000Z,0.1600,0.1600,,,,,trade,false
2024-10-23T12:00:00.000Z,0.1650,0.1650,,,,,trade,false
2024-10-23T13:00:00.000Z,0.1600,0.1600,,,,,trade,false
2024-10-23T14:00:00.000Z,0.1650,0.1650,,,,,trade,false
2024-10-23T15:00:00.000Z,0.1550,0.1550,,,,,trade,false
2024-10-23T16:00:00.000Z,0.1650,0.1650,,,,,trade,false
2024-10-23T17:00:00.000Z,0.1700,0.1700,,,,,trade,false
2024-10-23T18:00:00.000Z,0.1700,0.1700,,,,,trade,false
2024-10-23T19:00:00.000Z,0.1600,0.1600,,,,,trade,false
2024-10-23T20:00:00.000Z,0.1600,0.1600,,,,,trade,false
2024-10-23T21:00:00.000Z,0.1600,0.1600,,,,,trade,false
2024-10-23T22:00:00.000Z,0.1750,0.1750,,,,,trade,false
2024-10-23T23:00:00.000Z,0.1600,0.1600,,,,,trade,false
2024-10-24T00:00:00.000Z,0.1650,0.1650,,,,,trade,false
2024-10-24T01:00:00.000Z,0.1700,0.1700,,,,,trade,false
2024-10-24T02:00:00.000Z,0.1750,0.1750,,,,,trade,false
2024-10-24T03:00:00.000Z,0.1700,0.1700,,,,,trade,false
2024-10-24T04:00:00.000Z,0.1700,0.1700,,,,,trade,false
2024-10-24T05:00:00.000Z,0.1600,0.1600,,,,,trade,false
2024-10-24T06:00:00.000Z,0.1600,0.1600,,,,,trade,false
2024-10-24T07:00:00.000Z,0.1600,0.1600,,,,,trade,false
2024-10-24T08:00:00.000Z,0.1600,0.1600,,,,,trade,false
2024-10-24T09:00:00.000Z,0.1600,0.1600,,,,,trade,false
2024-10-24T10:00:00.000Z,0.1600,0.1600,,,,,trade,false
2024-10-24T11:00:00.000Z,0.1600,0.1600,,,,,trade,false
2024-10-24T12:00:00.000Z,0.1550,0.1550,,,,,trade,false
2024-10-24T13:00:00.000Z,0.1600,0.1600,,,,,trade,false
2024-10-24T14:00:00.000Z,0.1600,0.1600,,,,,trade,false
2024-10-24T15:00:00.000Z,0.1600,0.1600,,,,,trade,false
2024-10-24T16:00:00.000Z,0.1700,0.1700,,,,,trade,false
2024-10-24T17:00:00.000Z,0.1600,0.1600,,,,,trade,false
2024-10-24T18:00:00.000Z,0.1600,0.1600,,,,,trade,false
2024-10-24T19:00:00.000Z,0.1600,0.1600,,,,,trade,false
2024-10-24T20:00:00.000Z,0.1550,0.1550,,,,,trade,false
2024-10-24T21:00:00.000Z,0.1650,0.1650,,,,,trade,false
2024-10-24T22:00:00.000Z,0.1700,0.1700,,,,,trade,false
2024-10-24T23:00:00.000Z,0.1750,0.1750,,,,,trade,false
2024-10-25T00:00:00.000Z,0.1750,0.1750,,,,,trade,false
2024-10-25T01:00:00.000Z,0.1700,0.1700,,,,,trade,false
2024-10-25T02:00:00.000Z,0.1650,0.1650,,,,,trade,false
2024-10-25T03:00:00.000Z,0.1650,0.1650,,,,,trade,false
2024-10-25T04:00:00.000Z,0.1600,0.1600,,,,,trade,false
2024-10-25T05:00:00.000Z,0.1600,0.1600,,,,,trade,false
2024-10-25T06:00:00.000Z,0.1550,0.1550,,,,,trade,false
2024-10-25T07:00:00.000Z,0.1550,0.1550,,,,,trade,false
2024-10-25T08:00:00.000Z,0.1550,0.1550,,,,,trade,false
2024-10-25T09:00:00.000Z,0.1550,0.1550,,,,,trade,false
2024-10-25T10:00:00.000Z,0.1650,0.1650,,,,,trade,false
2024-10-25T11:00:00.000Z,0.1650,0.1650,,,,,trade,false
2024-10-25T12:00:00.000Z,0.1600,0.1600,,,,,trade,false
2024-10-25T13:00:00.000Z,0.1600,0.1600,,,,,trade,false
2024-10-25T14:00:00.000Z,0.1650,0.1650,,,,,trade,false
2024-10-25T15:00:00.000Z,0.1650,0.1650,,,,,trade,false
2024-10-25T16:00:00.000Z,0.1650,0.1650,,,,,trade,false
2024-10-25T17:00:00.000Z,0.1650,0.1650,,,,,trade,false
2024-10-25T18:00:00.000Z,0.1600,0.1600,,,,,trade,false
2024-10-25T19:00:00.000Z,0.1550,0.1550,,,,,trade,false
2024-10-25T20:00:00.000Z,0.1650,0.1650,,,,,trade,false
2024-10-25T21:00:00.000Z,0.1650,0.1650,,,,,trade,false
2024-10-25T22:00:00.000Z,0.1650,0.1650,,,,,trade,false
2024-10-25T23:00:00.000Z,0.1600,0.1600,,,,,trade,false
2024-10-26T00:00:00.000Z,0.1600,0.1600,,,,,trade,false
2024-10-26T01:00:00.000Z,0.1600,0.1600,,,,,trade,false
2024-10-26T02:00:00.000Z,0.1600,0.1600,,,,,trade,false
2024-10-26T03:00:00.000Z,0.1600,0.1600,,,,,trade,false
2024-10-26T04:00:00.000Z,0.1600,0.1600,,,,,trade,false
2024-10-26T05:00:00.000Z,0.1550,0.1550,,,,,trade,false
2024-10-26T06:00:00.000Z,0.1600,0.1600,,,,,trade,false
2024-10-26T07:00:00.000Z,0.1600,0.1600,,,,,trade,false
2024-10-26T08:00:00.000Z,0.1600,0.1600,,,,,trade,false
2024-10-26T09:00:00.000Z,0.1550,0.1550,,,,,trade,false
2024-10-26T10:00:00.000Z,0.1550,0.1550,,,,,trade,false
2024-10-26T11:00:00.000Z,0.1550,0.1550,,,,,trade,false
2024-10-26T12:00:00.000Z,0.1650,0.1650,,,,,trade,false
2024-10-26T13:00:00.000Z,0.1650,0.1650,,,,,trade,false
2024-10-26T14:00:00.000Z,0.1600,0.1600,,,,,trade,false
2024-10-26T15:00:00.000Z,0.1550,0.1550,,,,,trade,false
2024-10-26T16:00:00.000Z,0.1550,0.1550,,,,,trade,false
2024-10-26T17:00:00.000Z,0.1550,0.1550,,,,,trade,false
2024-10-26T18:00:00.000Z,0.1550,0.1550,,,,,trade,false
2024-10-26T19:00:00.000Z,0.1550,0.1550,,,,,trade,false
2024-10-26T20:00:00.000Z,0.1550,0.1550,,,,,trade,false
2024-10-26T21:00:00.000Z,0.1550,0.1550,,,,,trade,false
2024-10-26T22:00:00.000Z,0.1600,0.1600,,,,,trade,false
2024-10-26T23:00:00.000Z,0.1600,0.1600,,,,,trade,false
2024-10-27T00:00:00.000Z,0.1600,0.1600,,,,,trade,false
2024-10-27T01:00:00.000Z,0.1600,0.1600,,,,,trade,false
2024-10-27T02:00:00.000Z,0.1500,0.1500,,,,,trade,false
2024-10-27T03:00:00.000Z,0.1500,0.1500,,,,,trade,false
2024-10-27T04:00:00.000Z,0.1500,0.1500,,,,,trade,false
2024-10-27T05:00:00.000Z,0.1450,0.1450,,,,,trade,false
2024-10-27T06:00:00.000Z,0.1550,0.1550,,,,,trade,false
2024-10-27T07:00:00.000Z,0.1550,0.1550,,,,,trade,false
2024-10-27T08:00:00.000Z,0.1550,0.1550,,,,,trade,false
2024-10-27T09:00:00.000Z,0.1550,0.1550,,,,,trade,false
2024-10-27T10:00:00.000Z,0.1550,0.1550,,,,,trade,false
2024-10-27T11:00:00.000Z,0.1550,0.1550,,,,,trade,false
2024-10-27T12:00:00.000Z,0.1550,0.1550,,,,,trade,false
2024-10-27T13:00:00.000Z,0.1550,0.1550,,,,,trade,false
2024-10-27T14:00:00.000Z,0.1550,0.1550,,,,,trade,false
2024-10-27T15:00:00.000Z,0.1550,0.1550,,,,,trade,false
2024-10-27T16:00:00.000Z,0.1550,0.1550,,,,,trade,false
2024-10-27T17:00:00.000Z,0.1550,0.1550,,,,,trade,false
2024-10-27T18:00:00.000Z,0.1550,0.1550,,,,,trade,false
2024-10-27T19:00:00.000Z,0.1550,0.1550,,,,,trade,false
2024-10-27T20:00:00.000Z,0.1650,0.1650,,,,,trade,false
2024-10-27T21:00:00.000Z,0.1650,0.1650,,,,,trade,false
2024-10-27T22:00:00.000Z,0.1550,0.1550,,,,,trade,false
2024-10-27T23:00:00.000Z,0.1550,0.1550,,,,,trade,false
2024-10-28T00:00:00.000Z,0.1550,0.1550,,,,,trade,false
2024-10-28T01:00:00.000Z,0.1550,0.1550,,,,,trade,false
2024-10-28T02:00:00.000Z,0.1600,0.1600,,,,,trade,false
2024-10-28T03:00:00.000Z,0.1600,0.1600,,,,,trade,false
2024-10-28T04:00:00.000Z,0.1650,0.1650,,,,,trade,false
2024-10-28T05:00:00.000Z,0.1600,0.1600,,,,,trade,false
2024-10-28T06:00:00.000Z,0.1600,0.1600,,,,,trade,false
2024-10-28T07:00:00.000Z,0.1650,0.1650,,,,,trade,false
2024-10-28T08:00:00.000Z,0.1650,0.1650,,,,,trade,false
2024-10-28T09:00:00.000Z,0.1650,0.1650,,,,,trade,false
2024-10-28T10:00:00.000Z,0.1650,0.1650,,,,,trade,false
2024-10-28T11:00:00.000Z,0.1650,0.1650,,,,,trade,false
2024-10-28T12:00:00.000Z,0.1650,0.1650,,,,,trade,false
2024-10-28T13:00:00.000Z,0.1650,0.1650,,,,,trade,false
2024-10-28T14:00:00.000Z,0.1650,0.1650,,,,,trade,false
2024-10-28T15:00:00.000Z,0.1650,0.1650,,,,,trade,false
2024-10-28T16:00:00.000Z,0.1650,0.1650,,,,,trade,false
2024-10-28T17:00:00.000Z,0.1650,0.1650,,,,,trade,false
2024-10-28T18:00:00.000Z,0.1700,0.1700,,,,,trade,false
2024-10-28T19:00:00.000Z,0.1700,0.1700,,,,,trade,false
2024-10-28T20:00:00.000Z,0.1750,0.1750,,,,,trade,false
2024-10-28T21:00:00.000Z,0.1750,0.1750,,,,,trade,false
2024-10-28T22:00:00.000Z,0.1750,0.1750,,,,,trade,false
2024-10-28T23:00:00.000Z,0.1750,0.1750,,,,,trade,false
2024-10-29T00:00:00.000Z,0.1850,0.1850,,,,,trade,false
2024-10-29T01:00:00.000Z,0.1950,0.1950,,,,,trade,false
2024-10-29T02:00:00.000Z,0.1950,0.1950,,,,,trade,false
2024-10-29T03:00:00.000Z,0.2100,0.2100,,,,,trade,false
2024-10-29T04:00:00.000Z,0.2100,0.2100,,,,,trade,false
2024-10-29T05:00:00.000Z,0.2100,0.2100,,,,,trade,false
2024-10-29T06:00:00.000Z,0.2150,0.2150,,,,,trade,false
2024-10-29T07:00:00.000Z,0.2050,0.2050,,,,,trade,false
2024-10-29T08:00:00.000Z,0.2050,0.2050,,,,,trade,false
2024-10-29T09:00:00.000Z,0.1900,0.1900,,,,,trade,false
2024-10-29T10:00:00.000Z,0.2050,0.2050,,,,,trade,false
2024-10-29T11:00:00.000Z,0.2050,0.2050,,,,,trade,false
2024-10-29T12:00:00.000Z,0.1950,0.1950,,,,,trade,false
2024-10-29T13:00:00.000Z,0.2050,0.2050,,,,,trade,false
2024-10-29T14:00:00.000Z,0.2000,0.2000,,,,,trade,false
2024-10-29T15:00:00.000Z,0.2000,0.2000,,,,,trade,false
2024-10-29T16:00:00.000Z,0.2150,0.2150,,,,,trade,false
2024-10-29T17:00:00.000Z,0.2200,0.2200,,,,,trade,false
2024-10-29T18:00:00.000Z,0.2000,0.2000,,,,,trade,false
2024-10-29T19:00:00.000Z,0.2200,0.2200,,,,,trade,false
2024-10-29T20:00:00.000Z,0.2150,0.2150,,,,,trade,false
2024-10-29T21:00:00.000Z,0.2150,0.2150,,,,,trade,false
2024-10-29T22:00:00.000Z,0.2200,0.2200,,,,,trade,false
2024-10-29T23:00:00.000Z,0.2150,0.2150,,,,,trade,false
2024-10-30T00:00:00.000Z,0.2100,0.2100,,,,,trade,false
2024-10-30T01:00:00.000Z,0.2200,0.2200,,,,,trade,false
2024-10-30T02:00:00.000Z,0.2300,0.2300,,,,,trade,false
2024-10-30T03:00:00.000Z,0.2550,0.2550,,,,,trade,false
2024-10-30T04:00:00.000Z,0.2350,0.2350,,,,,trade,false
2024-10-30T05:00:00.000Z,0.2250,0.2250,,,,,trade,false
2024-10-30T06:00:00.000Z,0.2250,0.2250,,,,,trade,false
2024-10-30T07:00:00.000Z,0.1950,0.1950,,,,,trade,false
2024-10-30T08:00:00.000Z,0.1950,0.1950,,,,,trade,false
2024-10-30T09:00:00.000Z,0.2000,0.2000,,,,,trade,false
2024-10-30T10:00:00.000Z,0.2100,0.2100,,,,,trade,false
2024-10-30T11:00:00.000Z,0.2100,0.2100,,,,,trade,false
2024-10-30T12:00:00.000Z,0.2050,0.2050,,,,,trade,false
2024-10-30T13:00:00.000Z,0.2050,0.2050,,,,,trade,false
2024-10-30T14:00:00.000Z,0.2050,0.2050,,,,,trade,false
2024-10-30T15:00:00.000Z,0.2050,0.2050,,,,,trade,false
2024-10-30T16:00:00.000Z,0.2050,0.2050,,,,,trade,false
2024-10-30T17:00:00.000Z,0.2150,0.2150,,,,,trade,false
2024-10-30T18:00:00.000Z,0.2150,0.2150,,,,,trade,false
2024-10-30T19:00:00.000Z,0.2100,0.2100,,,,,trade,false
2024-10-30T20:00:00.000Z,0.2100,0.2100,,,,,trade,false
2024-10-30T21:00:00.000Z,0.2100,0.2100,,,,,trade,false
2024-10-30T22:00:00.000Z,0.2100,0.2100,,,,,trade,false
2024-10-30T23:00:00.000Z,0.2100,0.2100,,,,,trade,false
2024-10-31T00:00:00.000Z,0.1900,0.1900,,,,,trade,false
2024-10-31T01:00:00.000Z,0.1850,0.1850,,,,,trade,false
2024-10-31T02:00:00.000Z,0.1950,0.1950,,,,,trade,false
2024-10-31T03:00:00.000Z,0.1950,0.1950,,,,,trade,false
2024-10-31T04:00:00.000Z,0.1850,0.1850,,,,,trade,false
2024-10-31T05:00:00.000Z,0.1950,0.1950,,,,,trade,false
2024-10-31T06:00:00.000Z,0.1950,0.1950,,,,,trade,false
2024-10-31T07:00:00.000Z,0.1950,0.1950,,,,,trade,false
2024-10-31T08:00:00.000Z,0.1850,0.1850,,,,,trade,false
2024-10-31T09:00:00.000Z,0.1950,0.1950,,,,,trade,false
2024-10-31T10:00:00.000Z,0.1950,0.1950,,,,,trade,false
2024-10-31T11:00:00.000Z,0.1950,0.1950,,,,,trade,false
2024-10-31T12:00:00.000Z,0.2100,0.2100,,,,,trade,false
2024-10-31T13:00:00.000Z,0.2100,0.2100,,,,,trade,false
2024-10-31T14:00:00.000Z,0.2100,0.2100,,,,,trade,false
2024-10-31T15:00:00.000Z,0.1950,0.1950,,,,,trade,false
2024-10-31T16:00:00.000Z,0.1750,0.1750,,,,,trade,false
2024-10-31T17:00:00.000Z,0.1950,0.1950,,,,,trade,false
2024-10-31T18:00:00.000Z,0.1950,0.1950,,,,,trade,false
2024-10-31T19:00:00.000Z,0.1850,0.1850,,,,,trade,false
2024-10-31T20:00:00.000Z,0.1750,0.1750,,,,,trade,false
2024-10-31T21:00:00.000Z,0.1750,0.1750,,,,,trade,false
2024-10-31T22:00:00.000Z,0.1900,0.1900,,,,,trade,false
2024-10-31T23:00:00.000Z,0.1900,0.1900,,,,,trade,false
2024-11-01T00:00:00.000Z,0.1900,0.1900,,,,,trade,false
2024-11-01T01:00:00.000Z,0.2000,0.2000,,,,,trade,false
2024-11-01T02:00:00.000Z,0.2000,0.2000,,,,,trade,false
2024-11-01T03:00:00.000Z,0.1750,0.1750,,,,,trade,false
2024-11-01T04:00:00.000Z,0.1800,0.1800,,,,,trade,false
2024-11-01T05:00:00.000Z,0.1800,0.1800,,,,,trade,false
2024-11-01T06:00:00.000Z,0.1800,0.1800,,,,,trade,false
2024-11-01T07:00:00.000Z,0.1800,0.1800,,,,,trade,false
2024-11-01T08:00:00.000Z,0.1800,0.1800,,,,,trade,false
2024-11-01T09:00:00.000Z,0.1800,0.1800,,,,,trade,false
2024-11-01T10:00:00.000Z,0.1800,0.1800,,,,,trade,false
2024-11-01T11:00:00.000Z,0.1750,0.1750,,,,,trade,false
2024-11-01T12:00:00.000Z,0.1750,0.1750,,,,,trade,false
2024-11-01T13:00:00.000Z,0.1750,0.1750,,,,,trade,false
2024-11-01T14:00:00.000Z,0.1700,0.1700,,,,,trade,false
2024-11-01T15:00:00.000Z,0.1750,0.1750,,,,,trade,false
2024-11-01T16:00:00.000Z,0.1750,0.1750,,,,,trade,false
2024-11-01T17:00:00.000Z,0.1750,0.1750,,,,,trade,false
2024-11-01T18:00:00.000Z,0.1750,0.1750,,,,,trade,false
2024-11-01T19:00:00.000Z,0.1750,0.1750,,,,,trade,false
2024-11-01T20:00:00.000Z,0.1800,0.1800,,,,,trade,false
2024-11-01T21:00:00.000Z,0.1750,0.1750,,,,,trade,false
2024-11-01T22:00:00.000Z,0.1800,0.1800,,,,,trade,false
2024-11-01T23:00:00.000Z,0.1850,0.1850,,,,,trade,false
2024-11-02T00:00:00.000Z,0.1850,0.1850,,,,,trade,false
2024-11-02T01:00:00.000Z,0.1850,0.1850,,,,,trade,false
2024-11-02T02:00:00.000Z,0.1850,0.1850,,,,,trade,false
2024-11-02T03:00:00.000Z,0.1850,0.1850,,,,,trade,false
2024-11-02T04:00:00.000Z,0.1850,0.1850,,,,,trade,false
2024-11-02T05:00:00.000Z,0.1850,0.1850,,,,,trade,false
2024-11-02T06:00:00.000Z,0.1850,0.1850,,,,,trade,false
2024-11-02T07:00:00.000Z,0.1850,0.1850,,,,,trade,false
2024-11-02T08:00:00.000Z,0.1850,0.1850,,,,,trade,false
2024-11-02T09:00:00.000Z,0.1800,0.1800,,,,,trade,false
2024-11-02T10:00:00.000Z,0.1800,0.1800,,,,,trade,false
2024-11-02T11:00:00.000Z,0.1800,0.1800,,,,,trade,false
2024-11-02T12:00:00.000Z,0.1750,0.1750,,,,,trade,false
2024-11-02T13:00:00.000Z,0.1800,0.1800,,,,,trade,false
2024-11-02T14:00:00.000Z,0.1850,0.1850,,,,,trade,false
2024-11-02T15:00:00.000Z,0.1850,0.1850,,,,,trade,false
2024-11-02T16:00:00.000Z,0.1900,0.1900,,,,,trade,false
2024-11-02T17:00:00.000Z,0.1850,0.1850,,,,,trade,false
2024-11-02T18:00:00.000Z,0.1750,0.1750,,,,,trade,false
2024-11-02T19:00:00.000Z,0.1650,0.1650,,,,,trade,false
2024-11-02T20:00:00.000Z,0.1650,0.1650,,,,,trade,false
2024-11-02T21:00:00.000Z,0.1950,0.1950,,,,,trade,false
2024-11-02T22:00:00.000Z,0.1950,0.1950,,,,,trade,false
2024-11-02T23:00:00.000Z,0.1900,0.1900,,,,,trade,false
2024-11-03T00:00:00.000Z,0.1850,0.1850,,,,,trade,false
2024-11-03T01:00:00.000Z,0.1850,0.1850,,,,,trade,false
2024-11-03T02:00:00.000Z,0.1800,0.1800,,,,,trade,false
2024-11-03T03:00:00.000Z,0.1800,0.1800,,,,,trade,false
2024-11-03T04:00:00.000Z,0.1850,0.1850,,,,,trade,false
2024-11-03T05:00:00.000Z,0.1800,0.1800,,,,,trade,false
2024-11-03T06:00:00.000Z,0.1750,0.1750,,,,,trade,false
2024-11-03T07:00:00.000Z,0.1800,0.1800,,,,,trade,false
2024-11-03T08:00:00.000Z,0.1800,0.1800,,,,,trade,false
2024-11-03T09:00:00.000Z,0.1800,0.1800,,,,,trade,false
2024-11-03T10:00:00.000Z,0.1800,0.1800,,,,,trade,false
2024-11-03T11:00:00.000Z,0.1850,0.1850,,,,,trade,false
2024-11-03T12:00:00.000Z,0.1800,0.1800,,,,,trade,false
2024-11-03T13:00:00.000Z,0.1700,0.1700,,,,,trade,false
2024-11-03T14:00:00.000Z,0.1650,0.1650,,,,,trade,false
2024-11-03T15:00:00.000Z,0.1750,0.1750,,,,,trade,false
2024-11-03T16:00:00.000Z,0.1700,0.1700,,,,,trade,false
2024-11-03T17:00:00.000Z,0.1700,0.1700,,,,,trade,false
2024-11-03T18:00:00.000Z,0.1700,0.1700,,,,,trade,false
2024-11-03T19:00:00.000Z,0.1650,0.1650,,,,,trade,false
2024-11-03T20:00:00.000Z,0.1650,0.1650,,,,,trade,false
2024-11-03T21:00:00.000Z,0.1650,0.1650,,,,,trade,false
2024-11-03T22:00:00.000Z,0.1750,0.1750,,,,,trade,false
2024-11-03T23:00:00.000Z,0.1750,0.1750,,,,,trade,false
2024-11-04T00:00:00.000Z,0.1700,0.1700,,,,,trade,false
2024-11-04T01:00:00.000Z,0.1700,0.1700,,,,,trade,false
2024-11-04T02:00:00.000Z,0.1750,0.1750,,,,,trade,false
2024-11-04T03:00:00.000Z,0.1750,0.1750,,,,,trade,false
2024-11-04T04:00:00.000Z,0.1750,0.1750,,,,,trade,false
2024-11-04T05:00:00.000Z,0.1800,0.1800,,,,,trade,false
2024-11-04T06:00:00.000Z,0.1850,0.1850,,,,,trade,false
2024-11-04T07:00:00.000Z,0.1850,0.1850,,,,,trade,false
2024-11-04T08:00:00.000Z,0.1850,0.1850,,,,,trade,false
2024-11-04T09:00:00.000Z,0.1800,0.1800,,,,,trade,false
2024-11-04T10:00:00.000Z,0.1800,0.1800,,,,,trade,false
2024-11-04T11:00:00.000Z,0.1800,0.1800,,,,,trade,false
2024-11-04T12:00:00.000Z,0.1850,0.1850,,,,,trade,false
2024-11-04T13:00:00.000Z,0.1850,0.1850,,,,,trade,false
2024-11-04T14:00:00.000Z,0.1850,0.1850,,,,,trade,false
2024-11-04T15:00:00.000Z,0.1900,0.1900,,,,,trade,false
2024-11-04T16:00:00.000Z,0.1850,0.1850,,,,,trade,false
2024-11-04T17:00:00.000Z,0.1800,0.1800,,,,,trade,false
2024-11-04T18:00:00.000Z,0.1700,0.1700,,,,,trade,false
2024-11-04T19:00:00.000Z,0.1800,0.1800,,,,,trade,false
2024-11-04T20:00:00.000Z,0.1800,0.1800,,,,,trade,false
2024-11-04T21:00:00.000Z,0.1800,0.1800,,,,,trade,false
2024-11-04T22:00:00.000Z,0.1800,0.1800,,,,,trade,false
2024-11-04T23:00:00.000Z,0.1800,0.1800,,,,,trade,false
2024-11-05T00:00:00.000Z,0.1700,0.1700,,,,,trade,false
2024-11-05T01:00:00.000Z,0.1700,0.1700,,,,,trade,false
2024-11-05T02:00:00.000Z,0.1700,0.1700,,,,,trade,false
2024-11-05T03:00:00.000Z,0.1700,0.1700,,,,,trade,false
2024-11-05T04:00:00.000Z,0.1750,0.1750,,,,,trade,false
2024-11-05T05:00:00.000Z,0.1800,0.1800,,,,,trade,false
2024-11-05T06:00:00.000Z,0.1800,0.1800,,,,,trade,false
2024-11-05T07:00:00.000Z,0.1800,0.1800,,,,,trade,false
2024-11-05T08:00:00.000Z,0.1800,0.1800,,,,,trade,false
2024-11-05T09:00:00.000Z,0.1700,0.1700,,,,,trade,false
2024-11-05T10:00:00.000Z,0.1700,0.1700,,,,,trade,false
2024-11-05T11:00:00.000Z,0.1700,0.1700,,,,,trade,false
2024-11-05T12:00:00.000Z,0.1700,0.1700,,,,,trade,false
2024-11-05T13:00:00.000Z,0.1700,0.1700,,,,,trade,false
2024-11-05T14:00:00.000Z,0.1700,0.1700,,,,,trade,false
2024-11-05T15:00:00.000Z,0.1650,0.1650,,,,,trade,false
2024-11-05T16:00:00.000Z,0.1650,0.1650,,,,,trade,false
2024-11-05T17:00:00.000Z,0.1650,0.1650,,,,,trade,false
2024-11-05T18:00:00.000Z,0.1650,0.1650,,,,,trade,false
2024-11-05T19:00:00.000Z,0.1550,0.1550,,,,,trade,false
2024-11-05T20:00:00.000Z,0.1650,0.1650,,,,,trade,false
2024-11-05T21:00:00.000Z,0.1750,0.1750,,,,,trade,false
2024-11-05T23:00:00.000Z,0.1800,0.1800,,,,,trade,false
2024-11-06T00:00:00.000Z,0.1800,0.1800,,,,,trade,false
2024-11-06T01:00:00.000Z,0.1950,0.1950,,,,,trade,false
2024-11-06T02:00:00.000Z,0.1950,0.1950,,,,,trade,false
2024-11-06T03:00:00.000Z,0.2150,0.2150,,,,,trade,false
2024-11-06T04:00:00.000Z,0.2350,0.2350,,,,,trade,false
2024-11-06T05:00:00.000Z,0.2300,0.2300,,,,,trade,false
2024-11-06T06:00:00.000Z,0.2300,0.2300,,,,,trade,false
2024-11-06T07:00:00.000Z,0.2350,0.2350,,,,,trade,false
2024-11-06T08:00:00.000Z,0.2350,0.2350,,,,,trade,false
2024-11-06T09:00:00.000Z,0.2400,0.2400,,,,,trade,false
2024-11-06T10:00:00.000Z,0.2350,0.2350,,,,,trade,false
2024-11-06T11:00:00.000Z,0.2300,0.2300,,,,,trade,false
2024-11-06T12:00:00.000Z,0.2200,0.2200,,,,,trade,false
2024-11-06T13:00:00.000Z,0.2200,0.2200,,,,,trade,false
2024-11-06T14:00:00.000Z,0.1900,0.1900,,,,,trade,false
2024-11-06T15:00:00.000Z,0.1800,0.1800,,,,,trade,false
2024-11-06T16:00:00.000Z,0.1950,0.1950,,,,,trade,false
2024-11-06T17:00:00.000Z,0.1900,0.1900,,,,,trade,false
2024-11-06T18:00:00.000Z,0.1950,0.1950,,,,,trade,false
2024-11-06T19:00:00.000Z,0.1950,0.1950,,,,,trade,false
2024-11-06T20:00:00.000Z,0.2150,0.2150,,,,,trade,false
2024-11-06T21:00:00.000Z,0.1900,0.1900,,,,,trade,false
2024-11-06T22:00:00.000Z,0.2000,0.2000,,,,,trade,false
2024-11-06T23:00:00.000Z,0.2000,0.2000,,,,,trade,false
2024-11-07T00:00:00.000Z,0.1950,0.1950,,,,,trade,false
2024-11-07T01:00:00.000Z,0.2200,0.2200,,,,,trade,false
2024-11-07T02:00:00.000Z,0.1950,0.1950,,,,,trade,false
2024-11-07T03:00:00.000Z,0.1850,0.1850,,,,,trade,false
2024-11-07T04:00:00.000Z,0.1950,0.1950,,,,,trade,false
2024-11-07T05:00:00.000Z,0.2000,0.2000,,,,,trade,false
2024-11-07T06:00:00.000Z,0.1950,0.1950,,,,,trade,false
2024-11-07T07:00:00.000Z,0.1800,0.1800,,,,,trade,false
2024-11-07T08:00:00.000Z,0.1900,0.1900,,,,,trade,false
2024-11-07T09:00:00.000Z,0.1900,0.1900,,,,,trade,false
2024-11-07T10:00:00.000Z,0.1800,0.1800,,,,,trade,false
2024-11-07T11:00:00.000Z,0.1850,0.1850,,,,,trade,false
2024-11-07T12:00:00.000Z,0.1850,0.1850,,,,,trade,false
2024-11-07T13:00:00.000Z,0.1800,0.1800,,,,,trade,false
2024-11-07T14:00:00.000Z,0.1750,0.1750,,,,,trade,false
2024-11-07T15:00:00.000Z,0.1950,0.1950,,,,,trade,false
2024-11-07T16:00:00.000Z,0.2000,0.2000,,,,,trade,false
2024-11-07T17:00:00.000Z,0.2550,0.2550,,,,,trade,false
2024-11-07T18:00:00.000Z,0.2550,0.2550,,,,,trade,false
2024-11-07T19:00:00.000Z,0.2350,0.2350,,,,,trade,false
2024-11-07T20:00:00.000Z,0.2450,0.2450,,,,,trade,false
2024-11-07T21:00:00.000Z,0.2250,0.2250,,,,,trade,false
2024-11-07T22:00:00.000Z,0.2100,0.2100,,,,,trade,false
2024-11-07T23:00:00.000Z,0.2150,0.2150,,,,,trade,false
2024-11-08T00:00:00.000Z,0.2150,0.2150,,,,,trade,false
2024-11-08T01:00:00.000Z,0.2450,0.2450,,,,,trade,false
2024-11-08T02:00:00.000Z,0.2200,0.2200,,,,,trade,false
2024-11-08T03:00:00.000Z,0.2000,0.2000,,,,,trade,false
2024-11-08T04:00:00.000Z,0.2050,0.2050,,,,,trade,false
2024-11-08T05:00:00.000Z,0.1950,0.1950,,,,,trade,false
2024-11-08T06:00:00.000Z,0.2050,0.2050,,,,,trade,false
2024-11-08T07:00:00.000Z,0.2050,0.2050,,,,,trade,false
2024-11-08T08:00:00.000Z,0.2050,0.2050,,,,,trade,false
2024-11-08T09:00:00.000Z,0.2050,0.2050,,,,,trade,false
2024-11-08T10:00:00.000Z,0.2050,0.2050,,,,,trade,false
2024-11-08T11:00:00.000Z,0.2050,0.2050,,,,,trade,false
2024-11-08T12:00:00.000Z,0.2100,0.2100,,,,,trade,false
2024-11-08T13:00:00.000Z,0.2100,0.2100,,,,,trade,false
2024-11-08T14:00:00.000Z,0.2200,0.2200,,,,,trade,false
2024-11-08T15:00:00.000Z,0.2200,0.2200,,,,,trade,false
2024-11-08T16:00:00.000Z,0.2300,0.2300,,,,,trade,false
2024-11-08T17:00:00.000Z,0.2500,0.2500,,,,,trade,false
2024-11-08T18:00:00.000Z,0.2850,0.2850,,,,,trade,false
2024-11-08T19:00:00.000Z,0.2650,0.2650,,,,,trade,false
2024-11-08T20:00:00.000Z,0.2550,0.2550,,,,,trade,false
2024-11-08T21:00:00.000Z,0.2600,0.2600,,,,,trade,false
2024-11-08T22:00:00.000Z,0.2550,0.2550,,,,,trade,false
2024-11-08T23:00:00.000Z,0.2550,0.2550,,,,,trade,false
2024-11-09T00:00:00.000Z,0.2500,0.2500,,,,,trade,false
2024-11-09T01:00:00.000Z,0.2500,0.2500,,,,,trade,false
2024-11-09T02:00:00.000Z,0.2550,0.2550,,,,,trade,false
2024-11-09T03:00:00.000Z,0.2650,0.2650,,,,,trade,false
2024-11-09T04:00:00.000Z,0.2750,0.2750,,,,,trade,false
2024-11-09T05:00:00.000Z,0.2450,0.2450,,,,,trade,false
2024-11-09T06:00:00.000Z,0.2450,0.2450,,,,,trade,false
2024-11-09T07:00:00.000Z,0.2500,0.2500,,,,,trade,false
2024-11-09T08:00:00.000Z,0.2550,0.2550,,,,,trade,false
2024-11-09T09:00:00.000Z,0.2500,0.2500,,,,,trade,false
2024-11-09T10:00:00.000Z,0.2450,0.2450,,,,,trade,false
2024-11-09T11:00:00.000Z,0.2400,0.2400,,,,,trade,false
2024-11-09T12:00:00.000Z,0.2450,0.2450,,,,,trade,false
2024-11-09T13:00:00.000Z,0.2450,0.2450,,,,,trade,false
2024-11-09T14:00:00.000Z,0.2350,0.2350,,,,,trade,false
2024-11-09T15:00:00.000Z,0.2250,0.2250,,,,,trade,false
2024-11-09T16:00:00.000Z,0.2250,0.2250,,,,,trade,false
2024-11-09T17:00:00.000Z,0.2400,0.2400,,,,,trade,false
2024-11-09T18:00:00.000Z,0.2400,0.2400,,,,,trade,false
2024-11-09T19:00:00.000Z,0.2250,0.2250,,,,,trade,false
2024-11-09T20:00:00.000Z,0.2200,0.2200,,,,,trade,false
2024-11-09T21:00:00.000Z,0.2200,0.2200,,,,,trade,false
2024-11-09T22:00:00.000Z,0.2150,0.2150,,,,,trade,false
2024-11-09T23:00:00.000Z,0.2150,0.2150,,,,,trade,false
2024-11-10T00:00:00.000Z,0.2000,0.2000,,,,,trade,false
2024-11-10T01:00:00.000Z,0.2100,0.2100,,,,,trade,false
2024-11-10T02:00:00.000Z,0.2250,0.2250,,,,,trade,false
2024-11-10T03:00:00.000Z,0.2300,0.2300,,,,,trade,false
2024-11-10T04:00:00.000Z,0.2350,0.2350,,,,,trade,false
2024-11-10T05:00:00.000Z,0.2400,0.2400,,,,,trade,false
2024-11-10T06:00:00.000Z,0.2950,0.2950,,,,,trade,false
2024-11-10T07:00:00.000Z,0.2650,0.2650,,,,,trade,false
2024-11-10T08:00:00.000Z,0.2750,0.2750,,,,,trade,false
2024-11-10T09:00:00.000Z,0.2850,0.2850,,,,,trade,false
2024-11-10T10:00:00.000Z,0.3000,0.3000,,,,,trade,false
2024-11-10T11:00:00.000Z,0.3450,0.3450,,,,,trade,false
2024-11-10T12:00:00.000Z,0.3500,0.3500,,,,,trade,false
2024-11-10T13:00:00.000Z,0.3050,0.3050,,,,,trade,false
2024-11-10T14:00:00.000Z,0.3200,0.3200,,,,,trade,false
2024-11-10T15:00:00.000Z,0.3150,0.3150,,,,,trade,false
2024-11-10T16:00:00.000Z,0.3000,0.3000,,,,,trade,false
2024-11-10T17:00:00.000Z,0.3500,0.3500,,,,,trade,false
2024-11-10T18:00:00.000Z,0.3600,0.3600,,,,,trade,false
2024-11-10T19:00:00.000Z,0.3600,0.3600,,,,,trade,false
2024-11-10T20:00:00.000Z,0.3150,0.3150,,,,,trade,false
2024-11-10T21:00:00.000Z,0.3400,0.3400,,,,,trade,false
2024-11-10T22:00:00.000Z,0.3150,0.3150,,,,,trade,false
2024-11-10T23:00:00.000Z,0.3300,0.3300,,,,,trade,false
2024-11-11T00:00:00.000Z,0.3550,0.3550,,,,,trade,false
2024-11-11T01:00:00.000Z,0.3450,0.3450,,,,,trade,false
2024-11-11T02:00:00.000Z,0.3700,0.3700,,,,,trade,false
2024-11-11T03:00:00.000Z,0.3750,0.3750,,,,,trade,false
2024-11-11T04:00:00.000Z,0.3400,0.3400,,,,,trade,false
2024-11-11T05:00:00.000Z,0.3450,0.3450,,,,,trade,false
2024-11-11T06:00:00.000Z,0.3350,0.3350,,,,,trade,false
2024-11-11T07:00:00.000Z,0.3350,0.3350,,,,,trade,false
2024-11-11T08:00:00.000Z,0.3300,0.3300,,,,,trade,false
2024-11-11T09:00:00.000Z,0.2800,0.2800,,,,,trade,false
2024-11-11T10:00:00.000Z,0.3150,0.3150,,,,,trade,false
2024-11-11T11:00:00.000Z,0.3200,0.3200,,,,,trade,false
2024-11-11T12:00:00.000Z,0.3200,0.3200,,,,,trade,false
2024-11-11T13:00:00.000Z,0.3450,0.3450,,,,,trade,false
2024-11-11T14:00:00.000Z,0.3550,0.3550,,,,,trade,false
2024-11-11T15:00:00.000Z,0.3800,0.3800,,,,,trade,false
2024-11-11T16:00:00.000Z,0.5050,0.5050,,,,,trade,false
2024-11-11T17:00:00.000Z,0.5000,0.5000,,,,,trade,false
2024-11-11T18:00:00.000Z,0.4950,0.4950,,,,,trade,false
2024-11-11T19:00:00.000Z,0.5700,0.5700,,,,,trade,false
2024-11-11T20:00:00.000Z,0.5650,0.5650,,,,,trade,false
2024-11-11T21:00:00.000Z,0.5950,0.5950,,,,,trade,false
2024-11-11T22:00:00.000Z,0.5950,0.5950,,,,,trade,false
2024-11-11T23:00:00.000Z,0.6000,0.6000,,,,,trade,false
2024-11-12T00:00:00.000Z,0.5850,0.5850,,,,,trade,false
2024-11-12T01:00:00.000Z,0.5600,0.5600,,,,,trade,false
2024-11-12T02:00:00.000Z,0.6050,0.6050,,,,,trade,false
2024-11-12T03:00:00.000Z,0.5300,0.5300,,,,,trade,false
2024-11-12T04:00:00.000Z,0.5950,0.5950,,,,,trade,false
2024-11-12T05:00:00.000Z,0.6150,0.6150,,,,,trade,false
2024-11-12T06:00:00.000Z,0.6150,0.6150,,,,,trade,false
2024-11-12T07:00:00.000Z,0.6500,0.6500,,,,,trade,false
2024-11-12T08:00:00.000Z,0.6450,0.6450,,,,,trade,false
2024-11-12T09:00:00.000Z,0.6500,0.6500,,,,,trade,false
2024-11-12T10:00:00.000Z,0.5850,0.5850,,,,,trade,false
2024-11-12T11:00:00.000Z,0.5650,0.5650,,,,,trade,false
2024-11-12T12:00:00.000Z,0.5950,0.5950,,,,,trade,false
2024-11-12T13:00:00.000Z,0.5450,0.5450,,,,,trade,false
2024-11-12T14:00:00.000Z,0.5400,0.5400,,,,,trade,false
2024-11-12T15:00:00.000Z,0.5550,0.5550,,,,,trade,false
2024-11-12T16:00:00.000Z,0.6100,0.6100,,,,,trade,false
2024-11-12T17:00:00.000Z,0.5650,0.5650,,,,,trade,false
2024-11-12T18:00:00.000Z,0.5650,0.5650,,,,,trade,false
2024-11-12T19:00:00.000Z,0.5950,0.5950,,,,,trade,false
2024-11-12T20:00:00.000Z,0.6100,0.6100,,,,,trade,false
2024-11-12T21:00:00.000Z,0.6400,0.6400,,,,,trade,false
2024-11-12T22:00:00.000Z,0.6000,0.6000,,,,,trade,false
2024-11-12T23:00:00.000Z,0.5950,0.5950,,,,,trade,false
2024-11-13T00:00:00.000Z,0.5900,0.5900,,,,,trade,false
2024-11-13T01:00:00.000Z,0.5750,0.5750,,,,,trade,false
2024-11-13T02:00:00.000Z,0.5900,0.5900,,,,,trade,false
2024-11-13T03:00:00.000Z,0.5700,0.5700,,,,,trade,false
2024-11-13T04:00:00.000Z,0.5550,0.5550,,,,,trade,false
2024-11-13T05:00:00.000Z,0.5300,0.5300,,,,,trade,false
2024-11-13T06:00:00.000Z,0.5550,0.5550,,,,,trade,false
2024-11-13T07:00:00.000Z,0.5350,0.5350,,,,,trade,false
2024-11-13T08:00:00.000Z,0.5550,0.5550,,,,,trade,false
2024-11-13T09:00:00.000Z,0.5450,0.5450,,,,,trade,false
2024-11-13T10:00:00.000Z,0.5400,0.5400,,,,,trade,false
2024-11-13T11:00:00.000Z,0.5550,0.5550,,,,,trade,false
2024-11-13T12:00:00.000Z,0.5600,0.5600,,,,,trade,false
2024-11-13T13:00:00.000Z,0.5700,0.5700,,,,,trade,false
2024-11-13T14:00:00.000Z,0.6050,0.6050,,,,,trade,false
2024-11-13T15:00:00.000Z,0.7250,0.7250,,,,,trade,false
2024-11-13T16:00:00.000Z,0.7750,0.7750,,,,,trade,false
2024-11-13T17:00:00.000Z,0.7550,0.7550,,,,,trade,false
2024-11-13T18:00:00.000Z,0.7550,0.7550,,,,,trade,false
2024-11-13T19:00:00.000Z,0.7500,0.7500,,,,,trade,false
2024-11-13T20:00:00.000Z,0.6950,0.6950,,,,,trade,false
2024-11-13T21:00:00.000Z,0.7000,0.7000,,,,,trade,false
2024-11-13T22:00:00.000Z,0.6550,0.6550,,,,,trade,false
2024-11-13T23:00:00.000Z,0.7000,0.7000,,,,,trade,false
2024-11-14T00:00:00.000Z,0.7100,0.7100,,,,,trade,false
2024-11-14T01:00:00.000Z,0.7100,0.7100,,,,,trade,false
2024-11-14T02:00:00.000Z,0.7050,0.7050,,,,,trade,false
2024-11-14T03:00:00.000Z,0.6950,0.6950,,,,,trade,false
2024-11-14T04:00:00.000Z,0.7100,0.7100,,,,,trade,false
2024-11-14T05:00:00.000Z,0.6850,0.6850,,,,,trade,false
2024-11-14T06:00:00.000Z,0.7000,0.7000,,,,,trade,false
2024-11-14T07:00:00.000Z,0.7650,0.7650,,,,,trade,false
2024-11-14T08:00:00.000Z,0.7150,0.7150,,,,,trade,false
2024-11-14T09:00:00.000Z,0.7500,0.7500,,,,,trade,false
2024-11-14T10:00:00.000Z,0.7450,0.7450,,,,,trade,false
2024-11-14T11:00:00.000Z,0.7250,0.7250,,,,,trade,false
2024-11-14T12:00:00.000Z,0.7200,0.7200,,,,,trade,false
2024-11-14T13:00:00.000Z,0.7200,0.7200,,,,,trade,false
2024-11-14T14:00:00.000Z,0.7200,0.7200,,,,,trade,false
2024-11-14T15:00:00.000Z,0.6850,0.6850,,,,,trade,false
2024-11-14T16:00:00.000Z,0.6750,0.6750,,,,,trade,false
2024-11-14T17:00:00.000Z,0.7050,0.7050,,,,,trade,false
2024-11-14T18:00:00.000Z,0.6550,0.6550,,,,,trade,false
2024-11-14T19:00:00.000Z,0.6400,0.6400,,,,,trade,false
2024-11-14T20:00:00.000Z,0.6450,0.6450,,,,,trade,false
2024-11-14T21:00:00.000Z,0.6300,0.6300,,,,,trade,false
2024-11-14T22:00:00.000Z,0.6300,0.6300,,,,,trade,false
2024-11-14T23:00:00.000Z,0.6050,0.6050,,,,,trade,false
2024-11-15T00:00:00.000Z,0.6150,0.6150,,,,,trade,false
2024-11-15T01:00:00.000Z,0.6150,0.6150,,,,,trade,false
2024-11-15T02:00:00.000Z,0.6100,0.6100,,,,,trade,false
2024-11-15T03:00:00.000Z,0.6450,0.6450,,,,,trade,false
2024-11-15T04:00:00.000Z,0.6200,0.6200,,,,,trade,false
2024-11-15T05:00:00.000Z,0.5700,0.5700,,,,,trade,false
2024-11-15T06:00:00.000Z,0.6050,0.6050,,,,,trade,false
2024-11-15T07:00:00.000Z,0.6150,0.6150,,,,,trade,false
2024-11-15T08:00:00.000Z,0.5900,0.5900,,,,,trade,false
2024-11-15T09:00:00.000Z,0.5950,0.5950,,,,,trade,false
2024-11-15T10:00:00.000Z,0.6200,0.6200,,,,,trade,false
2024-11-15T11:00:00.000Z,0.6150,0.6150,,,,,trade,false
2024-11-15T12:00:00.000Z,0.6450,0.6450,,,,,trade,false
2024-11-15T13:00:00.000Z,0.6400,0.6400,,,,,trade,false
2024-11-15T14:00:00.000Z,0.6400,0.6400,,,,,trade,false
2024-11-15T15:00:00.000Z,0.6100,0.6100,,,,,trade,false
2024-11-15T16:00:00.000Z,0.5450,0.5450,,,,,trade,false
2024-11-15T17:00:00.000Z,0.5850,0.5850,,,,,trade,false
2024-11-15T18:00:00.000Z,0.6100,0.6100,,,,,trade,false
2024-11-15T19:00:00.000Z,0.6000,0.6000,,,,,trade,false
2024-11-15T20:00:00.000Z,0.6100,0.6100,,,,,trade,false
2024-11-15T21:00:00.000Z,0.6500,0.6500,,,,,trade,false
2024-11-15T22:00:00.000Z,0.6600,0.6600,,,,,trade,false
2024-11-15T23:00:00.000Z,0.6550,0.6550,,,,,trade,false
2024-11-16T00:00:00.000Z,0.6450,0.6450,,,,,trade,false
2024-11-16T01:00:00.000Z,0.6400,0.6400,,,,,trade,false
2024-11-16T02:00:00.000Z,0.6400,0.6400,,,,,trade,false
2024-11-16T03:00:00.000Z,0.6150,0.6150,,,,,trade,false
2024-11-16T04:00:00.000Z,0.6200,0.6200,,,,,trade,false
2024-11-16T05:00:00.000Z,0.6250,0.6250,,,,,trade,false
2024-11-16T06:00:00.000Z,0.6400,0.6400,,,,,trade,false
2024-11-16T07:00:00.000Z,0.6500,0.6500,,,,,trade,false
2024-11-16T08:00:00.000Z,0.6550,0.6550,,,,,trade,false
2024-11-16T09:00:00.000Z,0.6600,0.6600,,,,,trade,false
2024-11-16T10:00:00.000Z,0.6650,0.6650,,,,,trade,false
2024-11-16T11:00:00.000Z,0.6650,0.6650,,,,,trade,false
2024-11-16T12:00:00.000Z,0.6400,0.6400,,,,,trade,false
2024-11-16T13:00:00.000Z,0.6350,0.6350,,,,,trade,false
2024-11-16T14:00:00.000Z,0.6250,0.6250,,,,,trade,false
2024-11-16T15:00:00.000Z,0.5950,0.5950,,,,,trade,false
2024-11-16T16:00:00.000Z,0.5950,0.5950,,,,,trade,false
2024-11-16T17:00:00.000Z,0.6050,0.6050,,,,,trade,false
2024-11-16T18:00:00.000Z,0.5900,0.5900,,,,,trade,false
2024-11-16T19:00:00.000Z,0.6150,0.6150,,,,,trade,false
2024-11-16T20:00:00.000Z,0.6100,0.6100,,,,,trade,false
2024-11-16T21:00:00.000Z,0.6050,0.6050,,,,,trade,false
2024-11-16T22:00:00.000Z,0.6050,0.6050,,,,,trade,false
2024-11-16T23:00:00.000Z,0.6050,0.6050,,,,,trade,false
2024-11-17T00:00:00.000Z,0.6050,0.6050,,,,,trade,false
2024-11-17T01:00:00.000Z,0.6050,0.6050,,,,,trade,false
2024-11-17T02:00:00.000Z,0.6000,0.6000,,,,,trade,false
2024-11-17T03:00:00.000Z,0.5800,0.5800,,,,,trade,false
2024-11-17T04:00:00.000Z,0.5950,0.5950,,,,,trade,false
2024-11-17T05:00:00.000Z,0.6000,0.6000,,,,,trade,false
2024-11-17T06:00:00.000Z,0.6050,0.6050,,,,,trade,false
2024-11-17T07:00:00.000Z,0.6150,0.6150,,,,,trade,false
2024-11-17T08:00:00.000Z,0.6100,0.6100,,,,,trade,false
2024-11-17T09:00:00.000Z,0.6150,0.6150,,,,,trade,false
2024-11-17T10:00:00.000Z,0.6050,0.6050,,,,,trade,false
2024-11-17T11:00:00.000Z,0.6100,0.6100,,,,,trade,false
2024-11-17T12:00:00.000Z,0.6250,0.6250,,,,,trade,false
2024-11-17T13:00:00.000Z,0.6250,0.6250,,,,,trade,false
2024-11-17T14:00:00.000Z,0.6100,0.6100,,,,,trade,false
2024-11-17T15:00:00.000Z,0.5800,0.5800,,,,,trade,false
2024-11-17T16:00:00.000Z,0.5950,0.5950,,,,,trade,false
2024-11-17T17:00:00.000Z,0.6200,0.6200,,,,,trade,false
2024-11-17T18:00:00.000Z,0.6650,0.6650,,,,,trade,false
2024-11-17T19:00:00.000Z,0.6200,0.6200,,,,,trade,false
2024-11-17T20:00:00.000Z,0.6000,0.6000,,,,,trade,false
2024-11-17T21:00:00.000Z,0.6100,0.6100,,,,,trade,false
2024-11-17T22:00:00.000Z,0.5950,0.5950,,,,,trade,false
2024-11-17T23:00:00.000Z,0.6100,0.6100,,,,,trade,false
2024-11-18T00:00:00.000Z,0.6300,0.6300,,,,,trade,false
2024-11-18T01:00:00.000Z,0.6150,0.6150,,,,,trade,false
2024-11-18T02:00:00.000Z,0.6350,0.6350,,,,,trade,false
2024-11-18T03:00:00.000Z,0.6350,0.6350,,,,,trade,false
2024-11-18T04:00:00.000Z,0.6450,0.6450,,,,,trade,false
2024-11-18T05:00:00.000Z,0.6400,0.6400,,,,,trade,false
2024-11-18T06:00:00.000Z,0.6350,0.6350,,,,,trade,false
2024-11-18T07:00:00.000Z,0.6350,0.6350,,,,,trade,false
2024-11-18T08:00:00.000Z,0.6400,0.6400,,,,,trade,false
2024-11-18T09:00:00.000Z,0.6550,0.6550,,,,,trade,false
2024-11-18T10:00:00.000Z,0.6450,0.6450,,,,,trade,false
2024-11-18T11:00:00.000Z,0.6500,0.6500,,,,,trade,false
2024-11-18T12:00:00.000Z,0.5900,0.5900,,,,,trade,false
2024-11-18T13:00:00.000Z,0.5850,0.5850,,,,,trade,false
2024-11-18T14:00:00.000Z,0.5950,0.5950,,,,,trade,false
2024-11-18T15:00:00.000Z,0.6050,0.6050,,,,,trade,false
2024-11-18T16:00:00.000Z,0.7150,0.7150,,,,,trade,false
2024-11-18T17:00:00.000Z,0.6550,0.6550,,,,,trade,false
2024-11-18T18:00:00.000Z,0.6500,0.6500,,,,,trade,false
2024-11-18T19:00:00.000Z,0.6350,0.6350,,,,,trade,false
2024-11-18T20:00:00.000Z,0.6300,0.6300,,,,,trade,false
2024-11-18T21:00:00.000Z,0.6450,0.6450,,,,,trade,false
2024-11-18T22:00:00.000Z,0.6600,0.6600,,,,,trade,false
2024-11-18T23:00:00.000Z,0.6650,0.6650,,,,,trade,false
2024-11-19T00:00:00.000Z,0.6500,0.6500,,,,,trade,false
2024-11-19T01:00:00.000Z,0.6650,0.6650,,,,,trade,false
2024-11-19T02:00:00.000Z,0.6550,0.6550,,,,,trade,false
2024-11-19T03:00:00.000Z,0.6650,0.6650,,,,,trade,false
2024-11-19T04:00:00.000Z,0.6550,0.6550,,,,,trade,false
2024-11-19T05:00:00.000Z,0.6550,0.6550,,,,,trade,false
2024-11-19T06:00:00.000Z,0.6550,0.6550,,,,,trade,false
2024-11-19T07:00:00.000Z,0.6600,0.6600,,,,,trade,false
2024-11-19T08:00:00.000Z,0.6650,0.6650,,,,,trade,false
2024-11-19T09:00:00.000Z,0.6700,0.6700,,,,,trade,false
2024-11-19T10:00:00.000Z,0.6600,0.6600,,,,,trade,false
2024-11-19T11:00:00.000Z,0.6500,0.6500,,,,,trade,false
2024-11-19T12:00:00.000Z,0.6550,0.6550,,,,,trade,false
2024-11-19T13:00:00.000Z,0.6550,0.6550,,,,,trade,false
2024-11-19T14:00:00.000Z,0.6650,0.6650,,,,,trade,false
2024-11-19T15:00:00.000Z,0.6650,0.6650,,,,,trade,false
2024-11-19T16:00:00.000Z,0.6650,0.6650,,,,,trade,false
2024-11-19T17:00:00.000Z,0.6550,0.6550,,,,,trade,false
2024-11-19T18:00:00.000Z,0.7050,0.7050,,,,,trade,false
2024-11-19T19:00:00.000Z,0.7250,0.7250,,,,,trade,false
2024-11-19T20:00:00.000Z,0.7000,0.7000,,,,,trade,false
2024-11-19T21:00:00.000Z,0.6950,0.6950,,,,,trade,false
2024-11-19T22:00:00.000Z,0.6700,0.6700,,,,,trade,false
2024-11-19T23:00:00.000Z,0.6650,0.6650,,,,,trade,false
2024-11-20T00:00:00.000Z,0.6600,0.6600,,,,,trade,false
2024-11-20T01:00:00.000Z,0.6650,0.6650,,,,,trade,false
2024-11-20T02:00:00.000Z,0.6650,0.6650,,,,,trade,false
2024-11-20T03:00:00.000Z,0.6600,0.6600,,,,,trade,false
2024-11-20T04:00:00.000Z,0.6650,0.6650,,,,,trade,false
2024-11-20T05:00:00.000Z,0.6650,0.6650,,,,,trade,false
2024-11-20T06:00:00.000Z,0.6750,0.6750,,,,,trade,false
2024-11-20T07:00:00.000Z,0.6850,0.6850,,,,,trade,false
2024-11-20T08:00:00.000Z,0.6950,0.6950,,,,,trade,false
2024-11-20T09:00:00.000Z,0.6900,0.6900,,,,,trade,false
2024-11-20T10:00:00.000Z,0.7050,0.7050,,,,,trade,false
2024-11-20T11:00:00.000Z,0.6800,0.6800,,,,,trade,false
2024-11-20T12:00:00.000Z,0.6950,0.6950,,,,,trade,false
2024-11-20T13:00:00.000Z,0.7000,0.7000,,,,,trade,false
2024-11-20T14:00:00.000Z,0.6950,0.6950,,,,,trade,false
2024-11-20T15:00:00.000Z,0.7400,0.7400,,,,,trade,false
2024-11-20T16:00:00.000Z,0.7550,0.7550,,,,,trade,false
2024-11-20T17:00:00.000Z,0.7450,0.7450,,,,,trade,false
2024-11-20T18:00:00.000Z,0.7650,0.7650,,,,,trade,false
2024-11-20T19:00:00.000Z,0.7450,0.7450,,,,,trade,false
2024-11-20T20:00:00.000Z,0.7050,0.7050,,,,,trade,false
2024-11-20T21:00:00.000Z,0.7250,0.7250,,,,,trade,false
2024-11-20T22:00:00.000Z,0.7350,0.7350,,,,,trade,false
2024-11-20T23:00:00.000Z,0.7350,0.7350,,,,,trade,false
2024-11-21T00:00:00.000Z,0.7350,0.7350,,,,,trade,false
2024-11-21T01:00:00.000Z,0.7400,0.7400,,,,,trade,false
2024-11-21T02:00:00.000Z,0.7650,0.7650,,,,,trade,false
2024-11-21T03:00:00.000Z,0.7700,0.7700,,,,,trade,false
2024-11-21T04:00:00.000Z,0.8200,0.8200,,,,,trade,false
2024-11-21T05:00:00.000Z,0.8850,0.8850,,,,,trade,false
2024-11-21T06:00:00.000Z,0.8750,0.8750,,,,,trade,false
2024-11-21T07:00:00.000Z,0.8550,0.8550,,,,,trade,false
2024-11-21T08:00:00.000Z,0.8750,0.8750,,,,,trade,false
2024-11-21T09:00:00.000Z,0.8750,0.8750,,,,,trade,false
2024-11-21T10:00:00.000Z,0.8950,0.8950,,,,,trade,false
2024-11-21T11:00:00.000Z,0.8950,0.8950,,,,,trade,false
2024-11-21T12:00:00.000Z,0.9050,0.9050,,,,,trade,false
2024-11-21T13:00:00.000Z,0.9150,0.9150,,,,,trade,false
2024-11-21T14:00:00.000Z,0.9050,0.9050,,,,,trade,false
2024-11-21T15:00:00.000Z,0.8750,0.8750,,,,,trade,false
2024-11-21T16:00:00.000Z,0.8650,0.8650,,,,,trade,false
2024-11-21T17:00:00.000Z,0.8650,0.8650,,,,,trade,false
2024-11-21T18:00:00.000Z,0.8850,0.8850,,,,,trade,false
2024-11-21T19:00:00.000Z,0.9150,0.9150,,,,,trade,false
2024-11-21T20:00:00.000Z,0.9350,0.9350,,,,,trade,false
2024-11-21T21:00:00.000Z,0.9250,0.9250,,,,,trade,false
2024-11-21T22:00:00.000Z,0.9250,0.9250,,,,,trade,false
2024-11-21T23:00:00.000Z,0.9150,0.9150,,,,,trade,false
2024-11-22T00:00:00.000Z,0.9250,0.9250,,,,,trade,false
2024-11-22T01:00:00.000Z,0.9150,0.9150,,,,,trade,false
2024-11-22T02:00:00.000Z,0.9250,0.9250,,,,,trade,false
2024-11-22T03:00:00.000Z,0.9350,0.9350,,,,,trade,false
2024-11-22T04:00:00.000Z,0.9350,0.9350,,,,,trade,false
2024-11-22T05:00:00.000Z,0.9450,0.9450,,,,,trade,false
2024-11-22T06:00:00.000Z,0.9450,0.9450,,,,,trade,false
2024-11-22T07:00:00.000Z,0.9400,0.9400,,,,,trade,false
2024-11-22T08:00:00.000Z,0.9605,0.9605,,,,,trade,false
2024-11-22T09:00:00.000Z,0.9455,0.9455,,,,,trade,false
2024-11-22T10:00:00.000Z,0.9405,0.9405,,,,,trade,false
2024-11-22T11:00:00.000Z,0.9355,0.9355,,,,,trade,false
2024-11-22T12:00:00.000Z,0.9530,0.9530,,,,,trade,false
2024-11-22T13:00:00.000Z,0.9435,0.9435,,,,,trade,false
2024-11-22T14:00:00.000Z,0.9010,0.9010,,,,,trade,false
2024-11-22T15:00:00.000Z,0.8860,0.8860,,,,,trade,false
2024-11-22T16:00:00.000Z,0.9265,0.9265,,,,,trade,false
2024-11-22T17:00:00.000Z,0.9275,0.9275,,,,,trade,false
2024-11-22T18:00:00.000Z,0.9240,0.9240,,,,,trade,false
2024-11-22T19:00:00.000Z,0.9270,0.9270,,,,,trade,false
2024-11-22T20:00:00.000Z,0.9370,0.9370,,,,,trade,false
2024-11-22T21:00:00.000Z,0.9275,0.9275,,,,,trade,false
2024-11-22T22:00:00.000Z,0.9410,0.9410,,,,,trade,false
2024-11-22T23:00:00.000Z,0.9260,0.9260,,,,,trade,false
2024-11-23T00:00:00.000Z,0.9315,0.9315,,,,,trade,false
2024-11-23T01:00:00.000Z,0.9245,0.9245,,,,,trade,false
2024-11-23T02:00:00.000Z,0.9135,0.9135,,,,,trade,false
2024-11-23T03:00:00.000Z,0.9030,0.9030,,,,,trade,false
2024-11-23T04:00:00.000Z,0.8895,0.8895,,,,,trade,false
2024-11-23T05:00:00.000Z,0.8830,0.8830,,,,,trade,false
2024-11-23T06:00:00.000Z,0.8605,0.8605,,,,,trade,false
2024-11-23T07:00:00.000Z,0.8835,0.8835,,,,,trade,false
2024-11-23T08:00:00.000Z,0.8915,0.8915,,,,,trade,false
2024-11-23T09:00:00.000Z,0.8870,0.8870,,,,,trade,false
2024-11-23T10:00:00.000Z,0.8920,0.8920,,,,,trade,false
2024-11-23T11:00:00.000Z,0.8860,0.8860,,,,,trade,false
2024-11-23T12:00:00.000Z,0.8850,0.8850,,,,,trade,false
2024-11-23T13:00:00.000Z,0.8880,0.8880,,,,,trade,false
2024-11-23T14:00:00.000Z,0.8945,0.8945,,,,,trade,false
2024-11-23T15:00:00.000Z,0.8925,0.8925,,,,,trade,false
2024-11-23T16:00:00.000Z,0.8750,0.8750,,,,,trade,false
2024-11-23T17:00:00.000Z,0.8385,0.8385,,,,,trade,false
2024-11-23T18:00:00.000Z,0.8220,0.8220,,,,,trade,false
2024-11-23T19:00:00.000Z,0.7900,0.7900,,,,,trade,false
2024-11-23T20:00:00.000Z,0.8375,0.8375,,,,,trade,false
2024-11-23T21:00:00.000Z,0.8105,0.8105,,,,,trade,false
2024-11-23T22:00:00.000Z,0.8485,0.8485,,,,,trade,false
2024-11-23T23:00:00.000Z,0.8370,0.8370,,,,,trade,false
2024-11-24T00:00:00.000Z,0.8325,0.8325,,,,,trade,false
2024-11-24T01:00:00.000Z,0.8510,0.8510,,,,,trade,false
2024-11-24T02:00:00.000Z,0.8625,0.8625,,,,,trade,false
2024-11-24T03:00:00.000Z,0.8615,0.8615,,,,,trade,false
2024-11-24T04:00:00.000Z,0.8620,0.8620,,,,,trade,false
2024-11-24T05:00:00.000Z,0.8625,0.8625,,,,,trade,false
2024-11-24T06:00:00.000Z,0.8720,0.8720,,,,,trade,false
2024-11-24T07:00:00.000Z,0.8685,0.8685,,,,,trade,false
2024-11-24T08:00:00.000Z,0.8645,0.8645,,,,,trade,false
2024-11-24T09:00:00.000Z,0.8480,0.8480,,,,,trade,false
2024-11-24T10:00:00.000Z,0.8620,0.8620,,,,,trade,false
2024-11-24T11:00:00.000Z,0.8530,0.8530,,,,,trade,false
2024-11-24T12:00:00.000Z,0.8420,0.8420,,,,,trade,false
2024-11-24T13:00:00.000Z,0.8035,0.8035,,,,,trade,false
2024-11-24T14:00:00.000Z,0.8100,0.8100,,,,,trade,false
2024-11-24T15:00:00.000Z,0.8065,0.8065,,,,,trade,false
2024-11-24T16:00:00.000Z,0.7895,0.7895,,,,,trade,false
2024-11-24T17:00:00.000Z,0.7885,0.7885,,,,,trade,false
2024-11-24T18:00:00.000Z,0.7750,0.7750,,,,,trade,false
2024-11-24T19:00:00.000Z,0.8010,0.8010,,,,,trade,false
2024-11-24T20:00:00.000Z,0.7860,0.7860,,,,,trade,false
2024-11-24T21:00:00.000Z,0.8025,0.8025,,,,,trade,false
2024-11-24T22:00:00.000Z,0.8010,0.8010,,,,,trade,false
2024-11-24T23:00:00.000Z,0.8425,0.8425,,,,,trade,false
2024-11-25T00:00:00.000Z,0.8430,0.8430,,,,,trade,false
2024-11-25T01:00:00.000Z,0.8445,0.8445,,,,,trade,false
2024-11-25T02:00:00.000Z,0.8170,0.8170,,,,,trade,false
2024-11-25T03:00:00.000Z,0.8065,0.8065,,,,,trade,false
2024-11-25T04:00:00.000Z,0.8330,0.8330,,,,,trade,false
2024-11-25T05:00:00.000Z,0.8475,0.8475,,,,,trade,false
2024-11-25T06:00:00.000Z,0.8440,0.8440,,,,,trade,false
2024-11-25T07:00:00.000Z,0.8530,0.8530,,,,,trade,false
2024-11-25T08:00:00.000Z,0.8580,0.8580,,,,,trade,false
2024-11-25T09:00:00.000Z,0.8570,0.8570,,,,,trade,false
2024-11-25T10:00:00.000Z,0.8760,0.8760,,,,,trade,false
2024-11-25T11:00:00.000Z,0.8745,0.8745,,,,,trade,false
2024-11-25T12:00:00.000Z,0.8730,0.8730,,,,,trade,false
2024-11-25T13:00:00.000Z,0.8725,0.8725,,,,,trade,false
2024-11-25T14:00:00.000Z,0.8555,0.8555,,,,,trade,false
2024-11-25T15:00:00.000Z,0.7835,0.7835,,,,,trade,false
2024-11-25T16:00:00.000Z,0.8060,0.8060,,,,,trade,false
2024-11-25T17:00:00.000Z,0.7875,0.7875,,,,,trade,false
2024-11-25T18:00:00.000Z,0.7710,0.7710,,,,,trade,false
2024-11-25T19:00:00.000Z,0.7765,0.7765,,,,,trade,false
2024-11-25T20:00:00.000Z,0.7525,0.7525,,,,,trade,false
2024-11-25T21:00:00.000Z,0.7675,0.7675,,,,,trade,false
2024-11-25T22:00:00.000Z,0.7300,0.7300,,,,,trade,false
2024-11-25T23:00:00.000Z,0.7495,0.7495,,,,,trade,false
2024-11-26T00:00:00.000Z,0.6350,0.6350,,,,,trade,false
2024-11-26T01:00:00.000Z,0.6985,0.6985,,,,,trade,false
2024-11-26T02:00:00.000Z,0.7245,0.7245,,,,,trade,false
2024-11-26T03:00:00.000Z,0.7105,0.7105,,,,,trade,false
2024-11-26T04:00:00.000Z,0.7605,0.7605,,,,,trade,false
2024-11-26T05:00:00.000Z,0.7580,0.7580,,,,,trade,false
2024-11-26T06:00:00.000Z,0.7935,0.7935,,,,,trade,false
2024-11-26T07:00:00.000Z,0.7785,0.7785,,,,,trade,false
2024-11-26T08:00:00.000Z,0.7335,0.7335,,,,,trade,false
2024-11-26T09:00:00.000Z,0.6975,0.6975,,,,,trade,false
2024-11-26T10:00:00.000Z,0.7050,0.7050,,,,,trade,false
2024-11-26T11:00:00.000Z,0.6770,0.6770,,,,,trade,false
2024-11-26T12:00:00.000Z,0.6750,0.6750,,,,,trade,false
2024-11-26T13:00:00.000Z,0.6475,0.6475,,,,,trade,false
2024-11-26T14:00:00.000Z,0.6575,0.6575,,,,,trade,false
2024-11-26T15:00:00.000Z,0.6720,0.6720,,,,,trade,false
2024-11-26T16:00:00.000Z,0.6945,0.6945,,,,,trade,false
2024-11-26T17:00:00.000Z,0.7250,0.7250,,,,,trade,false
2024-11-26T18:00:00.000Z,0.6950,0.6950,,,,,trade,false
2024-11-26T19:00:00.000Z,0.6365,0.6365,,,,,trade,false
2024-11-26T20:00:00.000Z,0.6455,0.6455,,,,,trade,false
2024-11-26T21:00:00.000Z,0.6220,0.6220,,,,,trade,false
2024-11-26T22:00:00.000Z,0.6395,0.6395,,,,,trade,false
2024-11-26T23:00:00.000Z,0.6435,0.6435,,,,,trade,false
2024-11-27T00:00:00.000Z,0.6435,0.6435,,,,,trade,false
2024-11-27T01:00:00.000Z,0.6355,0.6355,,,,,trade,false
2024-11-27T02:00:00.000Z,0.6795,0.6795,,,,,trade,false
2024-11-27T03:00:00.000Z,0.6625,0.6625,,,,,trade,false
2024-11-27T04:00:00.000Z,0.6585,0.6585,,,,,trade,false
2024-11-27T05:00:00.000Z,0.6695,0.6695,,,,,trade,false
2024-11-27T06:00:00.000Z,0.6565,0.6565,,,,,trade,false
2024-11-27T07:00:00.000Z,0.6625,0.6625,,,,,trade,false
2024-11-27T08:00:00.000Z,0.6640,0.6640,,,,,trade,false
2024-11-27T09:00:00.000Z,0.6590,0.6590,,,,,trade,false
2024-11-27T10:00:00.000Z,0.6630,0.6630,,,,,trade,false
2024-11-27T11:00:00.000Z,0.6660,0.6660,,,,,trade,false
2024-11-27T12:00:00.000Z,0.6645,0.6645,,,,,trade,false
2024-11-27T13:00:00.000Z,0.6650,0.6650,,,,,trade,false
2024-11-27T14:00:00.000Z,0.7230,0.7230,,,,,trade,false
2024-11-27T15:00:00.000Z,0.7270,0.7270,,,,,trade,false
2024-11-27T16:00:00.000Z,0.7500,0.7500,,,,,trade,false
2024-11-27T17:00:00.000Z,0.7390,0.7390,,,,,trade,false
2024-11-27T18:00:00.000Z,0.7745,0.7745,,,,,trade,false
2024-11-27T19:00:00.000Z,0.7480,0.7480,,,,,trade,false
2024-11-27T20:00:00.000Z,0.7455,0.7455,,,,,trade,false
2024-11-27T21:00:00.000Z,0.7485,0.7485,,,,,trade,false
2024-11-27T22:00:00.000Z,0.7570,0.7570,,,,,trade,false
2024-11-27T23:00:00.000Z,0.7820,0.7820,,,,,trade,false
2024-11-28T00:00:00.000Z,0.7605,0.7605,,,,,trade,false
2024-11-28T01:00:00.000Z,0.7615,0.7615,,,,,trade,false
2024-11-28T02:00:00.000Z,0.7690,0.7690,,,,,trade,false
2024-11-28T03:00:00.000Z,0.7660,0.7660,,,,,trade,false
2024-11-28T04:00:00.000Z,0.7440,0.7440,,,,,trade,false
2024-11-28T05:00:00.000Z,0.7440,0.7440,,,,,trade,false
2024-11-28T06:00:00.000Z,0.7370,0.7370,,,,,trade,false
2024-11-28T07:00:00.000Z,0.7465,0.7465,,,,,trade,false
2024-11-28T08:00:00.000Z,0.7410,0.7410,,,,,trade,false
2024-11-28T09:00:00.000Z,0.7465,0.7465,,,,,trade,false
2024-11-28T10:00:00.000Z,0.7255,0.7255,,,,,trade,false
2024-11-28T11:00:00.000Z,0.7290,0.7290,,,,,trade,false
2024-11-28T12:00:00.000Z,0.7430,0.7430,,,,,trade,false
2024-11-28T13:00:00.000Z,0.7435,0.7435,,,,,trade,false
2024-11-28T14:00:00.000Z,0.7500,0.7500,,,,,trade,false
2024-11-28T15:00:00.000Z,0.7545,0.7545,,,,,trade,false
2024-11-28T16:00:00.000Z,0.7495,0.7495,,,,,trade,false
2024-11-28T17:00:00.000Z,0.7495,0.7495,,,,,trade,false
2024-11-28T18:00:00.000Z,0.7180,0.7180,,,,,trade,false
2024-11-28T19:00:00.000Z,0.7275,0.7275,,,,,trade,false
2024-11-28T20:00:00.000Z,0.7135,0.7135,,,,,trade,false
2024-11-28T21:00:00.000Z,0.7115,0.7115,,,,,trade,false
2024-11-28T22:00:00.000Z,0.7185,0.7185,,,,,trade,false
2024-11-28T23:00:00.000Z,0.7430,0.7430,,,,,trade,false
2024-11-29T00:00:00.000Z,0.7385,0.7385,,,,,trade,false
2024-11-29T01:00:00.000Z,0.7620,0.7620,,,,,trade,false
2024-11-29T02:00:00.000Z,0.7580,0.7580,,,,,trade,false
2024-11-29T03:00:00.000Z,0.7825,0.7825,,,,,trade,false
2024-11-29T04:00:00.000Z,0.7815,0.7815,,,,,trade,false
2024-11-29T05:00:00.000Z,0.7640,0.7640,,,,,trade,false
2024-11-29T06:00:00.000Z,0.7800,0.7800,,,,,trade,false
2024-11-29T07:00:00.000Z,0.7830,0.7830,,,,,trade,false
2024-11-29T08:00:00.000Z,0.7400,0.7400,,,,,trade,false
2024-11-29T09:00:00.000Z,0.7450,0.7450,,,,,trade,false
2024-11-29T10:00:00.000Z,0.7495,0.7495,,,,,trade,false
2024-11-29T11:00:00.000Z,0.7720,0.7720,,,,,trade,false
2024-11-29T12:00:00.000Z,0.7810,0.7810,,,,,trade,false
2024-11-29T13:00:00.000Z,0.7600,0.7600,,,,,trade,false
2024-11-29T14:00:00.000Z,0.7745,0.7745,,,,,trade,false
2024-11-29T15:00:00.000Z,0.8410,0.8410,,,,,trade,false
2024-11-29T16:00:00.000Z,0.8290,0.8290,,,,,trade,false
2024-11-29T17:00:00.000Z,0.8215,0.8215,,,,,trade,false
2024-11-29T18:00:00.000Z,0.7815,0.7815,,,,,trade,false
2024-11-29T19:00:00.000Z,0.7775,0.7775,,,,,trade,false
2024-11-29T20:00:00.000Z,0.7770,0.7770,,,,,trade,false
2024-11-29T21:00:00.000Z,0.7700,0.7700,,,,,trade,false
2024-11-29T22:00:00.000Z,0.7675,0.7675,,,,,trade,false
2024-11-29T23:00:00.000Z,0.7350,0.7350,,,,,trade,false
2024-11-30T00:00:00.000Z,0.7385,0.7385,,,,,trade,false
2024-11-30T01:00:00.000Z,0.7375,0.7375,,,,,trade,false
2024-11-30T02:00:00.000Z,0.7185,0.7185,,,,,trade,false
2024-11-30T03:00:00.000Z,0.7210,0.7210,,,,,trade,false
2024-11-30T04:00:00.000Z,0.7115,0.7115,,,,,trade,false
2024-11-30T05:00:00.000Z,0.7200,0.7200,,,,,trade,false
2024-11-30T06:00:00.000Z,0.7385,0.7385,,,,,trade,false
2024-11-30T07:00:00.000Z,0.7360,0.7360,,,,,trade,false
2024-11-30T08:00:00.000Z,0.7385,0.7385,,,,,trade,false
2024-11-30T09:00:00.000Z,0.7440,0.7440,,,,,trade,false
2024-11-30T10:00:00.000Z,0.7425,0.7425,,,,,trade,false
2024-11-30T11:00:00.000Z,0.7285,0.7285,,,,,trade,false
2024-11-30T12:00:00.000Z,0.7325,0.7325,,,,,trade,false
2024-11-30T13:00:00.000Z,0.7095,0.7095,,,,,trade,false
2024-11-30T14:00:00.000Z,0.7205,0.7205,,,,,trade,false
2024-11-30T15:00:00.000Z,0.7195,0.7195,,,,,trade,false
2024-11-30T16:00:00.000Z,0.7210,0.7210,,,,,trade,false
2024-11-30T17:00:00.000Z,0.7265,0.7265,,,,,trade,false
2024-11-30T18:00:00.000Z,0.7330,0.7330,,,,,trade,false
2024-11-30T19:00:00.000Z,0.7110,0.7110,,,,,trade,false
2024-11-30T20:00:00.000Z,0.7410,0.7410,,,,,trade,false
2024-11-30T21:00:00.000Z,0.7365,0.7365,,,,,trade,false
2024-11-30T22:00:00.000Z,0.7435,0.7435,,,,,trade,false
2024-11-30T23:00:00.000Z,0.7225,0.7225,,,,,trade,false
2024-12-01T00:00:00.000Z,0.7095,0.7095,,,,,trade,false
2024-12-01T01:00:00.000Z,0.7315,0.7315,,,,,trade,false
2024-12-01T02:00:00.000Z,0.7295,0.7295,,,,,trade,false
2024-12-01T03:00:00.000Z,0.7070,0.7070,,,,,trade,false
2024-12-01T04:00:00.000Z,0.7285,0.7285,,,,,trade,false
2024-12-01T05:00:00.000Z,0.7190,0.7190,,,,,trade,false
2024-12-01T06:00:00.000Z,0.6995,0.6995,,,,,trade,false
2024-12-01T07:00:00.000Z,0.6930,0.6930,,,,,trade,false
2024-12-01T08:00:00.000Z,0.7220,0.7220,,,,,trade,false
2024-12-01T09:00:00.000Z,0.7125,0.7125,,,,,trade,false
2024-12-01T10:00:00.000Z,0.7180,0.7180,,,,,trade,false
2024-12-01T11:00:00.000Z,0.7085,0.7085,,,,,trade,false
2024-12-01T12:00:00.000Z,0.7330,0.7330,,,,,trade,false
2024-12-01T13:00:00.000Z,0.7315,0.7315,,,,,trade,false
2024-12-01T14:00:00.000Z,0.7425,0.7425,,,,,trade,false
2024-12-01T15:00:00.000Z,0.7420,0.7420,,,,,trade,false
2024-12-01T16:00:00.000Z,0.7375,0.7375,,,,,trade,false
2024-12-01T17:00:00.000Z,0.7310,0.7310,,,,,trade,false
2024-12-01T18:00:00.000Z,0.7315,0.7315,,,,,trade,false
2024-12-01T19:00:00.000Z,0.7410,0.7410,,,,,trade,false
2024-12-01T20:00:00.000Z,0.7390,0.7390,,,,,trade,false
2024-12-01T21:00:00.000Z,0.7355,0.7355,,,,,trade,false
2024-12-01T22:00:00.000Z,0.7815,0.7815,,,,,trade,false
2024-12-01T23:00:00.000Z,0.7715,0.7715,,,,,trade,false
2024-12-02T00:00:00.000Z,0.7580,0.7580,,,,,trade,false
2024-12-02T01:00:00.000Z,0.7505,0.7505,,,,,trade,false
2024-12-02T02:00:00.000Z,0.7650,0.7650,,,,,trade,false
2024-12-02T03:00:00.000Z,0.7710,0.7710,,,,,trade,false
2024-12-02T04:00:00.000Z,0.7330,0.7330,,,,,trade,false
2024-12-02T05:00:00.000Z,0.7265,0.7265,,,,,trade,false
2024-12-02T06:00:00.000Z,0.7110,0.7110,,,,,trade,false
2024-12-02T07:00:00.000Z,0.7210,0.7210,,,,,trade,false
2024-12-02T08:00:00.000Z,0.6905,0.6905,,,,,trade,false
2024-12-02T09:00:00.000Z,0.6565,0.6565,,,,,trade,false
2024-12-02T10:00:00.000Z,0.6970,0.6970,,,,,trade,false
2024-12-02T11:00:00.000Z,0.6565,0.6565,,,,,trade,false
2024-12-02T12:00:00.000Z,0.6655,0.6655,,,,,trade,false
2024-12-02T13:00:00.000Z,0.6835,0.6835,,,,,trade,false
2024-12-02T14:00:00.000Z,0.6985,0.6985,,,,,trade,false
2024-12-02T15:00:00.000Z,0.7195,0.7195,,,,,trade,false
2024-12-02T16:00:00.000Z,0.7465,0.7465,,,,,trade,false
2024-12-02T17:00:00.000Z,0.7195,0.7195,,,,,trade,false
2024-12-02T18:00:00.000Z,0.6640,0.6640,,,,,trade,false
2024-12-02T19:00:00.000Z,0.6980,0.6980,,,,,trade,false
2024-12-02T20:00:00.000Z,0.6920,0.6920,,,,,trade,false
2024-12-02T21:00:00.000Z,0.6980,0.6980,,,,,trade,false
2024-12-02T22:00:00.000Z,0.6795,0.6795,,,,,trade,false
2024-12-02T23:00:00.000Z,0.6785,0.6785,,,,,trade,false
2024-12-03T00:00:00.000Z,0.6875,0.6875,,,,,trade,false
2024-12-03T01:00:00.000Z,0.6865,0.6865,,,,,trade,false
2024-12-03T02:00:00.000Z,0.6805,0.6805,,,,,trade,false
2024-12-03T03:00:00.000Z,0.6850,0.6850,,,,,trade,false
2024-12-03T04:00:00.000Z,0.6840,0.6840,,,,,trade,false
2024-12-03T05:00:00.000Z,0.6865,0.6865,,,,,trade,false
2024-12-03T06:00:00.000Z,0.6935,0.6935,,,,,trade,false
2024-12-03T07:00:00.000Z,0.6885,0.6885,,,,,trade,false
2024-12-03T08:00:00.000Z,0.6865,0.6865,,,,,trade,false
2024-12-03T09:00:00.000Z,0.6855,0.6855,,,,,trade,false
2024-12-03T10:00:00.000Z,0.6835,0.6835,,,,,trade,false
2024-12-03T11:00:00.000Z,0.6665,0.6665,,,,,trade,false
2024-12-03T12:00:00.000Z,0.6640,0.6640,,,,,trade,false
2024-12-03T13:00:00.000Z,0.6475,0.6475,,,,,trade,false
2024-12-03T14:00:00.000Z,0.6005,0.6005,,,,,trade,false
2024-12-03T15:00:00.000Z,0.6595,0.6595,,,,,trade,false
2024-12-03T16:00:00.000Z,0.6800,0.6800,,,,,trade,false
2024-12-03T17:00:00.000Z,0.6660,0.6660,,,,,trade,false
2024-12-03T18:00:00.000Z,0.6700,0.6700,,,,,trade,false
2024-12-03T19:00:00.000Z,0.6670,0.6670,,,,,trade,false
2024-12-03T20:00:00.000Z,0.6570,0.6570,,,,,trade,false
2024-12-03T21:00:00.000Z,0.6590,0.6590,,,,,trade,false
2024-12-03T22:00:00.000Z,0.6755,0.6755,,,,,trade,false
2024-12-03T23:00:00.000Z,0.6840,0.6840,,,,,trade,false
2024-12-04T00:00:00.000Z,0.6765,0.6765,,,,,trade,false
2024-12-04T01:00:00.000Z,0.6765,0.6765,,,,,trade,false
2024-12-04T02:00:00.000Z,0.6830,0.6830,,,,,trade,false
2024-12-04T03:00:00.000Z,0.6785,0.6785,,,,,trade,false
2024-12-04T04:00:00.000Z,0.6780,0.6780,,,,,trade,false
2024-12-04T05:00:00.000Z,0.6755,0.6755,,,,,trade,false
2024-12-04T06:00:00.000Z,0.6840,0.6840,,,,,trade,false
2024-12-04T07:00:00.000Z,0.6910,0.6910,,,,,trade,false
2024-12-04T08:00:00.000Z,0.6850,0.6850,,,,,trade,false
2024-12-04T09:00:00.000Z,0.6985,0.6985,,,,,trade,false
2024-12-04T10:00:00.000Z,0.7010,0.7010,,,,,trade,false
2024-12-04T11:00:00.000Z,0.6945,0.6945,,,,,trade,false
2024-12-04T12:00:00.000Z,0.6815,0.6815,,,,,trade,false
2024-12-04T13:00:00.000Z,0.6910,0.6910,,,,,trade,false
2024-12-04T14:00:00.000Z,0.6785,0.6785,,,,,trade,false
2024-12-04T15:00:00.000Z,0.6785,0.6785,,,,,trade,false
2024-12-04T16:00:00.000Z,0.6890,0.6890,,,,,trade,false
2024-12-04T17:00:00.000Z,0.6505,0.6505,,,,,trade,false
2024-12-04T18:00:00.000Z,0.6795,0.6795,,,,,trade,false
2024-12-04T19:00:00.000Z,0.6890,0.6890,,,,,trade,false
2024-12-04T20:00:00.000Z,0.7170,0.7170,,,,,trade,false
2024-12-04T21:00:00.000Z,0.7855,0.7855,,,,,trade,false
2024-12-04T22:00:00.000Z,0.6835,0.6835,,,,,trade,false
2024-12-04T23:00:00.000Z,0.7370,0.7370,,,,,trade,false
2024-12-05T00:00:00.000Z,0.7675,0.7675,,,,,trade,false
2024-12-05T01:00:00.000Z,0.7370,0.7370,,,,,trade,false
2024-12-05T02:00:00.000Z,0.7505,0.7505,,,,,trade,false
2024-12-05T03:00:00.000Z,0.9995,0.9995,,,,,trade,false
2024-12-05T04:00:00.000Z,0.9995,0.9995,,,,,trade,false
