time,q,raw_price,bid,ask,volume,open_interest,mark_type,stale
2025-09-22T15:00:00.000Z,0.5000,0.5000,0.3600,0.4800,522.00,522.00,trade,false
2025-09-22T16:00:00.000Z,0.4400,,0.4000,0.4800,0.00,522.00,midpoint,false
2025-09-22T17:00:00.000Z,0.5000,0.5000,0.4700,0.4800,214.00,736.00,trade,false
2025-09-22T18:00:00.000Z,0.4750,,0.4700,0.4800,0.00,736.00,midpoint,false
2025-09-22T19:00:00.000Z,0.4750,,0.4700,0.4800,0.00,736.00,midpoint,false
2025-09-22T20:00:00.000Z,0.4700,0.4700,0.4700,0.4800,15.00,741.00,trade,false
2025-09-22T21:00:00.000Z,0.4900,0.4900,0.4700,0.4900,321.00,872.00,trade,false
2025-09-22T22:00:00.000Z,0.4800,,0.4700,0.4900,0.00,872.00,midpoint,false
2025-09-22T23:00:00.000Z,0.4900,0.4900,0.4000,0.4800,57.00,915.00,trade,false
2025-09-23T00:00:00.000Z,0.4000,0.4000,0.4000,0.4800,1.00,916.00,trade,false
2025-09-23T01:00:00.000Z,0.4400,,0.4000,0.4800,0.00,916.00,midpoint,false
2025-09-23T02:00:00.000Z,0.4900,0.4900,0.4000,0.4700,20.00,936.00,trade,false
2025-09-23T03:00:00.000Z,0.4450,,0.4000,0.4900,0.00,936.00,midpoint,false
2025-09-23T04:00:00.000Z,0.4450,,0.4000,0.4900,0.00,936.00,midpoint,false
2025-09-23T05:00:00.000Z,0.4900,0.4900,0.4000,0.4900,17.00,953.00,trade,false
2025-09-23T06:00:00.000Z,0.4900,0.4900,0.4000,0.4900,1.00,954.00,trade,false
2025-09-23T07:00:00.000Z,0.4450,,0.4000,0.4900,0.00,954.00,midpoint,false
2025-09-23T08:00:00.000Z,0.4450,,0.4000,0.4900,0.00,954.00,midpoint,false
2025-09-23T10:00:00.000Z,0.4450,,0.4000,0.4900,0.00,954.00,midpoint,false
2025-09-23T11:00:00.000Z,0.4000,0.4000,0.4000,0.4900,9.00,954.00,trade,false
2025-09-23T12:00:00.000Z,0.4900,0.4900,0.4200,0.4800,2814.00,3768.00,trade,false
2025-09-23T13:00:00.000Z,0.4200,0.4200,0.4400,0.4800,1.00,3768.00,trade,false
2025-09-23T14:00:00.000Z,0.4500,,0.4300,0.4700,0.00,3768.00,midpoint,false
2025-09-23T15:00:00.000Z,0.5100,0.5100,0.4300,0.5000,195.00,3962.00,trade,false
2025-09-23T16:00:00.000Z,0.4650,,0.4400,0.4900,0.00,3962.00,midpoint,false
2025-09-23T17:00:00.000Z,0.5000,0.5000,0.4600,0.5200,29.00,3981.00,trade,false
2025-09-23T18:00:00.000Z,0.4850,,0.4600,0.5100,0.00,3981.00,midpoint,false
2025-09-23T19:00:00.000Z,0.5100,0.5100,0.4700,0.5200,9.00,3990.00,trade,false
2025-09-23T20:00:00.000Z,0.4700,0.4700,0.4700,0.5200,3.00,3993.00,trade,false
2025-09-23T21:00:00.000Z,0.4950,,0.4700,0.5200,0.00,3993.00,midpoint,false
2025-09-23T22:00:00.000Z,0.4950,,0.4700,0.5200,0.00,3993.00,midpoint,false
2025-09-23T23:00:00.000Z,0.5200,0.5200,0.4700,0.5200,18.00,4011.00,trade,false
2025-09-24T00:00:00.000Z,0.5200,0.5200,0.4700,0.5200,18.00,4029.00,trade,false
2025-09-24T01:00:00.000Z,0.4950,,0.4700,0.5200,0.00,4029.00,midpoint,false
2025-09-24T02:00:00.000Z,0.5200,0.5200,0.4700,0.5200,1.00,4030.00,trade,false
2025-09-24T03:00:00.000Z,0.5200,0.5200,0.4700,0.5200,37.00,4067.00,trade,false
2025-09-24T04:00:00.000Z,0.4950,,0.4700,0.5200,0.00,4067.00,midpoint,false
2025-09-24T05:00:00.000Z,0.4700,0.4700,0.4700,0.5200,37.00,4067.00,trade,false
2025-09-24T06:00:00.000Z,0.4950,,0.4700,0.5200,0.00,4067.00,midpoint,false
2025-09-24T07:00:00.000Z,0.4950,,0.4700,0.5200,0.00,4067.00,midpoint,false
2025-09-24T08:00:00.000Z,0.4950,,0.4700,0.5200,0.00,4067.00,midpoint,false
2025-09-24T09:00:00.000Z,0.4950,,0.4700,0.5200,0.00,4067.00,midpoint,false
2025-09-24T10:00:00.000Z,0.4950,,0.4700,0.5200,0.00,4067.00,midpoint,false
2025-09-24T11:00:00.000Z,0.4950,,0.4700,0.5200,0.00,4067.00,midpoint,false
2025-09-24T12:00:00.000Z,0.5200,0.5200,0.4700,0.5200,93.00,4160.00,trade,false
2025-09-24T13:00:00.000Z,0.5200,0.5200,0.4700,0.5200,10.00,4170.00,trade,false
2025-09-24T14:00:00.000Z,0.5200,0.5200,0.4700,0.5200,37.00,4207.00,trade,false
2025-09-24T15:00:00.000Z,0.5300,0.5300,0.4800,0.6100,5687.00,9776.00,trade,false
2025-09-24T16:00:00.000Z,0.5500,0.5500,0.5000,0.5500,328.00,9960.00,trade,false
2025-09-24T17:00:00.000Z,0.5250,,0.5000,0.5500,0.00,9960.00,midpoint,false
2025-09-24T18:00:00.000Z,0.5500,0.5500,0.5000,0.5500,8.00,9968.00,trade,false
2025-09-24T19:00:00.000Z,0.5250,,0.5000,0.5500,0.00,9968.00,midpoint,false
2025-09-24T20:00:00.000Z,0.5500,0.5500,0.5000,0.5500,18.00,9986.00,trade,false
2025-09-24T21:00:00.000Z,0.5000,0.5000,0.4900,0.5400,153.00,9986.00,trade,false
2025-09-24T22:00:00.000Z,0.5150,,0.4900,0.5400,0.00,9986.00,midpoint,false
2025-09-24T23:00:00.000Z,0.5400,0.5400,0.4900,0.5300,17.00,10003.00,trade,false
2025-09-25T00:00:00.000Z,0.5100,,0.4900,0.5300,0.00,10003.00,midpoint,false
2025-09-25T01:00:00.000Z,0.5100,,0.4900,0.5300,0.00,10003.00,midpoint,false
2025-09-25T02:00:00.000Z,0.4800,0.4800,0.4900,0.5300,210.00,9993.00,trade,false
2025-09-25T03:00:00.000Z,0.5300,0.5300,0.5100,0.5300,943.00,10936.00,trade,false
2025-09-25T04:00:00.000Z,0.5300,0.5300,0.5100,0.5300,35.00,10971.00,trade,false
2025-09-25T05:00:00.000Z,0.5300,0.5300,0.5100,0.5300,18.00,10989.00,trade,false
2025-09-25T06:00:00.000Z,0.5250,,0.5200,0.5300,0.00,10989.00,midpoint,false
2025-09-25T07:00:00.000Z,0.5300,0.5300,0.5200,0.5300,63.00,11052.00,trade,false
2025-09-25T08:00:00.000Z,0.5250,,0.5200,0.5300,0.00,11052.00,midpoint,false
2025-09-25T10:00:00.000Z,0.5300,0.5300,0.5200,0.5300,36.00,11088.00,trade,false
2025-09-25T11:00:00.000Z,0.5300,0.5300,0.5200,0.5300,9.00,11097.00,trade,false
2025-09-25T12:00:00.000Z,0.5200,0.5200,0.5200,0.5300,42.00,11118.00,trade,false
2025-09-25T13:00:00.000Z,0.5100,0.5100,0.5000,0.5200,275.00,11393.00,trade,false
2025-09-25T14:00:00.000Z,0.5000,0.5000,0.4900,0.5200,54.00,11393.00,trade,false
2025-09-25T15:00:00.000Z,0.5000,,0.4900,0.5100,0.00,11393.00,midpoint,false
2025-09-25T16:00:00.000Z,0.5200,0.5200,0.5000,0.5200,296.00,11677.00,trade,false
2025-09-25T17:00:00.000Z,0.4900,0.4900,0.5000,0.5200,237.00,11803.00,trade,false
2025-09-25T18:00:00.000Z,0.5200,0.5200,0.5000,0.5200,6.00,11809.00,trade,false
2025-09-25T19:00:00.000Z,0.5200,0.5200,0.5000,0.5200,15.00,11824.00,trade,false
2025-09-25T20:00:00.000Z,0.5200,0.5200,0.5000,0.5200,13.00,11837.00,trade,false
2025-09-25T21:00:00.000Z,0.5300,0.5300,0.5000,0.5300,202.00,12039.00,trade,false
2025-09-25T22:00:00.000Z,0.5300,0.5300,0.5000,0.5300,1.00,12040.00,trade,false
2025-09-25T23:00:00.000Z,0.5500,0.5500,0.5100,0.5500,232.00,12272.00,trade,false
2025-09-26T00:00:00.000Z,0.5400,0.5400,0.5000,0.5400,203.00,12475.00,trade,false
2025-09-26T01:00:00.000Z,0.5000,0.5000,0.4900,0.5400,38.00,12475.00,trade,false
2025-09-26T02:00:00.000Z,0.4900,0.4900,0.5000,0.5200,64.00,12484.00,trade,false
2025-09-26T03:00:00.000Z,0.5400,0.5400,0.5000,0.5400,15.00,12499.00,trade,false
2025-09-26T04:00:00.000Z,0.5000,0.5000,0.4900,0.5400,19.00,12499.00,trade,false
2025-09-26T05:00:00.000Z,0.5400,0.5400,0.5000,0.5400,22.00,12521.00,trade,false
2025-09-26T06:00:00.000Z,0.5400,0.5400,0.5000,0.5400,72.00,12593.00,trade,false
2025-09-26T07:00:00.000Z,0.5200,,0.5000,0.5400,0.00,12593.00,midpoint,false
2025-09-26T08:00:00.000Z,0.5200,,0.5000,0.5400,0.00,12593.00,midpoint,false
2025-09-26T09:00:00.000Z,0.5200,,0.5000,0.5400,0.00,12593.00,midpoint,false
2025-09-26T10:00:00.000Z,0.5200,,0.5000,0.5400,0.00,12593.00,midpoint,false
2025-09-26T11:00:00.000Z,0.5200,,0.5000,0.5400,0.00,12593.00,midpoint,false
2025-09-26T12:00:00.000Z,0.7400,0.7400,0.4900,0.7500,3051.00,15644.00,trade,false
2025-09-26T13:00:00.000Z,0.5500,0.5500,0.5500,0.5600,100.00,15644.00,trade,false
2025-09-26T14:00:00.000Z,0.5600,0.5600,0.5500,0.5600,238.00,15882.00,trade,false
2025-09-26T15:00:00.000Z,0.5550,,0.5500,0.5600,0.00,15882.00,midpoint,false
2025-09-26T16:00:00.000Z,0.5600,0.5600,0.5600,0.6100,74.00,15952.00,trade,false
2025-09-26T17:00:00.000Z,0.6000,0.6000,0.6000,0.6100,125.00,16052.00,trade,false
2025-09-26T18:00:00.000Z,0.6000,0.6000,0.6000,0.6200,32.00,16068.00,trade,false
2025-09-26T19:00:00.000Z,0.6200,0.6200,0.6000,0.6200,7.00,16075.00,trade,false
2025-09-26T20:00:00.000Z,0.6200,0.6200,0.6000,0.6200,94.00,16169.00,trade,false
2025-09-26T21:00:00.000Z,0.6200,0.6200,0.6000,0.6200,78.00,16247.00,trade,false
2025-09-26T22:00:00.000Z,0.6200,0.6200,0.6000,0.6100,43.00,16290.00,trade,false
2025-09-26T23:00:00.000Z,0.6000,0.6000,0.5900,0.6000,1614.00,17904.00,trade,false
2025-09-27T00:00:00.000Z,0.5900,0.5900,0.5900,0.6000,22.00,17904.00,trade,false
2025-09-27T01:00:00.000Z,0.5900,0.5900,0.5900,0.6000,120.00,17907.00,trade,false
2025-09-27T02:00:00.000Z,0.6000,0.6000,0.6000,0.6100,198.00,18105.00,trade,false
2025-09-27T03:00:00.000Z,0.6100,0.6100,0.6000,0.6100,4.00,18109.00,trade,false
2025-09-27T04:00:00.000Z,0.6100,0.6100,0.6000,0.6100,142.00,18251.00,trade,false
2025-09-27T05:00:00.000Z,0.6050,,0.6000,0.6100,0.00,18251.00,midpoint,false
2025-09-27T06:00:00.000Z,0.6050,,0.6000,0.6100,0.00,18251.00,midpoint,false
2025-09-27T07:00:00.000Z,0.6050,,0.6000,0.6100,0.00,18251.00,midpoint,false
2025-09-27T08:00:00.000Z,0.6100,0.6100,0.6000,0.6100,50.00,18301.00,trade,false
2025-09-27T09:00:00.000Z,0.6100,0.6100,0.6000,0.6200,190.00,18451.00,trade,false
2025-09-27T10:00:00.000Z,0.6100,,0.6000,0.6200,0.00,18451.00,midpoint,false
2025-09-27T11:00:00.000Z,0.6200,0.6200,0.6000,0.6200,43.00,18494.00,trade,false
2025-09-27T12:00:00.000Z,0.6100,,0.6000,0.6200,0.00,18494.00,midpoint,false
2025-09-27T13:00:00.000Z,0.6100,,0.6000,0.6200,0.00,18494.00,midpoint,false
2025-09-27T14:00:00.000Z,0.6200,0.6200,0.6000,0.6200,117.00,18611.00,trade,false
2025-09-27T15:00:00.000Z,0.6200,0.6200,0.6100,0.6200,47.00,18658.00,trade,false
2025-09-27T16:00:00.000Z,0.6150,,0.6100,0.6200,0.00,18658.00,midpoint,false
2025-09-27T17:00:00.000Z,0.6150,,0.6100,0.6200,0.00,18658.00,midpoint,false
2025-09-27T18:00:00.000Z,0.6200,0.6200,0.6100,0.6200,2.00,18660.00,trade,false
2025-09-27T19:00:00.000Z,0.6150,,0.6100,0.6200,0.00,18660.00,midpoint,false
2025-09-27T20:00:00.000Z,0.6200,0.6200,0.6100,0.6200,54.00,18714.00,trade,false
2025-09-27T21:00:00.000Z,0.6150,,0.6100,0.6200,0.00,18714.00,midpoint,false
2025-09-27T22:00:00.000Z,0.6150,,0.6100,0.6200,0.00,18714.00,midpoint,false
2025-09-27T23:00:00.000Z,0.6150,,0.6100,0.6200,0.00,18714.00,midpoint,false
2025-09-28T00:00:00.000Z,0.6150,,0.6100,0.6200,0.00,18714.00,midpoint,false
2025-09-28T01:00:00.000Z,0.6150,,0.6100,0.6200,0.00,18714.00,midpoint,false
2025-09-28T02:00:00.000Z,0.6200,0.6200,0.6100,0.6200,14.00,18718.00,trade,false
2025-09-28T03:00:00.000Z,0.6100,0.6100,0.6100,0.6200,2.00,18718.00,trade,false
2025-09-28T04:00:00.000Z,0.6300,0.6300,0.6100,0.6200,774.00,19492.00,trade,false
2025-09-28T05:00:00.000Z,0.6150,,0.6100,0.6200,0.00,19492.00,midpoint,false
2025-09-28T06:00:00.000Z,0.6200,0.6200,0.6100,0.6200,78.00,19570.00,trade,false
2025-09-28T07:00:00.000Z,0.6150,,0.6100,0.6200,0.00,19570.00,midpoint,false
2025-09-28T08:00:00.000Z,0.6150,,0.6100,0.6200,0.00,19570.00,midpoint,false
2025-09-28T09:00:00.000Z,0.6150,,0.6100,0.6200,0.00,19570.00,midpoint,false
2025-09-28T10:00:00.000Z,0.6200,0.6200,0.6100,0.6200,1.00,19571.00,trade,false
2025-09-28T11:00:00.000Z,0.6150,,0.6100,0.6200,0.00,19571.00,midpoint,false
2025-09-28T12:00:00.000Z,0.6150,,0.6100,0.6200,0.00,19571.00,midpoint,false
2025-09-28T13:00:00.000Z,0.6150,,0.6100,0.6200,0.00,19571.00,midpoint,false
2025-09-28T14:00:00.000Z,0.6200,0.6200,0.6100,0.6200,31.00,19602.00,trade,false
2025-09-28T15:00:00.000Z,0.6200,0.6200,0.6100,0.6200,79.00,19681.00,trade,false
2025-09-28T16:00:00.000Z,0.6300,0.6300,0.6200,0.6300,35.00,19716.00,trade,false
2025-09-28T17:00:00.000Z,0.6500,0.6500,0.6200,0.6400,558.00,20262.00,trade,false
2025-09-28T18:00:00.000Z,0.6700,0.6700,0.6300,0.7600,390.00,20652.00,trade,false
2025-09-28T19:00:00.000Z,0.6850,,0.6400,0.7300,0.00,20652.00,midpoint,false
2025-09-28T20:00:00.000Z,0.7500,0.7500,0.6500,0.7200,13.00,20658.00,trade,false
2025-09-28T21:00:00.000Z,0.6850,,0.6400,0.7300,0.00,20658.00,midpoint,false
2025-09-28T22:00:00.000Z,0.7300,0.7300,0.6800,0.7300,2.00,20660.00,trade,false
2025-09-28T23:00:00.000Z,0.6900,0.6900,0.6900,0.7300,3.00,20660.00,trade,false
2025-09-29T00:00:00.000Z,0.6900,0.6900,0.6900,0.7300,36.00,20624.00,trade,false
2025-09-29T01:00:00.000Z,0.7100,,0.6900,0.7300,0.00,20624.00,midpoint,false
2025-09-29T02:00:00.000Z,0.7300,0.7300,0.6900,0.7300,25.00,20624.00,trade,false
2025-09-29T03:00:00.000Z,0.6800,0.6800,0.6800,0.6900,1301.00,20627.00,trade,false
2025-09-29T04:00:00.000Z,0.6850,,0.6800,0.6900,0.00,20627.00,midpoint,false
2025-09-29T05:00:00.000Z,0.6700,0.6700,0.6800,0.7100,50.00,20627.00,trade,false
2025-09-29T06:00:00.000Z,0.7100,0.7100,0.6800,0.7100,6.00,20633.00,trade,false
2025-09-29T07:00:00.000Z,0.6950,,0.6800,0.7100,0.00,20633.00,midpoint,false
2025-09-29T08:00:00.000Z,0.6950,,0.6800,0.7100,0.00,20633.00,midpoint,false
2025-09-29T09:00:00.000Z,0.6950,,0.6800,0.7100,0.00,20633.00,midpoint,false
2025-09-29T10:00:00.000Z,0.6950,,0.6800,0.7100,0.00,20633.00,midpoint,false
2025-09-29T11:00:00.000Z,0.6950,,0.6800,0.7100,0.00,20633.00,midpoint,false
2025-09-29T12:00:00.000Z,0.6950,,0.6800,0.7100,0.00,20633.00,midpoint,false
2025-09-29T13:00:00.000Z,0.6700,0.6700,0.6700,0.7100,33.00,20608.00,trade,false
2025-09-29T14:00:00.000Z,0.6900,,0.6700,0.7100,0.00,20608.00,midpoint,false
2025-09-29T15:00:00.000Z,0.6800,,0.6700,0.6900,0.00,20608.00,midpoint,false
2025-09-29T16:00:00.000Z,0.6800,0.6800,0.6900,0.7200,851.00,20226.00,trade,false
2025-09-29T17:00:00.000Z,0.7000,0.7000,0.7000,0.7100,515.00,20741.00,trade,false
2025-09-29T18:00:00.000Z,0.7050,,0.7000,0.7100,0.00,20741.00,midpoint,false
2025-09-29T19:00:00.000Z,0.7050,,0.7000,0.7100,0.00,20741.00,midpoint,false
2025-09-29T20:00:00.000Z,0.7100,0.7100,0.7000,0.7100,6.00,20747.00,trade,false
2025-09-29T21:00:00.000Z,0.7100,0.7100,0.7000,0.7100,4.00,20751.00,trade,false
2025-09-29T22:00:00.000Z,0.6900,0.6900,0.6900,0.7100,15.00,20766.00,trade,false
2025-09-29T23:00:00.000Z,0.6700,0.6700,0.6600,0.6900,2166.00,21254.00,trade,false
2025-09-30T00:00:00.000Z,0.6750,,0.6600,0.6900,0.00,21254.00,midpoint,false
2025-09-30T01:00:00.000Z,0.6800,,0.6700,0.6900,0.00,21254.00,midpoint,false
2025-09-30T02:00:00.000Z,0.6900,0.6900,0.6800,0.6900,24.00,21278.00,trade,false
2025-09-30T03:00:00.000Z,0.6900,0.6900,0.6600,0.6900,148.00,21426.00,trade,false
2025-09-30T04:00:00.000Z,0.6700,,0.6600,0.6800,0.00,21426.00,midpoint,false
2025-09-30T05:00:00.000Z,0.6800,0.6800,0.6700,0.6800,10.00,21436.00,trade,false
2025-09-30T06:00:00.000Z,0.6800,0.6800,0.6700,0.6800,100.00,21436.00,trade,false
2025-09-30T07:00:00.000Z,0.6750,,0.6700,0.6800,0.00,21436.00,midpoint,false
2025-09-30T08:00:00.000Z,0.6750,,0.6700,0.6800,0.00,21436.00,midpoint,false
2025-09-30T09:00:00.000Z,0.6750,,0.6700,0.6800,0.00,21436.00,midpoint,false
2025-09-30T10:00:00.000Z,0.6750,,0.6700,0.6800,0.00,21436.00,midpoint,false
2025-09-30T11:00:00.000Z,0.6750,,0.6700,0.6800,0.00,21436.00,midpoint,false
2025-09-30T12:00:00.000Z,0.6750,,0.6700,0.6800,0.00,21436.00,midpoint,false
2025-09-30T13:00:00.000Z,0.6750,,0.6700,0.6800,0.00,21436.00,midpoint,false
2025-09-30T14:00:00.000Z,0.6750,,0.6700,0.6800,0.00,21436.00,midpoint,false
2025-09-30T15:00:00.000Z,0.6800,0.6800,0.6700,0.6800,7.00,21443.00,trade,false
2025-09-30T16:00:00.000Z,0.6750,,0.6700,0.6800,0.00,21443.00,midpoint,false
2025-09-30T17:00:00.000Z,0.6750,,0.6700,0.6800,0.00,21443.00,midpoint,false
2025-09-30T18:00:00.000Z,0.6750,,0.6700,0.6800,0.00,21443.00,midpoint,false
2025-09-30T19:00:00.000Z,0.6700,0.6700,0.6700,0.6800,60.00,21503.00,trade,false
2025-09-30T20:00:00.000Z,0.6900,0.6900,0.6700,0.6900,569.00,22072.00,trade,false
2025-09-30T21:00:00.000Z,0.6800,,0.6700,0.6900,0.00,22072.00,midpoint,false
2025-09-30T22:00:00.000Z,0.6800,,0.6700,0.6900,0.00,22072.00,midpoint,false
2025-09-30T23:00:00.000Z,0.6900,0.6900,0.6700,0.6900,350.00,22072.00,trade,false
2025-10-01T00:00:00.000Z,0.6800,,0.6700,0.6900,0.00,22072.00,midpoint,false
2025-10-01T01:00:00.000Z,0.6800,,0.6700,0.6900,0.00,22072.00,midpoint,false
2025-10-01T02:00:00.000Z,0.6800,,0.6700,0.6900,0.00,22072.00,midpoint,false
2025-10-01T03:00:00.000Z,0.6700,0.6700,0.6700,0.6900,8.00,22072.00,trade,false
2025-10-01T04:00:00.000Z,0.6900,0.6900,0.6700,0.6900,7.00,22079.00,trade,false
2025-10-01T05:00:00.000Z,0.6800,,0.6700,0.6900,0.00,22079.00,midpoint,false
2025-10-01T06:00:00.000Z,0.6850,,0.6700,0.7000,0.00,22079.00,midpoint,false
2025-10-01T07:00:00.000Z,0.6850,,0.6700,0.7000,0.00,22079.00,midpoint,false
2025-10-01T08:00:00.000Z,0.6850,,0.6700,0.7000,0.00,22079.00,midpoint,false
2025-10-01T09:00:00.000Z,0.6850,,0.6700,0.7000,0.00,22079.00,midpoint,false
2025-10-01T10:00:00.000Z,0.6850,,0.6700,0.7000,0.00,22079.00,midpoint,false
2025-10-01T11:00:00.000Z,0.6850,,0.6700,0.7000,0.00,22079.00,midpoint,false
2025-10-01T12:00:00.000Z,0.6700,0.6700,0.6700,0.7000,6.00,22079.00,trade,false
2025-10-01T13:00:00.000Z,0.6850,,0.6700,0.7000,0.00,22079.00,midpoint,false
2025-10-01T14:00:00.000Z,0.6700,0.6700,0.6700,0.7000,2.00,22079.00,trade,false
2025-10-01T15:00:00.000Z,0.6800,,0.6700,0.6900,0.00,22079.00,midpoint,false
2025-10-01T16:00:00.000Z,0.6900,0.6900,0.6700,0.6800,141.00,22220.00,trade,false
2025-10-01T17:00:00.000Z,0.6700,0.6700,0.6700,0.6800,52.00,22272.00,trade,false
2025-10-01T18:00:00.000Z,0.6700,0.6700,0.6700,0.6800,46.00,22318.00,trade,false
2025-10-01T19:00:00.000Z,0.6750,,0.6700,0.6800,0.00,22318.00,midpoint,false
2025-10-01T20:00:00.000Z,0.6700,0.6700,0.6600,0.6700,282.00,22600.00,trade,false
2025-10-01T21:00:00.000Z,0.6650,,0.6600,0.6700,0.00,22600.00,midpoint,false
2025-10-01T22:00:00.000Z,0.6700,0.6700,0.6600,0.6700,3.00,22600.00,trade,false
2025-10-01T23:00:00.000Z,0.6650,,0.6600,0.6700,0.00,22600.00,midpoint,false
2025-10-02T00:00:00.000Z,0.6650,,0.6600,0.6700,0.00,22600.00,midpoint,false
2025-10-02T01:00:00.000Z,0.6650,,0.6600,0.6700,0.00,22600.00,midpoint,false
2025-10-02T02:00:00.000Z,0.6650,,0.6600,0.6700,0.00,22600.00,midpoint,false
2025-10-02T03:00:00.000Z,0.6600,0.6600,0.6600,0.6700,28.00,22628.00,trade,false
2025-10-02T04:00:00.000Z,0.6650,,0.6600,0.6700,0.00,22628.00,midpoint,false
2025-10-02T05:00:00.000Z,0.6600,0.6600,0.6600,0.6700,3.00,22631.00,trade,false
2025-10-02T06:00:00.000Z,0.6700,0.6700,0.6700,0.6800,96.00,22727.00,trade,false
2025-10-02T07:00:00.000Z,0.6800,0.6800,0.6700,0.6800,200.00,22927.00,trade,false
2025-10-02T08:00:00.000Z,0.6750,,0.6700,0.6800,0.00,22927.00,midpoint,false
2025-10-02T10:00:00.000Z,0.6750,,0.6700,0.6800,0.00,22927.00,midpoint,false
2025-10-02T11:00:00.000Z,0.6750,,0.6700,0.6800,0.00,22927.00,midpoint,false
2025-10-02T12:00:00.000Z,0.6800,0.6800,0.6700,0.6800,12.00,22939.00,trade,false
2025-10-02T13:00:00.000Z,0.6750,,0.6700,0.6800,0.00,22939.00,midpoint,false
2025-10-02T14:00:00.000Z,0.6700,0.6700,0.6700,0.6800,14.00,22953.00,trade,false
2025-10-02T15:00:00.000Z,0.6750,,0.6700,0.6800,0.00,22953.00,midpoint,false
2025-10-02T16:00:00.000Z,0.6750,,0.6700,0.6800,0.00,22953.00,midpoint,false
2025-10-02T17:00:00.000Z,0.6750,,0.6700,0.6800,0.00,22953.00,midpoint,false
2025-10-02T18:00:00.000Z,0.6800,0.6800,0.6700,0.6800,430.00,23383.00,trade,false
2025-10-02T19:00:00.000Z,0.6800,0.6800,0.6700,0.6800,28.00,23411.00,trade,false
2025-10-02T20:00:00.000Z,0.6800,0.6800,0.6700,0.6800,98.00,23499.00,trade,false
2025-10-02T21:00:00.000Z,0.6750,,0.6700,0.6800,0.00,23499.00,midpoint,false
2025-10-02T22:00:00.000Z,0.6800,0.6800,0.6700,0.6800,22.00,23521.00,trade,false
2025-10-02T23:00:00.000Z,0.6700,0.6700,0.6700,0.6800,43.00,23564.00,trade,false
2025-10-03T00:00:00.000Z,0.6750,,0.6700,0.6800,0.00,23564.00,midpoint,false
2025-10-03T01:00:00.000Z,0.6750,,0.6700,0.6800,0.00,23564.00,midpoint,false
2025-10-03T02:00:00.000Z,0.6700,0.6700,0.6700,0.6800,4.00,23564.00,trade,false
2025-10-03T03:00:00.000Z,0.6700,0.6700,0.6700,0.6800,84.00,23648.00,trade,false
2025-10-03T04:00:00.000Z,0.6750,,0.6700,0.6800,0.00,23648.00,midpoint,false
2025-10-03T05:00:00.000Z,0.6700,0.6700,0.6700,0.6800,2.00,23650.00,trade,false
2025-10-03T06:00:00.000Z,0.6750,,0.6700,0.6800,0.00,23650.00,midpoint,false
2025-10-03T07:00:00.000Z,0.6800,0.6800,0.6700,0.6800,113.00,23763.00,trade,false
2025-10-03T08:00:00.000Z,0.6750,,0.6700,0.6800,0.00,23763.00,midpoint,false
2025-10-03T09:00:00.000Z,0.6750,,0.6700,0.6800,0.00,23763.00,midpoint,false
2025-10-03T10:00:00.000Z,0.6750,,0.6700,0.6800,0.00,23763.00,midpoint,false
2025-10-03T11:00:00.000Z,0.6800,0.6800,0.6700,0.6800,37.00,23800.00,trade,false
2025-10-03T12:00:00.000Z,0.6750,,0.6700,0.6800,0.00,23800.00,midpoint,false
2025-10-03T13:00:00.000Z,0.6750,,0.6700,0.6800,0.00,23800.00,midpoint,false
2025-10-03T14:00:00.000Z,0.6800,0.6800,0.6700,0.6800,10.00,23800.00,trade,false
2025-10-03T15:00:00.000Z,0.6750,,0.6700,0.6800,0.00,23800.00,midpoint,false
2025-10-03T16:00:00.000Z,0.6800,0.6800,0.6700,0.6800,120.00,23882.00,trade,false
2025-10-03T17:00:00.000Z,0.6750,,0.6700,0.6800,0.00,23882.00,midpoint,false
2025-10-03T18:00:00.000Z,0.6750,,0.6700,0.6800,0.00,23882.00,midpoint,false
2025-10-03T19:00:00.000Z,0.6750,,0.6700,0.6800,0.00,23882.00,midpoint,false
2025-10-03T20:00:00.000Z,0.6750,,0.6700,0.6800,0.00,23882.00,midpoint,false
2025-10-03T21:00:00.000Z,0.6750,,0.6700,0.6800,0.00,23882.00,midpoint,false
2025-10-03T22:00:00.000Z,0.6700,0.6700,0.6700,0.6800,42.00,23882.00,trade,false
2025-10-03T23:00:00.000Z,0.6800,0.6800,0.6700,0.6800,14.00,23896.00,trade,false
2025-10-04T00:00:00.000Z,0.6800,0.6800,0.6700,0.6800,42.00,23896.00,trade,false
2025-10-04T01:00:00.000Z,0.6800,0.6800,0.6700,0.6800,100.00,23896.00,trade,false
2025-10-04T02:00:00.000Z,0.6800,0.6800,0.6700,0.6800,1.00,23895.00,trade,false
2025-10-04T03:00:00.000Z,0.6800,0.6800,0.6700,0.6800,4.00,23895.00,trade,false
2025-10-04T04:00:00.000Z,0.6750,,0.6700,0.6800,0.00,23895.00,midpoint,false
2025-10-04T05:00:00.000Z,0.6750,,0.6700,0.6800,0.00,23895.00,midpoint,false
2025-10-04T06:00:00.000Z,0.6700,0.6700,0.6700,0.6800,7.00,23888.00,trade,false
2025-10-04T07:00:00.000Z,0.6800,0.6800,0.6700,0.6800,6.00,23891.00,trade,false
2025-10-04T08:00:00.000Z,0.6800,0.6800,0.6700,0.6800,7.00,23898.00,trade,false
2025-10-04T09:00:00.000Z,0.6800,0.6800,0.6700,0.6800,7.00,23905.00,trade,false
2025-10-04T10:00:00.000Z,0.6750,,0.6700,0.6800,0.00,23905.00,midpoint,false
2025-10-04T11:00:00.000Z,0.6750,,0.6700,0.6800,0.00,23905.00,midpoint,false
2025-10-04T12:00:00.000Z,0.6800,0.6800,0.6700,0.6800,14.00,23919.00,trade,false
2025-10-04T13:00:00.000Z,0.6750,,0.6700,0.6800,0.00,23919.00,midpoint,false
2025-10-04T14:00:00.000Z,0.6800,0.6800,0.6700,0.6800,11.00,23930.00,trade,false
2025-10-04T15:00:00.000Z,0.6750,,0.6700,0.6800,0.00,23930.00,midpoint,false
2025-10-04T16:00:00.000Z,0.6700,0.6700,0.6700,0.6800,200.00,23930.00,trade,false
2025-10-04T17:00:00.000Z,0.6750,,0.6700,0.6800,0.00,23930.00,midpoint,false
2025-10-04T18:00:00.000Z,0.6750,,0.6700,0.6800,0.00,23930.00,midpoint,false
2025-10-04T19:00:00.000Z,0.6800,0.6800,0.6700,0.6800,171.00,24101.00,trade,false
2025-10-04T20:00:00.000Z,0.6800,0.6800,0.6700,0.6800,14.00,24115.00,trade,false
2025-10-04T21:00:00.000Z,0.6750,,0.6700,0.6800,0.00,24115.00,midpoint,false
2025-10-04T22:00:00.000Z,0.6750,,0.6700,0.6800,0.00,24115.00,midpoint,false
2025-10-04T23:00:00.000Z,0.6800,0.6800,0.6700,0.6800,6.00,24121.00,trade,false
2025-10-05T00:00:00.000Z,0.6800,0.6800,0.6700,0.6800,4.00,24125.00,trade,false
2025-10-05T01:00:00.000Z,0.6700,0.6700,0.6700,0.6800,3.00,24122.00,trade,false
2025-10-05T02:00:00.000Z,0.6800,0.6800,0.6700,0.6800,179.00,23949.00,trade,false
2025-10-05T03:00:00.000Z,0.6800,0.6800,0.6700,0.6800,28.00,23977.00,trade,false
2025-10-05T04:00:00.000Z,0.6750,,0.6700,0.6800,0.00,23977.00,midpoint,false
2025-10-05T05:00:00.000Z,0.6750,,0.6700,0.6800,0.00,23977.00,midpoint,false
2025-10-05T06:00:00.000Z,0.6800,0.6800,0.6700,0.6800,7.00,23984.00,trade,false
2025-10-05T07:00:00.000Z,0.6800,0.6800,0.6700,0.6800,35.00,24019.00,trade,false
2025-10-05T08:00:00.000Z,0.6750,,0.6700,0.6800,0.00,24019.00,midpoint,false
2025-10-05T09:00:00.000Z,0.6800,0.6800,0.6700,0.6800,14.00,24033.00,trade,false
2025-10-05T10:00:00.000Z,0.6750,,0.6700,0.6800,0.00,24033.00,midpoint,false
2025-10-05T11:00:00.000Z,0.6750,,0.6700,0.6800,0.00,24033.00,midpoint,false
2025-10-05T12:00:00.000Z,0.6750,,0.6700,0.6800,0.00,24033.00,midpoint,false
2025-10-05T13:00:00.000Z,0.6750,,0.6700,0.6800,0.00,24033.00,midpoint,false
2025-10-05T14:00:00.000Z,0.6750,,0.6700,0.6800,0.00,24033.00,midpoint,false
2025-10-05T15:00:00.000Z,0.6750,,0.6700,0.6800,0.00,24033.00,midpoint,false
2025-10-05T16:00:00.000Z,0.6800,0.6800,0.6700,0.6800,89.00,24122.00,trade,false
2025-10-05T17:00:00.000Z,0.6800,0.6800,0.6700,0.6800,7.00,24129.00,trade,false
2025-10-05T18:00:00.000Z,0.6750,,0.6700,0.6800,0.00,24129.00,midpoint,false
2025-10-05T19:00:00.000Z,0.6800,0.6800,0.6700,0.6800,121.00,24150.00,trade,false
2025-10-05T20:00:00.000Z,0.6700,0.6700,0.6700,0.6800,26.00,24150.00,trade,false
2025-10-05T21:00:00.000Z,0.6750,,0.6700,0.6800,0.00,24150.00,midpoint,false
2025-10-05T22:00:00.000Z,0.6750,,0.6700,0.6800,0.00,24150.00,midpoint,false
2025-10-05T23:00:00.000Z,0.6750,,0.6700,0.6800,0.00,24150.00,midpoint,false
2025-10-06T00:00:00.000Z,0.6700,0.6700,0.6700,0.6800,2.00,24150.00,trade,false
2025-10-06T01:00:00.000Z,0.6700,0.6700,0.6700,0.6800,2.00,24150.00,trade,false
2025-10-06T02:00:00.000Z,0.6800,0.6800,0.6700,0.6800,6.00,24151.00,trade,false
2025-10-06T03:00:00.000Z,0.6800,0.6800,0.6700,0.6800,21.00,24158.00,trade,false
2025-10-06T04:00:00.000Z,0.6750,,0.6700,0.6800,0.00,24158.00,midpoint,false
2025-10-06T05:00:00.000Z,0.6750,,0.6700,0.6800,0.00,24158.00,midpoint,false
2025-10-06T06:00:00.000Z,0.6750,,0.6700,0.6800,0.00,24158.00,midpoint,false
2025-10-06T07:00:00.000Z,0.6800,0.6800,0.6700,0.6800,4.00,24158.00,trade,false
2025-10-06T08:00:00.000Z,0.6750,,0.6700,0.6800,0.00,24158.00,midpoint,false
2025-10-06T09:00:00.000Z,0.6700,0.6700,0.6700,0.6800,28.00,24158.00,trade,false
2025-10-06T10:00:00.000Z,0.6800,0.6800,0.6700,0.6800,7.00,24158.00,trade,false
2025-10-06T11:00:00.000Z,0.6750,,0.6700,0.6800,0.00,24158.00,midpoint,false
2025-10-06T12:00:00.000Z,0.6750,,0.6700,0.6800,0.00,24158.00,midpoint,false
2025-10-06T13:00:00.000Z,0.6700,0.6700,0.6700,0.6800,45.00,24113.00,trade,false
2025-10-06T14:00:00.000Z,0.6700,0.6700,0.6700,0.6800,144.00,24113.00,trade,false
2025-10-06T15:00:00.000Z,0.6750,,0.6700,0.6800,0.00,24113.00,midpoint,false
2025-10-06T16:00:00.000Z,0.6750,,0.6700,0.6800,0.00,24113.00,midpoint,false
2025-10-06T17:00:00.000Z,0.6750,,0.6700,0.6800,0.00,24113.00,midpoint,false
2025-10-06T18:00:00.000Z,0.6750,,0.6700,0.6800,0.00,24113.00,midpoint,false
2025-10-06T19:00:00.000Z,0.6800,0.6800,0.6700,0.6900,70.00,24183.00,trade,false
2025-10-06T20:00:00.000Z,0.6700,0.6700,0.6700,0.6900,72.00,24183.00,trade,false
2025-10-06T21:00:00.000Z,0.6800,,0.6700,0.6900,0.00,24183.00,midpoint,false
2025-10-06T22:00:00.000Z,0.6900,0.6900,0.6700,0.6900,7.00,24190.00,trade,false
2025-10-06T23:00:00.000Z,0.6700,0.6700,0.6700,0.6800,192.00,24238.00,trade,false
2025-10-07T00:00:00.000Z,0.6800,0.6800,0.6700,0.7100,5.00,24238.00,trade,false
2025-10-07T01:00:00.000Z,0.6700,0.6700,0.6700,0.7100,144.00,24238.00,trade,false
2025-10-07T02:00:00.000Z,0.6850,,0.6700,0.7000,0.00,24238.00,midpoint,false
2025-10-07T03:00:00.000Z,0.7100,0.7100,0.6700,0.7100,12.00,24250.00,trade,false
2025-10-07T04:00:00.000Z,0.6700,0.6700,0.6700,0.7000,186.00,24250.00,trade,false
2025-10-07T05:00:00.000Z,0.6700,0.6700,0.6800,0.7000,275.00,24250.00,trade,false
2025-10-07T06:00:00.000Z,0.6700,0.6700,0.6700,0.6900,76.00,24250.00,trade,false
2025-10-07T07:00:00.000Z,0.6700,0.6700,0.6700,0.6900,11.00,24250.00,trade,false
2025-10-07T08:00:00.000Z,0.6800,,0.6700,0.6900,0.00,24250.00,midpoint,false
2025-10-07T09:00:00.000Z,0.6800,,0.6700,0.6900,0.00,24250.00,midpoint,false
2025-10-07T10:00:00.000Z,0.6750,,0.6700,0.6800,0.00,24250.00,midpoint,false
2025-10-07T11:00:00.000Z,0.6750,,0.6700,0.6800,0.00,24250.00,midpoint,false
2025-10-07T12:00:00.000Z,0.6400,0.6400,0.6200,0.6500,608.00,24524.00,trade,false
2025-10-07T13:00:00.000Z,0.6500,0.6500,0.6300,0.6500,30.00,24554.00,trade,false
2025-10-07T14:00:00.000Z,0.6350,,0.6200,0.6500,0.00,24554.00,midpoint,false
2025-10-07T15:00:00.000Z,0.6350,,0.6200,0.6500,0.00,24554.00,midpoint,false
2025-10-07T16:00:00.000Z,0.6350,,0.6200,0.6500,0.00,24554.00,midpoint,false
2025-10-07T17:00:00.000Z,0.6400,0.6400,0.6200,0.6400,9.00,24563.00,trade,false
2025-10-07T18:00:00.000Z,0.6400,0.6400,0.6200,0.6400,76.00,24639.00,trade,false
2025-10-07T19:00:00.000Z,0.6300,,0.6200,0.6400,0.00,24639.00,midpoint,false
2025-10-07T20:00:00.000Z,0.6400,0.6400,0.6200,0.6400,144.00,24639.00,trade,false
2025-10-07T21:00:00.000Z,0.6200,0.6200,0.6200,0.6300,126.00,24639.00,trade,false
2025-10-07T22:00:00.000Z,0.6400,0.6400,0.6200,0.6400,61.00,24659.00,trade,false
2025-10-07T23:00:00.000Z,0.6200,0.6200,0.6200,0.6400,12.00,24659.00,trade,false
2025-10-08T00:00:00.000Z,0.6300,,0.6200,0.6400,0.00,24659.00,midpoint,false
2025-10-08T01:00:00.000Z,0.6400,0.6400,0.6200,0.6400,75.00,24734.00,trade,false
2025-10-08T02:00:00.000Z,0.6400,0.6400,0.6200,0.6400,31.00,24734.00,trade,false
2025-10-08T03:00:00.000Z,0.6400,0.6400,0.6200,0.6400,10.00,24744.00,trade,false
2025-10-08T04:00:00.000Z,0.6400,0.6400,0.6200,0.6400,48.00,24756.00,trade,false
2025-10-08T05:00:00.000Z,0.6400,0.6400,0.6200,0.6400,38.00,24756.00,trade,false
2025-10-08T06:00:00.000Z,0.6400,0.6400,0.6200,0.6400,1.00,24756.00,trade,false
2025-10-08T07:00:00.000Z,0.6200,0.6200,0.6200,0.6400,69.00,24756.00,trade,false
2025-10-08T08:00:00.000Z,0.6200,0.6200,0.6200,0.6400,13.00,24756.00,trade,false
2025-10-08T09:00:00.000Z,0.6250,,0.6200,0.6300,0.00,24756.00,midpoint,false
2025-10-08T10:00:00.000Z,0.6250,,0.6200,0.6300,0.00,24756.00,midpoint,false
2025-10-08T11:00:00.000Z,0.6250,,0.6200,0.6300,0.00,24756.00,midpoint,false
2025-10-08T12:00:00.000Z,0.6250,,0.6200,0.6300,0.00,24756.00,midpoint,false
2025-10-08T13:00:00.000Z,0.6250,,0.6200,0.6300,0.00,24756.00,midpoint,false
2025-10-08T14:00:00.000Z,0.6300,,0.6200,0.6400,0.00,24756.00,midpoint,false
2025-10-08T15:00:00.000Z,0.6400,0.6400,0.6200,0.6400,30.00,24756.00,trade,false
2025-10-08T16:00:00.000Z,0.6300,,0.6200,0.6400,0.00,24756.00,midpoint,false
2025-10-08T17:00:00.000Z,0.6300,,0.6200,0.6400,0.00,24756.00,midpoint,false
2025-10-08T18:00:00.000Z,0.6300,,0.6200,0.6400,0.00,24756.00,midpoint,false
2025-10-08T19:00:00.000Z,0.6400,0.6400,0.6200,0.6400,2.00,24756.00,trade,false
2025-10-08T20:00:00.000Z,0.6300,,0.6200,0.6400,0.00,24756.00,midpoint,false
2025-10-08T21:00:00.000Z,0.6300,,0.6200,0.6400,0.00,24756.00,midpoint,false
2025-10-08T22:00:00.000Z,0.6300,,0.6200,0.6400,0.00,24756.00,midpoint,false
2025-10-08T23:00:00.000Z,0.6250,,0.6200,0.6300,0.00,24756.00,midpoint,false
2025-10-09T00:00:00.000Z,0.6300,0.6300,0.6200,0.6300,20.00,24776.00,trade,false
2025-10-09T01:00:00.000Z,0.6250,,0.6200,0.6300,0.00,24776.00,midpoint,false
2025-10-09T02:00:00.000Z,0.6250,,0.6200,0.6300,0.00,24776.00,midpoint,false
2025-10-09T03:00:00.000Z,0.6250,,0.6200,0.6300,0.00,24776.00,midpoint,false
2025-10-09T04:00:00.000Z,0.6250,,0.6200,0.6300,0.00,24776.00,midpoint,false
2025-10-09T05:00:00.000Z,0.6250,,0.6200,0.6300,0.00,24776.00,midpoint,false
2025-10-09T06:00:00.000Z,0.6250,,0.6200,0.6300,0.00,24776.00,midpoint,false
2025-10-09T07:00:00.000Z,0.6250,,0.6200,0.6300,0.00,24776.00,midpoint,false
2025-10-09T08:00:00.000Z,0.6250,,0.6200,0.6300,0.00,24776.00,midpoint,false
2025-10-09T10:00:00.000Z,0.6250,,0.6200,0.6300,0.00,24776.00,midpoint,false
2025-10-09T11:00:00.000Z,0.6250,,0.6200,0.6300,0.00,24776.00,midpoint,false
2025-10-09T12:00:00.000Z,0.6300,0.6300,0.6200,0.6300,3.00,24779.00,trade,false
2025-10-09T13:00:00.000Z,0.6250,,0.6200,0.6300,0.00,24779.00,midpoint,false
2025-10-09T14:00:00.000Z,0.6300,0.6300,0.6200,0.6300,43.00,24779.00,trade,false
2025-10-09T15:00:00.000Z,0.6100,0.6100,0.6100,0.6200,1000.00,24779.00,trade,false
2025-10-09T16:00:00.000Z,0.6100,0.6100,0.6100,0.6300,1013.00,24799.00,trade,false
2025-10-09T17:00:00.000Z,0.6250,,0.6200,0.6300,0.00,24799.00,midpoint,false
2025-10-09T18:00:00.000Z,0.6200,0.6200,0.6200,0.6300,12.00,24811.00,trade,false
2025-10-09T19:00:00.000Z,0.6300,0.6300,0.6200,0.6300,22.00,24833.00,trade,false
2025-10-09T20:00:00.000Z,0.6300,0.6300,0.6200,0.6300,7.00,24840.00,trade,false
2025-10-09T21:00:00.000Z,0.6250,,0.6200,0.6300,0.00,24840.00,midpoint,false
2025-10-09T22:00:00.000Z,0.6250,,0.6200,0.6300,0.00,24840.00,midpoint,false
2025-10-09T23:00:00.000Z,0.6100,0.6100,0.6100,0.6300,73.00,24848.00,trade,false
2025-10-10T00:00:00.000Z,0.6200,,0.6100,0.6300,0.00,24848.00,midpoint,false
2025-10-10T01:00:00.000Z,0.6300,0.6300,0.6100,0.6300,15.00,24863.00,trade,false
2025-10-10T02:00:00.000Z,0.6300,0.6300,0.6100,0.6300,291.00,24886.00,trade,false
2025-10-10T03:00:00.000Z,0.6200,0.6200,0.6100,0.6200,113.00,24986.00,trade,false
2025-10-10T04:00:00.000Z,0.6200,0.6200,0.6100,0.6200,22.00,25008.00,trade,false
2025-10-10T05:00:00.000Z,0.6100,0.6100,0.6100,0.6200,14.00,25008.00,trade,false
2025-10-10T06:00:00.000Z,0.6150,,0.6100,0.6200,0.00,25008.00,midpoint,false
2025-10-10T07:00:00.000Z,0.6150,,0.6100,0.6200,0.00,25008.00,midpoint,false
2025-10-10T08:00:00.000Z,0.6150,,0.6100,0.6200,0.00,25008.00,midpoint,false
2025-10-10T09:00:00.000Z,0.6150,,0.6100,0.6200,0.00,25008.00,midpoint,false
2025-10-10T10:00:00.000Z,0.6150,,0.6100,0.6200,0.00,25008.00,midpoint,false
2025-10-10T11:00:00.000Z,0.6150,,0.6100,0.6200,0.00,25008.00,midpoint,false
2025-10-10T12:00:00.000Z,0.6200,0.6200,0.6100,0.6200,1419.00,25182.00,trade,false
2025-10-10T13:00:00.000Z,0.6200,,0.6100,0.6300,0.00,25182.00,midpoint,false
2025-10-10T14:00:00.000Z,0.6200,,0.6100,0.6300,0.00,25182.00,midpoint,false
2025-10-10T15:00:00.000Z,0.6200,,0.6100,0.6300,0.00,25182.00,midpoint,false
2025-10-10T16:00:00.000Z,0.6300,0.6300,0.6100,0.6300,84.00,25266.00,trade,false
2025-10-10T17:00:00.000Z,0.6150,,0.6100,0.6200,0.00,25266.00,midpoint,false
2025-10-10T18:00:00.000Z,0.6150,,0.6100,0.6200,0.00,25266.00,midpoint,false
2025-10-10T19:00:00.000Z,0.6150,,0.6100,0.6200,0.00,25266.00,midpoint,false
2025-10-10T20:00:00.000Z,0.6200,0.6200,0.6100,0.6200,7.00,25273.00,trade,false
2025-10-10T21:00:00.000Z,0.6200,0.6200,0.6100,0.6200,41.00,25314.00,trade,false
2025-10-10T22:00:00.000Z,0.6100,0.6100,0.6000,0.6100,136.00,25450.00,trade,false
2025-10-10T23:00:00.000Z,0.6100,0.6100,0.6000,0.6100,1.00,25451.00,trade,false
2025-10-11T00:00:00.000Z,0.6100,0.6100,0.6000,0.6100,76.00,25527.00,trade,false
2025-10-11T01:00:00.000Z,0.6100,0.6100,0.6000,0.6100,28.00,25527.00,trade,false
2025-10-11T02:00:00.000Z,0.6100,0.6100,0.6000,0.6100,15.00,25542.00,trade,false
2025-10-11T03:00:00.000Z,0.6100,0.6100,0.6000,0.6100,7.00,25549.00,trade,false
2025-10-11T04:00:00.000Z,0.6100,0.6100,0.6000,0.6100,53.00,25602.00,trade,false
2025-10-11T05:00:00.000Z,0.6000,0.6000,0.6000,0.6100,15.00,25587.00,trade,false
2025-10-11T06:00:00.000Z,0.6050,,0.6000,0.6100,0.00,25587.00,midpoint,false
2025-10-11T07:00:00.000Z,0.6100,0.6100,0.6000,0.6100,7.00,25594.00,trade,false
2025-10-11T08:00:00.000Z,0.6050,,0.6000,0.6100,0.00,25594.00,midpoint,false
2025-10-11T09:00:00.000Z,0.6050,,0.6000,0.6100,0.00,25594.00,midpoint,false
2025-10-11T10:00:00.000Z,0.6050,,0.6000,0.6100,0.00,25594.00,midpoint,false
2025-10-11T11:00:00.000Z,0.6050,,0.6000,0.6100,0.00,25594.00,midpoint,false
2025-10-11T12:00:00.000Z,0.6050,,0.6000,0.6100,0.00,25594.00,midpoint,false
2025-10-11T13:00:00.000Z,0.6050,,0.6000,0.6100,0.00,25594.00,midpoint,false
2025-10-11T14:00:00.000Z,0.6050,,0.6000,0.6100,0.00,25594.00,midpoint,false
2025-10-11T15:00:00.000Z,0.6050,,0.6000,0.6100,0.00,25594.00,midpoint,false
2025-10-11T16:00:00.000Z,0.6100,0.6100,0.6000,0.6100,4.00,25598.00,trade,false
2025-10-11T17:00:00.000Z,0.6050,,0.6000,0.6100,0.00,25598.00,midpoint,false
2025-10-11T18:00:00.000Z,0.6100,0.6100,0.6000,0.6100,18.00,25599.00,trade,false
2025-10-11T19:00:00.000Z,0.6050,,0.6000,0.6100,0.00,25599.00,midpoint,false
2025-10-11T20:00:00.000Z,0.6050,,0.6000,0.6100,0.00,25599.00,midpoint,false
2025-10-11T21:00:00.000Z,0.6050,,0.6000,0.6100,0.00,25599.00,midpoint,false
2025-10-11T22:00:00.000Z,0.6050,,0.6000,0.6100,0.00,25599.00,midpoint,false
2025-10-11T23:00:00.000Z,0.6050,,0.6000,0.6100,0.00,25599.00,midpoint,false
2025-10-12T00:00:00.000Z,0.6100,0.6100,0.6000,0.6100,4.00,25603.00,trade,false
2025-10-12T01:00:00.000Z,0.6050,,0.6000,0.6100,0.00,25603.00,midpoint,false
2025-10-12T02:00:00.000Z,0.6050,,0.6000,0.6100,0.00,25603.00,midpoint,false
2025-10-12T03:00:00.000Z,0.6200,0.6200,0.6000,0.6200,238.00,25839.00,trade,false
2025-10-12T04:00:00.000Z,0.6100,,0.6000,0.6200,0.00,25839.00,midpoint,false
2025-10-12T05:00:00.000Z,0.6100,,0.6000,0.6200,0.00,25839.00,midpoint,false
2025-10-12T06:00:00.000Z,0.6100,,0.6000,0.6200,0.00,25839.00,midpoint,false
2025-10-12T07:00:00.000Z,0.6100,,0.6000,0.6200,0.00,25839.00,midpoint,false
2025-10-12T08:00:00.000Z,0.6100,,0.6000,0.6200,0.00,25839.00,midpoint,false
2025-10-12T09:00:00.000Z,0.6100,,0.6000,0.6200,0.00,25839.00,midpoint,false
2025-10-12T10:00:00.000Z,0.6100,,0.6000,0.6200,0.00,25839.00,midpoint,false
2025-10-12T11:00:00.000Z,0.6100,,0.6000,0.6200,0.00,25839.00,midpoint,false
2025-10-12T12:00:00.000Z,0.6100,,0.6000,0.6200,0.00,25839.00,midpoint,false
2025-10-12T13:00:00.000Z,0.6200,0.6200,0.6000,0.6200,6.00,25845.00,trade,false
2025-10-12T14:00:00.000Z,0.6100,0.6100,0.6000,0.6100,90.00,25935.00,trade,false
2025-10-12T15:00:00.000Z,0.6050,,0.6000,0.6100,0.00,25935.00,midpoint,false
2025-10-12T16:00:00.000Z,0.6000,0.6000,0.6000,0.6200,13.00,25935.00,trade,false
2025-10-12T17:00:00.000Z,0.6100,0.6100,0.6000,0.6100,60.00,25982.00,trade,false
2025-10-12T18:00:00.000Z,0.6100,,0.6000,0.6200,0.00,25982.00,midpoint,false
2025-10-12T19:00:00.000Z,0.5800,0.5800,0.5800,0.6200,126.00,25982.00,trade,false
2025-10-12T20:00:00.000Z,0.5800,0.5800,0.5800,0.6200,35.00,25982.00,trade,false
2025-10-12T21:00:00.000Z,0.5950,,0.5800,0.6100,0.00,25982.00,midpoint,false
2025-10-12T22:00:00.000Z,0.5800,0.5800,0.5800,0.6200,11.00,25982.00,trade,false
2025-10-12T23:00:00.000Z,0.5800,0.5800,0.5800,0.6200,11.00,25992.00,trade,false
2025-10-13T00:00:00.000Z,0.6200,0.6200,0.5800,0.6200,3.00,25995.00,trade,false
2025-10-13T01:00:00.000Z,0.6200,0.6200,0.5800,0.6200,15.00,26010.00,trade,false
2025-10-13T02:00:00.000Z,0.6100,0.6100,0.5800,0.6200,17.00,26027.00,trade,false
2025-10-13T03:00:00.000Z,0.6000,,0.5800,0.6200,0.00,26027.00,midpoint,false
2025-10-13T04:00:00.000Z,0.6200,0.6200,0.6000,0.6200,691.00,26718.00,trade,false
2025-10-13T05:00:00.000Z,0.6200,0.6200,0.6000,0.6200,53.00,26771.00,trade,false
2025-10-13T06:00:00.000Z,0.6100,,0.6000,0.6200,0.00,26771.00,midpoint,false
2025-10-13T07:00:00.000Z,0.6100,0.6100,0.5900,0.6100,30.00,26786.00,trade,false
2025-10-13T08:00:00.000Z,0.6000,,0.5900,0.6100,0.00,26786.00,midpoint,false
2025-10-13T09:00:00.000Z,0.6000,,0.5900,0.6100,0.00,26786.00,midpoint,false
2025-10-13T10:00:00.000Z,0.6000,,0.5900,0.6100,0.00,26786.00,midpoint,false
2025-10-13T11:00:00.000Z,0.6100,0.6100,0.5900,0.6100,39.00,26825.00,trade,false
2025-10-13T12:00:00.000Z,0.6000,,0.5900,0.6100,0.00,26825.00,midpoint,false
2025-10-13T13:00:00.000Z,0.6050,,0.6000,0.6100,0.00,26825.00,midpoint,false
2025-10-13T14:00:00.000Z,0.6050,,0.6000,0.6100,0.00,26825.00,midpoint,false
2025-10-13T15:00:00.000Z,0.6050,,0.6000,0.6100,0.00,26825.00,midpoint,false
2025-10-13T16:00:00.000Z,0.6050,,0.6000,0.6100,0.00,26825.00,midpoint,false
2025-10-13T17:00:00.000Z,0.6050,,0.6000,0.6100,0.00,26825.00,midpoint,false
2025-10-13T18:00:00.000Z,0.6050,,0.6000,0.6100,0.00,26825.00,midpoint,false
2025-10-13T19:00:00.000Z,0.6050,,0.6000,0.6100,0.00,26825.00,midpoint,false
2025-10-13T20:00:00.000Z,0.6050,,0.6000,0.6100,0.00,26825.00,midpoint,false
2025-10-13T21:00:00.000Z,0.6100,0.6100,0.6000,0.6100,96.00,26921.00,trade,false
2025-10-13T22:00:00.000Z,0.6100,0.6100,0.6000,0.6100,15.00,26936.00,trade,false
2025-10-13T23:00:00.000Z,0.6100,0.6100,0.6000,0.6100,3.00,26939.00,trade,false
2025-10-14T00:00:00.000Z,0.6050,,0.6000,0.6100,0.00,26939.00,midpoint,false
2025-10-14T01:00:00.000Z,0.6100,0.6100,0.6000,0.6100,3.00,26942.00,trade,false
2025-10-14T02:00:00.000Z,0.6050,,0.6000,0.6100,0.00,26942.00,midpoint,false
2025-10-14T03:00:00.000Z,0.6050,,0.6000,0.6100,0.00,26942.00,midpoint,false
2025-10-14T04:00:00.000Z,0.6100,0.6100,0.6000,0.6200,83.00,27025.00,trade,false
2025-10-14T05:00:00.000Z,0.6100,,0.6000,0.6200,0.00,27025.00,midpoint,false
2025-10-14T06:00:00.000Z,0.6100,,0.6000,0.6200,0.00,27025.00,midpoint,false
2025-10-14T07:00:00.000Z,0.6300,0.6300,0.6100,0.6300,60.00,27085.00,trade,false
2025-10-14T08:00:00.000Z,0.6300,0.6300,0.6000,0.6300,84.00,27085.00,trade,false
2025-10-14T09:00:00.000Z,0.6150,,0.6000,0.6300,0.00,27085.00,midpoint,false
2025-10-14T10:00:00.000Z,0.6150,,0.6000,0.6300,0.00,27085.00,midpoint,false
2025-10-14T11:00:00.000Z,0.5900,0.5900,0.5900,0.6000,124.00,27085.00,trade,false
2025-10-14T12:00:00.000Z,0.5600,0.5600,0.5500,0.6000,1435.00,27085.00,trade,false
2025-10-14T13:00:00.000Z,0.5750,,0.5500,0.6000,0.00,27085.00,midpoint,false
2025-10-14T14:00:00.000Z,0.5900,,0.5800,0.6000,0.00,27085.00,midpoint,false
2025-10-14T15:00:00.000Z,0.6100,0.6100,0.5800,0.6100,3.00,27088.00,trade,false
2025-10-14T16:00:00.000Z,0.5950,,0.5800,0.6100,0.00,27088.00,midpoint,false
2025-10-14T17:00:00.000Z,0.5900,,0.5800,0.6000,0.00,27088.00,midpoint,false
2025-10-14T18:00:00.000Z,0.6000,0.6000,0.5800,0.6000,16.00,27104.00,trade,false
2025-10-14T19:00:00.000Z,0.5950,,0.5800,0.6100,0.00,27104.00,midpoint,false
2025-10-14T20:00:00.000Z,0.6300,0.6300,0.5800,0.6300,312.00,27201.00,trade,false
2025-10-14T21:00:00.000Z,0.6300,0.6300,0.5800,0.6200,58.00,27259.00,trade,false
2025-10-14T22:00:00.000Z,0.6050,,0.5800,0.6300,0.00,27259.00,midpoint,false
2025-10-14T23:00:00.000Z,0.6050,,0.5800,0.6300,0.00,27259.00,midpoint,false
2025-10-15T00:00:00.000Z,0.5800,0.5800,0.5800,0.6400,5.00,27259.00,trade,false
2025-10-15T01:00:00.000Z,0.6050,,0.5800,0.6300,0.00,27259.00,midpoint,false
2025-10-15T02:00:00.000Z,0.6100,,0.5900,0.6300,0.00,27259.00,midpoint,false
2025-10-15T03:00:00.000Z,0.6050,,0.5900,0.6200,0.00,27259.00,midpoint,false
2025-10-15T04:00:00.000Z,0.6200,0.6200,0.5900,0.6300,2.00,27261.00,trade,false
2025-10-15T05:00:00.000Z,0.6100,,0.5900,0.6300,0.00,27261.00,midpoint,false
2025-10-15T06:00:00.000Z,0.5950,,0.5900,0.6000,0.00,27261.00,midpoint,false
2025-10-15T07:00:00.000Z,0.5950,,0.5900,0.6000,0.00,27261.00,midpoint,false
2025-10-15T08:00:00.000Z,0.5950,,0.5900,0.6000,0.00,27261.00,midpoint,false
2025-10-15T09:00:00.000Z,0.5950,,0.5900,0.6000,0.00,27261.00,midpoint,false
2025-10-15T10:00:00.000Z,0.5950,,0.5900,0.6000,0.00,27261.00,midpoint,false
2025-10-15T11:00:00.000Z,0.5900,0.5900,0.5900,0.6000,48.00,27223.00,trade,false
2025-10-15T12:00:00.000Z,0.5950,,0.5900,0.6000,0.00,27223.00,midpoint,false
2025-10-15T13:00:00.000Z,0.5950,,0.5900,0.6000,0.00,27223.00,midpoint,false
2025-10-15T14:00:00.000Z,0.6100,0.6100,0.5900,0.6000,799.00,28022.00,trade,false
2025-10-15T15:00:00.000Z,0.6100,0.6100,0.5900,0.6100,4.00,28026.00,trade,false
2025-10-15T16:00:00.000Z,0.5900,0.5900,0.5900,0.6000,7.00,28027.00,trade,false
2025-10-15T17:00:00.000Z,0.6100,0.6100,0.5900,0.6100,188.00,28186.00,trade,false
2025-10-15T18:00:00.000Z,0.6100,0.6100,0.5900,0.6000,50.00,28236.00,trade,false
2025-10-15T19:00:00.000Z,0.5950,,0.5900,0.6000,0.00,28236.00,midpoint,false
2025-10-15T20:00:00.000Z,0.5950,,0.5900,0.6000,0.00,28236.00,midpoint,false
2025-10-15T21:00:00.000Z,0.6100,0.6100,0.5900,0.6100,15.00,28251.00,trade,false
2025-10-15T22:00:00.000Z,0.6000,,0.5900,0.6100,0.00,28251.00,midpoint,false
2025-10-15T23:00:00.000Z,0.6100,0.6100,0.5900,0.6100,15.00,28266.00,trade,false
2025-10-16T00:00:00.000Z,0.6000,,0.5900,0.6100,0.00,28266.00,midpoint,false
2025-10-16T01:00:00.000Z,0.6100,0.6100,0.5900,0.6100,10.00,28276.00,trade,false
2025-10-16T02:00:00.000Z,0.6100,0.6100,0.5700,0.6100,334.00,28291.00,trade,false
2025-10-16T03:00:00.000Z,0.5900,,0.5700,0.6100,0.00,28291.00,midpoint,false
2025-10-16T04:00:00.000Z,0.5900,,0.5700,0.6100,0.00,28291.00,midpoint,false
2025-10-16T05:00:00.000Z,0.6000,0.6000,0.5800,0.6000,122.00,28233.00,trade,false
2025-10-16T06:00:00.000Z,0.5800,,0.5600,0.6000,0.00,28233.00,midpoint,false
2025-10-16T07:00:00.000Z,0.6000,0.6000,0.5800,0.6000,48.00,28281.00,trade,false
2025-10-16T08:00:00.000Z,0.5850,,0.5700,0.6000,0.00,28281.00,midpoint,false
2025-10-16T09:00:00.000Z,0.5800,,0.5600,0.6000,0.00,28281.00,midpoint,false
2025-10-16T10:00:00.000Z,0.5800,0.5800,0.5300,0.6000,220.00,28204.00,trade,false
2025-10-16T11:00:00.000Z,0.6000,0.6000,0.5200,0.6000,8.00,28212.00,trade,false
2025-10-16T12:00:00.000Z,0.5650,,0.5300,0.6000,0.00,28212.00,midpoint,false
2025-10-16T13:00:00.000Z,0.6000,0.6000,0.5800,0.6000,3.00,28215.00,trade,false
2025-10-16T14:00:00.000Z,0.5850,,0.5700,0.6000,0.00,28215.00,midpoint,false
2025-10-16T15:00:00.000Z,0.6000,0.6000,0.5700,0.6000,569.00,28223.00,trade,false
2025-10-16T16:00:00.000Z,0.6100,0.6100,0.5800,0.6200,1451.00,29674.00,trade,false
2025-10-16T17:00:00.000Z,0.6200,0.6200,0.5900,0.6200,12.00,29686.00,trade,false
2025-10-16T18:00:00.000Z,0.6100,0.6100,0.5900,0.6100,79.00,29765.00,trade,false
2025-10-16T19:00:00.000Z,0.5950,,0.5900,0.6000,0.00,29765.00,midpoint,false
2025-10-16T20:00:00.000Z,0.6100,0.6100,0.5900,0.6100,119.00,29884.00,trade,false
2025-10-16T21:00:00.000Z,0.6200,0.6200,0.5900,0.6200,47.00,29931.00,trade,false
2025-10-16T22:00:00.000Z,0.6050,,0.5900,0.6200,0.00,29931.00,midpoint,false
2025-10-16T23:00:00.000Z,0.6200,0.6200,0.5900,0.6200,55.00,29986.00,trade,false
2025-10-17T00:00:00.000Z,0.6200,0.6200,0.5900,0.6200,7.00,29993.00,trade,false
2025-10-17T01:00:00.000Z,0.5900,0.5900,0.5900,0.6100,26.00,30008.00,trade,false
2025-10-17T02:00:00.000Z,0.6200,0.6200,0.6000,0.6200,283.00,30291.00,trade,false
2025-10-17T03:00:00.000Z,0.6000,0.6000,0.5900,0.6200,15.00,30291.00,trade,false
2025-10-17T04:00:00.000Z,0.6200,0.6200,0.5900,0.6200,1.00,30292.00,trade,false
2025-10-17T05:00:00.000Z,0.6200,0.6200,0.5900,0.6200,432.00,30724.00,trade,false
2025-10-17T06:00:00.000Z,0.6200,0.6200,0.5900,0.6100,23.00,30747.00,trade,false
2025-10-17T07:00:00.000Z,0.6000,,0.5900,0.6100,0.00,30747.00,midpoint,false
2025-10-17T08:00:00.000Z,0.5900,0.5900,0.5900,0.6100,35.00,30747.00,trade,false
2025-10-17T09:00:00.000Z,0.5900,0.5900,0.5900,0.6100,17.00,30730.00,trade,false
2025-10-17T10:00:00.000Z,0.6100,0.6100,0.5900,0.6100,10.00,30740.00,trade,false
2025-10-17T11:00:00.000Z,0.6000,,0.5900,0.6100,0.00,30740.00,midpoint,false
2025-10-17T12:00:00.000Z,0.6100,0.6100,0.5900,0.6100,31.00,30771.00,trade,false
2025-10-17T13:00:00.000Z,0.6200,0.6200,0.5900,0.6200,6.00,30777.00,trade,false
2025-10-17T14:00:00.000Z,0.6200,0.6200,0.5900,0.6200,34.00,30811.00,trade,false
2025-10-17T15:00:00.000Z,0.6200,0.6200,0.5900,0.6200,99.00,30896.00,trade,false
2025-10-17T16:00:00.000Z,0.6050,,0.5900,0.6200,0.00,30896.00,midpoint,false
2025-10-17T17:00:00.000Z,0.5900,0.5900,0.5900,0.6300,156.00,31041.00,trade,false
2025-10-17T18:00:00.000Z,0.6100,,0.5900,0.6300,0.00,31041.00,midpoint,false
2025-10-17T19:00:00.000Z,0.6200,0.6200,0.5900,0.6200,196.00,31237.00,trade,false
2025-10-17T20:00:00.000Z,0.6200,0.6200,0.5900,0.6200,157.00,31394.00,trade,false
2025-10-17T21:00:00.000Z,0.5900,0.5900,0.5900,0.6200,55.00,31401.00,trade,false
2025-10-17T22:00:00.000Z,0.6050,,0.5900,0.6200,0.00,31401.00,midpoint,false
2025-10-17T23:00:00.000Z,0.6050,,0.5900,0.6200,0.00,31401.00,midpoint,false
2025-10-18T00:00:00.000Z,0.6200,0.6200,0.5900,0.6200,7.00,31408.00,trade,false
2025-10-18T01:00:00.000Z,0.6050,,0.5900,0.6200,0.00,31408.00,midpoint,false
2025-10-18T02:00:00.000Z,0.6200,0.6200,0.5900,0.6200,30.00,31438.00,trade,false
2025-10-18T03:00:00.000Z,0.6200,0.6200,0.5900,0.6200,30.00,31468.00,trade,false
2025-10-18T04:00:00.000Z,0.6200,0.6200,0.5900,0.6200,1.00,31469.00,trade,false
2025-10-18T05:00:00.000Z,0.6200,0.6200,0.5900,0.6200,4.00,31473.00,trade,false
2025-10-18T06:00:00.000Z,0.6050,,0.5900,0.6200,0.00,31473.00,midpoint,false
2025-10-18T07:00:00.000Z,0.6050,,0.5900,0.6200,0.00,31473.00,midpoint,false
2025-10-18T08:00:00.000Z,0.6200,0.6200,0.5900,0.6200,19.00,31492.00,trade,false
2025-10-18T09:00:00.000Z,0.6200,0.6200,0.5900,0.6200,1.00,31493.00,trade,false
2025-10-18T10:00:00.000Z,0.6050,,0.5900,0.6200,0.00,31493.00,midpoint,false
2025-10-18T11:00:00.000Z,0.6200,0.6200,0.5900,0.6200,23.00,31516.00,trade,false
2025-10-18T12:00:00.000Z,0.6050,,0.5900,0.6200,0.00,31516.00,midpoint,false
2025-10-18T13:00:00.000Z,0.6050,,0.5900,0.6200,0.00,31516.00,midpoint,false
2025-10-18T14:00:00.000Z,0.5900,0.5900,0.5900,0.6200,3.00,31513.00,trade,false
2025-10-18T15:00:00.000Z,0.6050,,0.5900,0.6200,0.00,31513.00,midpoint,false
2025-10-18T16:00:00.000Z,0.6050,,0.5900,0.6200,0.00,31513.00,midpoint,false
2025-10-18T17:00:00.000Z,0.6200,0.6200,0.5900,0.6200,3.00,31516.00,trade,false
2025-10-18T18:00:00.000Z,0.6050,,0.5900,0.6200,0.00,31516.00,midpoint,false
2025-10-18T19:00:00.000Z,0.6200,0.6200,0.5900,0.6200,18.00,31523.00,trade,false
2025-10-18T20:00:00.000Z,0.6200,0.6200,0.5900,0.6200,18.00,31523.00,trade,false
2025-10-18T21:00:00.000Z,0.6200,0.6200,0.5900,0.6200,23.00,31546.00,trade,false
2025-10-18T22:00:00.000Z,0.6000,0.6000,0.6000,0.6200,4.00,31546.00,trade,false
2025-10-18T23:00:00.000Z,0.6200,0.6200,0.6100,0.6200,15.00,31557.00,trade,false
2025-10-19T00:00:00.000Z,0.6150,,0.6100,0.6200,0.00,31557.00,midpoint,false
2025-10-19T01:00:00.000Z,0.6150,,0.6100,0.6200,0.00,31557.00,midpoint,false
2025-10-19T02:00:00.000Z,0.6200,0.6200,0.6000,0.6200,313.00,31775.00,trade,false
2025-10-19T03:00:00.000Z,0.6100,0.6100,0.6100,0.6300,14.00,31775.00,trade,false
2025-10-19T04:00:00.000Z,0.6300,0.6300,0.6000,0.6200,30.00,31805.00,trade,false
2025-10-19T05:00:00.000Z,0.6200,0.6200,0.6000,0.6300,18.00,31823.00,trade,false
2025-10-19T06:00:00.000Z,0.6300,0.6300,0.6100,0.6300,1.00,31824.00,trade,false
2025-10-19T07:00:00.000Z,0.6200,,0.6100,0.6300,0.00,31824.00,midpoint,false
2025-10-19T08:00:00.000Z,0.6300,0.6300,0.6100,0.6300,25.00,31849.00,trade,false
2025-10-19T09:00:00.000Z,0.6200,,0.6100,0.6300,0.00,31849.00,midpoint,false
2025-10-19T10:00:00.000Z,0.6200,,0.6100,0.6300,0.00,31849.00,midpoint,false
2025-10-19T11:00:00.000Z,0.6200,,0.6100,0.6300,0.00,31849.00,midpoint,false
2025-10-19T12:00:00.000Z,0.6300,0.6300,0.6100,0.6300,1.00,31850.00,trade,false
2025-10-19T13:00:00.000Z,0.6300,0.6300,0.6100,0.6300,1.00,31851.00,trade,false
2025-10-19T14:00:00.000Z,0.6100,0.6100,0.6100,0.6300,7.00,31844.00,trade,false
2025-10-19T15:00:00.000Z,0.6150,,0.6100,0.6200,0.00,31844.00,midpoint,false
2025-10-19T16:00:00.000Z,0.6100,0.6100,0.6100,0.6200,54.00,31850.00,trade,false
2025-10-19T17:00:00.000Z,0.6200,0.6200,0.6100,0.6300,42.00,31892.00,trade,false
2025-10-19T18:00:00.000Z,0.6300,0.6300,0.6200,0.6300,2.00,31894.00,trade,false
2025-10-19T19:00:00.000Z,0.6100,0.6100,0.6000,0.6100,50.00,31918.00,trade,false
2025-10-19T20:00:00.000Z,0.6050,,0.6000,0.6100,0.00,31918.00,midpoint,false
2025-10-19T21:00:00.000Z,0.6100,0.6100,0.5900,0.6100,573.00,32468.00,trade,false
2025-10-19T22:00:00.000Z,0.6100,0.6100,0.5900,0.6100,167.00,32635.00,trade,false
2025-10-19T23:00:00.000Z,0.6100,0.6100,0.5900,0.6100,82.00,32717.00,trade,false
2025-10-20T00:00:00.000Z,0.6100,0.6100,0.5900,0.6100,79.00,32796.00,trade,false
2025-10-20T01:00:00.000Z,0.5900,0.5900,0.5900,0.6100,23.00,32796.00,trade,false
2025-10-20T02:00:00.000Z,0.5800,0.5800,0.5800,0.6000,45.00,32796.00,trade,false
2025-10-20T03:00:00.000Z,0.6000,0.6000,0.5900,0.6000,13.00,32809.00,trade,false
2025-10-20T04:00:00.000Z,0.5900,0.5900,0.5900,0.6100,79.00,32730.00,trade,false
2025-10-20T05:00:00.000Z,0.5950,,0.5900,0.6000,0.00,32730.00,midpoint,false
2025-10-20T06:00:00.000Z,0.6000,0.6000,0.5900,0.6000,2.00,32732.00,trade,false
2025-10-20T07:00:00.000Z,0.5950,,0.5900,0.6000,0.00,32732.00,midpoint,false
2025-10-20T08:00:00.000Z,0.5950,,0.5900,0.6000,0.00,32732.00,midpoint,false
2025-10-20T09:00:00.000Z,0.5950,,0.5900,0.6000,0.00,32732.00,midpoint,false
2025-10-20T10:00:00.000Z,0.5900,0.5900,0.5900,0.6000,4.00,32732.00,trade,false
2025-10-20T11:00:00.000Z,0.5950,,0.5900,0.6000,0.00,32732.00,midpoint,false
2025-10-20T12:00:00.000Z,0.5950,,0.5900,0.6000,0.00,32732.00,midpoint,false
2025-10-20T13:00:00.000Z,0.5900,0.5900,0.5900,0.6000,3.00,32729.00,trade,false
2025-10-20T14:00:00.000Z,0.6100,0.6100,0.6000,0.6100,36.00,32765.00,trade,false
2025-10-20T15:00:00.000Z,0.6050,,0.6000,0.6100,0.00,32765.00,midpoint,false
2025-10-20T16:00:00.000Z,0.6100,0.6100,0.6000,0.6100,1.00,32766.00,trade,false
2025-10-20T17:00:00.000Z,0.6050,,0.6000,0.6100,0.00,32766.00,midpoint,false
2025-10-20T18:00:00.000Z,0.6100,0.6100,0.6000,0.6100,15.00,32781.00,trade,false
2025-10-20T19:00:00.000Z,0.6100,0.6100,0.6000,0.6100,14.00,32795.00,trade,false
2025-10-20T20:00:00.000Z,0.6000,0.6000,0.5900,0.6000,112.00,32907.00,trade,false
2025-10-20T21:00:00.000Z,0.5900,0.5900,0.5800,0.5900,93.00,32907.00,trade,false
2025-10-20T22:00:00.000Z,0.5850,,0.5800,0.5900,0.00,32907.00,midpoint,false
2025-10-20T23:00:00.000Z,0.5800,0.5800,0.5800,0.5900,33.00,32938.00,trade,false
2025-10-21T00:00:00.000Z,0.5800,0.5800,0.5800,0.5900,58.00,32944.00,trade,false
2025-10-21T01:00:00.000Z,0.5800,0.5800,0.5800,0.5900,15.00,32957.00,trade,false
2025-10-21T02:00:00.000Z,0.5900,0.5900,0.5800,0.6000,144.00,32961.00,trade,false
2025-10-21T03:00:00.000Z,0.5900,,0.5800,0.6000,0.00,32961.00,midpoint,false
2025-10-21T04:00:00.000Z,0.6000,0.6000,0.5800,0.6000,82.00,33043.00,trade,false
2025-10-21T05:00:00.000Z,0.6000,0.6000,0.5800,0.6000,19.00,33062.00,trade,false
2025-10-21T06:00:00.000Z,0.5900,,0.5800,0.6000,0.00,33062.00,midpoint,false
2025-10-21T07:00:00.000Z,0.5900,,0.5800,0.6000,0.00,33062.00,midpoint,false
2025-10-21T08:00:00.000Z,0.5900,,0.5800,0.6000,0.00,33062.00,midpoint,false
2025-10-21T09:00:00.000Z,0.5800,0.5800,0.5800,0.6000,22.00,33062.00,trade,false
2025-10-21T10:00:00.000Z,0.5900,,0.5800,0.6000,0.00,33062.00,midpoint,false
2025-10-21T11:00:00.000Z,0.6000,0.6000,0.5800,0.6000,81.00,33143.00,trade,false
2025-10-21T12:00:00.000Z,0.6000,0.6000,0.5800,0.6000,5.00,33146.00,trade,false
2025-10-21T13:00:00.000Z,0.6000,0.6000,0.5900,0.6000,16.00,33162.00,trade,false
2025-10-21T14:00:00.000Z,0.6000,0.6000,0.5900,0.6000,11.00,33173.00,trade,false
2025-10-21T15:00:00.000Z,0.6000,0.6000,0.5900,0.6000,6.00,33179.00,trade,false
2025-10-21T16:00:00.000Z,0.6000,0.6000,0.5900,0.6000,102.00,33281.00,trade,false
2025-10-21T17:00:00.000Z,0.6000,0.6000,0.5900,0.6000,243.00,33524.00,trade,false
2025-10-21T18:00:00.000Z,0.6000,0.6000,0.5900,0.6000,203.00,33727.00,trade,false
2025-10-21T19:00:00.000Z,0.6000,0.6000,0.5900,0.6000,32.00,33759.00,trade,false
2025-10-21T20:00:00.000Z,0.6000,0.6000,0.5900,0.6000,24.00,33783.00,trade,false
2025-10-21T21:00:00.000Z,0.6000,0.6000,0.5900,0.6000,195.00,33934.00,trade,false
2025-10-21T22:00:00.000Z,0.6000,0.6000,0.5900,0.6000,38.00,33938.00,trade,false
2025-10-21T23:00:00.000Z,0.6000,0.6000,0.5900,0.6000,8.00,33946.00,trade,false
2025-10-22T00:00:00.000Z,0.6100,0.6100,0.5900,0.6100,317.00,34252.00,trade,false
2025-10-22T01:00:00.000Z,0.6100,0.6100,0.5900,0.6100,97.00,34349.00,trade,false
2025-10-22T02:00:00.000Z,0.6100,0.6100,0.5900,0.6100,156.00,34505.00,trade,false
2025-10-22T03:00:00.000Z,0.6100,0.6100,0.5900,0.6100,373.00,34878.00,trade,false
2025-10-22T04:00:00.000Z,0.6100,0.6100,0.5900,0.6100,109.00,34987.00,trade,false
2025-10-22T05:00:00.000Z,0.6000,,0.5900,0.6100,0.00,34987.00,midpoint,false
2025-10-22T06:00:00.000Z,0.6100,0.6100,0.5900,0.6100,8.00,34995.00,trade,false
2025-10-22T07:00:00.000Z,0.6100,0.6100,0.5900,0.6100,12.00,35007.00,trade,false
2025-10-22T08:00:00.000Z,0.6100,0.6100,0.5900,0.6100,6.00,35013.00,trade,false
2025-10-22T09:00:00.000Z,0.6000,,0.5900,0.6100,0.00,35013.00,midpoint,false
2025-10-22T10:00:00.000Z,0.6000,,0.5900,0.6100,0.00,35013.00,midpoint,false
2025-10-22T11:00:00.000Z,0.6100,0.6100,0.5900,0.6100,15.00,35028.00,trade,false
2025-10-22T12:00:00.000Z,0.6000,,0.5900,0.6100,0.00,35028.00,midpoint,false
2025-10-22T13:00:00.000Z,0.6100,0.6100,0.5900,0.6100,101.00,35029.00,trade,false
2025-10-22T14:00:00.000Z,0.5900,0.5900,0.5900,0.6100,31.00,35058.00,trade,false
2025-10-22T15:00:00.000Z,0.6000,0.6000,0.5900,0.6000,62.00,35120.00,trade,false
2025-10-22T16:00:00.000Z,0.5950,,0.5900,0.6000,0.00,35120.00,midpoint,false
2025-10-22T17:00:00.000Z,0.6000,0.6000,0.5900,0.6000,1.00,35121.00,trade,false
2025-10-22T18:00:00.000Z,0.6000,0.6000,0.5900,0.6000,29.00,35139.00,trade,false
2025-10-22T19:00:00.000Z,0.6000,0.6000,0.5900,0.6000,1.00,35140.00,trade,false
2025-10-22T20:00:00.000Z,0.6100,0.6100,0.6000,0.6100,69.00,35195.00,trade,false
2025-10-22T21:00:00.000Z,0.6100,0.6100,0.6000,0.6100,15.00,35210.00,trade,false
2025-10-22T22:00:00.000Z,0.6050,,0.6000,0.6100,0.00,35210.00,midpoint,false
2025-10-22T23:00:00.000Z,0.6100,0.6100,0.6000,0.6100,22.00,35232.00,trade,false
2025-10-23T00:00:00.000Z,0.6100,0.6100,0.6000,0.6100,61.00,35293.00,trade,false
2025-10-23T01:00:00.000Z,0.6050,,0.6000,0.6100,0.00,35293.00,midpoint,false
2025-10-23T02:00:00.000Z,0.6100,0.6100,0.6000,0.6100,9.00,35302.00,trade,false
2025-10-23T03:00:00.000Z,0.6050,,0.6000,0.6100,0.00,35302.00,midpoint,false
2025-10-23T04:00:00.000Z,0.6050,,0.6000,0.6100,0.00,35302.00,midpoint,false
2025-10-23T05:00:00.000Z,0.6050,,0.6000,0.6100,0.00,35302.00,midpoint,false
2025-10-23T06:00:00.000Z,0.6000,0.6000,0.6000,0.6100,81.00,35302.00,trade,false
2025-10-23T07:00:00.000Z,0.6100,0.6100,0.6000,0.6100,26.00,35328.00,trade,false
2025-10-23T08:00:00.000Z,0.6050,,0.6000,0.6100,0.00,35328.00,midpoint,false
2025-10-23T09:00:00.000Z,0.6050,,0.6000,0.6100,0.00,35328.00,midpoint,false
2025-10-23T10:00:00.000Z,0.6050,,0.6000,0.6100,0.00,35328.00,midpoint,false
2025-10-23T12:00:00.000Z,0.6050,,0.6000,0.6100,0.00,35328.00,midpoint,false
2025-10-23T13:00:00.000Z,0.6050,,0.6000,0.6100,0.00,35328.00,midpoint,false
2025-10-23T14:00:00.000Z,0.6050,,0.6000,0.6100,0.00,35328.00,midpoint,false
2025-10-23T15:00:00.000Z,0.6050,,0.6000,0.6100,0.00,35328.00,midpoint,false
2025-10-23T16:00:00.000Z,0.6050,,0.6000,0.6100,0.00,35328.00,midpoint,false
2025-10-23T17:00:00.000Z,0.6100,0.6100,0.6000,0.6100,31.00,35359.00,trade,false
2025-10-23T18:00:00.000Z,0.6100,0.6100,0.6000,0.6100,6.00,35365.00,trade,false
2025-10-23T19:00:00.000Z,0.6050,,0.6000,0.6100,0.00,35365.00,midpoint,false
2025-10-23T20:00:00.000Z,0.6100,0.6100,0.6000,0.6100,31.00,35396.00,trade,false
2025-10-23T21:00:00.000Z,0.6100,0.6100,0.6000,0.6100,18.00,35414.00,trade,false
2025-10-23T22:00:00.000Z,0.6000,0.6000,0.6000,0.6100,14.00,35425.00,trade,false
2025-10-23T23:00:00.000Z,0.6050,,0.6000,0.6100,0.00,35425.00,midpoint,false
2025-10-24T00:00:00.000Z,0.6000,0.6000,0.6000,0.6100,15.00,35440.00,trade,false
2025-10-24T01:00:00.000Z,0.6100,0.6100,0.6000,0.6100,1.00,35441.00,trade,false
2025-10-24T02:00:00.000Z,0.6000,0.6000,0.5900,0.6000,323.00,35574.00,trade,false
2025-10-24T03:00:00.000Z,0.6000,0.6000,0.5900,0.6000,24.00,35596.00,trade,false
2025-10-24T04:00:00.000Z,0.6000,0.6000,0.5900,0.6000,40.00,35636.00,trade,false
2025-10-24T05:00:00.000Z,0.6000,0.6000,0.5900,0.6000,26.00,35662.00,trade,false
2025-10-24T06:00:00.000Z,0.5900,0.5900,0.5900,0.6000,24.00,35638.00,trade,false
2025-10-24T07:00:00.000Z,0.5950,,0.5900,0.6000,0.00,35638.00,midpoint,false
2025-10-24T08:00:00.000Z,0.5950,,0.5900,0.6000,0.00,35638.00,midpoint,false
2025-10-24T09:00:00.000Z,0.5950,,0.5900,0.6000,0.00,35638.00,midpoint,false
2025-10-24T10:00:00.000Z,0.5900,0.5900,0.5900,0.6000,39.00,35599.00,trade,false
2025-10-24T11:00:00.000Z,0.5950,,0.5900,0.6000,0.00,35599.00,midpoint,false
2025-10-24T12:00:00.000Z,0.6000,0.6000,0.5900,0.6000,1.00,35600.00,trade,false
2025-10-24T13:00:00.000Z,0.5950,,0.5900,0.6000,0.00,35600.00,midpoint,false
2025-10-24T14:00:00.000Z,0.6000,0.6000,0.5900,0.6000,494.00,36078.00,trade,false
2025-10-24T15:00:00.000Z,0.5950,,0.5900,0.6000,0.00,36078.00,midpoint,false
2025-10-24T16:00:00.000Z,0.5950,,0.5900,0.6000,0.00,36078.00,midpoint,false
2025-10-24T17:00:00.000Z,0.5950,,0.5900,0.6000,0.00,36078.00,midpoint,false
2025-10-24T18:00:00.000Z,0.5950,,0.5900,0.6000,0.00,36078.00,midpoint,false
2025-10-24T19:00:00.000Z,0.5950,,0.5900,0.6000,0.00,36078.00,midpoint,false
2025-10-24T20:00:00.000Z,0.5950,,0.5900,0.6000,0.00,36078.00,midpoint,false
2025-10-24T21:00:00.000Z,0.5950,,0.5900,0.6000,0.00,36078.00,midpoint,false
2025-10-24T22:00:00.000Z,0.5900,0.5900,0.5900,0.6000,8.00,36070.00,trade,false
2025-10-24T23:00:00.000Z,0.6000,0.6000,0.5900,0.6000,16.00,36086.00,trade,false
2025-10-25T00:00:00.000Z,0.5950,,0.5900,0.6000,0.00,36086.00,midpoint,false
2025-10-25T01:00:00.000Z,0.6000,0.6000,0.5900,0.6000,17.00,36103.00,trade,false
2025-10-25T02:00:00.000Z,0.5950,,0.5900,0.6000,0.00,36103.00,midpoint,false
2025-10-25T03:00:00.000Z,0.6000,0.6000,0.5900,0.6000,81.00,36184.00,trade,false
2025-10-25T04:00:00.000Z,0.5900,0.5900,0.5900,0.6000,4.00,36184.00,trade,false
2025-10-25T05:00:00.000Z,0.5950,,0.5900,0.6000,0.00,36184.00,midpoint,false
2025-10-25T06:00:00.000Z,0.5950,,0.5900,0.6000,0.00,36184.00,midpoint,false
2025-10-25T07:00:00.000Z,0.5950,,0.5900,0.6000,0.00,36184.00,midpoint,false
2025-10-25T08:00:00.000Z,0.5950,,0.5900,0.6000,0.00,36184.00,midpoint,false
2025-10-25T09:00:00.000Z,0.5950,,0.5900,0.6000,0.00,36184.00,midpoint,false
2025-10-25T10:00:00.000Z,0.5950,,0.5900,0.6000,0.00,36184.00,midpoint,false
2025-10-25T11:00:00.000Z,0.5950,,0.5900,0.6000,0.00,36184.00,midpoint,false
2025-10-25T12:00:00.000Z,0.5950,,0.5900,0.6000,0.00,36184.00,midpoint,false
2025-10-25T13:00:00.000Z,0.5950,,0.5900,0.6000,0.00,36184.00,midpoint,false
2025-10-25T14:00:00.000Z,0.6000,0.6000,0.5900,0.6000,6.00,36190.00,trade,false
2025-10-25T15:00:00.000Z,0.5950,,0.5900,0.6000,0.00,36190.00,midpoint,false
2025-10-25T16:00:00.000Z,0.5900,0.5900,0.5900,0.6000,6.00,36186.00,trade,false
2025-10-25T17:00:00.000Z,0.6000,0.6000,0.5900,0.6000,10.00,36196.00,trade,false
2025-10-25T18:00:00.000Z,0.5950,,0.5900,0.6000,0.00,36196.00,midpoint,false
2025-10-25T19:00:00.000Z,0.5950,,0.5900,0.6000,0.00,36196.00,midpoint,false
2025-10-25T20:00:00.000Z,0.6000,0.6000,0.5900,0.6000,16.00,36212.00,trade,false
2025-10-25T21:00:00.000Z,0.6000,0.6000,0.5900,0.6000,100.00,36212.00,trade,false
2025-10-25T22:00:00.000Z,0.5950,,0.5900,0.6000,0.00,36212.00,midpoint,false
2025-10-25T23:00:00.000Z,0.6000,0.6000,0.5900,0.6000,178.00,36212.00,trade,false
2025-10-26T00:00:00.000Z,0.5950,,0.5900,0.6000,0.00,36212.00,midpoint,false
2025-10-26T01:00:00.000Z,0.5950,,0.5900,0.6000,0.00,36212.00,midpoint,false
2025-10-26T02:00:00.000Z,0.6000,0.6000,0.5900,0.6000,35.00,36247.00,trade,false
2025-10-26T03:00:00.000Z,0.5950,,0.5900,0.6000,0.00,36247.00,midpoint,false
2025-10-26T04:00:00.000Z,0.5950,,0.5900,0.6000,0.00,36247.00,midpoint,false
2025-10-26T05:00:00.000Z,0.6000,0.6000,0.5900,0.6000,162.00,36406.00,trade,false
2025-10-26T06:00:00.000Z,0.5950,,0.5900,0.6000,0.00,36406.00,midpoint,false
2025-10-26T07:00:00.000Z,0.5950,,0.5900,0.6000,0.00,36406.00,midpoint,false
2025-10-26T08:00:00.000Z,0.5950,,0.5900,0.6000,0.00,36406.00,midpoint,false
2025-10-26T09:00:00.000Z,0.5950,,0.5900,0.6000,0.00,36406.00,midpoint,false
2025-10-26T10:00:00.000Z,0.5950,,0.5900,0.6000,0.00,36406.00,midpoint,false
2025-10-26T11:00:00.000Z,0.5950,,0.5900,0.6000,0.00,36406.00,midpoint,false
2025-10-26T12:00:00.000Z,0.5950,,0.5900,0.6000,0.00,36406.00,midpoint,false
2025-10-26T13:00:00.000Z,0.5950,,0.5900,0.6000,0.00,36406.00,midpoint,false
2025-10-26T14:00:00.000Z,0.5900,0.5900,0.5900,0.6000,6.00,36400.00,trade,false
2025-10-26T15:00:00.000Z,0.5950,,0.5900,0.6000,0.00,36400.00,midpoint,false
2025-10-26T16:00:00.000Z,0.6000,0.6000,0.5900,0.6000,200.00,36593.00,trade,false
2025-10-26T17:00:00.000Z,0.6000,0.6000,0.5900,0.6000,24.00,36617.00,trade,false
2025-10-26T18:00:00.000Z,0.5900,0.5900,0.5900,0.6000,10.00,36607.00,trade,false
2025-10-26T19:00:00.000Z,0.6000,0.6000,0.5900,0.6000,33.00,36640.00,trade,false
2025-10-26T20:00:00.000Z,0.5900,0.5900,0.5900,0.6000,118.00,36684.00,trade,false
2025-10-26T21:00:00.000Z,0.5950,,0.5900,0.6000,0.00,36684.00,midpoint,false
2025-10-26T22:00:00.000Z,0.5950,,0.5900,0.6000,0.00,36684.00,midpoint,false
2025-10-26T23:00:00.000Z,0.5950,,0.5900,0.6000,0.00,36684.00,midpoint,false
2025-10-27T00:00:00.000Z,0.6100,0.6100,0.5900,0.6100,481.00,37065.00,trade,false
2025-10-27T01:00:00.000Z,0.6100,0.6100,0.5900,0.6100,27.00,37092.00,trade,false
2025-10-27T02:00:00.000Z,0.6000,,0.5900,0.6100,0.00,37092.00,midpoint,false
2025-10-27T03:00:00.000Z,0.6100,0.6100,0.5900,0.6100,23.00,37115.00,trade,false
2025-10-27T04:00:00.000Z,0.6100,0.6100,0.5900,0.6000,15.00,37130.00,trade,false
2025-10-27T05:00:00.000Z,0.6100,0.6100,0.5900,0.6100,32.00,37162.00,trade,false
2025-10-27T06:00:00.000Z,0.6000,,0.5900,0.6100,0.00,37162.00,midpoint,false
2025-10-27T07:00:00.000Z,0.6000,,0.5900,0.6100,0.00,37162.00,midpoint,false
2025-10-27T08:00:00.000Z,0.6000,,0.5900,0.6100,0.00,37162.00,midpoint,false
2025-10-27T09:00:00.000Z,0.6100,0.6100,0.5900,0.6100,20.00,37182.00,trade,false
2025-10-27T10:00:00.000Z,0.6050,,0.6000,0.6100,0.00,37182.00,midpoint,false
2025-10-27T11:00:00.000Z,0.6050,,0.6000,0.6100,0.00,37182.00,midpoint,false
2025-10-27T12:00:00.000Z,0.6050,,0.6000,0.6100,0.00,37182.00,midpoint,false
2025-10-27T13:00:00.000Z,0.6050,,0.6000,0.6100,0.00,37182.00,midpoint,false
2025-10-27T14:00:00.000Z,0.6050,,0.6000,0.6100,0.00,37182.00,midpoint,false
2025-10-27T15:00:00.000Z,0.6050,,0.6000,0.6100,0.00,37182.00,midpoint,false
2025-10-27T16:00:00.000Z,0.6050,,0.6000,0.6100,0.00,37182.00,midpoint,false
2025-10-27T17:00:00.000Z,0.6000,0.6000,0.5900,0.6000,20.00,37202.00,trade,false
2025-10-27T18:00:00.000Z,0.5950,,0.5900,0.6000,0.00,37202.00,midpoint,false
2025-10-27T19:00:00.000Z,0.5900,0.5900,0.5800,0.6100,208.00,37250.00,trade,false
2025-10-27T20:00:00.000Z,0.6100,0.6100,0.5800,0.6100,159.00,37409.00,trade,false
2025-10-27T21:00:00.000Z,0.6000,,0.5900,0.6100,0.00,37409.00,midpoint,false
2025-10-27T22:00:00.000Z,0.6000,0.6000,0.5900,0.6000,89.00,37409.00,trade,false
2025-10-27T23:00:00.000Z,0.5900,0.5900,0.5900,0.6100,48.00,37409.00,trade,false
2025-10-28T00:00:00.000Z,0.6100,0.6100,0.5900,0.6100,37.00,37446.00,trade,false
2025-10-28T01:00:00.000Z,0.5800,0.5800,0.5800,0.6000,25.00,37446.00,trade,false
2025-10-28T02:00:00.000Z,0.5900,,0.5800,0.6000,0.00,37446.00,midpoint,false
2025-10-28T03:00:00.000Z,0.6100,0.6100,0.5800,0.6100,242.00,37688.00,trade,false
2025-10-28T04:00:00.000Z,0.5800,0.5800,0.5800,0.6100,204.00,37837.00,trade,false
2025-10-28T05:00:00.000Z,0.6100,0.6100,0.5900,0.6100,2384.00,39971.00,trade,false
2025-10-28T06:00:00.000Z,0.6000,,0.5900,0.6100,0.00,39971.00,midpoint,false
2025-10-28T07:00:00.000Z,0.6100,0.6100,0.5900,0.6100,81.00,39972.00,trade,false
2025-10-28T08:00:00.000Z,0.5900,0.5900,0.5900,0.6100,7.00,39972.00,trade,false
2025-10-28T09:00:00.000Z,0.6000,,0.5900,0.6100,0.00,39972.00,midpoint,false
2025-10-28T10:00:00.000Z,0.6000,,0.5900,0.6100,0.00,39972.00,midpoint,false
2025-10-28T11:00:00.000Z,0.5900,0.5900,0.5900,0.6100,11.00,39980.00,trade,false
2025-10-28T12:00:00.000Z,0.6000,,0.5900,0.6100,0.00,39980.00,midpoint,false
2025-10-28T13:00:00.000Z,0.5900,0.5900,0.5900,0.6000,1116.00,40560.00,trade,false
2025-10-28T14:00:00.000Z,0.6000,0.6000,0.5900,0.6000,162.00,40722.00,trade,false
2025-10-28T15:00:00.000Z,0.6000,0.6000,0.5900,0.6000,64.00,40786.00,trade,false
2025-10-28T16:00:00.000Z,0.5950,,0.5900,0.6000,0.00,40786.00,midpoint,false
2025-10-28T17:00:00.000Z,0.6000,0.6000,0.5500,0.5900,48.00,40747.00,trade,false
2025-10-28T18:00:00.000Z,0.5900,0.5900,0.5700,0.5900,16.00,40763.00,trade,false
2025-10-28T19:00:00.000Z,0.6000,0.6000,0.5800,0.6000,40.00,40776.00,trade,false
2025-10-28T20:00:00.000Z,0.6000,0.6000,0.5800,0.5900,56.00,40822.00,trade,false
2025-10-28T21:00:00.000Z,0.6000,0.6000,0.5800,0.6000,16.00,40838.00,trade,false
2025-10-28T22:00:00.000Z,0.5900,,0.5800,0.6000,0.00,40838.00,midpoint,false
2025-10-28T23:00:00.000Z,0.5700,0.5700,0.5600,0.6000,224.00,40836.00,trade,false
2025-10-29T00:00:00.000Z,0.5750,,0.5600,0.5900,0.00,40836.00,midpoint,false
2025-10-29T01:00:00.000Z,0.5900,0.5900,0.5100,0.5800,32.00,40868.00,trade,false
2025-10-29T02:00:00.000Z,0.5800,0.5800,0.5500,0.5800,33.00,40901.00,trade,false
2025-10-29T03:00:00.000Z,0.5700,0.5700,0.5700,0.5800,43.00,40921.00,trade,false
2025-10-29T04:00:00.000Z,0.5750,,0.5700,0.5800,0.00,40921.00,midpoint,false
2025-10-29T05:00:00.000Z,0.5750,,0.5700,0.5800,0.00,40921.00,midpoint,false
2025-10-29T06:00:00.000Z,0.5750,,0.5700,0.5800,0.00,40921.00,midpoint,false
2025-10-29T07:00:00.000Z,0.5750,,0.5700,0.5800,0.00,40921.00,midpoint,false
2025-10-29T08:00:00.000Z,0.5750,,0.5700,0.5800,0.00,40921.00,midpoint,false
2025-10-29T09:00:00.000Z,0.5700,0.5700,0.5700,0.5800,15.00,40923.00,trade,false
2025-10-29T11:00:00.000Z,0.5750,,0.5700,0.5800,0.00,40923.00,midpoint,false
2025-10-29T12:00:00.000Z,0.5750,,0.5700,0.5800,0.00,40923.00,midpoint,false
2025-10-29T13:00:00.000Z,0.5750,,0.5700,0.5800,0.00,40923.00,midpoint,false
2025-10-29T14:00:00.000Z,0.5700,0.5700,0.5700,0.5800,2.00,40923.00,trade,false
2025-10-29T15:00:00.000Z,0.5750,,0.5700,0.5800,0.00,40923.00,midpoint,false
2025-10-29T16:00:00.000Z,0.5650,,0.5500,0.5800,0.00,40923.00,midpoint,false
2025-10-29T17:00:00.000Z,0.5800,0.5800,0.5200,0.5700,303.00,40923.00,trade,false
2025-10-29T18:00:00.000Z,0.5450,,0.5200,0.5700,0.00,40923.00,midpoint,false
2025-10-29T19:00:00.000Z,0.5450,,0.5200,0.5700,0.00,40923.00,midpoint,false
2025-10-29T20:00:00.000Z,0.5400,,0.5100,0.5700,0.00,40923.00,midpoint,false
2025-10-29T21:00:00.000Z,0.5900,0.5900,0.5200,0.6000,830.00,41750.00,trade,false
2025-10-29T22:00:00.000Z,0.6000,0.6000,0.5200,0.6000,32.00,41782.00,trade,false
2025-10-29T23:00:00.000Z,0.5550,,0.5100,0.6000,0.00,41782.00,midpoint,false
2025-10-30T00:00:00.000Z,0.5650,,0.5300,0.6000,0.00,41782.00,midpoint,false
2025-10-30T01:00:00.000Z,0.5600,,0.5200,0.6000,0.00,41782.00,midpoint,false
2025-10-30T02:00:00.000Z,0.5850,,0.5700,0.6000,0.00,41782.00,midpoint,false
2025-10-30T03:00:00.000Z,0.5800,,0.5600,0.6000,0.00,41782.00,midpoint,false
2025-10-30T04:00:00.000Z,0.5950,,0.5900,0.6000,0.00,41782.00,midpoint,false
2025-10-30T05:00:00.000Z,0.5900,0.5900,0.5600,0.5900,10.00,41792.00,trade,false
2025-10-30T07:00:00.000Z,0.5900,0.5900,0.5600,0.6000,808.00,42600.00,trade,false
2025-10-30T08:00:00.000Z,0.5800,,0.5600,0.6000,0.00,42600.00,midpoint,false
2025-10-30T09:00:00.000Z,0.5800,,0.5600,0.6000,0.00,42600.00,midpoint,false
2025-10-30T10:00:00.000Z,0.5800,,0.5600,0.6000,0.00,42600.00,midpoint,false
2025-10-30T11:00:00.000Z,0.5800,,0.5600,0.6000,0.00,42600.00,midpoint,false
2025-10-30T12:00:00.000Z,0.5800,,0.5600,0.6000,0.00,42600.00,midpoint,false
2025-10-30T13:00:00.000Z,0.5850,,0.5700,0.6000,0.00,42600.00,midpoint,false
2025-10-30T14:00:00.000Z,0.5850,,0.5700,0.6000,0.00,42600.00,midpoint,false
2025-10-30T15:00:00.000Z,0.5850,,0.5700,0.6000,0.00,42600.00,midpoint,false
2025-10-30T16:00:00.000Z,0.5800,,0.5600,0.6000,0.00,42600.00,midpoint,false
2025-10-30T17:00:00.000Z,0.5600,0.5600,0.5500,0.6000,2.00,42600.00,trade,false
2025-10-30T18:00:00.000Z,0.5700,,0.5400,0.6000,0.00,42600.00,midpoint,false
2025-10-30T19:00:00.000Z,0.6000,0.6000,0.5400,0.6000,163.00,42763.00,trade,false
2025-10-30T20:00:00.000Z,0.6000,0.6000,0.5400,0.6000,8.00,42771.00,trade,false
2025-10-30T21:00:00.000Z,0.5700,,0.5400,0.6000,0.00,42771.00,midpoint,false
2025-10-30T22:00:00.000Z,0.5600,,0.5200,0.6000,0.00,42771.00,midpoint,false
2025-10-30T23:00:00.000Z,0.5650,,0.5300,0.6000,0.00,42771.00,midpoint,false
2025-10-31T00:00:00.000Z,0.6000,0.6000,0.5300,0.5900,14.00,42779.00,trade,false
2025-10-31T01:00:00.000Z,0.5600,,0.5300,0.5900,0.00,42779.00,midpoint,false
2025-10-31T02:00:00.000Z,0.5600,,0.5300,0.5900,0.00,42779.00,midpoint,false
2025-10-31T03:00:00.000Z,0.5600,,0.5300,0.5900,0.00,42779.00,midpoint,false
2025-10-31T04:00:00.000Z,0.5600,,0.5300,0.5900,0.00,42779.00,midpoint,false
2025-10-31T05:00:00.000Z,0.5900,0.5900,0.5200,0.5900,4.00,42777.00,trade,false
2025-10-31T06:00:00.000Z,0.5600,,0.5400,0.5800,0.00,42777.00,midpoint,false
2025-10-31T07:00:00.000Z,0.5550,,0.5300,0.5800,0.00,42777.00,midpoint,false
2025-10-31T08:00:00.000Z,0.5550,,0.5300,0.5800,0.00,42777.00,midpoint,false
2025-10-31T09:00:00.000Z,0.5550,,0.5300,0.5800,0.00,42777.00,midpoint,false
2025-10-31T10:00:00.000Z,0.5550,,0.5300,0.5800,0.00,42777.00,midpoint,false
2025-10-31T11:00:00.000Z,0.5500,,0.5300,0.5700,0.00,42777.00,midpoint,false
2025-10-31T12:00:00.000Z,0.5500,,0.5300,0.5700,0.00,42777.00,midpoint,false
2025-10-31T13:00:00.000Z,0.5500,,0.5300,0.5700,0.00,42777.00,midpoint,false
2025-10-31T14:00:00.000Z,0.5500,,0.5300,0.5700,0.00,42777.00,midpoint,false
2025-10-31T15:00:00.000Z,0.5600,,0.5500,0.5700,0.00,42777.00,midpoint,false
2025-10-31T16:00:00.000Z,0.5600,,0.5500,0.5700,0.00,42777.00,midpoint,false
2025-10-31T17:00:00.000Z,0.5650,,0.5500,0.5800,0.00,42777.00,midpoint,false
2025-10-31T18:00:00.000Z,0.5600,,0.5500,0.5700,0.00,42777.00,midpoint,false
2025-10-31T19:00:00.000Z,0.5500,,0.5300,0.5700,0.00,42777.00,midpoint,false
2025-10-31T20:00:00.000Z,0.5500,,0.5300,0.5700,0.00,42777.00,midpoint,false
2025-10-31T21:00:00.000Z,0.5400,0.5400,0.5400,0.5700,42.00,42780.00,trade,false
2025-10-31T22:00:00.000Z,0.5500,,0.5300,0.5700,0.00,42780.00,midpoint,false
2025-10-31T23:00:00.000Z,0.5500,,0.5300,0.5700,0.00,42780.00,midpoint,false
2025-11-01T00:00:00.000Z,0.5500,,0.5300,0.5700,0.00,42780.00,midpoint,false
2025-11-01T01:00:00.000Z,0.5200,0.5200,0.5400,0.5700,90.00,42852.00,trade,false
2025-11-01T02:00:00.000Z,0.6100,0.6100,0.5300,0.6100,8.00,42854.00,trade,false
2025-11-01T03:00:00.000Z,0.6100,0.6100,0.5300,0.6100,30.00,42884.00,trade,false
2025-11-01T04:00:00.000Z,0.5300,0.5300,0.5200,0.5900,61.00,42945.00,trade,false
2025-11-01T05:00:00.000Z,0.5500,,0.5300,0.5700,0.00,42945.00,midpoint,false
2025-11-01T06:00:00.000Z,0.6100,0.6100,0.5300,0.6000,117.00,42941.00,trade,false
2025-11-01T07:00:00.000Z,0.5700,,0.5400,0.6000,0.00,42941.00,midpoint,false
2025-11-01T08:00:00.000Z,0.5700,,0.5400,0.6000,0.00,42941.00,midpoint,false
2025-11-01T09:00:00.000Z,0.5650,,0.5300,0.6000,0.00,42941.00,midpoint,false
2025-11-01T10:00:00.000Z,0.5200,0.5200,0.5200,0.5800,31.00,42941.00,trade,false
2025-11-01T11:00:00.000Z,0.5550,,0.5200,0.5900,0.00,42941.00,midpoint,false
2025-11-01T12:00:00.000Z,0.5550,,0.5200,0.5900,0.00,42941.00,midpoint,false
2025-11-01T13:00:00.000Z,0.5500,,0.5200,0.5800,0.00,42941.00,midpoint,false
2025-11-01T14:00:00.000Z,0.5500,,0.5200,0.5800,0.00,42941.00,midpoint,false
2025-11-01T15:00:00.000Z,0.5500,,0.5200,0.5800,0.00,42941.00,midpoint,false
2025-11-01T16:00:00.000Z,0.6100,0.6100,0.5200,0.6000,64.00,42985.00,trade,false
2025-11-01T17:00:00.000Z,0.5200,0.5200,0.5200,0.6000,33.00,43010.00,trade,false
2025-11-01T18:00:00.000Z,0.5600,,0.5200,0.6000,0.00,43010.00,midpoint,false
2025-11-01T19:00:00.000Z,0.5200,0.5200,0.5200,0.6000,6.00,43010.00,trade,false
2025-11-01T20:00:00.000Z,0.5650,,0.5200,0.6100,0.00,43010.00,midpoint,false
2025-11-01T21:00:00.000Z,0.5550,,0.5100,0.6000,0.00,43010.00,midpoint,false
2025-11-01T22:00:00.000Z,0.5650,,0.5200,0.6100,0.00,43010.00,midpoint,false
2025-11-01T23:00:00.000Z,0.5650,,0.5200,0.6100,0.00,43010.00,midpoint,false
2025-11-02T00:00:00.000Z,0.5700,,0.5300,0.6100,0.00,43010.00,midpoint,false
2025-11-02T01:00:00.000Z,0.5300,0.5300,0.5300,0.6100,14.00,43010.00,trade,false
2025-11-02T02:00:00.000Z,0.6100,0.6100,0.5300,0.6000,15.00,43025.00,trade,false
2025-11-02T03:00:00.000Z,0.5650,,0.5300,0.6000,0.00,43025.00,midpoint,false
2025-11-02T04:00:00.000Z,0.6000,0.6000,0.5400,0.6000,3.00,43025.00,trade,false
2025-11-02T05:00:00.000Z,0.6100,0.6100,0.5300,0.6000,105.00,43089.00,trade,false
2025-11-02T06:00:00.000Z,0.5700,,0.5400,0.6000,0.00,43089.00,midpoint,false
2025-11-02T07:00:00.000Z,0.5650,,0.5300,0.6000,0.00,43089.00,midpoint,false
2025-11-02T08:00:00.000Z,0.6100,0.6100,0.5300,0.6100,802.00,43591.00,trade,false
2025-11-02T09:00:00.000Z,0.5750,,0.5400,0.6100,0.00,43591.00,midpoint,false
2025-11-02T10:00:00.000Z,0.5700,,0.5300,0.6100,0.00,43591.00,midpoint,false
2025-11-02T11:00:00.000Z,0.5750,,0.5400,0.6100,0.00,43591.00,midpoint,false
2025-11-02T12:00:00.000Z,0.5750,,0.5400,0.6100,0.00,43591.00,midpoint,false
2025-11-02T13:00:00.000Z,0.5750,,0.5400,0.6100,0.00,43591.00,midpoint,false
2025-11-02T14:00:00.000Z,0.5800,,0.5500,0.6100,0.00,43591.00,midpoint,false
2025-11-02T15:00:00.000Z,0.5750,,0.5400,0.6100,0.00,43591.00,midpoint,false
2025-11-02T16:00:00.000Z,0.5800,,0.5500,0.6100,0.00,43591.00,midpoint,false
2025-11-02T17:00:00.000Z,0.5750,,0.5400,0.6100,0.00,43591.00,midpoint,false
2025-11-02T18:00:00.000Z,0.6100,0.6100,0.5500,0.6100,2.00,43592.00,trade,false
2025-11-02T19:00:00.000Z,0.6100,0.6100,0.5500,0.6100,31.00,43623.00,trade,false
2025-11-02T20:00:00.000Z,0.5750,,0.5400,0.6100,0.00,43623.00,midpoint,false
2025-11-02T21:00:00.000Z,0.5800,,0.5500,0.6100,0.00,43623.00,midpoint,false
2025-11-02T22:00:00.000Z,0.5400,0.5400,0.5400,0.6100,45.00,43668.00,trade,false
2025-11-02T23:00:00.000Z,0.5750,,0.5400,0.6100,0.00,43668.00,midpoint,false
2025-11-03T00:00:00.000Z,0.6000,0.6000,0.5600,0.6000,20.00,43688.00,trade,false
2025-11-03T01:00:00.000Z,0.5800,,0.5600,0.6000,0.00,43688.00,midpoint,false
2025-11-03T02:00:00.000Z,0.5800,,0.5600,0.6000,0.00,43688.00,midpoint,false
2025-11-03T03:00:00.000Z,0.5800,,0.5600,0.6000,0.00,43688.00,midpoint,false
2025-11-03T04:00:00.000Z,0.5800,,0.5600,0.6000,0.00,43688.00,midpoint,false
2025-11-03T05:00:00.000Z,0.5800,,0.5600,0.6000,0.00,43688.00,midpoint,false
2025-11-03T06:00:00.000Z,0.6000,0.6000,0.5700,0.6000,24.00,43712.00,trade,false
2025-11-03T07:00:00.000Z,0.5900,0.5900,0.5700,0.6000,9.00,43721.00,trade,false
2025-11-03T08:00:00.000Z,0.6100,0.6100,0.5800,0.6000,803.00,44524.00,trade,false
2025-11-03T09:00:00.000Z,0.5850,,0.5700,0.6000,0.00,44524.00,midpoint,false
2025-11-03T10:00:00.000Z,0.5850,,0.5700,0.6000,0.00,44524.00,midpoint,false
2025-11-03T11:00:00.000Z,0.5850,,0.5700,0.6000,0.00,44524.00,midpoint,false
2025-11-03T12:00:00.000Z,0.5850,,0.5700,0.6000,0.00,44524.00,midpoint,false
2025-11-03T13:00:00.000Z,0.5850,,0.5700,0.6000,0.00,44524.00,midpoint,false
2025-11-03T14:00:00.000Z,0.6100,0.6100,0.5700,0.6100,798.00,45322.00,trade,false
2025-11-03T15:00:00.000Z,0.5900,,0.5700,0.6100,0.00,45322.00,midpoint,false
2025-11-03T16:00:00.000Z,0.6100,0.6100,0.5700,0.6100,15.00,45337.00,trade,false
2025-11-03T17:00:00.000Z,0.5900,,0.5700,0.6100,0.00,45337.00,midpoint,false
2025-11-03T18:00:00.000Z,0.5900,,0.5700,0.6100,0.00,45337.00,midpoint,false
2025-11-03T19:00:00.000Z,0.5900,,0.5700,0.6100,0.00,45337.00,midpoint,false
2025-11-03T20:00:00.000Z,0.6100,0.6100,0.5700,0.6100,15.00,45352.00,trade,false
2025-11-03T21:00:00.000Z,0.5700,0.5700,0.5600,0.5700,54.00,45392.00,trade,false
2025-11-03T22:00:00.000Z,0.5700,0.5700,0.5500,0.6000,37.00,45378.00,trade,false
2025-11-03T23:00:00.000Z,0.5400,0.5400,0.5500,0.6000,150.00,45343.00,trade,false
2025-11-04T00:00:00.000Z,0.6000,0.6000,0.5600,0.6000,85.00,45424.00,trade,false
2025-11-04T01:00:00.000Z,0.5750,,0.5600,0.5900,0.00,45424.00,midpoint,false
2025-11-04T02:00:00.000Z,0.5600,0.5600,0.5600,0.5900,7.00,45417.00,trade,false
2025-11-04T03:00:00.000Z,0.5750,,0.5600,0.5900,0.00,45417.00,midpoint,false
2025-11-04T04:00:00.000Z,0.5900,0.5900,0.5700,0.6000,16.00,45433.00,trade,false
2025-11-04T05:00:00.000Z,0.5850,,0.5700,0.6000,0.00,45433.00,midpoint,false
2025-11-04T06:00:00.000Z,0.5850,,0.5800,0.5900,0.00,45433.00,midpoint,false
2025-11-04T07:00:00.000Z,0.5850,,0.5800,0.5900,0.00,45433.00,midpoint,false
2025-11-04T08:00:00.000Z,0.5850,,0.5800,0.5900,0.00,45433.00,midpoint,false
2025-11-04T09:00:00.000Z,0.6100,0.6100,0.5900,0.6000,16.00,45449.00,trade,false
2025-11-04T10:00:00.000Z,0.5950,,0.5900,0.6000,0.00,45449.00,midpoint,false
2025-11-04T11:00:00.000Z,0.5950,,0.5800,0.6100,0.00,45449.00,midpoint,false
2025-11-04T12:00:00.000Z,0.5950,,0.5800,0.6100,0.00,45449.00,midpoint,false
2025-11-04T13:00:00.000Z,0.5950,,0.5800,0.6100,0.00,45449.00,midpoint,false
2025-11-04T14:00:00.000Z,0.5950,,0.5800,0.6100,0.00,45449.00,midpoint,false
2025-11-04T15:00:00.000Z,0.5950,,0.5800,0.6100,0.00,45449.00,midpoint,false
2025-11-04T16:00:00.000Z,0.6100,0.6100,0.5800,0.6100,39.00,45488.00,trade,false
2025-11-04T17:00:00.000Z,0.5900,0.5900,0.5800,0.5900,32.00,45520.00,trade,false
2025-11-04T18:00:00.000Z,0.5850,,0.5800,0.5900,0.00,45520.00,midpoint,false
2025-11-04T19:00:00.000Z,0.5900,0.5900,0.5800,0.5900,8.00,45528.00,trade,false
2025-11-04T20:00:00.000Z,0.5850,,0.5800,0.5900,0.00,45528.00,midpoint,false
2025-11-04T21:00:00.000Z,0.5900,0.5900,0.5800,0.5900,17.00,45545.00,trade,false
2025-11-04T22:00:00.000Z,0.5900,0.5900,0.5800,0.5900,16.00,45561.00,trade,false
2025-11-04T23:00:00.000Z,0.5850,,0.5800,0.5900,0.00,45561.00,midpoint,false
2025-11-05T00:00:00.000Z,0.5850,,0.5800,0.5900,0.00,45561.00,midpoint,false
2025-11-05T01:00:00.000Z,0.5850,,0.5800,0.5900,0.00,45561.00,midpoint,false
2025-11-05T02:00:00.000Z,0.5850,,0.5800,0.5900,0.00,45561.00,midpoint,false
2025-11-05T03:00:00.000Z,0.5900,0.5900,0.5800,0.5900,25.00,45584.00,trade,false
2025-11-05T04:00:00.000Z,0.5850,,0.5800,0.5900,0.00,45584.00,midpoint,false
2025-11-05T05:00:00.000Z,0.5900,0.5900,0.5800,0.5900,61.00,45645.00,trade,false
2025-11-05T06:00:00.000Z,0.5850,,0.5800,0.5900,0.00,45645.00,midpoint,false
2025-11-05T07:00:00.000Z,0.5900,0.5900,0.5800,0.5900,500.00,46145.00,trade,false
2025-11-05T08:00:00.000Z,0.5850,,0.5800,0.5900,0.00,46145.00,midpoint,false
2025-11-05T10:00:00.000Z,0.5850,,0.5800,0.5900,0.00,46145.00,midpoint,false
2025-11-05T11:00:00.000Z,0.5850,,0.5800,0.5900,0.00,46145.00,midpoint,false
2025-11-05T13:00:00.000Z,0.5850,,0.5800,0.5900,0.00,46145.00,midpoint,false
2025-11-05T14:00:00.000Z,0.5850,,0.5800,0.5900,0.00,46145.00,midpoint,false
2025-11-05T15:00:00.000Z,0.5900,0.5900,0.5800,0.5900,20.00,46165.00,trade,false
2025-11-05T16:00:00.000Z,0.5850,,0.5800,0.5900,0.00,46165.00,midpoint,false
2025-11-05T17:00:00.000Z,0.5850,,0.5800,0.5900,0.00,46165.00,midpoint,false
2025-11-05T18:00:00.000Z,0.5850,,0.5800,0.5900,0.00,46165.00,midpoint,false
2025-11-05T19:00:00.000Z,0.5850,,0.5800,0.5900,0.00,46165.00,midpoint,false
2025-11-05T20:00:00.000Z,0.5900,0.5900,0.5800,0.5900,268.00,46433.00,trade,false
2025-11-05T21:00:00.000Z,0.5900,0.5900,0.5800,0.5900,185.00,46618.00,trade,false
2025-11-05T22:00:00.000Z,0.5900,0.5900,0.5800,0.5900,33.00,46635.00,trade,false
2025-11-05T23:00:00.000Z,0.5900,0.5900,0.5800,0.5900,8.00,46643.00,trade,false
2025-11-06T00:00:00.000Z,0.5850,,0.5800,0.5900,0.00,46643.00,midpoint,false
2025-11-06T01:00:00.000Z,0.5900,0.5900,0.5800,0.5900,10.00,46653.00,trade,false
2025-11-06T02:00:00.000Z,0.5900,0.5900,0.5800,0.5900,1.00,46654.00,trade,false
2025-11-06T03:00:00.000Z,0.5850,,0.5800,0.5900,0.00,46654.00,midpoint,false
2025-11-06T04:00:00.000Z,0.5900,0.5900,0.5800,0.5900,16.00,46670.00,trade,false
2025-11-06T05:00:00.000Z,0.5850,,0.5800,0.5900,0.00,46670.00,midpoint,false
2025-11-06T06:00:00.000Z,0.5850,,0.5800,0.5900,0.00,46670.00,midpoint,false
2025-11-06T07:00:00.000Z,0.5850,,0.5800,0.5900,0.00,46670.00,midpoint,false
2025-11-06T08:00:00.000Z,0.5850,,0.5800,0.5900,0.00,46670.00,midpoint,false
2025-11-06T09:00:00.000Z,0.5850,,0.5800,0.5900,0.00,46670.00,midpoint,false
2025-11-06T11:00:00.000Z,0.5850,,0.5800,0.5900,0.00,46670.00,midpoint,false
2025-11-06T12:00:00.000Z,0.5850,,0.5800,0.5900,0.00,46670.00,midpoint,false
2025-11-06T13:00:00.000Z,0.5850,,0.5800,0.5900,0.00,46670.00,midpoint,false
2025-11-06T14:00:00.000Z,0.5850,,0.5800,0.5900,0.00,46670.00,midpoint,false
2025-11-06T15:00:00.000Z,0.5850,,0.5800,0.5900,0.00,46670.00,midpoint,false
2025-11-06T16:00:00.000Z,0.5900,0.5900,0.5800,0.5900,73.00,46702.00,trade,false
2025-11-06T17:00:00.000Z,0.5850,,0.5800,0.5900,0.00,46702.00,midpoint,false
2025-11-06T18:00:00.000Z,0.5900,0.5900,0.5800,0.5900,8.00,46710.00,trade,false
2025-11-06T19:00:00.000Z,0.5850,,0.5800,0.5900,0.00,46710.00,midpoint,false
2025-11-06T20:00:00.000Z,0.5850,,0.5800,0.5900,0.00,46710.00,midpoint,false
2025-11-06T21:00:00.000Z,0.5850,,0.5800,0.5900,0.00,46710.00,midpoint,false
2025-11-06T22:00:00.000Z,0.5850,,0.5800,0.5900,0.00,46710.00,midpoint,false
2025-11-06T23:00:00.000Z,0.5850,,0.5800,0.5900,0.00,46710.00,midpoint,false
2025-11-07T00:00:00.000Z,0.5900,0.5900,0.5800,0.5900,8.00,46718.00,trade,false
2025-11-07T01:00:00.000Z,0.5850,,0.5800,0.5900,0.00,46718.00,midpoint,false
2025-11-07T02:00:00.000Z,0.5850,,0.5800,0.5900,0.00,46718.00,midpoint,false
2025-11-07T03:00:00.000Z,0.5800,0.5800,0.5800,0.5900,6.00,46714.00,trade,false
2025-11-07T04:00:00.000Z,0.5850,,0.5800,0.5900,0.00,46714.00,midpoint,false
2025-11-07T05:00:00.000Z,0.5800,0.5800,0.5800,0.5900,4.00,46714.00,trade,false
2025-11-07T06:00:00.000Z,0.5900,0.5900,0.5900,0.6000,39.00,46753.00,trade,false
2025-11-07T07:00:00.000Z,0.5950,,0.5900,0.6000,0.00,46753.00,midpoint,false
2025-11-07T08:00:00.000Z,0.5950,,0.5900,0.6000,0.00,46753.00,midpoint,false
2025-11-07T09:00:00.000Z,0.5950,,0.5900,0.6000,0.00,46753.00,midpoint,false
2025-11-07T10:00:00.000Z,0.5950,,0.5900,0.6000,0.00,46753.00,midpoint,false
2025-11-07T11:00:00.000Z,0.5950,,0.5900,0.6000,0.00,46753.00,midpoint,false
2025-11-07T12:00:00.000Z,0.5950,,0.5900,0.6000,0.00,46753.00,midpoint,false
2025-11-07T13:00:00.000Z,0.5950,,0.5900,0.6000,0.00,46753.00,midpoint,false
2025-11-07T14:00:00.000Z,0.5800,0.5800,0.5800,0.6000,79.00,46686.00,trade,false
2025-11-07T15:00:00.000Z,0.5900,,0.5800,0.6000,0.00,46686.00,midpoint,false
2025-11-07T16:00:00.000Z,0.5900,,0.5800,0.6000,0.00,46686.00,midpoint,false
2025-11-07T17:00:00.000Z,0.6000,0.6000,0.5800,0.6000,8.00,46694.00,trade,false
2025-11-07T18:00:00.000Z,0.5950,,0.5900,0.6000,0.00,46694.00,midpoint,false
2025-11-07T19:00:00.000Z,0.5950,,0.5900,0.6000,0.00,46694.00,midpoint,false
2025-11-07T20:00:00.000Z,0.5950,,0.5900,0.6000,0.00,46694.00,midpoint,false
2025-11-07T21:00:00.000Z,0.5950,,0.5900,0.6000,0.00,46694.00,midpoint,false
2025-11-07T22:00:00.000Z,0.6000,0.6000,0.5900,0.6000,158.00,46852.00,trade,false
2025-11-07T23:00:00.000Z,0.5950,,0.5900,0.6000,0.00,46852.00,midpoint,false
2025-11-08T00:00:00.000Z,0.5950,,0.5900,0.6000,0.00,46852.00,midpoint,false
2025-11-08T01:00:00.000Z,0.5950,,0.5900,0.6000,0.00,46852.00,midpoint,false
2025-11-08T02:00:00.000Z,0.5950,,0.5900,0.6000,0.00,46852.00,midpoint,false
2025-11-08T03:00:00.000Z,0.5950,,0.5900,0.6000,0.00,46852.00,midpoint,false
2025-11-08T04:00:00.000Z,0.6000,0.6000,0.5800,0.6000,56.00,46908.00,trade,false
2025-11-08T05:00:00.000Z,0.5900,,0.5800,0.6000,0.00,46908.00,midpoint,false
2025-11-08T06:00:00.000Z,0.6000,0.6000,0.5800,0.6000,15.00,46923.00,trade,false
2025-11-08T07:00:00.000Z,0.5900,,0.5800,0.6000,0.00,46923.00,midpoint,false
2025-11-08T08:00:00.000Z,0.5850,,0.5800,0.5900,0.00,46923.00,midpoint,false
2025-11-08T09:00:00.000Z,0.5850,,0.5800,0.5900,0.00,46923.00,midpoint,false
2025-11-08T10:00:00.000Z,0.5850,,0.5800,0.5900,0.00,46923.00,midpoint,false
2025-11-08T11:00:00.000Z,0.5850,,0.5800,0.5900,0.00,46923.00,midpoint,false
2025-11-08T12:00:00.000Z,0.5850,,0.5800,0.5900,0.00,46923.00,midpoint,false
2025-11-08T13:00:00.000Z,0.5850,,0.5800,0.5900,0.00,46923.00,midpoint,false
2025-11-08T14:00:00.000Z,0.5850,,0.5800,0.5900,0.00,46923.00,midpoint,false
2025-11-08T15:00:00.000Z,0.5850,,0.5800,0.5900,0.00,46923.00,midpoint,false
2025-11-08T16:00:00.000Z,0.5850,,0.5800,0.5900,0.00,46923.00,midpoint,false
2025-11-08T17:00:00.000Z,0.5850,,0.5800,0.5900,0.00,46923.00,midpoint,false
2025-11-08T18:00:00.000Z,0.5850,,0.5800,0.5900,0.00,46923.00,midpoint,false
2025-11-08T19:00:00.000Z,0.5850,,0.5800,0.5900,0.00,46923.00,midpoint,false
2025-11-08T20:00:00.000Z,0.5850,,0.5800,0.5900,0.00,46923.00,midpoint,false
2025-11-08T21:00:00.000Z,0.5850,,0.5800,0.5900,0.00,46923.00,midpoint,false
2025-11-08T22:00:00.000Z,0.5900,0.5900,0.5800,0.5900,233.00,47156.00,trade,false
2025-11-08T23:00:00.000Z,0.5850,,0.5800,0.5900,0.00,47156.00,midpoint,false
2025-11-09T00:00:00.000Z,0.5800,0.5800,0.5800,0.5900,120.00,47075.00,trade,false
2025-11-09T01:00:00.000Z,0.5800,0.5800,0.5800,0.5900,240.00,46835.00,trade,false
2025-11-09T02:00:00.000Z,0.5850,,0.5800,0.5900,0.00,46835.00,midpoint,false
2025-11-09T03:00:00.000Z,0.5850,,0.5800,0.5900,0.00,46835.00,midpoint,false
2025-11-09T04:00:00.000Z,0.5850,,0.5800,0.5900,0.00,46835.00,midpoint,false
2025-11-09T05:00:00.000Z,0.5850,,0.5800,0.5900,0.00,46835.00,midpoint,false
2025-11-09T06:00:00.000Z,0.5900,0.5900,0.5800,0.5900,32.00,46867.00,trade,false
2025-11-09T07:00:00.000Z,0.5850,,0.5800,0.5900,0.00,46867.00,midpoint,false
2025-11-09T08:00:00.000Z,0.5850,,0.5800,0.5900,0.00,46867.00,midpoint,false
2025-11-09T09:00:00.000Z,0.5800,0.5800,0.5800,0.5900,1.00,46866.00,trade,false
2025-11-09T10:00:00.000Z,0.5850,,0.5800,0.5900,0.00,46866.00,midpoint,false
2025-11-09T11:00:00.000Z,0.5850,,0.5800,0.5900,0.00,46866.00,midpoint,false
2025-11-09T12:00:00.000Z,0.5850,,0.5800,0.5900,0.00,46866.00,midpoint,false
2025-11-09T13:00:00.000Z,0.5850,,0.5800,0.5900,0.00,46866.00,midpoint,false
2025-11-09T14:00:00.000Z,0.5850,,0.5800,0.5900,0.00,46866.00,midpoint,false
2025-11-09T15:00:00.000Z,0.5900,0.5900,0.5800,0.5900,10.00,46876.00,trade,false
2025-11-09T16:00:00.000Z,0.5800,0.5800,0.5800,0.5900,15.00,46861.00,trade,false
2025-11-09T17:00:00.000Z,0.5850,,0.5800,0.5900,0.00,46861.00,midpoint,false
2025-11-09T18:00:00.000Z,0.5800,0.5800,0.5800,0.5900,15.00,46846.00,trade,false
2025-11-09T19:00:00.000Z,0.5850,,0.5800,0.5900,0.00,46846.00,midpoint,false
2025-11-09T20:00:00.000Z,0.5850,,0.5800,0.5900,0.00,46846.00,midpoint,false
2025-11-09T21:00:00.000Z,0.5900,0.5900,0.5800,0.5900,32.00,46878.00,trade,false
2025-11-09T22:00:00.000Z,0.5800,0.5800,0.5800,0.5900,1.00,46877.00,trade,false
2025-11-09T23:00:00.000Z,0.5850,,0.5800,0.5900,0.00,46877.00,midpoint,false
2025-11-10T00:00:00.000Z,0.5900,0.5900,0.5800,0.5900,1.00,46877.00,trade,false
2025-11-10T01:00:00.000Z,0.5850,,0.5800,0.5900,0.00,46877.00,midpoint,false
2025-11-10T02:00:00.000Z,0.5850,,0.5800,0.5900,0.00,46877.00,midpoint,false
2025-11-10T03:00:00.000Z,0.5800,0.5800,0.5800,0.5900,46.00,46877.00,trade,false
2025-11-10T04:00:00.000Z,0.5900,0.5900,0.5800,0.5900,24.00,46901.00,trade,false
2025-11-10T05:00:00.000Z,0.5900,0.5900,0.5800,0.5900,4.00,46905.00,trade,false
2025-11-10T06:00:00.000Z,0.5850,,0.5800,0.5900,0.00,46905.00,midpoint,false
2025-11-10T07:00:00.000Z,0.5850,,0.5800,0.5900,0.00,46905.00,midpoint,false
2025-11-10T08:00:00.000Z,0.5850,,0.5800,0.5900,0.00,46905.00,midpoint,false
2025-11-10T09:00:00.000Z,0.5800,0.5800,0.5700,0.5800,46.00,46859.00,trade,false
2025-11-10T10:00:00.000Z,0.5750,,0.5700,0.5800,0.00,46859.00,midpoint,false
2025-11-10T11:00:00.000Z,0.5750,,0.5700,0.5800,0.00,46859.00,midpoint,false
2025-11-10T12:00:00.000Z,0.5750,,0.5700,0.5800,0.00,46859.00,midpoint,false
2025-11-10T13:00:00.000Z,0.5750,,0.5700,0.5800,0.00,46859.00,midpoint,false
2025-11-10T14:00:00.000Z,0.5750,,0.5700,0.5800,0.00,46859.00,midpoint,false
2025-11-10T15:00:00.000Z,0.5700,0.5700,0.5700,0.5800,41.00,46859.00,trade,false
2025-11-10T16:00:00.000Z,0.5800,0.5800,0.5700,0.5800,3.00,46859.00,trade,false
2025-11-10T17:00:00.000Z,0.5750,,0.5700,0.5800,0.00,46859.00,midpoint,false
2025-11-10T18:00:00.000Z,0.5750,,0.5700,0.5800,0.00,46859.00,midpoint,false
2025-11-10T19:00:00.000Z,0.5800,0.5800,0.5700,0.5800,309.00,46859.00,trade,false
2025-11-10T20:00:00.000Z,0.5800,0.5800,0.5700,0.5800,8.00,46865.00,trade,false
2025-11-10T21:00:00.000Z,0.5750,,0.5700,0.5800,0.00,46865.00,midpoint,false
2025-11-10T22:00:00.000Z,0.5800,0.5800,0.5700,0.5800,16.00,46881.00,trade,false
2025-11-10T23:00:00.000Z,0.5800,0.5800,0.5700,0.5800,55.00,46936.00,trade,false
2025-11-11T00:00:00.000Z,0.5750,,0.5700,0.5800,0.00,46936.00,midpoint,false
2025-11-11T01:00:00.000Z,0.5800,0.5800,0.5700,0.5800,853.00,47789.00,trade,false
2025-11-11T02:00:00.000Z,0.5750,,0.5700,0.5800,0.00,47789.00,midpoint,false
2025-11-11T03:00:00.000Z,0.5800,0.5800,0.5800,0.5900,190.00,47933.00,trade,false
2025-11-11T04:00:00.000Z,0.5850,,0.5800,0.5900,0.00,47933.00,midpoint,false
2025-11-11T05:00:00.000Z,0.5900,0.5900,0.5800,0.5900,1.00,47934.00,trade,false
2025-11-11T06:00:00.000Z,0.5850,,0.5800,0.5900,0.00,47934.00,midpoint,false
2025-11-11T07:00:00.000Z,0.5900,0.5900,0.5800,0.5900,32.00,47966.00,trade,false
2025-11-11T08:00:00.000Z,0.5850,,0.5800,0.5900,0.00,47966.00,midpoint,false
2025-11-11T09:00:00.000Z,0.5850,,0.5800,0.5900,0.00,47966.00,midpoint,false
2025-11-11T10:00:00.000Z,0.5850,,0.5800,0.5900,0.00,47966.00,midpoint,false
2025-11-11T11:00:00.000Z,0.5850,,0.5800,0.5900,0.00,47966.00,midpoint,false
2025-11-11T12:00:00.000Z,0.5850,,0.5800,0.5900,0.00,47966.00,midpoint,false
2025-11-11T13:00:00.000Z,0.5850,,0.5800,0.5900,0.00,47966.00,midpoint,false
2025-11-11T14:00:00.000Z,0.5850,,0.5800,0.5900,0.00,47966.00,midpoint,false
2025-11-11T15:00:00.000Z,0.5850,,0.5800,0.5900,0.00,47966.00,midpoint,false
2025-11-11T16:00:00.000Z,0.5850,,0.5800,0.5900,0.00,47966.00,midpoint,false
2025-11-11T17:00:00.000Z,0.5800,0.5800,0.5800,0.5900,2.00,47966.00,trade,false
2025-11-11T18:00:00.000Z,0.5850,,0.5800,0.5900,0.00,47966.00,midpoint,false
2025-11-11T19:00:00.000Z,0.5900,0.5900,0.5800,0.5900,32.00,47998.00,trade,false
2025-11-11T20:00:00.000Z,0.5850,,0.5800,0.5900,0.00,47998.00,midpoint,false
2025-11-11T21:00:00.000Z,0.5900,0.5900,0.5800,0.5900,200.00,48198.00,trade,false
2025-11-11T22:00:00.000Z,0.5900,0.5900,0.5800,0.5900,1.00,48199.00,trade,false
2025-11-11T23:00:00.000Z,0.5850,,0.5800,0.5900,0.00,48199.00,midpoint,false
2025-11-12T00:00:00.000Z,0.5850,,0.5800,0.5900,0.00,48199.00,midpoint,false
2025-11-12T01:00:00.000Z,0.5900,0.5900,0.5800,0.5900,148.00,48347.00,trade,false
2025-11-12T02:00:00.000Z,0.5850,,0.5800,0.5900,0.00,48347.00,midpoint,false
2025-11-12T03:00:00.000Z,0.5850,,0.5800,0.5900,0.00,48347.00,midpoint,false
2025-11-12T04:00:00.000Z,0.5850,,0.5800,0.5900,0.00,48347.00,midpoint,false
2025-11-12T05:00:00.000Z,0.5900,0.5900,0.5800,0.5900,80.00,48427.00,trade,false
2025-11-12T06:00:00.000Z,0.5850,,0.5800,0.5900,0.00,48427.00,midpoint,false
2025-11-12T07:00:00.000Z,0.5900,0.5900,0.5800,0.5900,20.00,48447.00,trade,false
2025-11-12T08:00:00.000Z,0.5850,,0.5800,0.5900,0.00,48447.00,midpoint,false
2025-11-12T09:00:00.000Z,0.5850,,0.5800,0.5900,0.00,48447.00,midpoint,false
2025-11-12T10:00:00.000Z,0.5850,,0.5800,0.5900,0.00,48447.00,midpoint,false
2025-11-12T11:00:00.000Z,0.5850,,0.5800,0.5900,0.00,48447.00,midpoint,false
2025-11-12T12:00:00.000Z,0.5850,,0.5800,0.5900,0.00,48447.00,midpoint,false
2025-11-12T13:00:00.000Z,0.5900,0.5900,0.5800,0.5900,85.00,48532.00,trade,false
2025-11-12T14:00:00.000Z,0.5850,,0.5800,0.5900,0.00,48532.00,midpoint,false
2025-11-12T15:00:00.000Z,0.5900,0.5900,0.5800,0.5900,80.00,48612.00,trade,false
2025-11-12T16:00:00.000Z,0.5800,0.5800,0.5800,0.5900,41.00,48603.00,trade,false
2025-11-12T17:00:00.000Z,0.5850,,0.5800,0.5900,0.00,48603.00,midpoint,false
2025-11-12T18:00:00.000Z,0.5850,,0.5800,0.5900,0.00,48603.00,midpoint,false
2025-11-12T19:00:00.000Z,0.5800,0.5800,0.5800,0.5900,392.00,48767.00,trade,false
2025-11-12T20:00:00.000Z,0.5900,0.5900,0.5800,0.5900,16.00,48783.00,trade,false
2025-11-12T21:00:00.000Z,0.5900,0.5900,0.5800,0.5900,16.00,48799.00,trade,false
2025-11-12T22:00:00.000Z,0.5850,,0.5800,0.5900,0.00,48799.00,midpoint,false
2025-11-12T23:00:00.000Z,0.5850,,0.5800,0.5900,0.00,48799.00,midpoint,false
2025-11-13T00:00:00.000Z,0.5850,,0.5800,0.5900,0.00,48799.00,midpoint,false
2025-11-13T01:00:00.000Z,0.5850,,0.5800,0.5900,0.00,48799.00,midpoint,false
2025-11-13T02:00:00.000Z,0.5900,0.5900,0.5800,0.5900,205.00,49004.00,trade,false
2025-11-13T03:00:00.000Z,0.5800,0.5800,0.5400,0.5800,761.00,49019.00,trade,false
2025-11-13T04:00:00.000Z,0.5750,,0.5700,0.5800,0.00,49019.00,midpoint,false
2025-11-13T05:00:00.000Z,0.5650,,0.5600,0.5700,0.00,49019.00,midpoint,false
2025-11-13T06:00:00.000Z,0.5650,,0.5600,0.5700,0.00,49019.00,midpoint,false
2025-11-13T07:00:00.000Z,0.5650,,0.5600,0.5700,0.00,49019.00,midpoint,false
2025-11-13T08:00:00.000Z,0.5750,,0.5700,0.5800,0.00,49019.00,midpoint,false
2025-11-13T09:00:00.000Z,0.5700,,0.5600,0.5800,0.00,49019.00,midpoint,false
2025-11-13T10:00:00.000Z,0.5700,,0.5600,0.5800,0.00,49019.00,midpoint,false
2025-11-13T11:00:00.000Z,0.5700,,0.5600,0.5800,0.00,49019.00,midpoint,false
2025-11-13T12:00:00.000Z,0.5700,,0.5600,0.5800,0.00,49019.00,midpoint,false
2025-11-13T13:00:00.000Z,0.5700,,0.5600,0.5800,0.00,49019.00,midpoint,false
2025-11-13T14:00:00.000Z,0.5700,,0.5600,0.5800,0.00,49019.00,midpoint,false
2025-11-13T15:00:00.000Z,0.5700,,0.5600,0.5800,0.00,49019.00,midpoint,false
2025-11-13T16:00:00.000Z,0.5800,0.5800,0.5700,0.5800,490.00,49509.00,trade,false
2025-11-13T17:00:00.000Z,0.5750,,0.5700,0.5800,0.00,49509.00,midpoint,false
2025-11-13T18:00:00.000Z,0.5750,,0.5700,0.5800,0.00,49509.00,midpoint,false
2025-11-13T19:00:00.000Z,0.5600,0.5600,0.5700,0.5800,4.00,49505.00,trade,false
2025-11-13T20:00:00.000Z,0.5750,,0.5700,0.5800,0.00,49505.00,midpoint,false
2025-11-13T21:00:00.000Z,0.5750,,0.5700,0.5800,0.00,49505.00,midpoint,false
2025-11-13T22:00:00.000Z,0.5750,,0.5700,0.5800,0.00,49505.00,midpoint,false
2025-11-13T23:00:00.000Z,0.5750,,0.5700,0.5800,0.00,49505.00,midpoint,false
2025-11-14T00:00:00.000Z,0.5800,0.5800,0.5800,0.5900,3086.00,49505.00,trade,false
2025-11-14T01:00:00.000Z,0.5900,0.5900,0.5800,0.5900,16.00,49521.00,trade,false
2025-11-14T02:00:00.000Z,0.5850,,0.5800,0.5900,0.00,49521.00,midpoint,false
2025-11-14T03:00:00.000Z,0.5850,,0.5800,0.5900,0.00,49521.00,midpoint,false
2025-11-14T04:00:00.000Z,0.5800,,0.5700,0.5900,0.00,49521.00,midpoint,false
2025-11-14T05:00:00.000Z,0.5850,,0.5800,0.5900,0.00,49521.00,midpoint,false
2025-11-14T06:00:00.000Z,0.5800,0.5800,0.5800,0.5900,91.00,49578.00,trade,false
2025-11-14T07:00:00.000Z,0.5850,,0.5800,0.5900,0.00,49578.00,midpoint,false
2025-11-14T08:00:00.000Z,0.5900,0.5900,0.5800,0.5900,139.00,49717.00,trade,false
2025-11-14T09:00:00.000Z,0.5900,0.5900,0.5800,0.5900,100.00,49817.00,trade,false
2025-11-14T10:00:00.000Z,0.5850,,0.5800,0.5900,0.00,49817.00,midpoint,false
2025-11-14T11:00:00.000Z,0.5900,0.5900,0.5800,0.5900,11.00,49828.00,trade,false
2025-11-14T12:00:00.000Z,0.5850,,0.5800,0.5900,0.00,49828.00,midpoint,false
2025-11-14T13:00:00.000Z,0.5850,,0.5800,0.5900,0.00,49828.00,midpoint,false
2025-11-14T14:00:00.000Z,0.5900,0.5900,0.5800,0.5900,20.00,49848.00,trade,false
2025-11-14T15:00:00.000Z,0.5850,,0.5800,0.5900,0.00,49848.00,midpoint,false
2025-11-14T16:00:00.000Z,0.5850,,0.5800,0.5900,0.00,49848.00,midpoint,false
2025-11-14T17:00:00.000Z,0.5900,0.5900,0.5800,0.5900,4.00,49852.00,trade,false
2025-11-14T18:00:00.000Z,0.5850,,0.5800,0.5900,0.00,49852.00,midpoint,false
2025-11-14T19:00:00.000Z,0.5900,0.5900,0.5800,0.5900,82.00,49934.00,trade,false
2025-11-14T20:00:00.000Z,0.5850,,0.5800,0.5900,0.00,49934.00,midpoint,false
2025-11-14T21:00:00.000Z,0.5850,,0.5800,0.5900,0.00,49934.00,midpoint,false
2025-11-14T22:00:00.000Z,0.5850,,0.5800,0.5900,0.00,49934.00,midpoint,false
2025-11-14T23:00:00.000Z,0.5850,,0.5800,0.5900,0.00,49934.00,midpoint,false
2025-11-15T00:00:00.000Z,0.5850,,0.5800,0.5900,0.00,49934.00,midpoint,false
2025-11-15T01:00:00.000Z,0.5900,0.5900,0.5800,0.5900,26.00,49940.00,trade,false
2025-11-15T02:00:00.000Z,0.5600,0.5600,0.5700,0.5800,1354.00,49158.00,trade,false
2025-11-15T03:00:00.000Z,0.5750,,0.5700,0.5800,0.00,49158.00,midpoint,false
2025-11-15T04:00:00.000Z,0.5700,0.5700,0.5700,0.5800,44.00,49158.00,trade,false
2025-11-15T05:00:00.000Z,0.5750,,0.5700,0.5800,0.00,49158.00,midpoint,false
2025-11-15T06:00:00.000Z,0.5750,,0.5700,0.5800,0.00,49158.00,midpoint,false
2025-11-15T07:00:00.000Z,0.5750,,0.5700,0.5800,0.00,49158.00,midpoint,false
2025-11-15T08:00:00.000Z,0.5750,,0.5700,0.5800,0.00,49158.00,midpoint,false
2025-11-15T09:00:00.000Z,0.5750,,0.5700,0.5800,0.00,49158.00,midpoint,false
2025-11-15T10:00:00.000Z,0.5700,0.5700,0.5500,0.5700,4.00,49158.00,trade,false
2025-11-15T11:00:00.000Z,0.5600,,0.5500,0.5700,0.00,49158.00,midpoint,false
2025-11-15T12:00:00.000Z,0.5600,,0.5500,0.5700,0.00,49158.00,midpoint,false
2025-11-15T13:00:00.000Z,0.5650,,0.5600,0.5700,0.00,49158.00,midpoint,false
2025-11-15T14:00:00.000Z,0.5600,0.5600,0.5600,0.5700,400.00,49438.00,trade,false
2025-11-15T15:00:00.000Z,0.5700,0.5700,0.5600,0.5700,186.00,49624.00,trade,false
2025-11-15T16:00:00.000Z,0.5650,,0.5600,0.5700,0.00,49624.00,midpoint,false
2025-11-15T17:00:00.000Z,0.5600,0.5600,0.5700,0.5800,218.00,49624.00,trade,false
2025-11-15T18:00:00.000Z,0.5800,0.5800,0.5600,0.5700,41.00,49665.00,trade,false
2025-11-15T19:00:00.000Z,0.5700,0.5700,0.5600,0.5700,52.00,49685.00,trade,false
2025-11-15T20:00:00.000Z,0.5650,,0.5600,0.5700,0.00,49685.00,midpoint,false
2025-11-15T21:00:00.000Z,0.5650,,0.5600,0.5700,0.00,49685.00,midpoint,false
2025-11-15T22:00:00.000Z,0.5650,,0.5600,0.5700,0.00,49685.00,midpoint,false
2025-11-15T23:00:00.000Z,0.5650,,0.5600,0.5700,0.00,49685.00,midpoint,false
2025-11-16T00:00:00.000Z,0.5600,0.5600,0.5600,0.5700,480.00,50156.00,trade,false
2025-11-16T01:00:00.000Z,0.5650,,0.5600,0.5700,0.00,50156.00,midpoint,false
2025-11-16T02:00:00.000Z,0.5650,,0.5600,0.5700,0.00,50156.00,midpoint,false
2025-11-16T03:00:00.000Z,0.5700,0.5700,0.5600,0.5700,17.00,50173.00,trade,false
2025-11-16T04:00:00.000Z,0.5650,,0.5600,0.5700,0.00,50173.00,midpoint,false
2025-11-16T05:00:00.000Z,0.5650,,0.5600,0.5700,0.00,50173.00,midpoint,false
2025-11-16T06:00:00.000Z,0.5650,,0.5600,0.5700,0.00,50173.00,midpoint,false
2025-11-16T07:00:00.000Z,0.5700,0.5700,0.5600,0.5700,243.00,50416.00,trade,false
2025-11-16T08:00:00.000Z,0.5700,0.5700,0.5600,0.5700,16.00,50432.00,trade,false
2025-11-16T09:00:00.000Z,0.5700,0.5700,0.5600,0.5700,112.00,50544.00,trade,false
2025-11-16T10:00:00.000Z,0.5650,,0.5600,0.5700,0.00,50544.00,midpoint,false
2025-11-16T11:00:00.000Z,0.5650,,0.5600,0.5700,0.00,50544.00,midpoint,false
2025-11-16T12:00:00.000Z,0.5650,,0.5600,0.5700,0.00,50544.00,midpoint,false
2025-11-16T13:00:00.000Z,0.5650,,0.5600,0.5700,0.00,50544.00,midpoint,false
2025-11-16T15:00:00.000Z,0.5650,,0.5600,0.5700,0.00,50544.00,midpoint,false
2025-11-16T16:00:00.000Z,0.5600,0.5600,0.5600,0.5700,5.00,50549.00,trade,false
2025-11-16T17:00:00.000Z,0.5600,0.5600,0.5500,0.5600,132.00,50669.00,trade,false
2025-11-16T18:00:00.000Z,0.5500,0.5500,0.5500,0.5600,4.00,50669.00,trade,false
2025-11-16T19:00:00.000Z,0.5600,0.5600,0.5500,0.5600,3.00,50669.00,trade,false
2025-11-16T20:00:00.000Z,0.5550,,0.5500,0.5600,0.00,50669.00,midpoint,false
2025-11-16T21:00:00.000Z,0.5600,0.5600,0.5500,0.5600,44.00,50713.00,trade,false
2025-11-16T22:00:00.000Z,0.5600,0.5600,0.5500,0.5600,86.00,50799.00,trade,false
2025-11-16T23:00:00.000Z,0.5550,,0.5500,0.5600,0.00,50799.00,midpoint,false
2025-11-17T00:00:00.000Z,0.5300,0.5300,0.5100,0.5400,681.00,51273.00,trade,false
2025-11-17T01:00:00.000Z,0.5300,0.5300,0.5300,0.5400,63.00,51321.00,trade,false
2025-11-17T02:00:00.000Z,0.5400,0.5400,0.5300,0.5400,17.00,51338.00,trade,false
2025-11-17T03:00:00.000Z,0.5300,0.5300,0.5300,0.5400,276.00,51614.00,trade,false
2025-11-17T04:00:00.000Z,0.5350,,0.5300,0.5400,0.00,51614.00,midpoint,false
2025-11-17T05:00:00.000Z,0.5350,,0.5300,0.5400,0.00,51614.00,midpoint,false
2025-11-17T06:00:00.000Z,0.5400,0.5400,0.5300,0.5400,35.00,51649.00,trade,false
2025-11-17T07:00:00.000Z,0.5350,,0.5300,0.5400,0.00,51649.00,midpoint,false
2025-11-17T08:00:00.000Z,0.5300,0.5300,0.5300,0.5400,250.00,51849.00,trade,false
2025-11-17T09:00:00.000Z,0.5300,0.5300,0.5300,0.5400,11.00,51860.00,trade,false
2025-11-17T10:00:00.000Z,0.5350,,0.5300,0.5400,0.00,51860.00,midpoint,false
2025-11-17T11:00:00.000Z,0.5350,,0.5300,0.5400,0.00,51860.00,midpoint,false
2025-11-17T12:00:00.000Z,0.5350,,0.5300,0.5400,0.00,51860.00,midpoint,false
2025-11-17T13:00:00.000Z,0.5400,0.5400,0.5400,0.5500,5788.00,57648.00,trade,false
2025-11-17T14:00:00.000Z,0.5450,,0.5400,0.5500,0.00,57648.00,midpoint,false
2025-11-17T15:00:00.000Z,0.5500,0.5500,0.5400,0.5500,25.00,57673.00,trade,false
2025-11-17T16:00:00.000Z,0.5450,,0.5400,0.5500,0.00,57673.00,midpoint,false
2025-11-17T17:00:00.000Z,0.5450,,0.5400,0.5500,0.00,57673.00,midpoint,false
2025-11-17T18:00:00.000Z,0.5450,,0.5400,0.5500,0.00,57673.00,midpoint,false
2025-11-17T19:00:00.000Z,0.5400,0.5400,0.5400,0.5500,776.00,58288.00,trade,false
2025-11-17T20:00:00.000Z,0.5400,0.5400,0.5300,0.5400,40.00,58308.00,trade,false
2025-11-17T21:00:00.000Z,0.5000,0.5000,0.5000,0.5100,4270.00,62366.00,trade,false
2025-11-17T22:00:00.000Z,0.5050,,0.5000,0.5100,0.00,62366.00,midpoint,false
2025-11-17T23:00:00.000Z,0.5050,,0.5000,0.5100,0.00,62366.00,midpoint,false
2025-11-18T00:00:00.000Z,0.5100,0.5100,0.5000,0.5100,47.00,62413.00,trade,false
2025-11-18T01:00:00.000Z,0.5100,0.5100,0.5000,0.5100,500.00,62913.00,trade,false
2025-11-18T02:00:00.000Z,0.5100,0.5100,0.5000,0.5100,112.00,63025.00,trade,false
2025-11-18T03:00:00.000Z,0.5050,,0.5000,0.5100,0.00,63025.00,midpoint,false
2025-11-18T04:00:00.000Z,0.5100,0.5100,0.5000,0.5100,762.00,63787.00,trade,false
2025-11-18T05:00:00.000Z,0.5000,0.5000,0.5000,0.5100,515.00,64302.00,trade,false
2025-11-18T06:00:00.000Z,0.5100,0.5100,0.5000,0.5100,867.00,65040.00,trade,false
2025-11-18T07:00:00.000Z,0.5050,,0.5000,0.5100,0.00,65040.00,midpoint,false
2025-11-18T08:00:00.000Z,0.5100,0.5100,0.5000,0.5100,579.00,65519.00,trade,false
2025-11-18T09:00:00.000Z,0.5050,,0.5000,0.5100,0.00,65519.00,midpoint,false
2025-11-18T10:00:00.000Z,0.5000,0.5000,0.5000,0.5100,3.00,65519.00,trade,false
2025-11-18T11:00:00.000Z,0.5000,0.5000,0.5000,0.5100,193.00,65712.00,trade,false
2025-11-18T12:00:00.000Z,0.5050,,0.5000,0.5100,0.00,65712.00,midpoint,false
2025-11-18T13:00:00.000Z,0.5100,0.5100,0.5000,0.5100,18.00,65712.00,trade,false
2025-11-18T14:00:00.000Z,0.5050,,0.5000,0.5100,0.00,65712.00,midpoint,false
2025-11-18T15:00:00.000Z,0.5000,0.5000,0.5000,0.5100,7105.00,72395.00,trade,false
2025-11-18T16:00:00.000Z,0.5100,,0.5000,0.5200,0.00,72395.00,midpoint,false
2025-11-18T17:00:00.000Z,0.5200,0.5200,0.5000,0.5100,27.00,72422.00,trade,false
2025-11-18T18:00:00.000Z,0.5050,,0.5000,0.5100,0.00,72422.00,midpoint,false
2025-11-18T19:00:00.000Z,0.5100,,0.5000,0.5200,0.00,72422.00,midpoint,false
2025-11-18T20:00:00.000Z,0.5200,0.5200,0.5000,0.5100,1463.00,72450.00,trade,false
2025-11-18T21:00:00.000Z,0.5100,0.5100,0.5000,0.5100,37.00,72487.00,trade,false
2025-11-18T22:00:00.000Z,0.5050,,0.5000,0.5100,0.00,72487.00,midpoint,false
2025-11-18T23:00:00.000Z,0.5050,,0.5000,0.5100,0.00,72487.00,midpoint,false
2025-11-19T00:00:00.000Z,0.5100,0.5100,0.5000,0.5100,71.00,72558.00,trade,false
2025-11-19T01:00:00.000Z,0.5050,,0.5000,0.5100,0.00,72558.00,midpoint,false
2025-11-19T02:00:00.000Z,0.5100,0.5100,0.5000,0.5100,374.00,72932.00,trade,false
2025-11-19T03:00:00.000Z,0.5100,0.5100,0.5100,0.5200,198.00,73130.00,trade,false
2025-11-19T04:00:00.000Z,0.5200,0.5200,0.5100,0.5200,1694.00,74824.00,trade,false
2025-11-19T05:00:00.000Z,0.5200,0.5200,0.5100,0.5200,18.00,74842.00,trade,false
2025-11-19T06:00:00.000Z,0.5150,,0.5100,0.5200,0.00,74842.00,midpoint,false
2025-11-19T07:00:00.000Z,0.5150,,0.5100,0.5200,0.00,74842.00,midpoint,false
2025-11-19T08:00:00.000Z,0.5150,,0.5100,0.5200,0.00,74842.00,midpoint,false
2025-11-19T09:00:00.000Z,0.5150,,0.5100,0.5200,0.00,74842.00,midpoint,false
2025-11-19T10:00:00.000Z,0.5150,,0.5100,0.5200,0.00,74842.00,midpoint,false
2025-11-19T11:00:00.000Z,0.5150,,0.5100,0.5200,0.00,74842.00,midpoint,false
2025-11-19T12:00:00.000Z,0.5150,,0.5100,0.5200,0.00,74842.00,midpoint,false
2025-11-19T13:00:00.000Z,0.5150,,0.5100,0.5200,0.00,74842.00,midpoint,false
2025-11-19T14:00:00.000Z,0.5150,,0.5100,0.5200,0.00,74842.00,midpoint,false
2025-11-19T15:00:00.000Z,0.5200,0.5200,0.5100,0.5200,46.00,74888.00,trade,false
2025-11-19T16:00:00.000Z,0.5150,,0.5100,0.5200,0.00,74888.00,midpoint,false
2025-11-19T17:00:00.000Z,0.5200,0.5200,0.5100,0.5200,762.00,75645.00,trade,false
2025-11-19T18:00:00.000Z,0.5200,0.5200,0.5100,0.5200,491.00,76136.00,trade,false
2025-11-19T19:00:00.000Z,0.5300,0.5300,0.5200,0.5300,1086.00,77222.00,trade,false
2025-11-19T20:00:00.000Z,0.5250,,0.5200,0.5300,0.00,77222.00,midpoint,false
2025-11-19T21:00:00.000Z,0.5250,,0.5200,0.5300,0.00,77222.00,midpoint,false
2025-11-19T22:00:00.000Z,0.5250,,0.5200,0.5300,0.00,77222.00,midpoint,false
2025-11-19T23:00:00.000Z,0.5250,,0.5200,0.5300,0.00,77222.00,midpoint,false
2025-11-20T00:00:00.000Z,0.5300,0.5300,0.5200,0.5300,469.00,77520.00,trade,false
2025-11-20T01:00:00.000Z,0.5250,,0.5200,0.5300,0.00,77520.00,midpoint,false
2025-11-20T02:00:00.000Z,0.5200,0.5200,0.5100,0.5200,46.00,77566.00,trade,false
2025-11-20T03:00:00.000Z,0.5200,0.5200,0.5100,0.5200,18.00,77584.00,trade,false
2025-11-20T04:00:00.000Z,0.5300,0.5300,0.5200,0.5300,109.00,77693.00,trade,false
2025-11-20T05:00:00.000Z,0.5250,,0.5200,0.5300,0.00,77693.00,midpoint,false
2025-11-20T06:00:00.000Z,0.5250,,0.5200,0.5300,0.00,77693.00,midpoint,false
2025-11-20T07:00:00.000Z,0.5200,0.5200,0.5200,0.5300,44.00,77737.00,trade,false
2025-11-20T08:00:00.000Z,0.5250,,0.5200,0.5300,0.00,77737.00,midpoint,false
2025-11-20T09:00:00.000Z,0.5250,,0.5200,0.5300,0.00,77737.00,midpoint,false
2025-11-20T11:00:00.000Z,0.5200,0.5200,0.5200,0.5300,199.00,77904.00,trade,false
2025-11-20T12:00:00.000Z,0.5250,,0.5200,0.5300,0.00,77904.00,midpoint,false
2025-11-20T13:00:00.000Z,0.5300,0.5300,0.5200,0.5300,45.00,77949.00,trade,false
2025-11-20T14:00:00.000Z,0.5250,,0.5200,0.5300,0.00,77949.00,midpoint,false
2025-11-20T15:00:00.000Z,0.5300,0.5300,0.5200,0.5300,645.00,78395.00,trade,false
2025-11-20T16:00:00.000Z,0.5200,0.5200,0.5200,0.5300,1369.00,79764.00,trade,false
2025-11-20T17:00:00.000Z,0.5400,0.5400,0.5200,0.5300,248.00,79926.00,trade,false
2025-11-20T18:00:00.000Z,0.5400,0.5400,0.5400,0.5600,3591.00,83517.00,trade,false
2025-11-20T19:00:00.000Z,0.5400,0.5400,0.5400,0.5600,527.00,83688.00,trade,false
2025-11-20T20:00:00.000Z,0.5600,0.5600,0.5400,0.5600,559.00,84247.00,trade,false
2025-11-20T21:00:00.000Z,0.5500,,0.5400,0.5600,0.00,84247.00,midpoint,false
2025-11-20T22:00:00.000Z,0.5600,0.5600,0.5400,0.5600,3.00,84250.00,trade,false
2025-11-20T23:00:00.000Z,0.5600,0.5600,0.5400,0.5600,16.00,84266.00,trade,false
2025-11-21T00:00:00.000Z,0.5500,,0.5400,0.5600,0.00,84266.00,midpoint,false
2025-11-21T01:00:00.000Z,0.5550,,0.5500,0.5600,0.00,84266.00,midpoint,false
2025-11-21T02:00:00.000Z,0.5550,,0.5500,0.5600,0.00,84266.00,midpoint,false
2025-11-21T03:00:00.000Z,0.5500,0.5500,0.5400,0.5500,3.00,84263.00,trade,false
2025-11-21T04:00:00.000Z,0.5600,0.5600,0.5400,0.5600,8.00,84271.00,trade,false
2025-11-21T05:00:00.000Z,0.5600,0.5600,0.5500,0.5600,68.00,84339.00,trade,false
2025-11-21T06:00:00.000Z,0.5550,,0.5500,0.5600,0.00,84339.00,midpoint,false
2025-11-21T07:00:00.000Z,0.5600,0.5600,0.5500,0.5600,86.00,84425.00,trade,false
2025-11-21T08:00:00.000Z,0.5550,,0.5500,0.5600,0.00,84425.00,midpoint,false
2025-11-21T09:00:00.000Z,0.5550,,0.5500,0.5600,0.00,84425.00,midpoint,false
2025-11-21T10:00:00.000Z,0.5550,,0.5500,0.5600,0.00,84425.00,midpoint,false
2025-11-21T11:00:00.000Z,0.5550,,0.5500,0.5600,0.00,84425.00,midpoint,false
2025-11-21T12:00:00.000Z,0.5550,,0.5500,0.5600,0.00,84425.00,midpoint,false
2025-11-21T13:00:00.000Z,0.5500,,0.5400,0.5600,0.00,84425.00,midpoint,false
2025-11-21T14:00:00.000Z,0.5550,,0.5500,0.5600,0.00,84425.00,midpoint,false
2025-11-21T15:00:00.000Z,0.5600,0.5600,0.5500,0.5600,8.00,84433.00,trade,false
2025-11-21T16:00:00.000Z,0.5500,,0.5400,0.5600,0.00,84433.00,midpoint,false
2025-11-21T17:00:00.000Z,0.5550,,0.5500,0.5600,0.00,84433.00,midpoint,false
2025-11-21T18:00:00.000Z,0.5550,,0.5500,0.5600,0.00,84433.00,midpoint,false
2025-11-21T19:00:00.000Z,0.5500,,0.5400,0.5600,0.00,84433.00,midpoint,false
2025-11-21T20:00:00.000Z,0.5500,,0.5400,0.5600,0.00,84433.00,midpoint,false
2025-11-21T21:00:00.000Z,0.5600,0.5600,0.5400,0.5600,111.00,84422.00,trade,false
2025-11-21T22:00:00.000Z,0.5500,,0.5400,0.5600,0.00,84422.00,midpoint,false
2025-11-21T23:00:00.000Z,0.5550,,0.5500,0.5600,0.00,84422.00,midpoint,false
2025-11-22T00:00:00.000Z,0.5500,0.5500,0.5500,0.5600,10.00,84412.00,trade,false
2025-11-22T01:00:00.000Z,0.5550,,0.5500,0.5600,0.00,84412.00,midpoint,false
2025-11-22T02:00:00.000Z,0.5550,,0.5500,0.5600,0.00,84412.00,midpoint,false
2025-11-22T03:00:00.000Z,0.5550,,0.5500,0.5600,0.00,84412.00,midpoint,false
2025-11-22T04:00:00.000Z,0.5600,0.5600,0.5500,0.5600,346.00,84758.00,trade,false
2025-11-22T05:00:00.000Z,0.5600,0.5600,0.5400,0.5600,129.00,84887.00,trade,false
2025-11-22T06:00:00.000Z,0.5400,0.5400,0.5400,0.5600,418.00,85101.00,trade,false
2025-11-22T07:00:00.000Z,0.5500,,0.5400,0.5600,0.00,85101.00,midpoint,false
2025-11-22T08:00:00.000Z,0.5550,,0.5500,0.5600,0.00,85101.00,midpoint,false
2025-11-22T09:00:00.000Z,0.5550,,0.5500,0.5600,0.00,85101.00,midpoint,false
2025-11-22T10:00:00.000Z,0.5500,,0.5400,0.5600,0.00,85101.00,midpoint,false
2025-11-22T11:00:00.000Z,0.5500,,0.5400,0.5600,0.00,85101.00,midpoint,false
2025-11-22T12:00:00.000Z,0.5500,,0.5400,0.5600,0.00,85101.00,midpoint,false
2025-11-22T13:00:00.000Z,0.5600,0.5600,0.5500,0.5600,173.00,85274.00,trade,false
2025-11-22T14:00:00.000Z,0.5550,,0.5500,0.5600,0.00,85274.00,midpoint,false
2025-11-22T15:00:00.000Z,0.5550,,0.5500,0.5600,0.00,85274.00,midpoint,false
2025-11-22T16:00:00.000Z,0.5550,,0.5500,0.5600,0.00,85274.00,midpoint,false
2025-11-22T17:00:00.000Z,0.5600,0.5600,0.5500,0.5600,8.00,85282.00,trade,false
2025-11-22T18:00:00.000Z,0.5550,,0.5500,0.5600,0.00,85282.00,midpoint,false
2025-11-22T19:00:00.000Z,0.5550,,0.5500,0.5600,0.00,85282.00,midpoint,false
2025-11-22T20:00:00.000Z,0.5500,0.5500,0.5300,0.5500,5.00,85282.00,trade,false
2025-11-22T21:00:00.000Z,0.5400,,0.5300,0.5500,0.00,85282.00,midpoint,false
2025-11-22T22:00:00.000Z,0.5350,,0.5300,0.5400,0.00,85282.00,midpoint,false
2025-11-22T23:00:00.000Z,0.5350,,0.5300,0.5400,0.00,85282.00,midpoint,false
2025-11-23T00:00:00.000Z,0.5350,,0.5300,0.5400,0.00,85282.00,midpoint,false
2025-11-23T01:00:00.000Z,0.5400,0.5400,0.5300,0.5400,48.00,85330.00,trade,false
2025-11-23T02:00:00.000Z,0.5350,,0.5300,0.5400,0.00,85330.00,midpoint,false
2025-11-23T03:00:00.000Z,0.5400,0.5400,0.5300,0.5400,17.00,85347.00,trade,false
2025-11-23T04:00:00.000Z,0.5400,0.5400,0.5300,0.5400,3.00,85348.00,trade,false
2025-11-23T05:00:00.000Z,0.5300,0.5300,0.5300,0.5400,35.00,85313.00,trade,false
2025-11-23T06:00:00.000Z,0.5400,0.5400,0.5300,0.5400,5.00,85318.00,trade,false
2025-11-23T07:00:00.000Z,0.5400,0.5400,0.5300,0.5400,35.00,85353.00,trade,false
2025-11-23T08:00:00.000Z,0.5300,0.5300,0.5300,0.5400,1.00,85352.00,trade,false
2025-11-23T09:00:00.000Z,0.5350,,0.5300,0.5400,0.00,85352.00,midpoint,false
2025-11-23T10:00:00.000Z,0.5350,,0.5300,0.5400,0.00,85352.00,midpoint,false
2025-11-23T11:00:00.000Z,0.5350,,0.5300,0.5400,0.00,85352.00,midpoint,false
2025-11-23T12:00:00.000Z,0.5350,,0.5300,0.5400,0.00,85352.00,midpoint,false
2025-11-23T13:00:00.000Z,0.5350,,0.5300,0.5400,0.00,85352.00,midpoint,false
2025-11-23T14:00:00.000Z,0.5400,0.5400,0.5300,0.5400,1.00,85353.00,trade,false
2025-11-23T15:00:00.000Z,0.5400,0.5400,0.5300,0.5400,38.00,85391.00,trade,false
2025-11-23T16:00:00.000Z,0.5350,,0.5300,0.5400,0.00,85391.00,midpoint,false
2025-11-23T17:00:00.000Z,0.5350,,0.5300,0.5400,0.00,85391.00,midpoint,false
2025-11-23T18:00:00.000Z,0.5350,,0.5300,0.5400,0.00,85391.00,midpoint,false
2025-11-23T19:00:00.000Z,0.5300,0.5300,0.5300,0.5400,5.00,85391.00,trade,false
2025-11-23T20:00:00.000Z,0.5400,0.5400,0.5300,0.5400,107.00,85498.00,trade,false
2025-11-23T21:00:00.000Z,0.5300,0.5300,0.5300,0.5400,8.00,85490.00,trade,false
2025-11-23T22:00:00.000Z,0.5350,,0.5300,0.5400,0.00,85490.00,midpoint,false
2025-11-23T23:00:00.000Z,0.5350,,0.5300,0.5400,0.00,85490.00,midpoint,false
2025-11-24T00:00:00.000Z,0.5400,0.5400,0.5300,0.5400,5.00,85495.00,trade,false
2025-11-24T01:00:00.000Z,0.5350,,0.5300,0.5400,0.00,85495.00,midpoint,false
2025-11-24T02:00:00.000Z,0.5400,0.5400,0.5300,0.5400,326.00,85821.00,trade,false
2025-11-24T03:00:00.000Z,0.5350,,0.5300,0.5400,0.00,85821.00,midpoint,false
2025-11-24T04:00:00.000Z,0.5400,0.5400,0.5300,0.5400,17.00,85838.00,trade,false
2025-11-24T05:00:00.000Z,0.5350,,0.5300,0.5400,0.00,85838.00,midpoint,false
2025-11-24T06:00:00.000Z,0.5350,,0.5300,0.5400,0.00,85838.00,midpoint,false
2025-11-24T07:00:00.000Z,0.5350,,0.5300,0.5400,0.00,85838.00,midpoint,false
2025-11-24T08:00:00.000Z,0.5350,,0.5300,0.5400,0.00,85838.00,midpoint,false
2025-11-24T09:00:00.000Z,0.5350,,0.5300,0.5400,0.00,85838.00,midpoint,false
2025-11-24T10:00:00.000Z,0.5350,,0.5300,0.5400,0.00,85838.00,midpoint,false
2025-11-24T11:00:00.000Z,0.5350,,0.5300,0.5400,0.00,85838.00,midpoint,false
2025-11-24T12:00:00.000Z,0.5350,,0.5300,0.5400,0.00,85838.00,midpoint,false
2025-11-24T13:00:00.000Z,0.5350,,0.5300,0.5400,0.00,85838.00,midpoint,false
2025-11-24T14:00:00.000Z,0.5350,,0.5300,0.5400,0.00,85838.00,midpoint,false
2025-11-24T15:00:00.000Z,0.5350,,0.5300,0.5400,0.00,85838.00,midpoint,false
2025-11-24T16:00:00.000Z,0.5400,0.5400,0.5300,0.5400,108.00,85921.00,trade,false
2025-11-24T17:00:00.000Z,0.5350,,0.5300,0.5400,0.00,85921.00,midpoint,false
2025-11-24T18:00:00.000Z,0.5400,0.5400,0.5300,0.5400,132.00,86053.00,trade,false
2025-11-24T19:00:00.000Z,0.5350,,0.5300,0.5400,0.00,86053.00,midpoint,false
2025-11-24T20:00:00.000Z,0.5400,0.5400,0.5300,0.5400,57.00,86082.00,trade,false
2025-11-24T21:00:00.000Z,0.5350,,0.5300,0.5400,0.00,86082.00,midpoint,false
2025-11-24T22:00:00.000Z,0.5350,,0.5300,0.5400,0.00,86082.00,midpoint,false
2025-11-24T23:00:00.000Z,0.5350,,0.5300,0.5400,0.00,86082.00,midpoint,false
2025-11-25T00:00:00.000Z,0.5350,,0.5300,0.5400,0.00,86082.00,midpoint,false
2025-11-25T01:00:00.000Z,0.5350,,0.5300,0.5400,0.00,86082.00,midpoint,false
2025-11-25T02:00:00.000Z,0.5350,,0.5300,0.5400,0.00,86082.00,midpoint,false
2025-11-25T03:00:00.000Z,0.5400,0.5400,0.5300,0.5400,221.00,86303.00,trade,false
2025-11-25T04:00:00.000Z,0.5400,0.5400,0.5300,0.5400,89.00,86392.00,trade,false
2025-11-25T05:00:00.000Z,0.5350,,0.5300,0.5400,0.00,86392.00,midpoint,false
2025-11-25T06:00:00.000Z,0.5350,,0.5300,0.5400,0.00,86392.00,midpoint,false
2025-11-25T07:00:00.000Z,0.5350,,0.5300,0.5400,0.00,86392.00,midpoint,false
2025-11-25T08:00:00.000Z,0.5350,,0.5300,0.5400,0.00,86392.00,midpoint,false
2025-11-25T09:00:00.000Z,0.5350,,0.5300,0.5400,0.00,86392.00,midpoint,false
2025-11-25T10:00:00.000Z,0.5350,,0.5300,0.5400,0.00,86392.00,midpoint,false
2025-11-25T11:00:00.000Z,0.5350,,0.5300,0.5400,0.00,86392.00,midpoint,false
2025-11-25T12:00:00.000Z,0.5350,,0.5300,0.5400,0.00,86392.00,midpoint,false
2025-11-25T13:00:00.000Z,0.5350,,0.5300,0.5400,0.00,86392.00,midpoint,false
2025-11-25T14:00:00.000Z,0.5350,,0.5300,0.5400,0.00,86392.00,midpoint,false
2025-11-25T15:00:00.000Z,0.5350,,0.5300,0.5400,0.00,86392.00,midpoint,false
2025-11-25T16:00:00.000Z,0.5350,,0.5300,0.5400,0.00,86392.00,midpoint,false
2025-11-25T17:00:00.000Z,0.5350,,0.5300,0.5400,0.00,86392.00,midpoint,false
2025-11-25T18:00:00.000Z,0.5350,,0.5300,0.5400,0.00,86392.00,midpoint,false
2025-11-25T19:00:00.000Z,0.5350,,0.5300,0.5400,0.00,86392.00,midpoint,false
2025-11-25T20:00:00.000Z,0.5300,0.5300,0.5300,0.5400,1.00,86391.00,trade,false
2025-11-25T21:00:00.000Z,0.5350,,0.5300,0.5400,0.00,86391.00,midpoint,false
2025-11-25T22:00:00.000Z,0.5350,,0.5300,0.5400,0.00,86391.00,midpoint,false
2025-11-25T23:00:00.000Z,0.5350,,0.5300,0.5400,0.00,86391.00,midpoint,false
2025-11-26T00:00:00.000Z,0.5300,0.5300,0.5300,0.5400,25.00,86366.00,trade,false
2025-11-26T01:00:00.000Z,0.5350,,0.5300,0.5400,0.00,86366.00,midpoint,false
2025-11-26T02:00:00.000Z,0.5350,,0.5300,0.5400,0.00,86366.00,midpoint,false
2025-11-26T03:00:00.000Z,0.5350,,0.5300,0.5400,0.00,86366.00,midpoint,false
2025-11-26T04:00:00.000Z,0.5350,,0.5300,0.5400,0.00,86366.00,midpoint,false
2025-11-26T05:00:00.000Z,0.5350,,0.5300,0.5400,0.00,86366.00,midpoint,false
2025-11-26T06:00:00.000Z,0.5350,,0.5300,0.5400,0.00,86366.00,midpoint,false
2025-11-26T07:00:00.000Z,0.5400,0.5400,0.5300,0.5400,1.00,86367.00,trade,false
2025-11-26T08:00:00.000Z,0.5350,,0.5300,0.5400,0.00,86367.00,midpoint,false
2025-11-26T09:00:00.000Z,0.5350,,0.5300,0.5400,0.00,86367.00,midpoint,false
2025-11-26T10:00:00.000Z,0.5350,,0.5300,0.5400,0.00,86367.00,midpoint,false
2025-11-26T11:00:00.000Z,0.5350,,0.5300,0.5400,0.00,86367.00,midpoint,false
2025-11-26T12:00:00.000Z,0.5350,,0.5300,0.5400,0.00,86367.00,midpoint,false
2025-11-26T13:00:00.000Z,0.5350,,0.5300,0.5400,0.00,86367.00,midpoint,false
2025-11-26T14:00:00.000Z,0.5400,0.5400,0.5300,0.5400,10.00,86377.00,trade,false
2025-11-26T15:00:00.000Z,0.5350,,0.5300,0.5400,0.00,86377.00,midpoint,false
2025-11-26T16:00:00.000Z,0.5350,,0.5300,0.5400,0.00,86377.00,midpoint,false
2025-11-26T17:00:00.000Z,0.5350,,0.5300,0.5400,0.00,86377.00,midpoint,false
2025-11-26T18:00:00.000Z,0.5350,,0.5300,0.5400,0.00,86377.00,midpoint,false
2025-11-26T19:00:00.000Z,0.5350,,0.5300,0.5400,0.00,86377.00,midpoint,false
2025-11-26T20:00:00.000Z,0.5350,,0.5300,0.5400,0.00,86377.00,midpoint,false
2025-11-26T21:00:00.000Z,0.5400,0.5400,0.5300,0.5400,725.00,87102.00,trade,false
2025-11-26T22:00:00.000Z,0.5350,,0.5300,0.5400,0.00,87102.00,midpoint,false
2025-11-26T23:00:00.000Z,0.5350,,0.5300,0.5400,0.00,87102.00,midpoint,false
2025-11-27T00:00:00.000Z,0.5400,0.5400,0.5300,0.5400,21.00,87120.00,trade,false
2025-11-27T01:00:00.000Z,0.5400,0.5400,0.5300,0.5400,326.00,87446.00,trade,false
2025-11-27T02:00:00.000Z,0.5350,,0.5300,0.5400,0.00,87446.00,midpoint,false
2025-11-27T03:00:00.000Z,0.5400,0.5400,0.5300,0.5400,17.00,87463.00,trade,false
2025-11-27T04:00:00.000Z,0.5350,,0.5300,0.5400,0.00,87463.00,midpoint,false
2025-11-27T05:00:00.000Z,0.5400,0.5400,0.5300,0.5400,5.00,87468.00,trade,false
2025-11-27T06:00:00.000Z,0.5400,0.5400,0.5300,0.5400,100.00,87568.00,trade,false
2025-11-27T07:00:00.000Z,0.5350,,0.5300,0.5400,0.00,87568.00,midpoint,false
2025-11-27T08:00:00.000Z,0.5400,0.5400,0.5300,0.5400,31.00,87599.00,trade,false
2025-11-27T09:00:00.000Z,0.5350,,0.5300,0.5400,0.00,87599.00,midpoint,false
2025-11-27T11:00:00.000Z,0.5400,,0.5300,0.5500,0.00,87599.00,midpoint,false
2025-11-27T12:00:00.000Z,0.5400,,0.5300,0.5500,0.00,87599.00,midpoint,false
2025-11-27T13:00:00.000Z,0.5300,0.5300,0.5300,0.5500,9.00,87590.00,trade,false
2025-11-27T14:00:00.000Z,0.5400,,0.5300,0.5500,0.00,87590.00,midpoint,false
2025-11-27T15:00:00.000Z,0.5400,,0.5300,0.5500,0.00,87590.00,midpoint,false
2025-11-27T16:00:00.000Z,0.5350,,0.5300,0.5400,0.00,87590.00,midpoint,false
2025-11-27T17:00:00.000Z,0.5350,,0.5300,0.5400,0.00,87590.00,midpoint,false
2025-11-27T18:00:00.000Z,0.5350,,0.5300,0.5400,0.00,87590.00,midpoint,false
2025-11-27T19:00:00.000Z,0.5350,,0.5300,0.5400,0.00,87590.00,midpoint,false
2025-11-27T20:00:00.000Z,0.5350,,0.5300,0.5400,0.00,87590.00,midpoint,false
2025-11-27T21:00:00.000Z,0.5400,0.5400,0.5400,0.5500,322.00,87912.00,trade,false
2025-11-27T22:00:00.000Z,0.5450,,0.5400,0.5500,0.00,87912.00,midpoint,false
2025-11-27T23:00:00.000Z,0.5450,,0.5400,0.5500,0.00,87912.00,midpoint,false
2025-11-28T00:00:00.000Z,0.5450,,0.5400,0.5500,0.00,87912.00,midpoint,false
2025-11-28T01:00:00.000Z,0.5450,,0.5400,0.5500,0.00,87912.00,midpoint,false
2025-11-28T02:00:00.000Z,0.5450,,0.5400,0.5500,0.00,87912.00,midpoint,false
2025-11-28T03:00:00.000Z,0.5450,,0.5400,0.5500,0.00,87912.00,midpoint,false
2025-11-28T04:00:00.000Z,0.5500,0.5500,0.5400,0.5500,193.00,88105.00,trade,false
2025-11-28T05:00:00.000Z,0.5450,,0.5400,0.5500,0.00,88105.00,midpoint,false
2025-11-28T06:00:00.000Z,0.5400,0.5400,0.5300,0.5500,15.00,88090.00,trade,false
2025-11-28T07:00:00.000Z,0.5400,,0.5300,0.5500,0.00,88090.00,midpoint,false
2025-11-28T08:00:00.000Z,0.5400,,0.5300,0.5500,0.00,88090.00,midpoint,false
2025-11-28T09:00:00.000Z,0.5400,,0.5300,0.5500,0.00,88090.00,midpoint,false
2025-11-28T10:00:00.000Z,0.5400,,0.5300,0.5500,0.00,88090.00,midpoint,false
2025-11-28T11:00:00.000Z,0.5400,,0.5300,0.5500,0.00,88090.00,midpoint,false
2025-11-28T12:00:00.000Z,0.5400,,0.5300,0.5500,0.00,88090.00,midpoint,false
2025-11-28T13:00:00.000Z,0.5300,0.5300,0.5300,0.5500,1.00,88089.00,trade,false
2025-11-28T14:00:00.000Z,0.5500,0.5500,0.5300,0.5500,28.00,88117.00,trade,false
2025-11-28T15:00:00.000Z,0.5300,0.5300,0.5400,0.5500,39.00,88078.00,trade,false
2025-11-28T16:00:00.000Z,0.5500,0.5500,0.5400,0.5500,176.00,88254.00,trade,false
2025-11-28T17:00:00.000Z,0.5450,,0.5400,0.5500,0.00,88254.00,midpoint,false
2025-11-28T18:00:00.000Z,0.5450,,0.5400,0.5500,0.00,88254.00,midpoint,false
2025-11-28T19:00:00.000Z,0.5450,,0.5400,0.5500,0.00,88254.00,midpoint,false
2025-11-28T20:00:00.000Z,0.5450,,0.5400,0.5500,0.00,88254.00,midpoint,false
2025-11-28T21:00:00.000Z,0.5450,,0.5400,0.5500,0.00,88254.00,midpoint,false
2025-11-28T22:00:00.000Z,0.5450,,0.5400,0.5500,0.00,88254.00,midpoint,false
2025-11-28T23:00:00.000Z,0.5400,0.5400,0.5300,0.5500,4.00,88254.00,trade,false
2025-11-29T00:00:00.000Z,0.5400,,0.5300,0.5500,0.00,88254.00,midpoint,false
2025-11-29T01:00:00.000Z,0.5500,0.5500,0.5300,0.5500,3.00,88257.00,trade,false
2025-11-29T02:00:00.000Z,0.5300,0.5300,0.5400,0.5500,205.00,88257.00,trade,false
2025-11-29T03:00:00.000Z,0.5500,0.5500,0.5400,0.5500,1.00,88257.00,trade,false
2025-11-29T04:00:00.000Z,0.5450,,0.5400,0.5500,0.00,88257.00,midpoint,false
2025-11-29T05:00:00.000Z,0.5400,0.5400,0.5300,0.5500,2.00,88257.00,trade,false
2025-11-29T06:00:00.000Z,0.5400,,0.5300,0.5500,0.00,88257.00,midpoint,false
2025-11-29T07:00:00.000Z,0.5500,0.5500,0.5400,0.5500,22.00,88257.00,trade,false
2025-11-29T08:00:00.000Z,0.5450,,0.5400,0.5500,0.00,88257.00,midpoint,false
2025-11-29T09:00:00.000Z,0.5500,0.5500,0.5300,0.5500,22.00,88257.00,trade,false
2025-11-29T10:00:00.000Z,0.5400,,0.5300,0.5500,0.00,88257.00,midpoint,false
2025-11-29T11:00:00.000Z,0.5400,,0.5300,0.5500,0.00,88257.00,midpoint,false
2025-11-29T12:00:00.000Z,0.5500,0.5500,0.5300,0.5500,44.00,88301.00,trade,false
2025-11-29T13:00:00.000Z,0.5400,,0.5300,0.5500,0.00,88301.00,midpoint,false
2025-11-29T14:00:00.000Z,0.5400,,0.5300,0.5500,0.00,88301.00,midpoint,false
2025-11-29T15:00:00.000Z,0.5500,0.5500,0.5300,0.5500,114.00,88415.00,trade,false
2025-11-29T16:00:00.000Z,0.5400,,0.5300,0.5500,0.00,88415.00,midpoint,false
2025-11-29T17:00:00.000Z,0.5400,0.5400,0.5300,0.5500,65.00,88420.00,trade,false
2025-11-29T18:00:00.000Z,0.5400,,0.5300,0.5500,0.00,88420.00,midpoint,false
2025-11-29T19:00:00.000Z,0.5400,,0.5300,0.5500,0.00,88420.00,midpoint,false
2025-11-29T20:00:00.000Z,0.5500,0.5500,0.5400,0.5500,52.00,88472.00,trade,false
2025-11-29T21:00:00.000Z,0.5450,,0.5400,0.5500,0.00,88472.00,midpoint,false
2025-11-29T22:00:00.000Z,0.5450,,0.5400,0.5500,0.00,88472.00,midpoint,false
2025-11-29T23:00:00.000Z,0.5500,0.5500,0.5400,0.5500,35.00,88507.00,trade,false
2025-11-30T00:00:00.000Z,0.5450,,0.5400,0.5500,0.00,88507.00,midpoint,false
2025-11-30T01:00:00.000Z,0.5400,0.5400,0.5400,0.5500,16.00,88491.00,trade,false
2025-11-30T02:00:00.000Z,0.5500,0.5500,0.5400,0.5500,328.00,88819.00,trade,false
2025-11-30T03:00:00.000Z,0.5400,0.5400,0.5400,0.5500,35.00,88784.00,trade,false
2025-11-30T04:00:00.000Z,0.5450,,0.5400,0.5500,0.00,88784.00,midpoint,false
2025-11-30T05:00:00.000Z,0.5400,0.5400,0.5400,0.5500,10.00,88774.00,trade,false
2025-11-30T06:00:00.000Z,0.5400,0.5400,0.5400,0.5500,85.00,88689.00,trade,false
2025-11-30T07:00:00.000Z,0.5500,0.5500,0.5400,0.5500,35.00,88724.00,trade,false
2025-11-30T08:00:00.000Z,0.5450,,0.5400,0.5500,0.00,88724.00,midpoint,false
2025-11-30T09:00:00.000Z,0.5450,,0.5400,0.5500,0.00,88724.00,midpoint,false
2025-11-30T10:00:00.000Z,0.5450,,0.5400,0.5500,0.00,88724.00,midpoint,false
2025-11-30T11:00:00.000Z,0.5450,,0.5400,0.5500,0.00,88724.00,midpoint,false
2025-11-30T12:00:00.000Z,0.5450,,0.5400,0.5500,0.00,88724.00,midpoint,false
2025-11-30T13:00:00.000Z,0.5450,,0.5400,0.5500,0.00,88724.00,midpoint,false
2025-11-30T14:00:00.000Z,0.5400,0.5400,0.5400,0.5500,40.00,88684.00,trade,false
2025-11-30T15:00:00.000Z,0.5450,,0.5400,0.5500,0.00,88684.00,midpoint,false
2025-11-30T16:00:00.000Z,0.5500,0.5500,0.5400,0.5500,61.00,88745.00,trade,false
2025-11-30T17:00:00.000Z,0.5500,0.5500,0.5400,0.5500,17.00,88762.00,trade,false
2025-11-30T18:00:00.000Z,0.5450,,0.5400,0.5500,0.00,88762.00,midpoint,false
2025-11-30T19:00:00.000Z,0.5500,0.5500,0.5400,0.5500,67.00,88829.00,trade,false
2025-11-30T20:00:00.000Z,0.5450,,0.5400,0.5500,0.00,88829.00,midpoint,false
2025-11-30T21:00:00.000Z,0.5450,,0.5400,0.5500,0.00,88829.00,midpoint,false
2025-11-30T22:00:00.000Z,0.5500,0.5500,0.5400,0.5500,8.00,88837.00,trade,false
2025-11-30T23:00:00.000Z,0.5450,,0.5400,0.5500,0.00,88837.00,midpoint,false
2025-12-01T00:00:00.000Z,0.5500,0.5500,0.5400,0.5500,5.00,88842.00,trade,false
2025-12-01T01:00:00.000Z,0.5700,0.5700,0.5500,0.5700,955.00,88879.00,trade,false
2025-12-01T02:00:00.000Z,0.5600,,0.5500,0.5700,0.00,88879.00,midpoint,false
2025-12-01T03:00:00.000Z,0.5700,0.5700,0.5500,0.5700,8.00,88887.00,trade,false
2025-12-01T04:00:00.000Z,0.5600,,0.5500,0.5700,0.00,88887.00,midpoint,false
2025-12-01T05:00:00.000Z,0.5500,0.5500,0.5500,0.5700,72.00,88868.00,trade,false
2025-12-01T06:00:00.000Z,0.5600,,0.5500,0.5700,0.00,88868.00,midpoint,false
2025-12-01T07:00:00.000Z,0.5700,0.5700,0.5500,0.5700,85.00,88953.00,trade,false
2025-12-01T08:00:00.000Z,0.5800,0.5800,0.5500,0.5800,42.00,88995.00,trade,false
2025-12-01T09:00:00.000Z,0.5650,,0.5500,0.5800,0.00,88995.00,midpoint,false
2025-12-01T10:00:00.000Z,0.5650,,0.5500,0.5800,0.00,88995.00,midpoint,false
2025-12-01T11:00:00.000Z,0.5500,0.5500,0.5500,0.5800,40.00,88955.00,trade,false
2025-12-01T12:00:00.000Z,0.5650,,0.5600,0.5700,0.00,88955.00,midpoint,false
2025-12-01T13:00:00.000Z,0.5800,0.5800,0.5600,0.5800,40.00,88995.00,trade,false
2025-12-01T14:00:00.000Z,0.5700,0.5700,0.5700,0.5900,318.00,89177.00,trade,false
2025-12-01T15:00:00.000Z,0.5900,0.5900,0.5700,0.5800,36.00,89177.00,trade,false
2025-12-01T16:00:00.000Z,0.5900,0.5900,0.5700,0.5800,41.00,89177.00,trade,false
2025-12-01T17:00:00.000Z,0.5900,0.5900,0.5700,0.5800,82.00,89177.00,trade,false
2025-12-01T18:00:00.000Z,0.5700,0.5700,0.5600,0.5700,359.00,89256.00,trade,false
2025-12-01T19:00:00.000Z,0.5650,,0.5500,0.5800,0.00,89256.00,midpoint,false
2025-12-01T20:00:00.000Z,0.5800,0.5800,0.5500,0.5800,133.00,89389.00,trade,false
2025-12-01T21:00:00.000Z,0.5700,0.5700,0.5500,0.5600,41.00,89430.00,trade,false
2025-12-01T22:00:00.000Z,0.5700,0.5700,0.5600,0.5700,201.00,89591.00,trade,false
2025-12-01T23:00:00.000Z,0.5500,0.5500,0.5500,0.5600,242.00,89829.00,trade,false
2025-12-02T00:00:00.000Z,0.5550,,0.5500,0.5600,0.00,89829.00,midpoint,false
2025-12-02T01:00:00.000Z,0.5500,0.5500,0.5400,0.5500,151.00,89896.00,trade,false
2025-12-02T02:00:00.000Z,0.5500,0.5500,0.5400,0.5500,88.00,89984.00,trade,false
2025-12-02T03:00:00.000Z,0.5600,0.5600,0.5400,0.5500,43.00,90027.00,trade,false
2025-12-02T04:00:00.000Z,0.5450,,0.5400,0.5500,0.00,90027.00,midpoint,false
2025-12-02T05:00:00.000Z,0.5500,0.5500,0.5400,0.5500,42.00,90049.00,trade,false
2025-12-02T06:00:00.000Z,0.5400,0.5400,0.5400,0.5500,166.00,90059.00,trade,false
2025-12-02T07:00:00.000Z,0.5450,,0.5400,0.5500,0.00,90059.00,midpoint,false
2025-12-02T08:00:00.000Z,0.5600,0.5600,0.5500,0.5600,103.00,90162.00,trade,false
2025-12-02T09:00:00.000Z,0.5600,0.5600,0.5500,0.5600,17.00,90179.00,trade,false
2025-12-02T10:00:00.000Z,0.5600,0.5600,0.5500,0.5600,34.00,90213.00,trade,false
2025-12-02T11:00:00.000Z,0.5500,0.5500,0.5400,0.5500,32.00,90213.00,trade,false
2025-12-02T12:00:00.000Z,0.5450,,0.5400,0.5500,0.00,90213.00,midpoint,false
2025-12-02T13:00:00.000Z,0.5450,,0.5400,0.5500,0.00,90213.00,midpoint,false
2025-12-02T14:00:00.000Z,0.5500,0.5500,0.5400,0.5500,228.00,90213.00,trade,false
2025-12-02T15:00:00.000Z,0.5450,,0.5400,0.5500,0.00,90213.00,midpoint,false
2025-12-02T16:00:00.000Z,0.5450,,0.5400,0.5500,0.00,90213.00,midpoint,false
2025-12-02T17:00:00.000Z,0.5500,0.5500,0.5400,0.5500,13.00,90226.00,trade,false
2025-12-02T18:00:00.000Z,0.5400,0.5400,0.5400,0.5500,1765.00,91985.00,trade,false
2025-12-02T19:00:00.000Z,0.6000,0.6000,0.5800,0.6000,264.00,91855.00,trade,false
2025-12-02T20:00:00.000Z,0.5800,0.5800,0.5800,0.6000,80.00,91775.00,trade,false
2025-12-02T21:00:00.000Z,0.6000,0.6000,0.5600,0.6000,502.00,91764.00,trade,false
2025-12-02T22:00:00.000Z,0.5700,0.5700,0.5700,0.5900,224.00,91987.00,trade,false
2025-12-02T23:00:00.000Z,0.5900,0.5900,0.5700,0.5900,83.00,92070.00,trade,false
2025-12-03T00:00:00.000Z,0.5900,0.5900,0.5800,0.5900,59.00,92129.00,trade,false
2025-12-03T01:00:00.000Z,0.5900,0.5900,0.5800,0.5900,167.00,92296.00,trade,false
2025-12-03T02:00:00.000Z,0.5900,0.5900,0.5700,0.5800,319.00,92615.00,trade,false
2025-12-03T03:00:00.000Z,0.5900,0.5900,0.5800,0.5900,475.00,93090.00,trade,false
2025-12-03T04:00:00.000Z,0.5700,0.5700,0.5800,0.5900,491.00,93551.00,trade,false
2025-12-03T05:00:00.000Z,0.5900,0.5900,0.5800,0.5900,788.00,94216.00,trade,false
2025-12-03T06:00:00.000Z,0.5900,0.5900,0.5800,0.5900,32.00,94248.00,trade,false
2025-12-03T07:00:00.000Z,0.5900,0.5900,0.5800,0.5900,46.00,94294.00,trade,false
2025-12-03T08:00:00.000Z,0.5900,0.5900,0.5800,0.5900,427.00,94721.00,trade,false
2025-12-03T09:00:00.000Z,0.5900,0.5900,0.5800,0.5900,164.00,94885.00,trade,false
2025-12-03T10:00:00.000Z,0.5900,0.5900,0.5800,0.5900,24.00,94909.00,trade,false
2025-12-03T11:00:00.000Z,0.5850,,0.5800,0.5900,0.00,94909.00,midpoint,false
2025-12-03T12:00:00.000Z,0.5850,,0.5800,0.5900,0.00,94909.00,midpoint,false
2025-12-03T13:00:00.000Z,0.5900,0.5900,0.5800,0.5900,39.00,94933.00,trade,false
2025-12-03T14:00:00.000Z,0.5900,0.5900,0.5800,0.5900,49.00,94982.00,trade,false
2025-12-03T15:00:00.000Z,0.6100,0.6100,0.6000,0.6100,2844.00,97826.00,trade,false
2025-12-03T16:00:00.000Z,0.6100,0.6100,0.6000,0.6100,85.00,97911.00,trade,false
2025-12-03T17:00:00.000Z,0.6100,0.6100,0.6000,0.6100,319.00,98230.00,trade,false
2025-12-03T18:00:00.000Z,0.6100,0.6100,0.6000,0.6100,18.00,98248.00,trade,false
2025-12-03T19:00:00.000Z,0.6100,0.6100,0.6000,0.6100,208.00,98456.00,trade,false
2025-12-03T20:00:00.000Z,0.6400,0.6400,0.6500,0.6600,14225.00,111534.00,trade,false
2025-12-03T21:00:00.000Z,0.7100,0.7100,0.6900,0.7100,16926.00,127813.00,trade,false
2025-12-03T22:00:00.000Z,0.7200,0.7200,0.6900,0.7200,112.00,127886.00,trade,false
2025-12-03T23:00:00.000Z,0.7100,0.7100,0.6800,0.7100,43.00,127855.00,trade,false
2025-12-04T00:00:00.000Z,0.7100,0.7100,0.7100,0.7200,749.00,128571.00,trade,false
2025-12-04T01:00:00.000Z,0.7200,0.7200,0.7100,0.7200,1.00,128572.00,trade,false
2025-12-04T02:00:00.000Z,0.7150,,0.7100,0.7200,0.00,128572.00,midpoint,false
2025-12-04T03:00:00.000Z,0.7200,0.7200,0.7000,0.7200,206.00,128752.00,trade,false
2025-12-04T04:00:00.000Z,0.6700,0.6700,0.6800,0.7000,227.00,128772.00,trade,false
2025-12-04T05:00:00.000Z,0.7100,0.7100,0.6800,0.7100,212.00,128984.00,trade,false
2025-12-04T06:00:00.000Z,0.7100,0.7100,0.6800,0.7000,7.00,128991.00,trade,false
2025-12-04T07:00:00.000Z,0.7050,,0.7000,0.7100,0.00,128991.00,midpoint,false
2025-12-04T08:00:00.000Z,0.7050,,0.7000,0.7100,0.00,128991.00,midpoint,false
2025-12-04T09:00:00.000Z,0.7000,,0.6900,0.7100,0.00,128991.00,midpoint,false
2025-12-04T11:00:00.000Z,0.7000,,0.6900,0.7100,0.00,128991.00,midpoint,false
2025-12-04T12:00:00.000Z,0.7000,,0.6900,0.7100,0.00,128991.00,midpoint,false
2025-12-04T13:00:00.000Z,0.7100,0.7100,0.6900,0.7200,911.00,129802.00,trade,false
2025-12-04T14:00:00.000Z,0.7400,0.7400,0.7200,0.7400,527.00,129302.00,trade,false
2025-12-04T15:00:00.000Z,0.7300,0.7300,0.7200,0.7300,295.00,129052.00,trade,false
2025-12-04T16:00:00.000Z,0.7400,0.7400,0.7300,0.7400,1119.00,127970.00,trade,false
2025-12-04T17:00:00.000Z,0.7200,0.7200,0.7200,0.7300,472.00,127882.00,trade,false
2025-12-04T18:00:00.000Z,0.7200,0.7200,0.7200,0.7300,156.00,127882.00,trade,false
2025-12-04T19:00:00.000Z,0.7200,0.7200,0.7100,0.7200,243.00,127917.00,trade,false
2025-12-04T20:00:00.000Z,0.7200,0.7200,0.7100,0.7300,244.00,127917.00,trade,false
2025-12-04T21:00:00.000Z,0.7300,0.7300,0.7200,0.7300,19.00,127936.00,trade,false
2025-12-04T22:00:00.000Z,0.7300,0.7300,0.7200,0.7300,97.00,128033.00,trade,false
2025-12-04T23:00:00.000Z,0.7100,0.7100,0.7000,0.7200,282.00,128053.00,trade,false
2025-12-05T00:00:00.000Z,0.6800,0.6800,0.7000,0.7200,7186.00,128081.00,trade,false
2025-12-05T01:00:00.000Z,0.7200,0.7200,0.7100,0.7200,235.00,127885.00,trade,false
2025-12-05T02:00:00.000Z,0.7100,0.7100,0.6900,0.7100,217.00,128085.00,trade,false
2025-12-05T03:00:00.000Z,0.7100,0.7100,0.6900,0.7100,52.00,128137.00,trade,false
2025-12-05T04:00:00.000Z,0.7200,0.7200,0.7000,0.7100,456.00,128320.00,trade,false
2025-12-05T05:00:00.000Z,0.7200,0.7200,0.7000,0.7200,40.00,128332.00,trade,false
2025-12-05T06:00:00.000Z,0.7000,0.7000,0.6900,0.7200,29.00,128332.00,trade,false
2025-12-05T07:00:00.000Z,0.7050,,0.6900,0.7200,0.00,128332.00,midpoint,false
2025-12-05T08:00:00.000Z,0.7100,0.7100,0.6900,0.7100,16.00,128344.00,trade,false
2025-12-05T09:00:00.000Z,0.7000,,0.6900,0.7100,0.00,128344.00,midpoint,false
2025-12-05T10:00:00.000Z,0.7000,,0.6900,0.7100,0.00,128344.00,midpoint,false
2025-12-05T11:00:00.000Z,0.7100,0.7100,0.6900,0.7100,21.00,128350.00,trade,false
2025-12-05T12:00:00.000Z,0.7000,,0.6900,0.7100,0.00,128350.00,midpoint,false
2025-12-05T13:00:00.000Z,0.7100,0.7100,0.6900,0.7100,6.00,128356.00,trade,false
2025-12-05T14:00:00.000Z,0.7100,0.7100,0.6900,0.7100,34.00,128390.00,trade,false
2025-12-05T15:00:00.000Z,0.7100,0.7100,0.6900,0.7100,4.00,128394.00,trade,false
2025-12-05T16:00:00.000Z,0.6900,0.6900,0.6900,0.7100,15.00,128394.00,trade,false
2025-12-05T17:00:00.000Z,0.7400,0.7400,0.7300,0.7400,3992.00,131731.00,trade,false
2025-12-05T18:00:00.000Z,0.7300,0.7300,0.7400,0.8000,819.00,131467.00,trade,false
2025-12-05T19:00:00.000Z,0.7400,0.7400,0.7300,0.8000,108.00,131540.00,trade,false
2025-12-05T20:00:00.000Z,0.7300,0.7300,0.7300,0.7400,2784.00,134111.00,trade,false
2025-12-05T21:00:00.000Z,0.7400,0.7400,0.7400,0.7500,647.00,134319.00,trade,false
2025-12-05T22:00:00.000Z,0.7500,0.7500,0.7300,0.7500,18.00,134333.00,trade,false
2025-12-05T23:00:00.000Z,0.7400,0.7400,0.7300,0.7400,80.00,134397.00,trade,false
2025-12-06T00:00:00.000Z,0.7300,0.7300,0.7300,0.7400,1.00,134398.00,trade,false
2025-12-06T01:00:00.000Z,0.7400,0.7400,0.7300,0.7400,6.00,134403.00,trade,false
2025-12-06T02:00:00.000Z,0.7300,0.7300,0.7300,0.7400,92.00,134495.00,trade,false
2025-12-06T03:00:00.000Z,0.7400,0.7400,0.7300,0.7400,1.00,134496.00,trade,false
2025-12-06T04:00:00.000Z,0.7300,0.7300,0.7300,0.7400,45.00,134541.00,trade,false
2025-12-06T05:00:00.000Z,0.7400,0.7400,0.7300,0.7400,200.00,134741.00,trade,false
2025-12-06T06:00:00.000Z,0.7200,,0.7100,0.7300,0.00,134741.00,midpoint,false
2025-12-06T07:00:00.000Z,0.7300,0.7300,0.7200,0.7300,14.00,134755.00,trade,false
2025-12-06T08:00:00.000Z,0.7250,,0.7200,0.7300,0.00,134755.00,midpoint,false
2025-12-06T09:00:00.000Z,0.7300,0.7300,0.7200,0.7300,2.00,134757.00,trade,false
2025-12-06T10:00:00.000Z,0.7250,,0.7200,0.7300,0.00,134757.00,midpoint,false
2025-12-06T11:00:00.000Z,0.7250,,0.7200,0.7300,0.00,134757.00,midpoint,false
2025-12-06T12:00:00.000Z,0.7250,,0.7200,0.7300,0.00,134757.00,midpoint,false
2025-12-06T13:00:00.000Z,0.7300,0.7300,0.7200,0.7300,13.00,134770.00,trade,false
2025-12-06T14:00:00.000Z,0.7400,0.7400,0.7200,0.7300,132.00,134902.00,trade,false
2025-12-06T15:00:00.000Z,0.7400,0.7400,0.7200,0.7300,20.00,134922.00,trade,false
2025-12-06T16:00:00.000Z,0.7300,0.7300,0.7300,0.7400,65.00,134917.00,trade,false
2025-12-06T17:00:00.000Z,0.7350,,0.7300,0.7400,0.00,134917.00,midpoint,false
2025-12-06T18:00:00.000Z,0.7400,0.7400,0.7300,0.7400,285.00,135202.00,trade,false
2025-12-06T19:00:00.000Z,0.7100,0.7100,0.7200,0.7300,440.00,135095.00,trade,false
2025-12-06T20:00:00.000Z,0.7400,0.7400,0.7300,0.7400,69.00,135162.00,trade,false
2025-12-06T21:00:00.000Z,0.7400,0.7400,0.7200,0.7400,6.00,135168.00,trade,false
2025-12-06T22:00:00.000Z,0.7200,0.7200,0.7200,0.7300,7.00,135173.00,trade,false
2025-12-06T23:00:00.000Z,0.7300,0.7300,0.7200,0.7300,10.00,135183.00,trade,false
2025-12-07T00:00:00.000Z,0.7250,,0.7200,0.7300,0.00,135183.00,midpoint,false
2025-12-07T01:00:00.000Z,0.7100,0.7100,0.7100,0.7300,683.00,135548.00,trade,false
2025-12-07T02:00:00.000Z,0.7400,0.7400,0.7200,0.7400,80.00,135628.00,trade,false
2025-12-07T03:00:00.000Z,0.7300,0.7300,0.7200,0.7300,377.00,135911.00,trade,false
2025-12-07T04:00:00.000Z,0.7400,0.7400,0.7200,0.7400,168.00,135921.00,trade,false
2025-12-07T05:00:00.000Z,0.7400,0.7400,0.7200,0.7300,1330.00,137251.00,trade,false
2025-12-07T06:00:00.000Z,0.7200,0.7200,0.7200,0.7300,112.00,137303.00,trade,false
2025-12-07T07:00:00.000Z,0.6800,0.6800,0.7000,0.7100,11778.00,131224.00,trade,false
2025-12-07T08:00:00.000Z,0.7050,,0.7000,0.7100,0.00,131224.00,midpoint,false
2025-12-07T09:00:00.000Z,0.7050,,0.7000,0.7100,0.00,131224.00,midpoint,false
2025-12-07T10:00:00.000Z,0.7050,,0.7000,0.7100,0.00,131224.00,midpoint,false
2025-12-07T11:00:00.000Z,0.7050,,0.7000,0.7100,0.00,131224.00,midpoint,false
2025-12-07T12:00:00.000Z,0.7050,,0.7000,0.7100,0.00,131224.00,midpoint,false
2025-12-07T13:00:00.000Z,0.7100,0.7100,0.7100,0.7200,2.00,131223.00,trade,false
2025-12-07T14:00:00.000Z,0.7100,0.7100,0.7100,0.7200,1.00,131222.00,trade,false
2025-12-07T15:00:00.000Z,0.7150,,0.7100,0.7200,0.00,131222.00,midpoint,false
2025-12-07T16:00:00.000Z,0.7150,,0.7100,0.7200,0.00,131222.00,midpoint,false
2025-12-07T17:00:00.000Z,0.7100,0.7100,0.7100,0.7200,81.00,131297.00,trade,false
2025-12-07T18:00:00.000Z,0.7100,0.7100,0.7100,0.7200,79.00,131220.00,trade,false
2025-12-07T19:00:00.000Z,0.7300,0.7300,0.7100,0.7200,26.00,131238.00,trade,false
2025-12-07T20:00:00.000Z,0.7000,0.7000,0.7100,0.7200,186.00,131278.00,trade,false
2025-12-07T21:00:00.000Z,0.7100,0.7100,0.7000,0.7100,9.00,131271.00,trade,false
2025-12-07T22:00:00.000Z,0.7050,,0.7000,0.7100,0.00,131271.00,midpoint,false
2025-12-07T23:00:00.000Z,0.7050,,0.7000,0.7100,0.00,131271.00,midpoint,false
2025-12-08T00:00:00.000Z,0.7100,0.7100,0.7000,0.7100,23.00,131294.00,trade,false
2025-12-08T01:00:00.000Z,0.7100,0.7100,0.7000,0.7100,12.00,131306.00,trade,false
2025-12-08T02:00:00.000Z,0.7100,0.7100,0.7000,0.7100,12.00,131318.00,trade,false
2025-12-08T03:00:00.000Z,0.7000,0.7000,0.7000,0.7100,129.00,131447.00,trade,false
2025-12-08T04:00:00.000Z,0.7100,0.7100,0.7000,0.7100,26.00,131473.00,trade,false
2025-12-08T05:00:00.000Z,0.7100,0.7100,0.7100,0.7200,822.00,132013.00,trade,false
2025-12-08T06:00:00.000Z,0.7150,,0.7100,0.7200,0.00,132013.00,midpoint,false
2025-12-08T07:00:00.000Z,0.7200,0.7200,0.7200,0.7300,630.00,132537.00,trade,false
2025-12-08T08:00:00.000Z,0.7700,0.7700,0.7300,0.8000,15117.00,147254.00,trade,false
2025-12-08T09:00:00.000Z,0.7500,0.7500,0.7300,0.7900,53.00,147303.00,trade,false
2025-12-08T10:00:00.000Z,0.7400,,0.7300,0.7500,0.00,147303.00,midpoint,false
2025-12-08T11:00:00.000Z,0.7300,0.7300,0.7300,0.7800,10.00,147299.00,trade,false
2025-12-08T12:00:00.000Z,0.7900,0.7900,0.7500,0.7700,62.00,147339.00,trade,false
2025-12-08T13:00:00.000Z,0.7750,,0.7700,0.7800,0.00,147339.00,midpoint,false
2025-12-08T14:00:00.000Z,0.7200,0.7200,0.7300,0.7400,82.00,147257.00,trade,false
2025-12-08T15:00:00.000Z,0.7700,0.7700,0.7800,0.7900,6454.00,142334.00,trade,false
2025-12-08T16:00:00.000Z,0.7800,,0.7700,0.7900,0.00,142334.00,midpoint,false
2025-12-08T17:00:00.000Z,0.8000,0.8000,0.7700,0.8000,619.00,142933.00,trade,false
2025-12-08T18:00:00.000Z,0.7900,0.7900,0.7800,0.7900,11.00,142939.00,trade,false
2025-12-08T19:00:00.000Z,0.7900,0.7900,0.7600,0.7900,106.00,143040.00,trade,false
2025-12-08T20:00:00.000Z,0.7500,0.7500,0.7600,0.7800,114.00,143040.00,trade,false
2025-12-08T21:00:00.000Z,0.7800,0.7800,0.7700,0.7800,15.00,143040.00,trade,false
2025-12-08T22:00:00.000Z,0.7800,0.7800,0.7700,0.7800,126.00,143166.00,trade,false
2025-12-08T23:00:00.000Z,0.7800,0.7800,0.7700,0.7800,69.00,143235.00,trade,false
2025-12-09T00:00:00.000Z,0.7700,0.7700,0.7600,0.7700,15.00,143236.00,trade,false
2025-12-09T01:00:00.000Z,0.7500,0.7500,0.7600,0.7700,126.00,143270.00,trade,false
2025-12-09T02:00:00.000Z,0.7700,0.7700,0.7600,0.7700,25.00,143295.00,trade,false
2025-12-09T03:00:00.000Z,0.7700,0.7700,0.7600,0.7700,64.00,143359.00,trade,false
2025-12-09T04:00:00.000Z,0.7600,0.7600,0.7500,0.7700,197.00,143359.00,trade,false
2025-12-09T05:00:00.000Z,0.7700,0.7700,0.7600,0.7700,213.00,143556.00,trade,false
2025-12-09T06:00:00.000Z,0.7600,0.7600,0.7600,0.7700,12.00,143563.00,trade,false
2025-12-09T07:00:00.000Z,0.7600,0.7600,0.7600,0.7700,7.00,143570.00,trade,false
2025-12-09T08:00:00.000Z,0.7650,,0.7600,0.7700,0.00,143570.00,midpoint,false
2025-12-09T09:00:00.000Z,0.7700,0.7700,0.7600,0.7700,127.00,143697.00,trade,false
2025-12-09T10:00:00.000Z,0.7700,0.7700,0.7600,0.7700,63.00,143760.00,trade,false
2025-12-09T11:00:00.000Z,0.7650,,0.7600,0.7700,0.00,143760.00,midpoint,false
2025-12-09T12:00:00.000Z,0.7650,,0.7600,0.7700,0.00,143760.00,midpoint,false
2025-12-09T13:00:00.000Z,0.7700,0.7700,0.7600,0.7700,43.00,143803.00,trade,false
2025-12-09T14:00:00.000Z,0.7700,0.7700,0.7600,0.7700,24.00,143827.00,trade,false
2025-12-09T15:00:00.000Z,0.7650,,0.7600,0.7700,0.00,143827.00,midpoint,false
2025-12-09T16:00:00.000Z,0.7650,,0.7600,0.7700,0.00,143827.00,midpoint,false
2025-12-09T17:00:00.000Z,0.7700,0.7700,0.7600,0.7700,3.00,143830.00,trade,false
2025-12-09T18:00:00.000Z,0.7600,0.7600,0.7600,0.7700,136.00,143830.00,trade,false
2025-12-09T19:00:00.000Z,0.8000,0.8000,0.7800,0.8000,14699.00,158529.00,trade,false
2025-12-09T20:00:00.000Z,0.7800,0.7800,0.7700,0.8000,4.00,158529.00,trade,false
2025-12-09T21:00:00.000Z,0.8100,0.8100,0.7900,0.8100,319.00,158828.00,trade,false
2025-12-09T22:00:00.000Z,0.7700,0.7700,0.7800,0.8000,638.00,158829.00,trade,false
2025-12-09T23:00:00.000Z,0.7800,0.7800,0.7800,0.8000,21.00,158829.00,trade,false
2025-12-10T00:00:00.000Z,0.7900,,0.7800,0.8000,0.00,158829.00,midpoint,false
2025-12-10T01:00:00.000Z,0.8000,0.8000,0.7800,0.8000,71.00,158900.00,trade,false
2025-12-10T02:00:00.000Z,0.7900,,0.7800,0.8000,0.00,158900.00,midpoint,false
2025-12-10T03:00:00.000Z,0.7700,0.7700,0.7700,0.7900,204.00,158722.00,trade,false
2025-12-10T04:00:00.000Z,0.7600,0.7600,0.7600,0.7900,55.00,158683.00,trade,false
2025-12-10T05:00:00.000Z,0.7900,0.7900,0.7700,0.7900,6.00,158689.00,trade,false
2025-12-10T06:00:00.000Z,0.7900,0.7900,0.7700,0.7900,22.00,158711.00,trade,false
2025-12-10T07:00:00.000Z,0.7900,0.7900,0.7700,0.7900,31.00,158742.00,trade,false
2025-12-10T08:00:00.000Z,0.7900,0.7900,0.7800,0.7900,1.00,158743.00,trade,false
2025-12-10T09:00:00.000Z,0.7800,,0.7700,0.7900,0.00,158743.00,midpoint,false
2025-12-10T10:00:00.000Z,0.7850,,0.7800,0.7900,0.00,158743.00,midpoint,false
2025-12-10T11:00:00.000Z,0.7850,,0.7800,0.7900,0.00,158743.00,midpoint,false
2025-12-10T12:00:00.000Z,0.7850,,0.7800,0.7900,0.00,158743.00,midpoint,false
2025-12-10T13:00:00.000Z,0.7800,0.7800,0.7700,0.7800,2.00,158744.00,trade,false
2025-12-10T14:00:00.000Z,0.7700,0.7700,0.7700,0.7800,38.00,158706.00,trade,false
2025-12-10T15:00:00.000Z,0.7700,0.7700,0.7700,0.7800,1.00,158705.00,trade,false
2025-12-10T16:00:00.000Z,0.7750,,0.7700,0.7800,0.00,158705.00,midpoint,false
2025-12-10T17:00:00.000Z,0.7800,0.7800,0.7700,0.7800,7.00,158712.00,trade,false
2025-12-10T18:00:00.000Z,0.7750,,0.7700,0.7800,0.00,158712.00,midpoint,false
2025-12-10T19:00:00.000Z,0.7800,0.7800,0.7700,0.7800,6.00,158718.00,trade,false
2025-12-10T20:00:00.000Z,0.7700,,0.7600,0.7800,0.00,158718.00,midpoint,false
2025-12-10T21:00:00.000Z,0.7700,,0.7600,0.7800,0.00,158718.00,midpoint,false
2025-12-10T22:00:00.000Z,0.7750,,0.7600,0.7900,0.00,158718.00,midpoint,false
2025-12-10T23:00:00.000Z,0.7700,0.7700,0.7800,0.7900,10.00,158718.00,trade,false
2025-12-11T00:00:00.000Z,0.8000,0.8000,0.7900,0.8000,61.00,158779.00,trade,false
2025-12-11T01:00:00.000Z,0.7800,0.7800,0.7700,0.8000,43.00,158779.00,trade,false
2025-12-11T02:00:00.000Z,0.7850,,0.7700,0.8000,0.00,158779.00,midpoint,false
2025-12-11T03:00:00.000Z,0.7700,0.7700,0.7800,0.8000,150.00,158653.00,trade,false
2025-12-11T04:00:00.000Z,0.7900,,0.7800,0.8000,0.00,158653.00,midpoint,false
2025-12-11T05:00:00.000Z,0.7800,0.7800,0.7800,0.8000,1.00,158652.00,trade,false
2025-12-11T06:00:00.000Z,0.7900,,0.7800,0.8000,0.00,158652.00,midpoint,false
2025-12-11T07:00:00.000Z,0.7900,,0.7800,0.8000,0.00,158652.00,midpoint,false
2025-12-11T08:00:00.000Z,0.7900,,0.7800,0.8000,0.00,158652.00,midpoint,false
2025-12-11T09:00:00.000Z,0.7850,,0.7700,0.8000,0.00,158652.00,midpoint,false
2025-12-11T10:00:00.000Z,0.7850,,0.7700,0.8000,0.00,158652.00,midpoint,false
2025-12-11T11:00:00.000Z,0.7850,,0.7700,0.8000,0.00,158652.00,midpoint,false
2025-12-11T12:00:00.000Z,0.7850,,0.7800,0.7900,0.00,158652.00,midpoint,false
2025-12-11T13:00:00.000Z,0.7850,,0.7800,0.7900,0.00,158652.00,midpoint,false
2025-12-11T14:00:00.000Z,0.7850,,0.7800,0.7900,0.00,158652.00,midpoint,false
2025-12-11T15:00:00.000Z,0.7850,,0.7800,0.7900,0.00,158652.00,midpoint,false
2025-12-11T16:00:00.000Z,0.7700,0.7700,0.7700,0.7900,82.00,158654.00,trade,false
2025-12-11T17:00:00.000Z,0.7900,0.7900,0.7800,0.7900,2.00,158656.00,trade,false
2025-12-11T18:00:00.000Z,0.8000,0.8000,0.7700,0.8000,69.00,158685.00,trade,false
2025-12-11T19:00:00.000Z,0.7850,,0.7700,0.8000,0.00,158685.00,midpoint,false
2025-12-11T20:00:00.000Z,0.7850,,0.7700,0.8000,0.00,158685.00,midpoint,false
2025-12-11T21:00:00.000Z,0.7700,0.7700,0.7700,0.8000,10.00,158675.00,trade,false
2025-12-11T22:00:00.000Z,0.7700,0.7700,0.7700,0.7900,649.00,159230.00,trade,false
2025-12-11T23:00:00.000Z,0.7700,0.7700,0.7700,0.8000,20.00,159230.00,trade,false
2025-12-12T00:00:00.000Z,0.8000,0.8000,0.7700,0.7900,1.00,159231.00,trade,false
2025-12-12T01:00:00.000Z,0.7850,,0.7700,0.8000,0.00,159231.00,midpoint,false
2025-12-12T02:00:00.000Z,0.8000,0.8000,0.7700,0.8000,2.00,159231.00,trade,false
2025-12-12T03:00:00.000Z,0.7800,,0.7700,0.7900,0.00,159231.00,midpoint,false
2025-12-12T04:00:00.000Z,0.7600,0.7600,0.7700,0.7900,1005.00,158226.00,trade,false
2025-12-12T05:00:00.000Z,0.7800,,0.7700,0.7900,0.00,158226.00,midpoint,false
2025-12-12T06:00:00.000Z,0.7700,0.7700,0.7600,0.7900,78.00,158226.00,trade,false
2025-12-12T07:00:00.000Z,0.7600,0.7600,0.7800,0.7900,88.00,158138.00,trade,false
2025-12-12T08:00:00.000Z,0.7800,0.7800,0.7700,0.7800,6.00,158132.00,trade,false
2025-12-12T09:00:00.000Z,0.7800,0.7800,0.7700,0.7800,25.00,158132.00,trade,false
2025-12-12T10:00:00.000Z,0.7800,0.7800,0.7800,0.7900,40.00,158132.00,trade,false
2025-12-12T11:00:00.000Z,0.7800,0.7800,0.7700,0.7800,324.00,158383.00,trade,false
2025-12-12T12:00:00.000Z,0.7750,,0.7700,0.7800,0.00,158383.00,midpoint,false
2025-12-12T13:00:00.000Z,0.7750,,0.7700,0.7800,0.00,158383.00,midpoint,false
2025-12-12T14:00:00.000Z,0.7800,0.7800,0.7700,0.7900,37.00,158420.00,trade,false
2025-12-12T15:00:00.000Z,0.7800,,0.7700,0.7900,0.00,158420.00,midpoint,false
2025-12-12T16:00:00.000Z,0.7700,0.7700,0.7700,0.7900,21.00,158403.00,trade,false
2025-12-12T17:00:00.000Z,0.7750,,0.7700,0.7800,0.00,158403.00,midpoint,false
2025-12-12T18:00:00.000Z,0.7700,0.7700,0.7700,0.7900,30.00,158403.00,trade,false
2025-12-12T19:00:00.000Z,0.7800,,0.7700,0.7900,0.00,158403.00,midpoint,false
2025-12-12T20:00:00.000Z,0.7700,0.7700,0.7700,0.7900,20.00,158403.00,trade,false
2025-12-12T21:00:00.000Z,0.7800,0.7800,0.7800,0.7900,116.00,158519.00,trade,false
2025-12-12T22:00:00.000Z,0.7750,,0.7700,0.7800,0.00,158519.00,midpoint,false
2025-12-12T23:00:00.000Z,0.7750,,0.7700,0.7800,0.00,158519.00,midpoint,false
2025-12-13T00:00:00.000Z,0.7700,0.7700,0.7700,0.7800,20.00,158519.00,trade,false
2025-12-13T01:00:00.000Z,0.7900,0.7900,0.7700,0.7800,124.00,158633.00,trade,false
2025-12-13T02:00:00.000Z,0.7800,0.7800,0.7800,0.7900,17.00,158633.00,trade,false
2025-12-13T03:00:00.000Z,0.7750,,0.7700,0.7800,0.00,158633.00,midpoint,false
2025-12-13T04:00:00.000Z,0.7700,0.7700,0.7700,0.7800,21.00,158633.00,trade,false
2025-12-13T05:00:00.000Z,0.7750,,0.7700,0.7800,0.00,158633.00,midpoint,false
2025-12-13T06:00:00.000Z,0.7800,0.7800,0.7700,0.7800,12.00,158633.00,trade,false
2025-12-13T07:00:00.000Z,0.7750,,0.7700,0.7800,0.00,158633.00,midpoint,false
2025-12-13T08:00:00.000Z,0.7700,0.7700,0.7700,0.7800,20.00,158633.00,trade,false
2025-12-13T09:00:00.000Z,0.7750,,0.7700,0.7800,0.00,158633.00,midpoint,false
2025-12-13T10:00:00.000Z,0.7750,,0.7700,0.7800,0.00,158633.00,midpoint,false
2025-12-13T12:00:00.000Z,0.7750,,0.7700,0.7800,0.00,158633.00,midpoint,false
2025-12-13T13:00:00.000Z,0.7800,0.7800,0.7700,0.7800,1.00,158633.00,trade,false
2025-12-13T14:00:00.000Z,0.7700,0.7700,0.7700,0.7800,41.00,158633.00,trade,false
2025-12-13T15:00:00.000Z,0.7800,0.7800,0.7700,0.7800,2.00,158633.00,trade,false
2025-12-13T16:00:00.000Z,0.7800,0.7800,0.7700,0.7800,2.00,158633.00,trade,false
2025-12-13T17:00:00.000Z,0.7750,,0.7700,0.7800,0.00,158633.00,midpoint,false
2025-12-13T18:00:00.000Z,0.7750,,0.7700,0.7800,0.00,158633.00,midpoint,false
2025-12-13T19:00:00.000Z,0.7800,0.7800,0.7700,0.7800,21.00,158633.00,trade,false
2025-12-13T20:00:00.000Z,0.7700,0.7700,0.7700,0.7800,41.00,158633.00,trade,false
2025-12-13T21:00:00.000Z,0.7700,0.7700,0.7700,0.7800,90.00,158621.00,trade,false
2025-12-13T22:00:00.000Z,0.7800,0.7800,0.7700,0.7800,75.00,158621.00,trade,false
2025-12-13T23:00:00.000Z,0.7800,0.7800,0.7700,0.7800,126.00,158621.00,trade,false
2025-12-14T00:00:00.000Z,0.7800,0.7800,0.7700,0.7800,18.00,158621.00,trade,false
2025-12-14T01:00:00.000Z,0.7750,,0.7700,0.7800,0.00,158621.00,midpoint,false
2025-12-14T02:00:00.000Z,0.7800,0.7800,0.7700,0.7800,1.00,158621.00,trade,false
2025-12-14T03:00:00.000Z,0.7800,0.7800,0.7700,0.7800,327.00,158621.00,trade,false
2025-12-14T04:00:00.000Z,0.7700,0.7700,0.7700,0.7800,482.00,158697.00,trade,false
2025-12-14T05:00:00.000Z,0.7750,,0.7700,0.7800,0.00,158697.00,midpoint,false
2025-12-14T06:00:00.000Z,0.7750,,0.7700,0.7800,0.00,158697.00,midpoint,false
2025-12-14T07:00:00.000Z,0.7800,0.7800,0.7700,0.7800,8.00,158697.00,trade,false
2025-12-14T08:00:00.000Z,0.7700,0.7700,0.7700,0.7800,48.00,158697.00,trade,false
2025-12-14T09:00:00.000Z,0.7800,0.7800,0.7700,0.7800,12.00,158697.00,trade,false
2025-12-14T10:00:00.000Z,0.7750,,0.7700,0.7800,0.00,158697.00,midpoint,false
2025-12-14T11:00:00.000Z,0.7700,0.7700,0.7700,0.7800,5.00,158701.00,trade,false
2025-12-14T12:00:00.000Z,0.7750,,0.7700,0.7800,0.00,158701.00,midpoint,false
2025-12-14T13:00:00.000Z,0.7750,,0.7700,0.7800,0.00,158701.00,midpoint,false
2025-12-14T14:00:00.000Z,0.7750,,0.7700,0.7800,0.00,158701.00,midpoint,false
2025-12-14T15:00:00.000Z,0.7750,,0.7700,0.7800,0.00,158701.00,midpoint,false
2025-12-14T16:00:00.000Z,0.7700,0.7700,0.7700,0.7800,25.00,158701.00,trade,false
2025-12-14T17:00:00.000Z,0.7750,,0.7700,0.7800,0.00,158701.00,midpoint,false
2025-12-14T18:00:00.000Z,0.7800,0.7800,0.7700,0.7800,9.00,158701.00,trade,false
2025-12-14T19:00:00.000Z,0.7800,0.7800,0.7700,0.7800,20.00,158681.00,trade,false
2025-12-14T20:00:00.000Z,0.7800,0.7800,0.7700,0.7800,123.00,158681.00,trade,false
2025-12-14T21:00:00.000Z,0.7750,,0.7700,0.7800,0.00,158681.00,midpoint,false
2025-12-14T22:00:00.000Z,0.7700,0.7700,0.7700,0.7800,168.00,158717.00,trade,false
2025-12-14T23:00:00.000Z,0.7800,0.7800,0.7700,0.7800,35.00,158682.00,trade,false
2025-12-15T00:00:00.000Z,0.7750,,0.7700,0.7800,0.00,158682.00,midpoint,false
2025-12-15T01:00:00.000Z,0.7750,,0.7700,0.7800,0.00,158682.00,midpoint,false
2025-12-15T02:00:00.000Z,0.7700,0.7700,0.7700,0.7800,41.00,158723.00,trade,false
2025-12-15T03:00:00.000Z,0.7900,0.7900,0.7700,0.7900,26.00,158749.00,trade,false
2025-12-15T04:00:00.000Z,0.7700,0.7700,0.7700,0.7800,61.00,158810.00,trade,false
2025-12-15T05:00:00.000Z,0.7750,,0.7700,0.7800,0.00,158810.00,midpoint,false
2025-12-15T06:00:00.000Z,0.7750,,0.7700,0.7800,0.00,158810.00,midpoint,false
2025-12-15T07:00:00.000Z,0.7750,,0.7700,0.7800,0.00,158810.00,midpoint,false
2025-12-15T08:00:00.000Z,0.7800,0.7800,0.7700,0.7800,13.00,158809.00,trade,false
2025-12-15T09:00:00.000Z,0.7700,0.7700,0.7700,0.7800,170.00,158809.00,trade,false
2025-12-15T10:00:00.000Z,0.7750,,0.7700,0.7800,0.00,158809.00,midpoint,false
2025-12-15T11:00:00.000Z,0.7800,0.7800,0.7700,0.7800,3.00,158809.00,trade,false
2025-12-15T12:00:00.000Z,0.7700,0.7700,0.7700,0.7800,2.00,158809.00,trade,false
2025-12-15T13:00:00.000Z,0.7700,0.7700,0.7700,0.7800,4.00,158809.00,trade,false
2025-12-15T14:00:00.000Z,0.7750,,0.7700,0.7800,0.00,158809.00,midpoint,false
2025-12-15T15:00:00.000Z,0.7750,,0.7700,0.7800,0.00,158809.00,midpoint,false
2025-12-15T16:00:00.000Z,0.7750,,0.7700,0.7800,0.00,158809.00,midpoint,false
2025-12-15T17:00:00.000Z,0.7700,0.7700,0.7700,0.7800,2.00,158809.00,trade,false
2025-12-15T18:00:00.000Z,0.7750,,0.7700,0.7800,0.00,158809.00,midpoint,false
2025-12-15T19:00:00.000Z,0.7700,0.7700,0.7700,0.7800,14.00,158809.00,trade,false
2025-12-15T20:00:00.000Z,0.7750,,0.7700,0.7800,0.00,158809.00,midpoint,false
2025-12-15T21:00:00.000Z,0.7800,0.7800,0.7700,0.7800,394.00,158532.00,trade,false
2025-12-15T22:00:00.000Z,0.7800,0.7800,0.7700,0.7800,69.00,158532.00,trade,false
2025-12-15T23:00:00.000Z,0.7750,,0.7700,0.7800,0.00,158532.00,midpoint,false
2025-12-16T00:00:00.000Z,0.7750,,0.7700,0.7800,0.00,158532.00,midpoint,false
2025-12-16T01:00:00.000Z,0.7800,0.7800,0.7700,0.7800,25.00,158532.00,trade,false
2025-12-16T02:00:00.000Z,0.7750,,0.7700,0.7800,0.00,158532.00,midpoint,false
2025-12-16T03:00:00.000Z,0.7800,0.7800,0.7800,0.7900,141.00,158667.00,trade,false
2025-12-16T04:00:00.000Z,0.7750,,0.7700,0.7800,0.00,158667.00,midpoint,false
2025-12-16T05:00:00.000Z,0.7750,,0.7700,0.7800,0.00,158667.00,midpoint,false
2025-12-16T06:00:00.000Z,0.7800,0.7800,0.7700,0.7800,1.00,158668.00,trade,false
2025-12-16T07:00:00.000Z,0.7700,0.7700,0.7700,0.7800,10.00,158668.00,trade,false
2025-12-16T08:00:00.000Z,0.7700,0.7700,0.7700,0.7800,3.00,158670.00,trade,false
2025-12-16T09:00:00.000Z,0.7750,,0.7700,0.7800,0.00,158670.00,midpoint,false
2025-12-16T10:00:00.000Z,0.7800,0.7800,0.7700,0.7800,1.00,158671.00,trade,false
2025-12-16T11:00:00.000Z,0.7750,,0.7700,0.7800,0.00,158671.00,midpoint,false
2025-12-16T12:00:00.000Z,0.7750,,0.7700,0.7800,0.00,158671.00,midpoint,false
2025-12-16T13:00:00.000Z,0.7750,,0.7700,0.7800,0.00,158671.00,midpoint,false
2025-12-16T14:00:00.000Z,0.7800,0.7800,0.7700,0.7800,12.00,158683.00,trade,false
2025-12-16T15:00:00.000Z,0.7700,0.7700,0.7700,0.7800,10.00,158683.00,trade,false
2025-12-16T16:00:00.000Z,0.7750,,0.7700,0.7800,0.00,158683.00,midpoint,false
2025-12-16T17:00:00.000Z,0.7750,,0.7700,0.7800,0.00,158683.00,midpoint,false
2025-12-16T18:00:00.000Z,0.7750,,0.7700,0.7800,0.00,158683.00,midpoint,false
2025-12-16T19:00:00.000Z,0.7700,0.7700,0.7700,0.7800,28.00,158711.00,trade,false
2025-12-16T20:00:00.000Z,0.7700,0.7700,0.7700,0.7800,16.00,158727.00,trade,false
2025-12-16T21:00:00.000Z,0.7800,0.7800,0.7700,0.7800,25.00,158752.00,trade,false
2025-12-16T22:00:00.000Z,0.7800,0.7800,0.7700,0.7800,210.00,158762.00,trade,false
2025-12-16T23:00:00.000Z,0.7700,0.7700,0.7700,0.7800,56.00,158762.00,trade,false
2025-12-17T00:00:00.000Z,0.7800,0.7800,0.7700,0.7800,963.00,159699.00,trade,false
2025-12-17T01:00:00.000Z,0.7700,0.7700,0.7700,0.7800,2032.00,161731.00,trade,false
2025-12-17T02:00:00.000Z,0.7900,0.7900,0.7700,0.7800,726.00,162413.00,trade,false
2025-12-17T03:00:00.000Z,0.7800,0.7800,0.7700,0.7800,6.00,162413.00,trade,false
2025-12-17T04:00:00.000Z,0.7700,0.7700,0.7700,0.7800,6.00,162419.00,trade,false
2025-12-17T05:00:00.000Z,0.7750,,0.7700,0.7800,0.00,162419.00,midpoint,false
2025-12-17T06:00:00.000Z,0.7800,0.7800,0.7700,0.7800,63.00,162482.00,trade,false
2025-12-17T07:00:00.000Z,0.7700,0.7700,0.7700,0.7800,2.00,162484.00,trade,false
2025-12-17T08:00:00.000Z,0.7750,,0.7700,0.7800,0.00,162484.00,midpoint,false
2025-12-17T09:00:00.000Z,0.7800,0.7800,0.7700,0.7800,1.00,162485.00,trade,false
2025-12-17T10:00:00.000Z,0.7750,,0.7700,0.7800,0.00,162485.00,midpoint,false
2025-12-17T12:00:00.000Z,0.7750,,0.7700,0.7800,0.00,162485.00,midpoint,false
2025-12-17T13:00:00.000Z,0.7750,,0.7700,0.7800,0.00,162485.00,midpoint,false
2025-12-17T14:00:00.000Z,0.7800,0.7800,0.7700,0.7800,63.00,162548.00,trade,false
2025-12-17T15:00:00.000Z,0.7750,,0.7700,0.7800,0.00,162548.00,midpoint,false
2025-12-17T16:00:00.000Z,0.7800,0.7800,0.7700,0.7800,18.00,162554.00,trade,false
2025-12-17T17:00:00.000Z,0.7750,,0.7700,0.7800,0.00,162554.00,midpoint,false
2025-12-17T18:00:00.000Z,0.7900,0.7900,0.7900,0.8000,4711.00,167173.00,trade,false
2025-12-17T19:00:00.000Z,0.8000,0.8000,0.7900,0.8000,100.00,167173.00,trade,false
2025-12-17T20:00:00.000Z,0.7950,,0.7900,0.8000,0.00,167173.00,midpoint,false
2025-12-17T21:00:00.000Z,0.8000,0.8000,0.7900,0.8000,56.00,167229.00,trade,false
2025-12-17T22:00:00.000Z,0.8000,0.8000,0.7900,0.8000,2.00,167231.00,trade,false
2025-12-17T23:00:00.000Z,0.7950,,0.7900,0.8000,0.00,167231.00,midpoint,false
2025-12-18T00:00:00.000Z,0.7950,,0.7900,0.8000,0.00,167231.00,midpoint,false
2025-12-18T01:00:00.000Z,0.7950,,0.7900,0.8000,0.00,167231.00,midpoint,false
2025-12-18T02:00:00.000Z,0.7900,0.7900,0.7900,0.8000,19.00,167231.00,trade,false
2025-12-18T03:00:00.000Z,0.7950,,0.7900,0.8000,0.00,167231.00,midpoint,false
2025-12-18T04:00:00.000Z,0.7950,,0.7900,0.8000,0.00,167231.00,midpoint,false
2025-12-18T05:00:00.000Z,0.7950,,0.7900,0.8000,0.00,167231.00,midpoint,false
2025-12-18T06:00:00.000Z,0.7950,,0.7900,0.8000,0.00,167231.00,midpoint,false
2025-12-18T07:00:00.000Z,0.7950,,0.7900,0.8000,0.00,167231.00,midpoint,false
2025-12-18T08:00:00.000Z,0.7950,,0.7900,0.8000,0.00,167231.00,midpoint,false
2025-12-18T09:00:00.000Z,0.7950,,0.7900,0.8000,0.00,167231.00,midpoint,false
2025-12-18T10:00:00.000Z,0.7950,,0.7900,0.8000,0.00,167231.00,midpoint,false
2025-12-18T11:00:00.000Z,0.7950,,0.7900,0.8000,0.00,167231.00,midpoint,false
2025-12-18T12:00:00.000Z,0.8000,0.8000,0.7900,0.8000,13.00,167244.00,trade,false
2025-12-18T13:00:00.000Z,0.7900,0.7900,0.7900,0.8000,110.00,167354.00,trade,false
2025-12-18T14:00:00.000Z,0.8000,0.8000,0.7900,0.8000,9.00,167363.00,trade,false
2025-12-18T15:00:00.000Z,0.7950,,0.7900,0.8000,0.00,167363.00,midpoint,false
2025-12-18T16:00:00.000Z,0.8000,0.8000,0.7900,0.8000,357.00,167720.00,trade,false
2025-12-18T17:00:00.000Z,0.7950,,0.7900,0.8000,0.00,167720.00,midpoint,false
2025-12-18T18:00:00.000Z,0.7900,0.7900,0.7800,0.8000,172.00,167880.00,trade,false
2025-12-18T19:00:00.000Z,0.7800,0.7800,0.7700,0.7800,289.00,167855.00,trade,false
2025-12-18T20:00:00.000Z,0.7750,,0.7700,0.7800,0.00,167855.00,midpoint,false
2025-12-18T21:00:00.000Z,0.7700,0.7700,0.7700,0.7800,234.00,167855.00,trade,false
2025-12-18T22:00:00.000Z,0.7800,0.7800,0.7700,0.7800,12.00,167855.00,trade,false
2025-12-18T23:00:00.000Z,0.7800,0.7800,0.7700,0.7800,12.00,167855.00,trade,false
2025-12-19T00:00:00.000Z,0.7700,0.7700,0.7700,0.7800,33.00,167855.00,trade,false
2025-12-19T01:00:00.000Z,0.7750,,0.7700,0.7800,0.00,167855.00,midpoint,false
2025-12-19T02:00:00.000Z,0.7800,0.7800,0.7700,0.7800,12.00,167855.00,trade,false
2025-12-19T03:00:00.000Z,0.7700,0.7700,0.7700,0.7800,37.00,167892.00,trade,false
2025-12-19T04:00:00.000Z,0.7500,0.7500,0.7500,0.7700,1443.00,167763.00,trade,false
2025-12-19T05:00:00.000Z,0.7700,0.7700,0.7500,0.7700,1.00,167764.00,trade,false
2025-12-19T06:00:00.000Z,0.7700,0.7700,0.7500,0.7700,2.00,167766.00,trade,false
2025-12-19T07:00:00.000Z,0.7600,,0.7500,0.7700,0.00,167766.00,midpoint,false
2025-12-19T08:00:00.000Z,0.7700,0.7700,0.7500,0.7700,16.00,167766.00,trade,false
2025-12-19T09:00:00.000Z,0.7600,,0.7500,0.7700,0.00,167766.00,midpoint,false
2025-12-19T10:00:00.000Z,0.7500,0.7500,0.7500,0.7700,114.00,167864.00,trade,false
2025-12-19T11:00:00.000Z,0.7600,,0.7500,0.7700,0.00,167864.00,midpoint,false
2025-12-19T12:00:00.000Z,0.7600,,0.7500,0.7700,0.00,167864.00,midpoint,false
2025-12-19T13:00:00.000Z,0.7650,,0.7600,0.7700,0.00,167864.00,midpoint,false
2025-12-19T14:00:00.000Z,0.7700,0.7700,0.7600,0.7700,2.00,167866.00,trade,false
2025-12-19T15:00:00.000Z,0.7650,,0.7600,0.7700,0.00,167866.00,midpoint,false
2025-12-19T16:00:00.000Z,0.7500,0.7500,0.7500,0.7600,110.00,167929.00,trade,false
2025-12-19T17:00:00.000Z,0.7500,0.7500,0.7500,0.7600,35.00,167958.00,trade,false
2025-12-19T18:00:00.000Z,0.7500,0.7500,0.7500,0.7600,38.00,167977.00,trade,false
2025-12-19T19:00:00.000Z,0.7700,0.7700,0.7500,0.7600,134.00,168111.00,trade,false
2025-12-19T20:00:00.000Z,0.7500,0.7500,0.7500,0.7600,1133.00,169241.00,trade,false
2025-12-19T21:00:00.000Z,0.7600,0.7600,0.7500,0.7600,1.00,169242.00,trade,false
2025-12-19T22:00:00.000Z,0.7500,0.7500,0.7500,0.7600,370.00,169190.00,trade,false
2025-12-19T23:00:00.000Z,0.7600,0.7600,0.7500,0.7600,98.00,169285.00,trade,false
2025-12-20T00:00:00.000Z,0.7600,0.7600,0.7500,0.7600,28.00,169313.00,trade,false
2025-12-20T01:00:00.000Z,0.7550,,0.7500,0.7600,0.00,169313.00,midpoint,false
2025-12-20T02:00:00.000Z,0.7600,0.7600,0.7500,0.7600,12.00,169325.00,trade,false
2025-12-20T03:00:00.000Z,0.7550,,0.7500,0.7600,0.00,169325.00,midpoint,false
2025-12-20T04:00:00.000Z,0.7600,0.7600,0.7500,0.7600,88.00,169413.00,trade,false
2025-12-20T05:00:00.000Z,0.7600,0.7600,0.7500,0.7600,139.00,169552.00,trade,false
2025-12-20T06:00:00.000Z,0.7600,0.7600,0.7500,0.7600,14.00,169566.00,trade,false
2025-12-20T07:00:00.000Z,0.7600,0.7600,0.7500,0.7600,32.00,169598.00,trade,false
2025-12-20T08:00:00.000Z,0.7550,,0.7500,0.7600,0.00,169598.00,midpoint,false
2025-12-20T09:00:00.000Z,0.7550,,0.7500,0.7600,0.00,169598.00,midpoint,false
2025-12-20T10:00:00.000Z,0.7550,,0.7500,0.7600,0.00,169598.00,midpoint,false
2025-12-20T11:00:00.000Z,0.7550,,0.7500,0.7600,0.00,169598.00,midpoint,false
2025-12-20T12:00:00.000Z,0.7600,0.7600,0.7500,0.7600,25.00,169623.00,trade,false
2025-12-20T13:00:00.000Z,0.7550,,0.7500,0.7600,0.00,169623.00,midpoint,false
2025-12-20T14:00:00.000Z,0.7600,0.7600,0.7500,0.7600,258.00,169881.00,trade,false
2025-12-20T15:00:00.000Z,0.7550,,0.7500,0.7600,0.00,169881.00,midpoint,false
2025-12-20T16:00:00.000Z,0.7600,0.7600,0.7500,0.7600,40.00,169881.00,trade,false
2025-12-20T17:00:00.000Z,0.7550,,0.7500,0.7600,0.00,169881.00,midpoint,false
2025-12-20T18:00:00.000Z,0.7600,0.7600,0.7500,0.7600,70.00,169951.00,trade,false
2025-12-20T19:00:00.000Z,0.7600,0.7600,0.7500,0.7600,1.00,169952.00,trade,false
2025-12-20T20:00:00.000Z,0.7550,,0.7500,0.7600,0.00,169952.00,midpoint,false
2025-12-20T21:00:00.000Z,0.7550,,0.7500,0.7600,0.00,169952.00,midpoint,false
2025-12-20T22:00:00.000Z,0.7600,0.7600,0.7500,0.7600,98.00,169952.00,trade,false
2025-12-20T23:00:00.000Z,0.7550,,0.7500,0.7600,0.00,169952.00,midpoint,false
2025-12-21T00:00:00.000Z,0.7500,0.7500,0.7500,0.7600,8.00,169952.00,trade,false
2025-12-21T01:00:00.000Z,0.7600,0.7600,0.7500,0.7600,453.00,170081.00,trade,false
2025-12-21T02:00:00.000Z,0.7600,0.7600,0.7500,0.7600,261.00,170342.00,trade,false
2025-12-21T03:00:00.000Z,0.7600,0.7600,0.7500,0.7600,64.00,170406.00,trade,false
2025-12-21T04:00:00.000Z,0.7600,0.7600,0.7500,0.7600,12.00,170418.00,trade,false
2025-12-21T05:00:00.000Z,0.7600,0.7600,0.7500,0.7600,82.00,170423.00,trade,false
2025-12-21T06:00:00.000Z,0.7600,0.7600,0.7500,0.7600,64.00,170487.00,trade,false
2025-12-21T07:00:00.000Z,0.7500,0.7500,0.7400,0.7600,31.00,170474.00,trade,false
2025-12-21T08:00:00.000Z,0.7600,0.7600,0.7500,0.7600,323.00,170797.00,trade,false
2025-12-21T09:00:00.000Z,0.7550,,0.7500,0.7600,0.00,170797.00,midpoint,false
2025-12-21T10:00:00.000Z,0.7450,,0.7400,0.7500,0.00,170797.00,midpoint,false
2025-12-21T11:00:00.000Z,0.7500,0.7500,0.7400,0.7500,2.00,170799.00,trade,false
2025-12-21T12:00:00.000Z,0.7500,0.7500,0.7500,0.7600,25.00,170824.00,trade,false
2025-12-21T13:00:00.000Z,0.7550,,0.7500,0.7600,0.00,170824.00,midpoint,false
2025-12-21T14:00:00.000Z,0.7500,0.7500,0.7500,0.7600,152.00,170976.00,trade,false
2025-12-21T15:00:00.000Z,0.7600,0.7600,0.7500,0.7600,131.00,170979.00,trade,false
2025-12-21T16:00:00.000Z,0.7600,0.7600,0.7500,0.7600,134.00,171013.00,trade,false
2025-12-21T17:00:00.000Z,0.7600,0.7600,0.7500,0.7600,6.00,171019.00,trade,false
2025-12-21T18:00:00.000Z,0.7600,0.7600,0.7500,0.7600,6.00,171025.00,trade,false
2025-12-21T19:00:00.000Z,0.7550,,0.7500,0.7600,0.00,171025.00,midpoint,false
2025-12-21T20:00:00.000Z,0.7550,,0.7500,0.7600,0.00,171025.00,midpoint,false
2025-12-21T21:00:00.000Z,0.7500,0.7500,0.7500,0.7600,1.00,171024.00,trade,false
2025-12-21T22:00:00.000Z,0.7500,0.7500,0.7500,0.7600,25.00,170999.00,trade,false
2025-12-21T23:00:00.000Z,0.7600,0.7600,0.7500,0.7600,33.00,171006.00,trade,false
2025-12-22T00:00:00.000Z,0.7550,,0.7500,0.7600,0.00,171006.00,midpoint,false
2025-12-22T01:00:00.000Z,0.7550,,0.7500,0.7600,0.00,171006.00,midpoint,false
2025-12-22T02:00:00.000Z,0.7500,0.7500,0.7500,0.7600,1430.00,170982.00,trade,false
2025-12-22T03:00:00.000Z,0.7600,0.7600,0.7500,0.7600,500.00,171482.00,trade,false
2025-12-22T04:00:00.000Z,0.7600,0.7600,0.7500,0.7600,89.00,171571.00,trade,false
2025-12-22T05:00:00.000Z,0.7500,0.7500,0.7500,0.7600,10.00,171578.00,trade,false
2025-12-22T06:00:00.000Z,0.7600,0.7600,0.7500,0.7600,241.00,171819.00,trade,false
2025-12-22T07:00:00.000Z,0.7550,,0.7500,0.7600,0.00,171819.00,midpoint,false
2025-12-22T08:00:00.000Z,0.7600,0.7600,0.7500,0.7600,3.00,171819.00,trade,false
2025-12-22T09:00:00.000Z,0.7500,0.7500,0.7500,0.7600,204.00,171895.00,trade,false
2025-12-22T10:00:00.000Z,0.7550,,0.7500,0.7600,0.00,171895.00,midpoint,false
2025-12-22T11:00:00.000Z,0.7550,,0.7500,0.7600,0.00,171895.00,midpoint,false
2025-12-22T12:00:00.000Z,0.7550,,0.7500,0.7600,0.00,171895.00,midpoint,false
2025-12-22T13:00:00.000Z,0.7600,0.7600,0.7500,0.7600,1.00,171896.00,trade,false
2025-12-22T14:00:00.000Z,0.7600,0.7600,0.7500,0.7600,5.00,171901.00,trade,false
2025-12-22T15:00:00.000Z,0.7550,,0.7500,0.7600,0.00,171901.00,midpoint,false
2025-12-22T16:00:00.000Z,0.7600,0.7600,0.7500,0.7600,258.00,172159.00,trade,false
2025-12-22T17:00:00.000Z,0.7550,,0.7500,0.7600,0.00,172159.00,midpoint,false
2025-12-22T18:00:00.000Z,0.7600,0.7600,0.7500,0.7600,8.00,172167.00,trade,false
2025-12-22T19:00:00.000Z,0.7500,0.7500,0.7500,0.7600,190.00,172357.00,trade,false
2025-12-22T20:00:00.000Z,0.7500,0.7500,0.7500,0.7600,3.00,172358.00,trade,false
2025-12-22T21:00:00.000Z,0.7600,0.7600,0.7500,0.7600,270.00,172628.00,trade,false
2025-12-22T22:00:00.000Z,0.7550,,0.7500,0.7600,0.00,172628.00,midpoint,false
2025-12-22T23:00:00.000Z,0.7500,0.7500,0.7500,0.7600,19.00,172647.00,trade,false
2025-12-23T00:00:00.000Z,0.7600,0.7600,0.7500,0.7600,64.00,172711.00,trade,false
2025-12-23T01:00:00.000Z,0.7600,0.7600,0.7500,0.7600,24.00,172723.00,trade,false
2025-12-23T02:00:00.000Z,0.7550,,0.7500,0.7600,0.00,172723.00,midpoint,false
2025-12-23T03:00:00.000Z,0.7600,0.7600,0.7500,0.7600,500.00,173223.00,trade,false
2025-12-23T04:00:00.000Z,0.7600,0.7600,0.7500,0.7600,1.00,173224.00,trade,false
2025-12-23T05:00:00.000Z,0.7600,0.7600,0.7500,0.7600,64.00,173288.00,trade,false
2025-12-23T06:00:00.000Z,0.7600,0.7600,0.7500,0.7600,73.00,173361.00,trade,false
2025-12-23T07:00:00.000Z,0.7600,0.7600,0.7500,0.7600,25.00,173386.00,trade,false
2025-12-23T08:00:00.000Z,0.7600,0.7600,0.7500,0.7600,24.00,173410.00,trade,false
2025-12-23T09:00:00.000Z,0.7550,,0.7500,0.7600,0.00,173410.00,midpoint,false
2025-12-23T10:00:00.000Z,0.7550,,0.7500,0.7600,0.00,173410.00,midpoint,false
2025-12-23T11:00:00.000Z,0.7600,0.7600,0.7500,0.7600,6.00,173416.00,trade,false
2025-12-23T12:00:00.000Z,0.7550,,0.7500,0.7600,0.00,173416.00,midpoint,false
2025-12-23T13:00:00.000Z,0.7550,,0.7500,0.7600,0.00,173416.00,midpoint,false
2025-12-23T14:00:00.000Z,0.7550,,0.7500,0.7600,0.00,173416.00,midpoint,false
2025-12-23T15:00:00.000Z,0.7600,0.7600,0.7500,0.7600,2.00,173418.00,trade,false
2025-12-23T16:00:00.000Z,0.7600,0.7600,0.7500,0.7600,6.00,173424.00,trade,false
2025-12-23T17:00:00.000Z,0.7550,,0.7500,0.7600,0.00,173424.00,midpoint,false
2025-12-23T18:00:00.000Z,0.7600,0.7600,0.7500,0.7600,144.00,173568.00,trade,false
2025-12-23T19:00:00.000Z,0.7550,,0.7500,0.7600,0.00,173568.00,midpoint,false
2025-12-23T20:00:00.000Z,0.7400,0.7400,0.7300,0.7400,2810.00,174792.00,trade,false
2025-12-23T21:00:00.000Z,0.7400,0.7400,0.7300,0.7400,130.00,174851.00,trade,false
2025-12-23T22:00:00.000Z,0.7300,0.7300,0.7300,0.7400,1.00,174851.00,trade,false
2025-12-23T23:00:00.000Z,0.7400,0.7400,0.7300,0.7400,224.00,174870.00,trade,false
2025-12-24T00:00:00.000Z,0.7350,,0.7300,0.7400,0.00,174870.00,midpoint,false
2025-12-24T01:00:00.000Z,0.7400,0.7400,0.7300,0.7400,21.00,174876.00,trade,false
2025-12-24T02:00:00.000Z,0.7350,,0.7300,0.7400,0.00,174876.00,midpoint,false
2025-12-24T03:00:00.000Z,0.7400,0.7400,0.7300,0.7400,319.00,175176.00,trade,false
2025-12-24T04:00:00.000Z,0.7350,,0.7300,0.7400,0.00,175176.00,midpoint,false
2025-12-24T05:00:00.000Z,0.7400,0.7400,0.7300,0.7400,279.00,175177.00,trade,false
2025-12-24T06:00:00.000Z,0.7400,0.7400,0.7300,0.7400,3.00,175180.00,trade,false
2025-12-24T07:00:00.000Z,0.7300,0.7300,0.7300,0.7400,47.00,175227.00,trade,false
2025-12-24T08:00:00.000Z,0.7350,,0.7300,0.7400,0.00,175227.00,midpoint,false
2025-12-24T09:00:00.000Z,0.7350,,0.7300,0.7400,0.00,175227.00,midpoint,false
2025-12-24T10:00:00.000Z,0.7350,,0.7300,0.7400,0.00,175227.00,midpoint,false
2025-12-24T11:00:00.000Z,0.7350,,0.7300,0.7400,0.00,175227.00,midpoint,false
2025-12-24T12:00:00.000Z,0.7400,0.7400,0.7400,0.7500,3225.00,178452.00,trade,false
2025-12-24T13:00:00.000Z,0.7450,,0.7400,0.7500,0.00,178452.00,midpoint,false
2025-12-24T14:00:00.000Z,0.7500,0.7500,0.7400,0.7500,151.00,178565.00,trade,false
2025-12-24T15:00:00.000Z,0.7450,,0.7400,0.7500,0.00,178565.00,midpoint,false
2025-12-24T16:00:00.000Z,0.7450,,0.7400,0.7500,0.00,178565.00,midpoint,false
2025-12-24T17:00:00.000Z,0.7500,0.7500,0.7400,0.7500,13.00,178578.00,trade,false
2025-12-24T18:00:00.000Z,0.7400,0.7400,0.7400,0.7500,15.00,178563.00,trade,false
2025-12-24T19:00:00.000Z,0.7500,0.7500,0.7400,0.7500,9.00,178572.00,trade,false
2025-12-24T20:00:00.000Z,0.7500,0.7500,0.7400,0.7500,6.00,178578.00,trade,false
2025-12-24T21:00:00.000Z,0.7500,0.7500,0.7400,0.7500,6.00,178584.00,trade,false
2025-12-24T22:00:00.000Z,0.7500,0.7500,0.7400,0.7500,195.00,178749.00,trade,false
2025-12-24T23:00:00.000Z,0.7300,0.7300,0.7200,0.7300,997.00,178833.00,trade,false
2025-12-25T00:00:00.000Z,0.7200,0.7200,0.7200,0.7300,138.00,178968.00,trade,false
2025-12-25T01:00:00.000Z,0.7300,0.7300,0.7200,0.7300,34.00,178999.00,trade,false
2025-12-25T02:00:00.000Z,0.7300,0.7300,0.7200,0.7300,700.00,179664.00,trade,false
2025-12-25T03:00:00.000Z,0.7250,,0.7200,0.7300,0.00,179664.00,midpoint,false
2025-12-25T04:00:00.000Z,0.7250,,0.7200,0.7300,0.00,179664.00,midpoint,false
2025-12-25T05:00:00.000Z,0.7200,0.7200,0.7200,0.7300,3.00,179667.00,trade,false
2025-12-25T06:00:00.000Z,0.7300,0.7300,0.7200,0.7300,20.00,179687.00,trade,false
2025-12-25T07:00:00.000Z,0.7300,0.7300,0.7200,0.7300,1.00,179688.00,trade,false
2025-12-25T08:00:00.000Z,0.7300,0.7300,0.7200,0.7300,20.00,179708.00,trade,false
2025-12-25T09:00:00.000Z,0.7250,,0.7200,0.7300,0.00,179708.00,midpoint,false
2025-12-25T10:00:00.000Z,0.7250,,0.7200,0.7300,0.00,179708.00,midpoint,false
2025-12-25T11:00:00.000Z,0.7250,,0.7200,0.7300,0.00,179708.00,midpoint,false
2025-12-25T12:00:00.000Z,0.7250,,0.7200,0.7300,0.00,179708.00,midpoint,false
2025-12-25T13:00:00.000Z,0.7250,,0.7200,0.7300,0.00,179708.00,midpoint,false
2025-12-25T14:00:00.000Z,0.7300,0.7300,0.7200,0.7300,110.00,179708.00,trade,false
2025-12-25T15:00:00.000Z,0.7300,0.7300,0.7200,0.7300,32.00,179740.00,trade,false
2025-12-25T16:00:00.000Z,0.7300,0.7300,0.7200,0.7300,67.00,179807.00,trade,false
2025-12-25T17:00:00.000Z,0.7200,0.7200,0.7200,0.7300,3.00,179810.00,trade,false
2025-12-25T18:00:00.000Z,0.7300,0.7300,0.7200,0.7300,1.00,179811.00,trade,false
2025-12-25T19:00:00.000Z,0.7250,,0.7200,0.7300,0.00,179811.00,midpoint,false
2025-12-25T20:00:00.000Z,0.7200,0.7200,0.7200,0.7300,71.00,179857.00,trade,false
2025-12-25T21:00:00.000Z,0.7250,,0.7200,0.7300,0.00,179857.00,midpoint,false
2025-12-25T22:00:00.000Z,0.7300,0.7300,0.7200,0.7300,223.00,180077.00,trade,false
2025-12-25T23:00:00.000Z,0.7300,0.7300,0.7200,0.7300,6.00,180083.00,trade,false
2025-12-26T00:00:00.000Z,0.7300,0.7300,0.7200,0.7300,710.00,180493.00,trade,false
2025-12-26T01:00:00.000Z,0.7200,0.7200,0.7200,0.7300,14.00,180506.00,trade,false
2025-12-26T02:00:00.000Z,0.7300,0.7300,0.7200,0.7300,31.00,180521.00,trade,false
2025-12-26T03:00:00.000Z,0.7200,0.7200,0.7200,0.7300,69.00,180559.00,trade,false
2025-12-26T04:00:00.000Z,0.7300,0.7300,0.7200,0.7300,65.00,180624.00,trade,false
2025-12-26T05:00:00.000Z,0.7300,0.7300,0.7200,0.7300,19.00,180643.00,trade,false
2025-12-26T06:00:00.000Z,0.7300,0.7300,0.7200,0.7300,138.00,180781.00,trade,false
2025-12-26T07:00:00.000Z,0.7250,,0.7200,0.7300,0.00,180781.00,midpoint,false
2025-12-26T08:00:00.000Z,0.7250,,0.7200,0.7300,0.00,180781.00,midpoint,false
2025-12-26T09:00:00.000Z,0.7250,,0.7200,0.7300,0.00,180781.00,midpoint,false
2025-12-26T10:00:00.000Z,0.7300,0.7300,0.7200,0.7300,6.00,180787.00,trade,false
2025-12-26T11:00:00.000Z,0.7250,,0.7200,0.7300,0.00,180787.00,midpoint,false
2025-12-26T12:00:00.000Z,0.7250,,0.7200,0.7300,0.00,180787.00,midpoint,false
2025-12-26T13:00:00.000Z,0.7250,,0.7200,0.7300,0.00,180787.00,midpoint,false
2025-12-26T14:00:00.000Z,0.7250,,0.7200,0.7300,0.00,180787.00,midpoint,false
2025-12-26T15:00:00.000Z,0.7300,0.7300,0.7200,0.7300,500.00,181287.00,trade,false
2025-12-26T16:00:00.000Z,0.7300,0.7300,0.7200,0.7300,1.00,181288.00,trade,false
2025-12-26T17:00:00.000Z,0.7250,,0.7200,0.7300,0.00,181288.00,midpoint,false
2025-12-26T18:00:00.000Z,0.7200,0.7200,0.7200,0.7300,12.00,181300.00,trade,false
2025-12-26T19:00:00.000Z,0.7300,0.7300,0.7200,0.7300,136.00,181436.00,trade,false
2025-12-26T20:00:00.000Z,0.7300,0.7300,0.7200,0.7300,134.00,181570.00,trade,false
2025-12-26T21:00:00.000Z,0.7600,0.7600,0.7400,0.7500,9223.00,190734.00,trade,false
2025-12-26T22:00:00.000Z,0.7450,,0.7400,0.7500,0.00,190734.00,midpoint,false
2025-12-26T23:00:00.000Z,0.7600,0.7600,0.7400,0.7600,65.00,190799.00,trade,false
2025-12-27T00:00:00.000Z,0.7600,0.7600,0.7500,0.7600,192.00,190991.00,trade,false
2025-12-27T01:00:00.000Z,0.7300,0.7300,0.7300,0.7600,108.00,190965.00,trade,false
2025-12-27T02:00:00.000Z,0.7450,,0.7300,0.7600,0.00,190965.00,midpoint,false
2025-12-27T03:00:00.000Z,0.7450,,0.7300,0.7600,0.00,190965.00,midpoint,false
2025-12-27T04:00:00.000Z,0.7600,0.7600,0.7300,0.7600,2.00,190967.00,trade,false
2025-12-27T05:00:00.000Z,0.7450,,0.7300,0.7600,0.00,190967.00,midpoint,false
2025-12-27T06:00:00.000Z,0.7300,0.7300,0.7300,0.7600,76.00,190961.00,trade,false
2025-12-27T07:00:00.000Z,0.7600,0.7600,0.7300,0.7600,2.00,190963.00,trade,false
2025-12-27T08:00:00.000Z,0.7600,0.7600,0.7400,0.7600,156.00,191119.00,trade,false
2025-12-27T09:00:00.000Z,0.7600,0.7600,0.7400,0.7600,129.00,191248.00,trade,false
2025-12-27T10:00:00.000Z,0.7500,,0.7400,0.7600,0.00,191248.00,midpoint,false
2025-12-27T11:00:00.000Z,0.7500,,0.7400,0.7600,0.00,191248.00,midpoint,false
2025-12-27T12:00:00.000Z,0.7500,,0.7400,0.7600,0.00,191248.00,midpoint,false
2025-12-27T13:00:00.000Z,0.7500,,0.7400,0.7600,0.00,191248.00,midpoint,false
2025-12-27T14:00:00.000Z,0.7500,,0.7400,0.7600,0.00,191248.00,midpoint,false
2025-12-27T15:00:00.000Z,0.7500,,0.7400,0.7600,0.00,191248.00,midpoint,false
2025-12-27T16:00:00.000Z,0.7300,0.7300,0.7300,0.7600,18.00,191232.00,trade,false
2025-12-27T17:00:00.000Z,0.7200,0.7200,0.7200,0.7600,240.00,191367.00,trade,false
2025-12-27T18:00:00.000Z,0.7400,0.7400,0.7300,0.7500,314.00,191367.00,trade,false
2025-12-27T19:00:00.000Z,0.7500,0.7500,0.7400,0.7500,135.00,191502.00,trade,false
2025-12-27T20:00:00.000Z,0.7450,,0.7400,0.7500,0.00,191502.00,midpoint,false
2025-12-27T21:00:00.000Z,0.7450,,0.7400,0.7500,0.00,191502.00,midpoint,false
2025-12-27T22:00:00.000Z,0.7500,0.7500,0.7400,0.7500,6.00,191508.00,trade,false
2025-12-27T23:00:00.000Z,0.7450,,0.7400,0.7500,0.00,191508.00,midpoint,false
2025-12-28T00:00:00.000Z,0.7500,0.7500,0.7400,0.7500,37.00,191508.00,trade,false
2025-12-28T01:00:00.000Z,0.7500,0.7500,0.7400,0.7500,1.00,191509.00,trade,false
2025-12-28T02:00:00.000Z,0.7500,0.7500,0.7400,0.7500,32.00,191541.00,trade,false
2025-12-28T03:00:00.000Z,0.7450,,0.7400,0.7500,0.00,191541.00,midpoint,false
2025-12-28T04:00:00.000Z,0.7500,0.7500,0.7400,0.7500,32.00,191548.00,trade,false
2025-12-28T05:00:00.000Z,0.7500,0.7500,0.7400,0.7500,1346.00,192858.00,trade,false
2025-12-28T06:00:00.000Z,0.7450,,0.7400,0.7500,0.00,192858.00,midpoint,false
2025-12-28T07:00:00.000Z,0.7500,0.7500,0.7400,0.7500,1.00,192859.00,trade,false
2025-12-28T08:00:00.000Z,0.7500,0.7500,0.7400,0.7500,6.00,192865.00,trade,false
2025-12-28T09:00:00.000Z,0.7450,,0.7400,0.7500,0.00,192865.00,midpoint,false
2025-12-28T10:00:00.000Z,0.7500,0.7500,0.7400,0.7500,63.00,192928.00,trade,false
2025-12-28T11:00:00.000Z,0.7400,0.7400,0.7300,0.7400,1.00,192928.00,trade,false
2025-12-28T12:00:00.000Z,0.7400,0.7400,0.7300,0.7400,72.00,193000.00,trade,false
2025-12-28T13:00:00.000Z,0.7500,0.7500,0.7300,0.7400,2.00,193002.00,trade,false
2025-12-28T14:00:00.000Z,0.7350,,0.7300,0.7400,0.00,193002.00,midpoint,false
2025-12-28T15:00:00.000Z,0.7400,0.7400,0.7300,0.7400,462.00,193464.00,trade,false
2025-12-28T16:00:00.000Z,0.7350,,0.7300,0.7400,0.00,193464.00,midpoint,false
2025-12-28T17:00:00.000Z,0.7350,,0.7300,0.7400,0.00,193464.00,midpoint,false
2025-12-28T18:00:00.000Z,0.7400,0.7400,0.7300,0.7400,13.00,193477.00,trade,false
2025-12-28T19:00:00.000Z,0.7400,0.7400,0.7300,0.7400,14.00,193491.00,trade,false
2025-12-28T20:00:00.000Z,0.7300,0.7300,0.7300,0.7400,29.00,193479.00,trade,false
2025-12-28T21:00:00.000Z,0.7300,0.7300,0.7200,0.7300,1187.00,193479.00,trade,false
2025-12-28T22:00:00.000Z,0.7300,0.7300,0.7200,0.7300,242.00,193705.00,trade,false
2025-12-28T23:00:00.000Z,0.7200,0.7200,0.7200,0.7300,93.00,193792.00,trade,false
2025-12-29T00:00:00.000Z,0.7300,0.7300,0.7200,0.7300,26.00,193818.00,trade,false
2025-12-29T01:00:00.000Z,0.7300,0.7300,0.7200,0.7300,25.00,193842.00,trade,false
2025-12-29T02:00:00.000Z,0.7300,0.7300,0.7200,0.7300,8.00,193850.00,trade,false
2025-12-29T03:00:00.000Z,0.7250,,0.7200,0.7300,0.00,193850.00,midpoint,false
2025-12-29T04:00:00.000Z,0.7300,0.7300,0.7200,0.7300,26.00,193876.00,trade,false
2025-12-29T05:00:00.000Z,0.7250,,0.7200,0.7300,0.00,193876.00,midpoint,false
2025-12-29T06:00:00.000Z,0.7250,,0.7200,0.7300,0.00,193876.00,midpoint,false
2025-12-29T07:00:00.000Z,0.7300,0.7300,0.7200,0.7300,13.00,193889.00,trade,false
2025-12-29T08:00:00.000Z,0.7200,0.7200,0.7200,0.7300,80.00,193955.00,trade,false
2025-12-29T09:00:00.000Z,0.7250,,0.7200,0.7300,0.00,193955.00,midpoint,false
2025-12-29T10:00:00.000Z,0.7250,,0.7200,0.7300,0.00,193955.00,midpoint,false
2025-12-29T11:00:00.000Z,0.7200,0.7200,0.7200,0.7300,3.00,193958.00,trade,false
2025-12-29T12:00:00.000Z,0.7250,,0.7200,0.7300,0.00,193958.00,midpoint,false
2025-12-29T13:00:00.000Z,0.7250,,0.7200,0.7300,0.00,193958.00,midpoint,false
2025-12-29T14:00:00.000Z,0.7200,0.7200,0.7200,0.7300,3.00,193961.00,trade,false
2025-12-29T15:00:00.000Z,0.7400,0.7400,0.7300,0.7400,1343.00,193974.00,trade,false
2025-12-29T16:00:00.000Z,0.7500,0.7500,0.7300,0.7400,613.00,193983.00,trade,false
2025-12-29T17:00:00.000Z,0.7400,0.7400,0.7300,0.7400,3158.00,194237.00,trade,false
2025-12-29T18:00:00.000Z,0.7300,0.7300,0.7200,0.7300,581.00,194512.00,trade,false
2025-12-29T19:00:00.000Z,0.7300,0.7300,0.7200,0.7300,54.00,194566.00,trade,false
2025-12-29T20:00:00.000Z,0.7250,,0.7200,0.7300,0.00,194566.00,midpoint,false
2025-12-29T21:00:00.000Z,0.7300,0.7300,0.7200,0.7300,10.00,194576.00,trade,false
2025-12-29T22:00:00.000Z,0.7300,0.7300,0.7200,0.7300,141.00,194717.00,trade,false
2025-12-29T23:00:00.000Z,0.7300,0.7300,0.7200,0.7300,1.00,194718.00,trade,false
2025-12-30T00:00:00.000Z,0.7200,0.7200,0.7200,0.7300,19.00,194737.00,trade,false
2025-12-30T01:00:00.000Z,0.7300,0.7300,0.7200,0.7300,5.00,194742.00,trade,false
2025-12-30T02:00:00.000Z,0.7300,0.7300,0.7200,0.7300,164.00,194906.00,trade,false
2025-12-30T03:00:00.000Z,0.7250,,0.7200,0.7300,0.00,194906.00,midpoint,false
2025-12-30T04:00:00.000Z,0.7300,0.7300,0.7200,0.7300,8.00,194914.00,trade,false
2025-12-30T05:00:00.000Z,0.7300,0.7300,0.7200,0.7300,33.00,194947.00,trade,false
2025-12-30T06:00:00.000Z,0.7250,,0.7200,0.7300,0.00,194947.00,midpoint,false
2025-12-30T07:00:00.000Z,0.7300,0.7300,0.7200,0.7300,1067.00,196014.00,trade,false
2025-12-30T08:00:00.000Z,0.7300,0.7300,0.7200,0.7300,26.00,196040.00,trade,false
2025-12-30T09:00:00.000Z,0.7300,0.7300,0.7200,0.7300,28.00,196068.00,trade,false
2025-12-30T10:00:00.000Z,0.7250,,0.7200,0.7300,0.00,196068.00,midpoint,false
2025-12-30T11:00:00.000Z,0.7300,0.7300,0.7200,0.7300,4.00,196072.00,trade,false
2025-12-30T12:00:00.000Z,0.7300,0.7300,0.7200,0.7300,19.00,196091.00,trade,false
2025-12-30T13:00:00.000Z,0.7250,,0.7200,0.7300,0.00,196091.00,midpoint,false
2025-12-30T14:00:00.000Z,0.7250,,0.7200,0.7300,0.00,196091.00,midpoint,false
2025-12-30T15:00:00.000Z,0.7300,0.7300,0.7200,0.7300,134.00,196225.00,trade,false
2025-12-30T16:00:00.000Z,0.7300,0.7300,0.7200,0.7300,4.00,196229.00,trade,false
2025-12-30T17:00:00.000Z,0.7300,0.7300,0.7200,0.7300,67.00,196296.00,trade,false
2025-12-30T18:00:00.000Z,0.7300,0.7300,0.7200,0.7300,2099.00,198394.00,trade,false
2025-12-30T19:00:00.000Z,0.7300,0.7300,0.7200,0.7300,1412.00,199654.00,trade,false
2025-12-30T20:00:00.000Z,0.7200,0.7200,0.7100,0.7200,644.00,199343.00,trade,false
2025-12-30T21:00:00.000Z,0.7200,0.7200,0.7100,0.7200,114.00,199401.00,trade,false
2025-12-30T22:00:00.000Z,0.7200,0.7200,0.7100,0.7200,155.00,199547.00,trade,false
2025-12-30T23:00:00.000Z,0.7200,0.7200,0.7100,0.7200,495.00,200042.00,trade,false
2025-12-31T00:00:00.000Z,0.7400,0.7400,0.7200,0.7300,13031.00,213057.00,trade,false
2025-12-31T01:00:00.000Z,0.7400,0.7400,0.7300,0.7400,105.00,213162.00,trade,false
2025-12-31T02:00:00.000Z,0.7100,0.7100,0.7200,0.7400,171.00,213196.00,trade,false
2025-12-31T03:00:00.000Z,0.7400,0.7400,0.7300,0.7400,96.00,213225.00,trade,false
2025-12-31T04:00:00.000Z,0.7300,0.7300,0.7300,0.7400,8.00,213231.00,trade,false
2025-12-31T05:00:00.000Z,0.7300,0.7300,0.7300,0.7400,10.00,213241.00,trade,false
2025-12-31T06:00:00.000Z,0.7400,0.7400,0.7300,0.7400,13.00,213254.00,trade,false
2025-12-31T07:00:00.000Z,0.7400,0.7400,0.7300,0.7400,22.00,213276.00,trade,false
2025-12-31T08:00:00.000Z,0.7300,0.7300,0.7300,0.7400,176.00,213452.00,trade,false
2025-12-31T09:00:00.000Z,0.7350,,0.7300,0.7400,0.00,213452.00,midpoint,false
2025-12-31T10:00:00.000Z,0.7350,,0.7300,0.7400,0.00,213452.00,midpoint,false
2025-12-31T11:00:00.000Z,0.7300,0.7300,0.7300,0.7400,2.00,213453.00,trade,false
2025-12-31T12:00:00.000Z,0.7400,0.7400,0.7300,0.7400,68.00,213519.00,trade,false
2025-12-31T13:00:00.000Z,0.7300,0.7300,0.7300,0.7400,7.00,213526.00,trade,false
2025-12-31T14:00:00.000Z,0.7400,0.7400,0.7300,0.7400,213.00,213725.00,trade,false
2025-12-31T15:00:00.000Z,0.7400,0.7400,0.7300,0.7400,49.00,213771.00,trade,false
2025-12-31T16:00:00.000Z,0.7350,,0.7300,0.7400,0.00,213771.00,midpoint,false
2025-12-31T17:00:00.000Z,0.7400,0.7400,0.7300,0.7400,37.00,213808.00,trade,false
2025-12-31T18:00:00.000Z,0.7500,0.7500,0.7400,0.7500,147.00,213954.00,trade,false
2025-12-31T19:00:00.000Z,0.7400,0.7400,0.7400,0.7500,406.00,214282.00,trade,false
2025-12-31T20:00:00.000Z,0.7500,0.7500,0.7400,0.7500,105.00,214313.00,trade,false
2025-12-31T21:00:00.000Z,0.7500,0.7500,0.7400,0.7500,74.00,214387.00,trade,false
2025-12-31T22:00:00.000Z,0.7500,0.7500,0.7400,0.7500,142.00,214355.00,trade,false
2025-12-31T23:00:00.000Z,0.7500,0.7500,0.7400,0.7500,218.00,214573.00,trade,false
2026-01-01T00:00:00.000Z,0.7450,,0.7400,0.7500,0.00,214573.00,midpoint,false
2026-01-01T01:00:00.000Z,0.7500,0.7500,0.7400,0.7500,6.00,214579.00,trade,false
2026-01-01T02:00:00.000Z,0.7400,0.7400,0.7400,0.7500,10.00,214589.00,trade,false
2026-01-01T03:00:00.000Z,0.7500,0.7500,0.7400,0.7500,4.00,214593.00,trade,false
2026-01-01T04:00:00.000Z,0.7450,,0.7400,0.7500,0.00,214593.00,midpoint,false
2026-01-01T05:00:00.000Z,0.7500,0.7500,0.7400,0.7500,1.00,214594.00,trade,false
2026-01-01T06:00:00.000Z,0.7450,,0.7400,0.7500,0.00,214594.00,midpoint,false
2026-01-01T07:00:00.000Z,0.7500,0.7500,0.7400,0.7500,187.00,214781.00,trade,false
2026-01-01T08:00:00.000Z,0.7500,0.7500,0.7400,0.7500,26.00,214807.00,trade,false
2026-01-01T09:00:00.000Z,0.7450,,0.7400,0.7500,0.00,214807.00,midpoint,false
2026-01-01T10:00:00.000Z,0.7450,,0.7400,0.7500,0.00,214807.00,midpoint,false
2026-01-01T11:00:00.000Z,0.7450,,0.7400,0.7500,0.00,214807.00,midpoint,false
2026-01-01T12:00:00.000Z,0.7450,,0.7400,0.7500,0.00,214807.00,midpoint,false
2026-01-01T13:00:00.000Z,0.7500,0.7500,0.7400,0.7500,255.00,215062.00,trade,false
2026-01-01T14:00:00.000Z,0.7400,0.7400,0.7400,0.7500,731.00,215793.00,trade,false
2026-01-01T15:00:00.000Z,0.7500,0.7500,0.7400,0.7500,55.00,215848.00,trade,false
2026-01-01T16:00:00.000Z,0.7450,,0.7400,0.7500,0.00,215848.00,midpoint,false
2026-01-01T17:00:00.000Z,0.7500,0.7500,0.7400,0.7500,56.00,215904.00,trade,false
2026-01-01T18:00:00.000Z,0.7500,0.7500,0.7400,0.7500,17.00,215904.00,trade,false
2026-01-01T19:00:00.000Z,0.7500,0.7500,0.7400,0.7500,2.00,215905.00,trade,false
2026-01-01T20:00:00.000Z,0.7500,0.7500,0.7400,0.7500,7.00,215912.00,trade,false
2026-01-01T21:00:00.000Z,0.7500,0.7500,0.7400,0.7500,26.00,215938.00,trade,false
2026-01-01T22:00:00.000Z,0.7400,0.7400,0.7400,0.7500,19.00,215938.00,trade,false
2026-01-01T23:00:00.000Z,0.7500,0.7500,0.7400,0.7500,16.00,215954.00,trade,false
2026-01-02T00:00:00.000Z,0.7500,0.7500,0.7400,0.7500,410.00,216364.00,trade,false
2026-01-02T01:00:00.000Z,0.7500,0.7500,0.7400,0.7500,30.00,216394.00,trade,false
2026-01-02T02:00:00.000Z,0.7400,0.7400,0.7400,0.7500,5.00,216394.00,trade,false
2026-01-02T03:00:00.000Z,0.7400,0.7400,0.7400,0.7500,911.00,216317.00,trade,false
2026-01-02T04:00:00.000Z,0.7400,0.7400,0.7400,0.7500,19.00,216324.00,trade,false
2026-01-02T05:00:00.000Z,0.7400,0.7400,0.7400,0.7500,220.00,216531.00,trade,false
2026-01-02T06:00:00.000Z,0.7450,,0.7400,0.7500,0.00,216531.00,midpoint,false
2026-01-02T07:00:00.000Z,0.7400,0.7400,0.7400,0.7500,15.00,216531.00,trade,false
2026-01-02T08:00:00.000Z,0.7500,0.7500,0.7400,0.7500,6.00,216537.00,trade,false
2026-01-02T09:00:00.000Z,0.7500,0.7500,0.7400,0.7500,19.00,216556.00,trade,false
2026-01-02T10:00:00.000Z,0.7500,0.7500,0.7400,0.7500,18.00,216574.00,trade,false
2026-01-02T11:00:00.000Z,0.7450,,0.7400,0.7500,0.00,216574.00,midpoint,false
2026-01-02T12:00:00.000Z,0.7500,0.7500,0.7400,0.7500,13.00,216587.00,trade,false
2026-01-02T13:00:00.000Z,0.7450,,0.7400,0.7500,0.00,216587.00,midpoint,false
2026-01-02T14:00:00.000Z,0.7500,0.7500,0.7400,0.7500,6.00,216593.00,trade,false
2026-01-02T15:00:00.000Z,0.7500,0.7500,0.7400,0.7500,25.00,216618.00,trade,false
2026-01-02T16:00:00.000Z,0.7500,0.7500,0.7400,0.7500,457.00,217069.00,trade,false
2026-01-02T17:00:00.000Z,0.7500,0.7500,0.7400,0.7500,6.00,217075.00,trade,false
2026-01-02T18:00:00.000Z,0.7500,0.7500,0.7400,0.7500,7.00,217082.00,trade,false
2026-01-02T19:00:00.000Z,0.7500,0.7500,0.7400,0.7500,51.00,217083.00,trade,false
2026-01-02T20:00:00.000Z,0.7450,,0.7400,0.7500,0.00,217083.00,midpoint,false
2026-01-02T21:00:00.000Z,0.7500,0.7500,0.7400,0.7500,67.00,217115.00,trade,false
2026-01-02T22:00:00.000Z,0.7400,0.7400,0.7400,0.7500,70.00,217153.00,trade,false
2026-01-02T23:00:00.000Z,0.7500,0.7500,0.7400,0.7500,21.00,217156.00,trade,false
2026-01-03T00:00:00.000Z,0.7450,,0.7400,0.7500,0.00,217156.00,midpoint,false
2026-01-03T01:00:00.000Z,0.7500,0.7500,0.7400,0.7500,91.00,217228.00,trade,false
2026-01-03T02:00:00.000Z,0.7400,0.7400,0.7400,0.7500,109.00,217337.00,trade,false
2026-01-03T03:00:00.000Z,0.7400,0.7400,0.7400,0.7500,388.00,217725.00,trade,false
2026-01-03T04:00:00.000Z,0.7400,0.7400,0.7400,0.7500,128.00,217853.00,trade,false
2026-01-03T05:00:00.000Z,0.7400,0.7400,0.7400,0.7500,2407.00,220260.00,trade,false
2026-01-03T06:00:00.000Z,0.7450,,0.7400,0.7500,0.00,220260.00,midpoint,false
2026-01-03T07:00:00.000Z,0.7400,0.7400,0.7400,0.7500,51.00,220304.00,trade,false
2026-01-03T08:00:00.000Z,0.7400,0.7400,0.7400,0.7500,2838.00,221385.00,trade,false
2026-01-03T09:00:00.000Z,0.7400,0.7400,0.7400,0.7500,58.00,221385.00,trade,false
2026-01-03T10:00:00.000Z,0.7400,0.7400,0.7400,0.7500,6.00,221385.00,trade,false
2026-01-03T11:00:00.000Z,0.7400,0.7400,0.7400,0.7500,1.00,221385.00,trade,false
2026-01-03T12:00:00.000Z,0.7450,,0.7400,0.7500,0.00,221385.00,midpoint,false
2026-01-03T13:00:00.000Z,0.7500,0.7500,0.7400,0.7500,13.00,221385.00,trade,false
2026-01-03T14:00:00.000Z,0.7400,0.7400,0.7400,0.7500,1.00,221385.00,trade,false
2026-01-03T15:00:00.000Z,0.7450,,0.7400,0.7500,0.00,221385.00,midpoint,false
2026-01-03T16:00:00.000Z,0.7400,0.7400,0.7400,0.7500,228.00,221483.00,trade,false
2026-01-03T17:00:00.000Z,0.7500,0.7500,0.7400,0.7500,3.00,221484.00,trade,false
2026-01-03T18:00:00.000Z,0.7500,0.7500,0.7400,0.7500,1001.00,222144.00,trade,false
2026-01-03T19:00:00.000Z,0.7450,,0.7400,0.7500,0.00,222144.00,midpoint,false
2026-01-03T20:00:00.000Z,0.7450,,0.7400,0.7500,0.00,222144.00,midpoint,false
2026-01-03T21:00:00.000Z,0.7500,0.7500,0.7400,0.7500,6.00,222150.00,trade,false
2026-01-03T22:00:00.000Z,0.7500,0.7500,0.7400,0.7500,582.00,222048.00,trade,false
2026-01-03T23:00:00.000Z,0.7400,0.7400,0.7300,0.7400,81.00,222067.00,trade,false
2026-01-04T00:00:00.000Z,0.7300,0.7300,0.7300,0.7400,308.00,222363.00,trade,false
2026-01-04T01:00:00.000Z,0.7400,0.7400,0.7300,0.7400,333.00,222535.00,trade,false
2026-01-04T02:00:00.000Z,0.7400,0.7400,0.7300,0.7400,44.00,222579.00,trade,false
2026-01-04T03:00:00.000Z,0.7400,0.7400,0.7300,0.7400,213.00,222792.00,trade,false
2026-01-04T04:00:00.000Z,0.7400,0.7400,0.7300,0.7400,177.00,222956.00,trade,false
2026-01-04T05:00:00.000Z,0.7300,0.7300,0.7300,0.7400,471.00,223427.00,trade,false
2026-01-04T06:00:00.000Z,0.7400,0.7400,0.7300,0.7400,8.00,223434.00,trade,false
2026-01-04T07:00:00.000Z,0.7400,0.7400,0.7300,0.7400,6904.00,230254.00,trade,false
2026-01-04T08:00:00.000Z,0.7400,0.7400,0.7300,0.7400,4.00,230258.00,trade,false
2026-01-04T09:00:00.000Z,0.7350,,0.7300,0.7400,0.00,230258.00,midpoint,false
2026-01-04T10:00:00.000Z,0.7400,0.7400,0.7300,0.7400,20.00,230258.00,trade,false
2026-01-04T11:00:00.000Z,0.7350,,0.7300,0.7400,0.00,230258.00,midpoint,false
2026-01-04T12:00:00.000Z,0.7350,,0.7300,0.7400,0.00,230258.00,midpoint,false
2026-01-04T13:00:00.000Z,0.7350,,0.7300,0.7400,0.00,230258.00,midpoint,false
2026-01-04T14:00:00.000Z,0.7350,,0.7300,0.7400,0.00,230258.00,midpoint,false
2026-01-04T15:00:00.000Z,0.7300,0.7300,0.7300,0.7400,20.00,230264.00,trade,false
2026-01-04T16:00:00.000Z,0.7300,0.7300,0.7300,0.7400,2.00,230264.00,trade,false
2026-01-04T17:00:00.000Z,0.7400,0.7400,0.7300,0.7400,211.00,230191.00,trade,false
2026-01-04T18:00:00.000Z,0.7400,0.7400,0.7300,0.7400,55.00,230246.00,trade,false
2026-01-04T19:00:00.000Z,0.7300,0.7300,0.7300,0.7400,3.00,230246.00,trade,false
2026-01-04T20:00:00.000Z,0.7300,0.7300,0.7300,0.7400,7.00,230251.00,trade,false
2026-01-04T21:00:00.000Z,0.7350,,0.7300,0.7400,0.00,230251.00,midpoint,false
2026-01-04T22:00:00.000Z,0.7400,0.7400,0.7300,0.7400,8.00,230259.00,trade,false
2026-01-04T23:00:00.000Z,0.7300,0.7300,0.7200,0.7300,152.00,230328.00,trade,false
2026-01-05T00:00:00.000Z,0.7300,0.7300,0.7200,0.7300,96.00,230424.00,trade,false
2026-01-05T01:00:00.000Z,0.7300,0.7300,0.7200,0.7300,201.00,230575.00,trade,false
2026-01-05T02:00:00.000Z,0.7200,0.7200,0.7200,0.7300,10729.00,228363.00,trade,false
2026-01-05T03:00:00.000Z,0.7700,0.7700,0.7400,0.7700,13442.00,233774.00,trade,false
2026-01-05T04:00:00.000Z,0.7800,0.7800,0.7600,0.7800,1690.00,235025.00,trade,false
2026-01-05T05:00:00.000Z,0.7800,0.7800,0.7600,0.7800,783.00,235596.00,trade,false
2026-01-05T06:00:00.000Z,0.7800,0.7800,0.7700,0.7800,443.00,236019.00,trade,false
2026-01-05T07:00:00.000Z,0.7800,0.7800,0.7600,0.7800,24.00,236023.00,trade,false
2026-01-05T08:00:00.000Z,0.7800,0.7800,0.7700,0.7800,855.00,236281.00,trade,false
2026-01-05T09:00:00.000Z,0.7800,0.7800,0.7700,0.7800,2.00,236283.00,trade,false
2026-01-05T10:00:00.000Z,0.7800,0.7800,0.7700,0.7800,259.00,236542.00,trade,false
2026-01-05T11:00:00.000Z,0.7800,0.7800,0.7700,0.7800,315.00,236857.00,trade,false
2026-01-05T12:00:00.000Z,0.7800,0.7800,0.7700,0.7800,25.00,236882.00,trade,false
2026-01-05T13:00:00.000Z,0.7600,0.7600,0.7600,0.7800,123.00,236908.00,trade,false
2026-01-05T14:00:00.000Z,0.7800,0.7800,0.7700,0.7800,97.00,236911.00,trade,false
2026-01-05T15:00:00.000Z,0.7900,0.7900,0.7800,0.7900,1878.00,238789.00,trade,false
2026-01-05T16:00:00.000Z,0.7900,0.7900,0.7800,0.7900,406.00,239195.00,trade,false
2026-01-05T17:00:00.000Z,0.7900,0.7900,0.7800,0.7900,31.00,239226.00,trade,false
2026-01-05T18:00:00.000Z,0.7900,0.7900,0.7800,0.7900,160.00,239386.00,trade,false
2026-01-05T19:00:00.000Z,0.7600,0.7600,0.7500,0.7600,1567.00,239457.00,trade,false
2026-01-05T20:00:00.000Z,0.7700,0.7700,0.7600,0.7700,36.00,239487.00,trade,false
2026-01-05T21:00:00.000Z,0.7700,0.7700,0.7500,0.7700,236.00,239526.00,trade,false
2026-01-05T22:00:00.000Z,0.7500,0.7500,0.7500,0.7600,6107.00,241406.00,trade,false
2026-01-05T23:00:00.000Z,0.7600,0.7600,0.7500,0.7600,549.00,241955.00,trade,false
2026-01-06T00:00:00.000Z,0.7600,0.7600,0.7500,0.7600,335.00,242283.00,trade,false
2026-01-06T01:00:00.000Z,0.7550,,0.7500,0.7600,0.00,242283.00,midpoint,false
2026-01-06T02:00:00.000Z,0.7500,0.7500,0.7500,0.7600,769.00,242027.00,trade,false
2026-01-06T03:00:00.000Z,0.7700,0.7700,0.7500,0.7700,508.00,242380.00,trade,false
2026-01-06T04:00:00.000Z,0.7700,0.7700,0.7500,0.7700,33.00,242402.00,trade,false
2026-01-06T05:00:00.000Z,0.7500,0.7500,0.7500,0.7600,5.00,242405.00,trade,false
2026-01-06T06:00:00.000Z,0.7800,0.7800,0.7700,0.7800,11665.00,254060.00,trade,false
2026-01-06T07:00:00.000Z,0.7700,0.7700,0.7700,0.7800,39.00,254063.00,trade,false
2026-01-06T08:00:00.000Z,0.7750,,0.7700,0.7800,0.00,254063.00,midpoint,false
2026-01-06T09:00:00.000Z,0.7800,0.7800,0.7700,0.7800,1.00,254064.00,trade,false
2026-01-06T10:00:00.000Z,0.7800,0.7800,0.7700,0.7800,10.00,254074.00,trade,false
2026-01-06T11:00:00.000Z,0.7700,0.7700,0.7700,0.7800,26.00,254048.00,trade,false
2026-01-06T12:00:00.000Z,0.7800,0.7800,0.7700,0.7800,31.00,254079.00,trade,false
2026-01-06T13:00:00.000Z,0.7800,0.7800,0.7700,0.7800,54.00,254092.00,trade,false
2026-01-06T14:00:00.000Z,0.7800,0.7800,0.7700,0.7800,504.00,254596.00,trade,false
2026-01-06T15:00:00.000Z,0.7800,0.7800,0.7700,0.7800,26.00,254608.00,trade,false
2026-01-06T16:00:00.000Z,0.7800,0.7800,0.7700,0.7800,127.00,254642.00,trade,false
2026-01-06T17:00:00.000Z,0.7800,0.7800,0.7700,0.7800,177.00,254819.00,trade,false
2026-01-06T18:00:00.000Z,0.7700,0.7700,0.7600,0.7800,371.00,255083.00,trade,false
2026-01-06T19:00:00.000Z,0.7600,0.7600,0.7600,0.7800,53.00,255136.00,trade,false
2026-01-06T20:00:00.000Z,0.7800,0.7800,0.7700,0.7800,1113.00,256157.00,trade,false
2026-01-06T21:00:00.000Z,0.7800,0.7800,0.7700,0.7800,11701.00,267527.00,trade,false
2026-01-06T22:00:00.000Z,0.7800,0.7800,0.7700,0.7800,236.00,267415.00,trade,false
2026-01-06T23:00:00.000Z,0.7900,0.7900,0.7800,0.7900,486.00,267442.00,trade,false
2026-01-07T00:00:00.000Z,0.7900,0.7900,0.7800,0.7900,644.00,267536.00,trade,false
2026-01-07T01:00:00.000Z,0.7900,0.7900,0.7800,0.7900,137.00,267536.00,trade,false
2026-01-07T02:00:00.000Z,0.7800,0.7800,0.7700,0.7800,109.00,267511.00,trade,false
2026-01-07T03:00:00.000Z,0.7800,0.7800,0.7700,0.7800,1766.00,267657.00,trade,false
2026-01-07T04:00:00.000Z,0.7800,0.7800,0.7700,0.7800,162.00,267611.00,trade,false
2026-01-07T05:00:00.000Z,0.7800,0.7800,0.7700,0.7800,260.00,267530.00,trade,false
2026-01-07T06:00:00.000Z,0.7800,0.7800,0.7600,0.7800,13.00,267530.00,trade,false
2026-01-07T07:00:00.000Z,0.7700,0.7700,0.7600,0.7700,4271.00,268933.00,trade,false
2026-01-07T08:00:00.000Z,0.7600,0.7600,0.7600,0.7700,163.00,268904.00,trade,false
2026-01-07T09:00:00.000Z,0.7700,0.7700,0.7600,0.7700,118.00,269022.00,trade,false
2026-01-07T10:00:00.000Z,0.7700,0.7700,0.7600,0.7700,7.00,269029.00,trade,false
2026-01-07T11:00:00.000Z,0.7650,,0.7600,0.7700,0.00,269029.00,midpoint,false
2026-01-07T12:00:00.000Z,0.7650,,0.7600,0.7700,0.00,269029.00,midpoint,false
2026-01-07T13:00:00.000Z,0.7700,0.7700,0.7600,0.7700,123.00,269152.00,trade,false
2026-01-07T14:00:00.000Z,0.7700,0.7700,0.7700,0.7800,3793.00,267979.00,trade,false
2026-01-07T15:00:00.000Z,0.7700,0.7700,0.7700,0.7800,543.00,267979.00,trade,false
2026-01-07T16:00:00.000Z,0.7800,0.7800,0.7700,0.7800,32.00,268011.00,trade,false
2026-01-07T17:00:00.000Z,0.7800,0.7800,0.7700,0.7800,26.00,268037.00,trade,false
2026-01-07T18:00:00.000Z,0.7800,0.7800,0.7700,0.7800,1.00,268038.00,trade,false
2026-01-07T19:00:00.000Z,0.7800,0.7800,0.7800,0.7900,153.00,268191.00,trade,false
2026-01-07T20:00:00.000Z,0.8000,0.8000,0.7900,0.8000,6519.00,270161.00,trade,false
2026-01-07T21:00:00.000Z,0.8100,0.8100,0.8000,0.8100,744.00,270802.00,trade,false
2026-01-07T22:00:00.000Z,0.8100,0.8100,0.7900,0.8100,194.00,270878.00,trade,false
2026-01-07T23:00:00.000Z,0.8100,0.8100,0.8000,0.8100,1470.00,272344.00,trade,false
2026-01-08T00:00:00.000Z,0.7900,0.7900,0.8000,0.8100,70.00,272351.00,trade,false
2026-01-08T01:00:00.000Z,0.8100,0.8100,0.8000,0.8100,18.00,272369.00,trade,false
2026-01-08T02:00:00.000Z,0.8100,0.8100,0.8000,0.8100,908.00,273110.00,trade,false
2026-01-08T03:00:00.000Z,0.8100,0.8100,0.8000,0.8100,447.00,272681.00,trade,false
2026-01-08T04:00:00.000Z,0.8100,0.8100,0.7900,0.8000,54.00,272731.00,trade,false
2026-01-08T05:00:00.000Z,0.8000,0.8000,0.8000,0.8100,195.00,272836.00,trade,false
2026-01-08T06:00:00.000Z,0.8000,0.8000,0.7900,0.8000,20.00,272842.00,trade,false
2026-01-08T07:00:00.000Z,0.8000,0.8000,0.7900,0.8000,62.00,272904.00,trade,false
2026-01-08T08:00:00.000Z,0.8000,0.8000,0.7900,0.8000,25.00,272929.00,trade,false
2026-01-08T09:00:00.000Z,0.7950,,0.7900,0.8000,0.00,272929.00,midpoint,false
2026-01-08T10:00:00.000Z,0.7950,,0.7900,0.8000,0.00,272929.00,midpoint,false
2026-01-08T11:00:00.000Z,0.7900,0.7900,0.7900,0.8000,5.00,272930.00,trade,false
2026-01-08T12:00:00.000Z,0.7950,,0.7900,0.8000,0.00,272930.00,midpoint,false
2026-01-08T13:00:00.000Z,0.8000,0.8000,0.7900,0.8000,12.00,272942.00,trade,false
2026-01-08T14:00:00.000Z,0.8000,0.8000,0.7900,0.8000,214.00,272942.00,trade,false
2026-01-08T15:00:00.000Z,0.8000,0.8000,0.7900,0.8000,1.00,272943.00,trade,false
2026-01-08T16:00:00.000Z,0.7900,0.7900,0.7900,0.8000,57.00,272955.00,trade,false
2026-01-08T17:00:00.000Z,0.8000,0.8000,0.7900,0.8000,129.00,273084.00,trade,false
2026-01-08T18:00:00.000Z,0.7900,0.7900,0.7900,0.8000,48.00,273118.00,trade,false
2026-01-08T19:00:00.000Z,0.7900,0.7900,0.7900,0.8000,78.00,273142.00,trade,false
2026-01-08T20:00:00.000Z,0.8000,0.8000,0.7900,0.8000,207.00,273189.00,trade,false
2026-01-08T21:00:00.000Z,0.8000,0.8000,0.7900,0.8000,22.00,273211.00,trade,false
2026-01-08T22:00:00.000Z,0.8000,0.8000,0.7900,0.8000,655.00,273257.00,trade,false
2026-01-08T23:00:00.000Z,0.8000,0.8000,0.7900,0.8000,123.00,273380.00,trade,false
2026-01-09T00:00:00.000Z,0.8000,0.8000,0.7900,0.8000,1745.00,274571.00,trade,false
2026-01-09T01:00:00.000Z,0.8000,0.8000,0.7900,0.8000,668.00,275092.00,trade,false
2026-01-09T02:00:00.000Z,0.7900,0.7900,0.7900,0.8000,207.00,275157.00,trade,false
2026-01-09T03:00:00.000Z,0.7900,0.7900,0.7900,0.8000,1102.00,275190.00,trade,false
2026-01-09T04:00:00.000Z,0.7900,0.7900,0.7900,0.8000,2264.00,275187.00,trade,false
2026-01-09T05:00:00.000Z,0.7900,0.7900,0.7900,0.8000,61.00,275210.00,trade,false
2026-01-09T06:00:00.000Z,0.7900,0.7900,0.7900,0.8000,438.00,275319.00,trade,false
2026-01-09T07:00:00.000Z,0.7900,0.7900,0.7900,0.8000,333.00,275319.00,trade,false
2026-01-09T08:00:00.000Z,0.7900,0.7900,0.7900,0.8000,237.00,275320.00,trade,false
2026-01-09T09:00:00.000Z,0.7800,0.7800,0.7800,0.7900,225.00,275310.00,trade,false
2026-01-09T10:00:00.000Z,0.7850,,0.7800,0.7900,0.00,275310.00,midpoint,false
2026-01-09T11:00:00.000Z,0.7700,0.7700,0.7700,0.7800,118.00,275196.00,trade,false
2026-01-09T12:00:00.000Z,0.7800,0.7800,0.7700,0.7800,1.00,275197.00,trade,false
2026-01-09T13:00:00.000Z,0.7700,0.7700,0.7700,0.7800,108.00,275197.00,trade,false
2026-01-09T14:00:00.000Z,0.7700,0.7700,0.7700,0.7800,41.00,275197.00,trade,false
2026-01-09T15:00:00.000Z,0.7800,0.7800,0.7700,0.7800,441.00,275444.00,trade,false
2026-01-09T16:00:00.000Z,0.7800,0.7800,0.7600,0.7800,2.00,275446.00,trade,false
2026-01-09T17:00:00.000Z,0.7800,0.7800,0.7600,0.7800,169.00,275569.00,trade,false
2026-01-09T18:00:00.000Z,0.7600,0.7600,0.7600,0.7700,140.00,275587.00,trade,false
2026-01-09T19:00:00.000Z,0.7800,0.7800,0.7600,0.7700,163.00,275731.00,trade,false
2026-01-09T20:00:00.000Z,0.7600,0.7600,0.7600,0.7800,412.00,276140.00,trade,false
2026-01-09T21:00:00.000Z,0.7800,0.7800,0.7600,0.7700,85.00,276187.00,trade,false
2026-01-09T22:00:00.000Z,0.7700,0.7700,0.7600,0.7700,10.00,276197.00,trade,false
2026-01-09T23:00:00.000Z,0.7800,0.7800,0.7600,0.7800,41.00,276238.00,trade,false
2026-01-10T00:00:00.000Z,0.7800,0.7800,0.7600,0.7800,157.00,276395.00,trade,false
2026-01-10T01:00:00.000Z,0.7800,0.7800,0.7700,0.7800,26.00,276421.00,trade,false
2026-01-10T02:00:00.000Z,0.7700,0.7700,0.7700,0.7800,70.00,276460.00,trade,false
2026-01-10T03:00:00.000Z,0.7800,0.7800,0.7700,0.7800,80.00,276540.00,trade,false
2026-01-10T04:00:00.000Z,0.7800,0.7800,0.7700,0.7800,165.00,276576.00,trade,false
2026-01-10T05:00:00.000Z,0.7800,0.7800,0.7700,0.7800,24.00,276600.00,trade,false
2026-01-10T06:00:00.000Z,0.7700,0.7700,0.7700,0.7800,8.00,276605.00,trade,false
2026-01-10T07:00:00.000Z,0.7800,0.7800,0.7700,0.7800,16.00,276621.00,trade,false
2026-01-10T08:00:00.000Z,0.7800,0.7800,0.7700,0.7800,21.00,276642.00,trade,false
2026-01-10T09:00:00.000Z,0.7750,,0.7700,0.7800,0.00,276642.00,midpoint,false
2026-01-10T10:00:00.000Z,0.7750,,0.7700,0.7800,0.00,276642.00,midpoint,false
2026-01-10T11:00:00.000Z,0.7750,,0.7700,0.7800,0.00,276642.00,midpoint,false
2026-01-10T12:00:00.000Z,0.7700,0.7700,0.7700,0.7800,485.00,277127.00,trade,false
2026-01-10T13:00:00.000Z,0.7700,0.7700,0.7700,0.7800,8.00,277135.00,trade,false
2026-01-10T14:00:00.000Z,0.7700,0.7700,0.7700,0.7800,5.00,277135.00,trade,false
2026-01-10T15:00:00.000Z,0.7800,0.7800,0.7700,0.7800,2.00,277137.00,trade,false
2026-01-10T16:00:00.000Z,0.7800,0.7800,0.7700,0.7800,1.00,277138.00,trade,false
2026-01-10T17:00:00.000Z,0.7800,0.7800,0.7700,0.7800,113.00,277251.00,trade,false
2026-01-10T18:00:00.000Z,0.7800,0.7800,0.7700,0.7800,27.00,277278.00,trade,false
2026-01-10T19:00:00.000Z,0.7750,,0.7700,0.7800,0.00,277278.00,midpoint,false
2026-01-10T20:00:00.000Z,0.7700,0.7700,0.7700,0.7800,87.00,277283.00,trade,false
2026-01-10T21:00:00.000Z,0.7800,0.7800,0.7700,0.7800,204.00,277425.00,trade,false
2026-01-10T22:00:00.000Z,0.7800,0.7800,0.7700,0.7800,126.00,277551.00,trade,false
2026-01-10T23:00:00.000Z,0.7800,0.7800,0.7700,0.7800,94.00,277645.00,trade,false
2026-01-11T00:00:00.000Z,0.7700,0.7700,0.7700,0.7800,55.00,277670.00,trade,false
2026-01-11T01:00:00.000Z,0.7700,0.7700,0.7700,0.7800,309.00,277949.00,trade,false
2026-01-11T02:00:00.000Z,0.7800,0.7800,0.7700,0.7800,189.00,278138.00,trade,false
2026-01-11T03:00:00.000Z,0.7700,0.7700,0.7700,0.7800,200.00,278338.00,trade,false
2026-01-11T04:00:00.000Z,0.7800,0.7800,0.7700,0.7800,55.00,278378.00,trade,false
2026-01-11T05:00:00.000Z,0.7800,0.7800,0.7700,0.7800,101.00,278479.00,trade,false
2026-01-11T06:00:00.000Z,0.7800,0.7800,0.7700,0.7800,47.00,278526.00,trade,false
2026-01-11T07:00:00.000Z,0.7800,0.7800,0.7700,0.7800,49.00,278575.00,trade,false
2026-01-11T08:00:00.000Z,0.7800,0.7800,0.7700,0.7800,14.00,278589.00,trade,false
2026-01-11T09:00:00.000Z,0.7800,0.7800,0.7700,0.7800,178.00,278767.00,trade,false
2026-01-11T10:00:00.000Z,0.7700,0.7700,0.7700,0.7800,5.00,278772.00,trade,false
2026-01-11T11:00:00.000Z,0.7750,,0.7700,0.7800,0.00,278772.00,midpoint,false
2026-01-11T12:00:00.000Z,0.7750,,0.7700,0.7800,0.00,278772.00,midpoint,false
2026-01-11T13:00:00.000Z,0.7800,0.7800,0.7700,0.7800,101.00,278873.00,trade,false
2026-01-11T14:00:00.000Z,0.7800,0.7800,0.7700,0.7800,1.00,278874.00,trade,false
2026-01-11T15:00:00.000Z,0.7800,0.7800,0.7700,0.7800,126.00,279000.00,trade,false
2026-01-11T16:00:00.000Z,0.7800,0.7800,0.7700,0.7800,115.00,279115.00,trade,false
2026-01-11T17:00:00.000Z,0.7800,0.7800,0.7700,0.7800,18.00,279133.00,trade,false
2026-01-11T18:00:00.000Z,0.7800,0.7800,0.7700,0.7800,221.00,279178.00,trade,false
2026-01-11T19:00:00.000Z,0.7800,0.7800,0.7700,0.7800,91.00,279226.00,trade,false
2026-01-11T20:00:00.000Z,0.7800,0.7800,0.7700,0.7800,157.00,279357.00,trade,false
2026-01-11T21:00:00.000Z,0.7800,0.7800,0.7700,0.7800,574.00,279517.00,trade,false
2026-01-11T22:00:00.000Z,0.7800,0.7800,0.7700,0.7800,200.00,279705.00,trade,false
2026-01-11T23:00:00.000Z,0.7800,0.7800,0.7700,0.7800,97.00,279802.00,trade,false
2026-01-12T00:00:00.000Z,0.7800,0.7800,0.7700,0.7800,150.00,279952.00,trade,false
2026-01-12T01:00:00.000Z,0.7800,0.7800,0.7600,0.7800,839.00,280755.00,trade,false
2026-01-12T02:00:00.000Z,0.7800,0.7800,0.7600,0.7800,710.00,281446.00,trade,false
2026-01-12T03:00:00.000Z,0.8200,0.8200,0.7900,0.8200,1884.00,282233.00,trade,false
2026-01-12T04:00:00.000Z,0.7900,0.7900,0.7700,0.8000,3324.00,283137.00,trade,false
2026-01-12T05:00:00.000Z,0.8400,0.8400,0.8300,0.8400,16105.00,297796.00,trade,false
2026-01-12T06:00:00.000Z,0.8400,0.8400,0.8400,0.8500,1765.00,298582.00,trade,false
2026-01-12T07:00:00.000Z,0.8400,0.8400,0.8300,0.8400,107.00,298595.00,trade,false
2026-01-12T08:00:00.000Z,0.8300,0.8300,0.8300,0.8400,138.00,298723.00,trade,false
2026-01-12T09:00:00.000Z,0.8300,0.8300,0.8300,0.8400,313.00,299036.00,trade,false
2026-01-12T10:00:00.000Z,0.8400,0.8400,0.8300,0.8400,362.00,299386.00,trade,false
2026-01-12T11:00:00.000Z,0.8300,0.8300,0.8200,0.8300,84.00,299447.00,trade,false
2026-01-12T12:00:00.000Z,0.8300,0.8300,0.8100,0.8200,300.00,299691.00,trade,false
2026-01-12T13:00:00.000Z,0.8100,0.8100,0.8100,0.8200,177.00,299625.00,trade,false
2026-01-12T14:00:00.000Z,0.8100,0.8100,0.8100,0.8300,83.00,299570.00,trade,false
2026-01-12T15:00:00.000Z,0.8100,0.8100,0.8100,0.8200,1800.00,301326.00,trade,false
2026-01-12T16:00:00.000Z,0.8300,0.8300,0.8100,0.8300,140.00,301395.00,trade,false
2026-01-12T17:00:00.000Z,0.8300,0.8300,0.8100,0.8300,129.00,301513.00,trade,false
2026-01-12T18:00:00.000Z,0.8100,0.8100,0.8100,0.8300,93.00,301602.00,trade,false
2026-01-12T19:00:00.000Z,0.8200,0.8200,0.8200,0.8300,324.00,301683.00,trade,false
2026-01-12T20:00:00.000Z,0.8300,0.8300,0.8200,0.8300,489.00,301618.00,trade,false
2026-01-12T21:00:00.000Z,0.8300,0.8300,0.8100,0.8300,424.00,301827.00,trade,false
2026-01-12T22:00:00.000Z,0.8200,0.8200,0.8000,0.8300,715.00,302428.00,trade,false
2026-01-12T23:00:00.000Z,0.8200,0.8200,0.8100,0.8200,486.00,302609.00,trade,false
2026-01-13T00:00:00.000Z,0.8200,0.8200,0.8100,0.8200,1664.00,304272.00,trade,false
2026-01-13T01:00:00.000Z,0.8200,0.8200,0.8000,0.8200,948.00,304760.00,trade,false
2026-01-13T02:00:00.000Z,0.8200,0.8200,0.8100,0.8200,943.00,305702.00,trade,false
2026-01-13T03:00:00.000Z,0.8200,0.8200,0.8100,0.8200,180.00,305842.00,trade,false
2026-01-13T04:00:00.000Z,0.8100,0.8100,0.8100,0.8200,271.00,305761.00,trade,false
2026-01-13T05:00:00.000Z,0.8000,0.8000,0.8000,0.8200,1460.00,307102.00,trade,false
2026-01-13T06:00:00.000Z,0.8200,0.8200,0.8000,0.8200,62.00,307164.00,trade,false
2026-01-13T07:00:00.000Z,0.8100,0.8100,0.8000,0.8100,74.00,307237.00,trade,false
2026-01-13T08:00:00.000Z,0.8100,0.8100,0.8000,0.8100,1.00,307238.00,trade,false
2026-01-13T09:00:00.000Z,0.8100,0.8100,0.8000,0.8100,487.00,307725.00,trade,false
2026-01-13T10:00:00.000Z,0.8100,0.8100,0.8000,0.8100,200.00,307749.00,trade,false
2026-01-13T11:00:00.000Z,0.8100,0.8100,0.8000,0.8100,239.00,307775.00,trade,false
2026-01-13T12:00:00.000Z,0.8000,0.8000,0.8000,0.8100,96.00,307848.00,trade,false
2026-01-13T13:00:00.000Z,0.8100,0.8100,0.8000,0.8200,203.00,307968.00,trade,false
2026-01-13T14:00:00.000Z,0.8200,0.8200,0.8000,0.8200,43.00,308011.00,trade,false
2026-01-13T15:00:00.000Z,0.8200,0.8200,0.8000,0.8100,177.00,308187.00,trade,false
2026-01-13T16:00:00.000Z,0.8200,0.8200,0.8100,0.8200,299.00,308431.00,trade,false
2026-01-13T17:00:00.000Z,0.8200,0.8200,0.8100,0.8200,852.00,309283.00,trade,false
2026-01-13T18:00:00.000Z,0.8100,0.8100,0.8100,0.8200,624.00,309907.00,trade,false
2026-01-13T19:00:00.000Z,0.8200,0.8200,0.8100,0.8200,273.00,310180.00,trade,false
2026-01-13T20:00:00.000Z,0.8100,0.8100,0.8100,0.8200,1465.00,310985.00,trade,false
2026-01-13T21:00:00.000Z,0.8200,0.8200,0.8200,0.8300,81.00,311036.00,trade,false
2026-01-13T22:00:00.000Z,0.8100,0.8100,0.8100,0.8200,216.00,311152.00,trade,false
2026-01-13T23:00:00.000Z,0.8100,0.8100,0.8100,0.8200,491.00,311482.00,trade,false
2026-01-14T00:00:00.000Z,0.8200,0.8200,0.8100,0.8200,235.00,311717.00,trade,false
2026-01-14T01:00:00.000Z,0.8200,0.8200,0.8200,0.8300,1191.00,312720.00,trade,false
2026-01-14T02:00:00.000Z,0.8300,0.8300,0.8200,0.8300,240.00,312945.00,trade,false
2026-01-14T03:00:00.000Z,0.8200,0.8200,0.8200,0.8300,42.00,312937.00,trade,false
2026-01-14T04:00:00.000Z,0.8300,0.8300,0.8200,0.8300,87.00,312946.00,trade,false
2026-01-14T05:00:00.000Z,0.8300,0.8300,0.8200,0.8300,7.00,312949.00,trade,false
2026-01-14T06:00:00.000Z,0.8300,0.8300,0.8200,0.8300,157.00,313096.00,trade,false
2026-01-14T07:00:00.000Z,0.8300,0.8300,0.8200,0.8300,300.00,313339.00,trade,false
2026-01-14T08:00:00.000Z,0.8200,0.8200,0.8200,0.8300,18.00,313342.00,trade,false
2026-01-14T09:00:00.000Z,0.8250,,0.8200,0.8300,0.00,313342.00,midpoint,false
2026-01-14T10:00:00.000Z,0.8300,0.8300,0.8200,0.8300,109.00,313451.00,trade,false
2026-01-14T11:00:00.000Z,0.8300,0.8300,0.8200,0.8300,5.00,313456.00,trade,false
2026-01-14T12:00:00.000Z,0.8300,0.8300,0.8200,0.8300,311.00,313617.00,trade,false
2026-01-14T13:00:00.000Z,0.8200,0.8200,0.8200,0.8300,512.00,313617.00,trade,false
2026-01-14T14:00:00.000Z,0.8300,0.8300,0.8200,0.8300,1494.00,315102.00,trade,false
2026-01-14T15:00:00.000Z,0.8300,0.8300,0.8200,0.8300,119.00,315221.00,trade,false
2026-01-14T16:00:00.000Z,0.8300,0.8300,0.8200,0.8300,280.00,315501.00,trade,false
2026-01-14T17:00:00.000Z,0.8300,0.8300,0.8200,0.8300,11.00,315512.00,trade,false
2026-01-14T18:00:00.000Z,0.8200,0.8200,0.8200,0.8300,30.00,315542.00,trade,false
2026-01-14T19:00:00.000Z,0.8200,0.8200,0.8200,0.8300,88.00,315629.00,trade,false
2026-01-14T20:00:00.000Z,0.8300,0.8300,0.8200,0.8300,150.00,315754.00,trade,false
2026-01-14T21:00:00.000Z,0.8200,0.8200,0.8200,0.8300,25.00,315778.00,trade,false
2026-01-14T22:00:00.000Z,0.8200,0.8200,0.8200,0.8300,955.00,316733.00,trade,false
2026-01-14T23:00:00.000Z,0.8200,0.8200,0.8200,0.8300,917.00,317645.00,trade,false
2026-01-15T00:00:00.000Z,0.8300,0.8300,0.8100,0.8200,2054.00,319428.00,trade,false
2026-01-15T01:00:00.000Z,0.8200,0.8200,0.8100,0.8200,141.00,319566.00,trade,false
2026-01-15T02:00:00.000Z,0.8200,0.8200,0.8100,0.8200,2365.00,319843.00,trade,false
2026-01-15T03:00:00.000Z,0.8200,0.8200,0.8100,0.8200,174.00,319974.00,trade,false
2026-01-15T04:00:00.000Z,0.8200,0.8200,0.8100,0.8200,425.00,320399.00,trade,false
2026-01-15T05:00:00.000Z,0.8200,0.8200,0.8100,0.8200,77.00,320476.00,trade,false
2026-01-15T06:00:00.000Z,0.8200,0.8200,0.8100,0.8200,779.00,321253.00,trade,false
2026-01-15T07:00:00.000Z,0.8000,0.8000,0.8100,0.8200,1651.00,320602.00,trade,false
2026-01-15T08:00:00.000Z,0.8200,0.8200,0.8100,0.8200,95.00,320697.00,trade,false
2026-01-15T09:00:00.000Z,0.8100,,0.8000,0.8200,0.00,320697.00,midpoint,false
2026-01-15T10:00:00.000Z,0.8100,,0.8000,0.8200,0.00,320697.00,midpoint,false
2026-01-15T11:00:00.000Z,0.8100,,0.8000,0.8200,0.00,320697.00,midpoint,false
2026-01-15T12:00:00.000Z,0.8050,,0.8000,0.8100,0.00,320697.00,midpoint,false
2026-01-15T13:00:00.000Z,0.8200,0.8200,0.8000,0.8100,126.00,320823.00,trade,false
2026-01-15T14:00:00.000Z,0.8100,0.8100,0.8000,0.8100,53.00,320829.00,trade,false
2026-01-15T15:00:00.000Z,0.8100,0.8100,0.8000,0.8100,1.00,320830.00,trade,false
2026-01-15T16:00:00.000Z,0.8100,0.8100,0.8000,0.8100,61.00,320891.00,trade,false
2026-01-15T17:00:00.000Z,0.8100,0.8100,0.8000,0.8100,7.00,320898.00,trade,false
2026-01-15T18:00:00.000Z,0.8100,0.8100,0.8000,0.8100,61.00,320959.00,trade,false
2026-01-15T19:00:00.000Z,0.8100,0.8100,0.8000,0.8100,12.00,320971.00,trade,false
2026-01-15T20:00:00.000Z,0.8100,0.8100,0.8000,0.8100,13.00,320984.00,trade,false
2026-01-15T21:00:00.000Z,0.8100,0.8100,0.8000,0.8100,155.00,321134.00,trade,false
2026-01-15T22:00:00.000Z,0.8100,0.8100,0.8000,0.8100,22.00,321154.00,trade,false
2026-01-15T23:00:00.000Z,0.8100,0.8100,0.8000,0.8100,27.00,321181.00,trade,false
2026-01-16T00:00:00.000Z,0.8100,0.8100,0.8000,0.8100,142.00,321323.00,trade,false
2026-01-16T01:00:00.000Z,0.8000,0.8000,0.8000,0.8100,452.00,321775.00,trade,false
2026-01-16T02:00:00.000Z,0.8100,0.8100,0.8000,0.8100,470.00,322220.00,trade,false
2026-01-16T03:00:00.000Z,0.8100,0.8100,0.8000,0.8100,471.00,322691.00,trade,false
2026-01-16T04:00:00.000Z,0.8100,0.8100,0.8000,0.8100,21.00,322706.00,trade,false
2026-01-16T05:00:00.000Z,0.8100,0.8100,0.8000,0.8100,91.00,322772.00,trade,false
2026-01-16T06:00:00.000Z,0.8000,0.8000,0.8000,0.8100,20.00,322792.00,trade,false
2026-01-16T07:00:00.000Z,0.8100,0.8100,0.8000,0.8100,3.00,322795.00,trade,false
2026-01-16T08:00:00.000Z,0.8000,0.8000,0.8000,0.8100,29.00,322819.00,trade,false
2026-01-16T09:00:00.000Z,0.8050,,0.8000,0.8100,0.00,322819.00,midpoint,false
2026-01-16T10:00:00.000Z,0.8050,,0.8000,0.8100,0.00,322819.00,midpoint,false
2026-01-16T11:00:00.000Z,0.8000,0.8000,0.8000,0.8100,4.00,322823.00,trade,false
2026-01-16T12:00:00.000Z,0.8100,0.8100,0.8000,0.8100,2.00,322825.00,trade,false
2026-01-16T13:00:00.000Z,0.8050,,0.8000,0.8100,0.00,322825.00,midpoint,false
2026-01-16T14:00:00.000Z,0.8100,0.8100,0.8000,0.8100,1480.00,324026.00,trade,false
2026-01-16T15:00:00.000Z,0.8100,0.8100,0.8000,0.8100,108.00,324034.00,trade,false
2026-01-16T16:00:00.000Z,0.8100,0.8100,0.8000,0.8100,71.00,324086.00,trade,false
2026-01-16T17:00:00.000Z,0.8000,0.8000,0.8000,0.8100,38.00,324085.00,trade,false
2026-01-16T18:00:00.000Z,0.8000,0.8000,0.8000,0.8100,229.00,324291.00,trade,false
2026-01-16T19:00:00.000Z,0.8000,0.8000,0.8000,0.8100,94.00,324385.00,trade,false
2026-01-16T20:00:00.000Z,0.8000,0.8000,0.8000,0.8100,493.00,324863.00,trade,false
2026-01-16T21:00:00.000Z,0.8100,0.8100,0.8000,0.8100,1157.00,325970.00,trade,false
2026-01-16T22:00:00.000Z,0.8100,0.8100,0.8000,0.8100,207.00,326034.00,trade,false
2026-01-16T23:00:00.000Z,0.8100,0.8100,0.8000,0.8100,30.00,326064.00,trade,false
2026-01-17T00:00:00.000Z,0.8100,0.8100,0.8000,0.8100,68.00,326132.00,trade,false
2026-01-17T01:00:00.000Z,0.8100,0.8100,0.8000,0.8100,272.00,326404.00,trade,false
2026-01-17T02:00:00.000Z,0.8100,0.8100,0.8000,0.8100,65.00,326405.00,trade,false
2026-01-17T03:00:00.000Z,0.8000,0.8000,0.8000,0.8100,128.00,326533.00,trade,false
2026-01-17T04:00:00.000Z,0.8100,0.8100,0.8000,0.8100,111.00,326552.00,trade,false
2026-01-17T05:00:00.000Z,0.8000,0.8000,0.7900,0.8000,1883.00,328349.00,trade,false
2026-01-17T06:00:00.000Z,0.7900,0.7900,0.7900,0.8000,374.00,328722.00,trade,false
2026-01-17T07:00:00.000Z,0.8000,0.8000,0.7900,0.8000,109.00,328813.00,trade,false
2026-01-17T08:00:00.000Z,0.7950,,0.7900,0.8000,0.00,328813.00,midpoint,false
2026-01-17T09:00:00.000Z,0.7950,,0.7900,0.8000,0.00,328813.00,midpoint,false
2026-01-17T10:00:00.000Z,0.7900,0.7900,0.7900,0.8000,200.00,329013.00,trade,false
2026-01-17T11:00:00.000Z,0.7900,0.7900,0.7900,0.8000,4.00,329017.00,trade,false
2026-01-17T12:00:00.000Z,0.7950,,0.7900,0.8000,0.00,329017.00,midpoint,false
2026-01-17T13:00:00.000Z,0.8000,0.8000,0.7900,0.8000,616.00,329633.00,trade,false
2026-01-17T14:00:00.000Z,0.8000,0.8000,0.7900,0.8000,7.00,329640.00,trade,false
2026-01-17T15:00:00.000Z,0.8000,0.8000,0.7900,0.8000,55.00,329694.00,trade,false
2026-01-17T16:00:00.000Z,0.7900,0.7900,0.7900,0.8000,23.00,329694.00,trade,false
2026-01-17T17:00:00.000Z,0.8000,0.8000,0.7900,0.8000,128.00,329821.00,trade,false
2026-01-17T18:00:00.000Z,0.7900,0.7900,0.7900,0.8000,1233.00,330709.00,trade,false
2026-01-17T19:00:00.000Z,0.8000,0.8000,0.7900,0.8000,12.00,330721.00,trade,false
2026-01-17T20:00:00.000Z,0.7900,0.7900,0.7900,0.8000,342.00,331063.00,trade,false
2026-01-17T21:00:00.000Z,0.8000,0.8000,0.7900,0.8000,33.00,331096.00,trade,false
2026-01-17T22:00:00.000Z,0.7900,0.7900,0.7900,0.8000,76.00,331153.00,trade,false
2026-01-17T23:00:00.000Z,0.8000,0.8000,0.7900,0.8000,54.00,331207.00,trade,false
2026-01-18T00:00:00.000Z,0.8000,0.8000,0.7900,0.8000,685.00,331342.00,trade,false
2026-01-18T01:00:00.000Z,0.8000,0.8000,0.7900,0.8000,175.00,331416.00,trade,false
2026-01-18T02:00:00.000Z,0.8000,0.8000,0.7900,0.8000,477.00,331889.00,trade,false
2026-01-18T03:00:00.000Z,0.8000,0.8000,0.7900,0.8000,648.00,332537.00,trade,false
2026-01-18T04:00:00.000Z,0.8000,0.8000,0.7900,0.8000,216.00,332753.00,trade,false
2026-01-18T05:00:00.000Z,0.7900,0.7900,0.7800,0.7900,1693.00,332458.00,trade,false
2026-01-18T06:00:00.000Z,0.8000,0.8000,0.7900,0.8000,647.00,333105.00,trade,false
2026-01-18T07:00:00.000Z,0.8000,0.8000,0.7900,0.8000,26.00,333131.00,trade,false
2026-01-18T08:00:00.000Z,0.7900,0.7900,0.7800,0.7900,832.00,332428.00,trade,false
2026-01-18T09:00:00.000Z,0.7900,0.7900,0.7800,0.7900,179.00,332503.00,trade,false
2026-01-18T10:00:00.000Z,0.7850,,0.7800,0.7900,0.00,332503.00,midpoint,false
2026-01-18T11:00:00.000Z,0.7850,,0.7800,0.7900,0.00,332503.00,midpoint,false
2026-01-18T12:00:00.000Z,0.7900,0.7900,0.7900,0.8000,409.00,332819.00,trade,false
2026-01-18T13:00:00.000Z,0.8000,0.8000,0.7900,0.8000,100.00,332877.00,trade,false
2026-01-18T14:00:00.000Z,0.7900,0.7900,0.7900,0.8000,41.00,332871.00,trade,false
2026-01-18T15:00:00.000Z,0.7900,0.7900,0.7900,0.8000,18.00,332865.00,trade,false
2026-01-18T16:00:00.000Z,0.8000,0.8000,0.7900,0.8000,153.00,332945.00,trade,false
2026-01-18T17:00:00.000Z,0.8000,0.8000,0.7900,0.8000,145.00,333090.00,trade,false
2026-01-18T18:00:00.000Z,0.8000,0.8000,0.7900,0.8000,105.00,333105.00,trade,false
2026-01-18T19:00:00.000Z,0.8000,0.8000,0.7900,0.8000,99.00,333145.00,trade,false
2026-01-18T20:00:00.000Z,0.7900,0.7900,0.7800,0.7900,48.00,333157.00,trade,false
2026-01-18T21:00:00.000Z,0.8000,0.8000,0.7900,0.8000,78.00,333235.00,trade,false
2026-01-18T22:00:00.000Z,0.7900,0.7900,0.7800,0.7900,488.00,333138.00,trade,false
2026-01-18T23:00:00.000Z,0.7900,0.7900,0.7800,0.7900,137.00,333261.00,trade,false
2026-01-19T00:00:00.000Z,0.7800,0.7800,0.7800,0.7900,866.00,333977.00,trade,false
2026-01-19T01:00:00.000Z,0.7800,0.7800,0.7800,0.7900,3698.00,331251.00,trade,false
2026-01-19T02:00:00.000Z,0.7900,0.7900,0.7800,0.7900,124.00,331332.00,trade,false
2026-01-19T03:00:00.000Z,0.8000,0.8000,0.7900,0.8000,2289.00,333474.00,trade,false
2026-01-19T04:00:00.000Z,0.7900,0.7900,0.7800,0.7900,249.00,333357.00,trade,false
2026-01-19T05:00:00.000Z,0.7800,0.7800,0.7800,0.7900,1291.00,333325.00,trade,false
2026-01-19T06:00:00.000Z,0.7800,0.7800,0.7700,0.7800,65.00,333319.00,trade,false
2026-01-19T07:00:00.000Z,0.7900,0.7900,0.7800,0.7900,78.00,333327.00,trade,false
2026-01-19T08:00:00.000Z,0.7800,0.7800,0.7700,0.7800,149.00,333370.00,trade,false
2026-01-19T09:00:00.000Z,0.7800,0.7800,0.7700,0.7800,91.00,333420.00,trade,false
2026-01-19T10:00:00.000Z,0.7900,0.7900,0.7800,0.7900,446.00,333195.00,trade,false
2026-01-19T11:00:00.000Z,0.7900,0.7900,0.7800,0.7900,249.00,332946.00,trade,false
2026-01-19T12:00:00.000Z,0.7900,0.7900,0.7800,0.7900,12.00,332946.00,trade,false
2026-01-19T13:00:00.000Z,0.7800,0.7800,0.7700,0.7800,47.00,332952.00,trade,false
2026-01-19T14:00:00.000Z,0.7800,0.7800,0.7700,0.7800,25.00,332977.00,trade,false
2026-01-19T15:00:00.000Z,0.7900,0.7900,0.7800,0.7900,140.00,332979.00,trade,false
2026-01-19T16:00:00.000Z,0.7800,0.7800,0.7700,0.7800,124.00,332984.00,trade,false
2026-01-19T17:00:00.000Z,0.7900,0.7900,0.7800,0.7900,355.00,333179.00,trade,false
2026-01-19T18:00:00.000Z,0.7900,0.7900,0.7800,0.7900,6.00,333179.00,trade,false
2026-01-19T19:00:00.000Z,0.7900,0.7900,0.7800,0.7900,91.00,333146.00,trade,false
2026-01-19T20:00:00.000Z,0.7800,0.7800,0.7700,0.7800,282.00,333141.00,trade,false
2026-01-19T21:00:00.000Z,0.7800,0.7800,0.7700,0.7800,135.00,333155.00,trade,false
2026-01-19T22:00:00.000Z,0.7800,0.7800,0.7800,0.7900,851.00,333104.00,trade,false
2026-01-19T23:00:00.000Z,0.7900,0.7900,0.7800,0.7900,55.00,333104.00,trade,false
2026-01-20T00:00:00.000Z,0.7900,0.7900,0.7800,0.7900,140.00,333104.00,trade,false
2026-01-20T01:00:00.000Z,0.7900,0.7900,0.7800,0.7900,39.00,333082.00,trade,false
2026-01-20T02:00:00.000Z,0.7900,0.7900,0.7800,0.7900,121.00,333082.00,trade,false
2026-01-20T03:00:00.000Z,0.7700,0.7700,0.7700,0.7800,1121.00,333069.00,trade,false
2026-01-20T04:00:00.000Z,0.7800,0.7800,0.7700,0.7800,472.00,333162.00,trade,false
2026-01-20T05:00:00.000Z,0.7800,0.7800,0.7700,0.7800,411.00,333568.00,trade,false
2026-01-20T06:00:00.000Z,0.7700,0.7700,0.7600,0.7700,1175.00,334594.00,trade,false
2026-01-20T07:00:00.000Z,0.7700,0.7700,0.7600,0.7700,37.00,334631.00,trade,false
2026-01-20T08:00:00.000Z,0.7700,0.7700,0.7600,0.7700,1.00,334632.00,trade,false
2026-01-20T09:00:00.000Z,0.7650,,0.7600,0.7700,0.00,334632.00,midpoint,false
2026-01-20T10:00:00.000Z,0.7700,0.7700,0.7600,0.7700,12.00,334644.00,trade,false
2026-01-20T11:00:00.000Z,0.7600,0.7600,0.7600,0.7700,10.00,334654.00,trade,false
2026-01-20T12:00:00.000Z,0.7700,0.7700,0.7600,0.7700,63.00,334717.00,trade,false
2026-01-20T13:00:00.000Z,0.7600,0.7600,0.7600,0.7700,20.00,334718.00,trade,false
2026-01-20T14:00:00.000Z,0.7700,0.7700,0.7600,0.7700,75.00,334793.00,trade,false
2026-01-20T15:00:00.000Z,0.7700,0.7700,0.7600,0.7700,15.00,334808.00,trade,false
2026-01-20T16:00:00.000Z,0.7700,0.7700,0.7600,0.7700,6.00,334814.00,trade,false
2026-01-20T17:00:00.000Z,0.7600,0.7600,0.7600,0.7700,98.00,334868.00,trade,false
2026-01-20T18:00:00.000Z,0.7700,0.7700,0.7600,0.7700,32.00,334900.00,trade,false
2026-01-20T19:00:00.000Z,0.7700,0.7700,0.7600,0.7700,43.00,334943.00,trade,false
2026-01-20T20:00:00.000Z,0.7700,0.7700,0.7600,0.7700,139.00,335074.00,trade,false
2026-01-20T21:00:00.000Z,0.7700,0.7700,0.7600,0.7700,49.00,335123.00,trade,false
2026-01-20T22:00:00.000Z,0.7700,0.7700,0.7600,0.7700,66.00,335189.00,trade,false
2026-01-20T23:00:00.000Z,0.7700,0.7700,0.7600,0.7700,12.00,335195.00,trade,false
2026-01-21T00:00:00.000Z,0.7600,0.7600,0.7600,0.7700,87.00,335278.00,trade,false
2026-01-21T01:00:00.000Z,0.7700,0.7700,0.7600,0.7700,376.00,335654.00,trade,false
2026-01-21T02:00:00.000Z,0.7700,0.7700,0.7600,0.7700,102.00,335724.00,trade,false
2026-01-21T03:00:00.000Z,0.7700,0.7700,0.7600,0.7700,123.00,335847.00,trade,false
2026-01-21T04:00:00.000Z,0.7600,0.7600,0.7600,0.7700,293.00,336139.00,trade,false
2026-01-21T05:00:00.000Z,0.7700,0.7700,0.7600,0.7700,216.00,336295.00,trade,false
2026-01-21T06:00:00.000Z,0.7700,0.7700,0.7600,0.7700,394.00,336659.00,trade,false
2026-01-21T07:00:00.000Z,0.7700,0.7700,0.7600,0.7700,131.00,336790.00,trade,false
2026-01-21T08:00:00.000Z,0.7700,0.7700,0.7600,0.7700,30.00,336820.00,trade,false
2026-01-21T09:00:00.000Z,0.7650,,0.7600,0.7700,0.00,336820.00,midpoint,false
2026-01-21T10:00:00.000Z,0.7700,0.7700,0.7600,0.7700,25.00,336845.00,trade,false
2026-01-21T11:00:00.000Z,0.7600,0.7600,0.7600,0.7700,30.00,336815.00,trade,false
2026-01-21T12:00:00.000Z,0.7600,0.7600,0.7600,0.7700,10.00,336815.00,trade,false
2026-01-21T13:00:00.000Z,0.7650,,0.7600,0.7700,0.00,336815.00,midpoint,false
2026-01-21T14:00:00.000Z,0.7700,0.7700,0.7600,0.7700,66.00,336876.00,trade,false
2026-01-21T15:00:00.000Z,0.7700,0.7700,0.7600,0.7700,136.00,336962.00,trade,false
2026-01-21T16:00:00.000Z,0.7700,0.7700,0.7600,0.7700,15.00,336977.00,trade,false
2026-01-21T17:00:00.000Z,0.7700,0.7700,0.7600,0.7700,44.00,337019.00,trade,false
2026-01-21T18:00:00.000Z,0.7600,0.7600,0.7500,0.7600,282.00,337072.00,trade,false
2026-01-21T19:00:00.000Z,0.7600,0.7600,0.7500,0.7600,541.00,337613.00,trade,false
2026-01-21T20:00:00.000Z,0.7500,0.7500,0.7500,0.7600,187.00,337677.00,trade,false
2026-01-21T21:00:00.000Z,0.7600,0.7600,0.7500,0.7600,280.00,337957.00,trade,false
2026-01-21T22:00:00.000Z,0.7600,0.7600,0.7500,0.7600,564.00,338021.00,trade,false
2026-01-21T23:00:00.000Z,0.7600,0.7600,0.7500,0.7600,938.00,338343.00,trade,false
2026-01-22T00:00:00.000Z,0.7600,0.7600,0.7500,0.7600,7.00,338350.00,trade,false
2026-01-22T01:00:00.000Z,0.7600,0.7600,0.7500,0.7600,18.00,338362.00,trade,false
2026-01-22T02:00:00.000Z,0.7550,,0.7500,0.7600,0.00,338362.00,midpoint,false
2026-01-22T03:00:00.000Z,0.7600,0.7600,0.7500,0.7600,341.00,338703.00,trade,false
2026-01-22T04:00:00.000Z,0.7600,0.7600,0.7500,0.7600,107.00,338810.00,trade,false
2026-01-22T05:00:00.000Z,0.7600,0.7600,0.7500,0.7600,215.00,338887.00,trade,false
2026-01-22T06:00:00.000Z,0.7500,0.7500,0.7500,0.7600,413.00,339161.00,trade,false
2026-01-22T07:00:00.000Z,0.7600,0.7600,0.7500,0.7600,893.00,340036.00,trade,false
2026-01-22T08:00:00.000Z,0.7700,0.7700,0.7600,0.7700,4011.00,344045.00,trade,false
2026-01-22T09:00:00.000Z,0.7650,,0.7500,0.7800,0.00,344045.00,midpoint,false
2026-01-22T10:00:00.000Z,0.7650,,0.7500,0.7800,0.00,344045.00,midpoint,false
2026-01-22T11:00:00.000Z,0.7700,0.7700,0.7500,0.7700,14.00,344047.00,trade,false
2026-01-22T12:00:00.000Z,0.7600,,0.7500,0.7700,0.00,344047.00,midpoint,false
2026-01-22T13:00:00.000Z,0.7700,0.7700,0.7600,0.7700,169.00,344102.00,trade,false
2026-01-22T14:00:00.000Z,0.7400,0.7400,0.7300,0.7400,2434.00,344698.00,trade,false
2026-01-22T15:00:00.000Z,0.7100,0.7100,0.7100,0.7200,8148.00,346512.00,trade,false
2026-01-22T16:00:00.000Z,0.7000,0.7000,0.6900,0.7000,7989.00,352071.00,trade,false
2026-01-22T17:00:00.000Z,0.7200,0.7200,0.7100,0.7200,9554.00,358509.00,trade,false
2026-01-22T18:00:00.000Z,0.7200,0.7200,0.7100,0.7200,9746.00,367098.00,trade,false
2026-01-22T19:00:00.000Z,0.7300,0.7300,0.7200,0.7300,9621.00,375178.00,trade,false
2026-01-22T20:00:00.000Z,0.7400,0.7400,0.7300,0.7400,23369.00,398011.00,trade,false
2026-01-22T21:00:00.000Z,0.7500,0.7500,0.7400,0.7500,6734.00,403107.00,trade,false
2026-01-22T22:00:00.000Z,0.7500,0.7500,0.7400,0.7500,3697.00,406660.00,trade,false
2026-01-22T23:00:00.000Z,0.7400,0.7400,0.7300,0.7400,4524.00,409807.00,trade,false
2026-01-23T00:00:00.000Z,0.7300,0.7300,0.7200,0.7300,6917.00,410146.00,trade,false
2026-01-23T01:00:00.000Z,0.7300,0.7300,0.7200,0.7300,2255.00,410249.00,trade,false
2026-01-23T02:00:00.000Z,0.7300,0.7300,0.7200,0.7300,1280.00,410273.00,trade,false
2026-01-23T03:00:00.000Z,0.7300,0.7300,0.7200,0.7300,2504.00,409974.00,trade,false
2026-01-23T04:00:00.000Z,0.7300,0.7300,0.7200,0.7300,1480.00,410808.00,trade,false
2026-01-23T05:00:00.000Z,0.7300,0.7300,0.7200,0.7300,3153.00,413815.00,trade,false
2026-01-23T06:00:00.000Z,0.7200,0.7200,0.7200,0.7300,297.00,413999.00,trade,false
2026-01-23T07:00:00.000Z,0.7300,0.7300,0.7200,0.7300,363.00,414058.00,trade,false
2026-01-23T08:00:00.000Z,0.7200,0.7200,0.7200,0.7300,554.00,414093.00,trade,false
2026-01-23T09:00:00.000Z,0.7300,0.7300,0.7200,0.7300,79.00,414169.00,trade,false
2026-01-23T10:00:00.000Z,0.7200,0.7200,0.7200,0.7300,2090.00,414458.00,trade,false
2026-01-23T11:00:00.000Z,0.7200,0.7200,0.7100,0.7200,798.00,414955.00,trade,false
2026-01-23T12:00:00.000Z,0.7200,0.7200,0.7100,0.7200,1430.00,416306.00,trade,false
2026-01-23T13:00:00.000Z,0.7200,0.7200,0.7100,0.7200,321.00,416627.00,trade,false
2026-01-23T14:00:00.000Z,0.7200,0.7200,0.7100,0.7200,2095.00,418556.00,trade,false
2026-01-23T15:00:00.000Z,0.7100,0.7100,0.7100,0.7200,386.00,418910.00,trade,false
2026-01-23T16:00:00.000Z,0.7200,0.7200,0.7100,0.7200,379.00,419237.00,trade,false
2026-01-23T17:00:00.000Z,0.7100,0.7100,0.7000,0.7100,9107.00,426329.00,trade,false
2026-01-23T18:00:00.000Z,0.7100,0.7100,0.7000,0.7100,659.00,426946.00,trade,false
2026-01-23T19:00:00.000Z,0.7000,0.7000,0.7000,0.7100,944.00,427873.00,trade,false
2026-01-23T20:00:00.000Z,0.7100,0.7100,0.7000,0.7100,666.00,428137.00,trade,false
2026-01-23T21:00:00.000Z,0.7000,0.7000,0.7000,0.7100,833.00,428871.00,trade,false
2026-01-23T22:00:00.000Z,0.7100,0.7100,0.7000,0.7100,565.00,429160.00,trade,false
2026-01-23T23:00:00.000Z,0.7100,0.7100,0.7000,0.7100,1543.00,430653.00,trade,false
2026-01-24T00:00:00.000Z,0.7100,0.7100,0.7000,0.7100,356.00,431007.00,trade,false
2026-01-24T01:00:00.000Z,0.7100,0.7100,0.7000,0.7100,265.00,431217.00,trade,false
2026-01-24T02:00:00.000Z,0.7100,0.7100,0.7000,0.7100,538.00,431749.00,trade,false
2026-01-24T03:00:00.000Z,0.7100,0.7100,0.7000,0.7100,612.00,432263.00,trade,false
2026-01-24T04:00:00.000Z,0.7100,0.7100,0.7000,0.7100,650.00,432838.00,trade,false
2026-01-24T05:00:00.000Z,0.7100,0.7100,0.7000,0.7100,172.00,432904.00,trade,false
2026-01-24T06:00:00.000Z,0.7100,0.7100,0.7000,0.7100,677.00,433560.00,trade,false
2026-01-24T07:00:00.000Z,0.7100,0.7100,0.7000,0.7100,203.00,433763.00,trade,false
2026-01-24T08:00:00.000Z,0.7100,0.7100,0.7000,0.7100,2455.00,436165.00,trade,false
2026-01-24T09:00:00.000Z,0.7100,0.7100,0.7000,0.7100,129.00,436294.00,trade,false
2026-01-24T10:00:00.000Z,0.7100,0.7100,0.7000,0.7100,27.00,436321.00,trade,false
2026-01-24T11:00:00.000Z,0.7050,,0.7000,0.7100,0.00,436321.00,midpoint,false
2026-01-24T12:00:00.000Z,0.7100,0.7100,0.7000,0.7100,27.00,436348.00,trade,false
2026-01-24T13:00:00.000Z,0.7100,0.7100,0.7000,0.7100,130.00,436478.00,trade,false
2026-01-24T14:00:00.000Z,0.7100,0.7100,0.7000,0.7100,432.00,436910.00,trade,false
2026-01-24T15:00:00.000Z,0.7100,0.7100,0.7000,0.7100,142.00,437018.00,trade,false
2026-01-24T16:00:00.000Z,0.7100,0.7100,0.7000,0.7100,128.00,437098.00,trade,false
2026-01-24T17:00:00.000Z,0.7000,0.7000,0.6900,0.7000,5460.00,441529.00,trade,false
2026-01-24T18:00:00.000Z,0.7000,0.7000,0.6900,0.7000,350.00,441879.00,trade,false
2026-01-24T19:00:00.000Z,0.7000,0.7000,0.6900,0.7000,627.00,442481.00,trade,false
2026-01-24T20:00:00.000Z,0.7000,0.7000,0.6900,0.7000,1373.00,443294.00,trade,false
2026-01-24T21:00:00.000Z,0.7000,0.7000,0.6900,0.7000,481.00,443749.00,trade,false
2026-01-24T22:00:00.000Z,0.7000,0.7000,0.6900,0.7000,5909.00,449658.00,trade,false
2026-01-24T23:00:00.000Z,0.7000,0.7000,0.6900,0.7000,1562.00,451215.00,trade,false
2026-01-25T00:00:00.000Z,0.7000,0.7000,0.6900,0.7000,536.00,451723.00,trade,false
2026-01-25T01:00:00.000Z,0.7000,0.7000,0.6900,0.7000,409.00,452112.00,trade,false
2026-01-25T02:00:00.000Z,0.7000,0.7000,0.6900,0.7000,337.00,452432.00,trade,false
2026-01-25T03:00:00.000Z,0.6900,0.6900,0.6900,0.7000,187.00,452567.00,trade,false
2026-01-25T04:00:00.000Z,0.7000,0.7000,0.6900,0.7000,1642.00,454178.00,trade,false
2026-01-25T05:00:00.000Z,0.7000,0.7000,0.6900,0.7000,261.00,454405.00,trade,false
2026-01-25T06:00:00.000Z,0.7000,0.7000,0.6900,0.7000,521.00,454907.00,trade,false
2026-01-25T07:00:00.000Z,0.6900,0.6900,0.6900,0.7000,712.00,455157.00,trade,false
2026-01-25T08:00:00.000Z,0.6900,0.6900,0.6900,0.7000,34.00,455191.00,trade,false
2026-01-25T09:00:00.000Z,0.7000,0.7000,0.6900,0.7000,75.00,455266.00,trade,false
2026-01-25T10:00:00.000Z,0.7000,0.7000,0.6900,0.7000,6061.00,455307.00,trade,false
2026-01-25T11:00:00.000Z,0.6900,0.6900,0.6900,0.7000,130.00,455308.00,trade,false
2026-01-25T12:00:00.000Z,0.7000,0.7000,0.6900,0.7000,188.00,455467.00,trade,false
2026-01-25T13:00:00.000Z,0.7000,0.7000,0.6900,0.7000,80.00,455521.00,trade,false
2026-01-25T14:00:00.000Z,0.7000,0.7000,0.6900,0.7000,33.00,455544.00,trade,false
2026-01-25T15:00:00.000Z,0.7000,0.7000,0.6900,0.7000,129.00,455658.00,trade,false
2026-01-25T16:00:00.000Z,0.7000,0.7000,0.6900,0.7000,466.00,456117.00,trade,false
2026-01-25T17:00:00.000Z,0.6900,0.6900,0.6900,0.7000,1968.00,458026.00,trade,false
2026-01-25T18:00:00.000Z,0.7000,0.7000,0.6900,0.7000,326.00,458338.00,trade,false
2026-01-25T19:00:00.000Z,0.7000,0.7000,0.6900,0.7000,102.00,458436.00,trade,false
2026-01-25T20:00:00.000Z,0.7000,0.7000,0.6900,0.7000,611.00,458847.00,trade,false
2026-01-25T21:00:00.000Z,0.7000,0.7000,0.6900,0.7000,2242.00,461049.00,trade,false
2026-01-25T22:00:00.000Z,0.7000,0.7000,0.6900,0.7000,2948.00,462555.00,trade,false
2026-01-25T23:00:00.000Z,0.7000,0.7000,0.6900,0.7000,2689.00,463404.00,trade,false
2026-01-26T00:00:00.000Z,0.7000,0.7000,0.6900,0.7000,1197.00,464078.00,trade,false
2026-01-26T01:00:00.000Z,0.6900,0.6900,0.6900,0.7000,3839.00,467632.00,trade,false
2026-01-26T02:00:00.000Z,0.7000,0.7000,0.6900,0.7000,367.00,467966.00,trade,false
2026-01-26T03:00:00.000Z,0.7000,0.7000,0.6900,0.7000,971.00,468840.00,trade,false
2026-01-26T04:00:00.000Z,0.7000,0.7000,0.6900,0.7000,1040.00,469852.00,trade,false
2026-01-26T05:00:00.000Z,0.6900,0.6900,0.6800,0.6900,9173.00,472261.00,trade,false
2026-01-26T06:00:00.000Z,0.6900,0.6900,0.6800,0.6900,371.00,472435.00,trade,false
2026-01-26T07:00:00.000Z,0.6900,0.6900,0.6800,0.6900,1880.00,474315.00,trade,false
2026-01-26T08:00:00.000Z,0.6900,0.6900,0.6800,0.6900,86.00,474401.00,trade,false
2026-01-26T09:00:00.000Z,0.6900,0.6900,0.6800,0.6900,158.00,474524.00,trade,false
2026-01-26T10:00:00.000Z,0.6900,0.6900,0.6800,0.6900,109.00,474597.00,trade,false
2026-01-26T11:00:00.000Z,0.6900,0.6900,0.6800,0.6900,31.00,474611.00,trade,false
2026-01-26T12:00:00.000Z,0.6700,0.6700,0.6700,0.6800,5021.00,479598.00,trade,false
2026-01-26T13:00:00.000Z,0.6700,0.6700,0.6700,0.6800,60.00,479600.00,trade,false
2026-01-26T14:00:00.000Z,0.6800,0.6800,0.6700,0.6800,588.00,479790.00,trade,false
2026-01-26T15:00:00.000Z,0.6800,0.6800,0.6700,0.6800,147.00,479902.00,trade,false
2026-01-26T16:00:00.000Z,0.6700,0.6700,0.6600,0.6700,1881.00,481751.00,trade,false
2026-01-26T17:00:00.000Z,0.6700,0.6700,0.6600,0.6700,1281.00,483032.00,trade,false
2026-01-26T18:00:00.000Z,0.6600,0.6600,0.6500,0.6600,8249.00,483781.00,trade,false
2026-01-26T19:00:00.000Z,0.6600,0.6600,0.6500,0.6600,1588.00,484096.00,trade,false
2026-01-26T20:00:00.000Z,0.6600,0.6600,0.6500,0.6600,631.00,484551.00,trade,false
2026-01-26T21:00:00.000Z,0.6600,0.6600,0.6500,0.6600,733.00,485097.00,trade,false
2026-01-26T22:00:00.000Z,0.6600,0.6600,0.6500,0.6600,1169.00,486179.00,trade,false
2026-01-26T23:00:00.000Z,0.6600,0.6600,0.6500,0.6600,389.00,486469.00,trade,false
2026-01-27T00:00:00.000Z,0.6500,0.6500,0.6500,0.6700,218.00,486632.00,trade,false
2026-01-27T01:00:00.000Z,0.6600,0.6600,0.6500,0.6600,1025.00,487113.00,trade,false
2026-01-27T02:00:00.000Z,0.6700,0.6700,0.6600,0.6700,537.00,487403.00,trade,false
2026-01-27T03:00:00.000Z,0.6500,0.6500,0.6500,0.6600,266.00,487515.00,trade,false
2026-01-27T04:00:00.000Z,0.6700,0.6700,0.6600,0.6700,1500.00,488832.00,trade,false
2026-01-27T05:00:00.000Z,0.6700,0.6700,0.6600,0.6700,1987.00,490703.00,trade,false
2026-01-27T06:00:00.000Z,0.6700,0.6700,0.6600,0.6700,587.00,491270.00,trade,false
2026-01-27T07:00:00.000Z,0.6700,0.6700,0.6600,0.6700,591.00,491799.00,trade,false
2026-01-27T08:00:00.000Z,0.6700,0.6700,0.6600,0.6700,296.00,492095.00,trade,false
2026-01-27T09:00:00.000Z,0.6600,0.6600,0.6600,0.6700,213.00,492207.00,trade,false
2026-01-27T10:00:00.000Z,0.6600,0.6600,0.6600,0.6700,57.00,492251.00,trade,false
2026-01-27T11:00:00.000Z,0.6600,0.6600,0.6500,0.6600,2542.00,492132.00,trade,false
2026-01-27T12:00:00.000Z,0.6600,0.6600,0.6500,0.6600,231.00,492109.00,trade,false
2026-01-27T13:00:00.000Z,0.6600,0.6600,0.6500,0.6600,64.00,492132.00,trade,false
2026-01-27T14:00:00.000Z,0.6700,0.6700,0.6600,0.6700,223.00,492355.00,trade,false
2026-01-27T15:00:00.000Z,0.6700,0.6700,0.6600,0.6700,1527.00,493735.00,trade,false
2026-01-27T16:00:00.000Z,0.6600,0.6600,0.6600,0.6700,990.00,494475.00,trade,false
2026-01-27T17:00:00.000Z,0.6700,0.6700,0.6600,0.6700,540.00,495009.00,trade,false
2026-01-27T18:00:00.000Z,0.6700,0.6700,0.6600,0.6700,2447.00,497427.00,trade,false
2026-01-27T19:00:00.000Z,0.6700,0.6700,0.6600,0.6700,821.00,498229.00,trade,false
2026-01-27T20:00:00.000Z,0.6700,0.6700,0.6600,0.6700,1461.00,499536.00,trade,false
2026-01-27T21:00:00.000Z,0.6600,0.6600,0.6600,0.6700,491.00,499641.00,trade,false
2026-01-27T22:00:00.000Z,0.6600,0.6600,0.6600,0.6700,18354.00,512977.00,trade,false
2026-01-27T23:00:00.000Z,0.6700,0.6700,0.6600,0.6700,761.00,513112.00,trade,false
2026-01-28T00:00:00.000Z,0.6700,0.6700,0.6600,0.6700,978.00,514084.00,trade,false
2026-01-28T01:00:00.000Z,0.6700,0.6700,0.6600,0.6700,754.00,514770.00,trade,false
2026-01-28T02:00:00.000Z,0.6700,0.6700,0.6600,0.6700,600.00,515277.00,trade,false
2026-01-28T03:00:00.000Z,0.6700,0.6700,0.6700,0.6800,2586.00,517586.00,trade,false
2026-01-28T04:00:00.000Z,0.6800,0.6800,0.6700,0.6800,1244.00,518816.00,trade,false
2026-01-28T05:00:00.000Z,0.6800,0.6800,0.6700,0.6800,368.00,518994.00,trade,false
2026-01-28T06:00:00.000Z,0.6800,0.6800,0.6700,0.6800,369.00,519329.00,trade,false
2026-01-28T07:00:00.000Z,0.6800,0.6800,0.6700,0.6800,3297.00,522611.00,trade,false
2026-01-28T08:00:00.000Z,0.6800,0.6800,0.6700,0.6800,2090.00,524700.00,trade,false
2026-01-28T09:00:00.000Z,0.6800,0.6800,0.6700,0.6800,376.00,525076.00,trade,false
2026-01-28T10:00:00.000Z,0.6700,0.6700,0.6700,0.6800,774.00,525837.00,trade,false
2026-01-28T11:00:00.000Z,0.6800,0.6800,0.6700,0.6800,7.00,525843.00,trade,false
2026-01-28T12:00:00.000Z,0.6800,0.6800,0.6700,0.6800,214.00,525990.00,trade,false
2026-01-28T13:00:00.000Z,0.6800,0.6800,0.6700,0.6800,37.00,526027.00,trade,false
2026-01-28T14:00:00.000Z,0.6800,0.6800,0.6700,0.6800,123.00,526121.00,trade,false
2026-01-28T15:00:00.000Z,0.6800,0.6800,0.6700,0.6800,225.00,526342.00,trade,false
2026-01-28T16:00:00.000Z,0.6700,0.6700,0.6700,0.6800,626.00,526845.00,trade,false
2026-01-28T17:00:00.000Z,0.6900,0.6900,0.6800,0.6900,4286.00,531106.00,trade,false
2026-01-28T18:00:00.000Z,0.6900,0.6900,0.6800,0.6900,192.00,531259.00,trade,false
2026-01-28T19:00:00.000Z,0.6900,0.6900,0.6800,0.6900,602.00,531861.00,trade,false
2026-01-28T20:00:00.000Z,0.6800,0.6800,0.6800,0.6900,2350.00,534205.00,trade,false
2026-01-28T21:00:00.000Z,0.6900,0.6900,0.6800,0.6900,342.00,534540.00,trade,false
2026-01-28T22:00:00.000Z,0.6900,0.6900,0.6800,0.6900,708.00,535196.00,trade,false
2026-01-28T23:00:00.000Z,0.6900,0.6900,0.6800,0.6900,1335.00,536531.00,trade,false
2026-01-29T00:00:00.000Z,0.6800,0.6800,0.6700,0.6800,1345.00,536386.00,trade,false
2026-01-29T01:00:00.000Z,0.6800,0.6800,0.6700,0.6800,2580.00,536686.00,trade,false
2026-01-29T02:00:00.000Z,0.6800,0.6800,0.6700,0.6800,1217.00,536836.00,trade,false
2026-01-29T03:00:00.000Z,0.6700,0.6700,0.6700,0.6800,337.00,536845.00,trade,false
2026-01-29T04:00:00.000Z,0.6900,0.6900,0.6800,0.6900,886.00,537238.00,trade,false
2026-01-29T05:00:00.000Z,0.6900,0.6900,0.6800,0.6900,780.00,537996.00,trade,false
2026-01-29T06:00:00.000Z,0.6900,0.6900,0.6800,0.6900,255.00,538227.00,trade,false
2026-01-29T07:00:00.000Z,0.6900,0.6900,0.6800,0.6900,169.00,538396.00,trade,false
2026-01-29T08:00:00.000Z,0.6800,0.6800,0.6800,0.6900,77.00,538460.00,trade,false
2026-01-29T09:00:00.000Z,0.6850,,0.6800,0.6900,0.00,538460.00,midpoint,false
2026-01-29T10:00:00.000Z,0.6850,,0.6800,0.6900,0.00,538460.00,midpoint,false
2026-01-29T11:00:00.000Z,0.6900,0.6900,0.6800,0.6900,10.00,538470.00,trade,false
2026-01-29T12:00:00.000Z,0.6900,0.6900,0.6800,0.6900,9196.00,547641.00,trade,false
2026-01-29T13:00:00.000Z,0.6800,0.6800,0.6800,0.6900,233.00,547844.00,trade,false
2026-01-29T14:00:00.000Z,0.6900,0.6900,0.6800,0.6900,230.00,548046.00,trade,false
2026-01-29T15:00:00.000Z,0.6900,0.6900,0.6800,0.6900,578.00,548577.00,trade,false
2026-01-29T16:00:00.000Z,0.6800,0.6800,0.6800,0.6900,417.00,548988.00,trade,false
2026-01-29T17:00:00.000Z,0.6900,0.6900,0.6800,0.6900,206.00,549056.00,trade,false
2026-01-29T18:00:00.000Z,0.6900,0.6900,0.6800,0.6900,234.00,549123.00,trade,false
2026-01-29T19:00:00.000Z,0.6900,0.6900,0.6800,0.6900,328.00,549335.00,trade,false
2026-01-29T20:00:00.000Z,0.6900,0.6900,0.6800,0.6900,111.00,549430.00,trade,false
2026-01-29T21:00:00.000Z,0.6900,0.6900,0.6800,0.6900,516.00,549669.00,trade,false
2026-01-29T22:00:00.000Z,0.6900,0.6900,0.6800,0.6900,1125.00,550789.00,trade,false
2026-01-29T23:00:00.000Z,0.6900,0.6900,0.6800,0.6900,4446.00,555235.00,trade,false
2026-01-30T00:00:00.000Z,0.7000,0.7000,0.6900,0.7000,1394.00,555257.00,trade,false
2026-01-30T01:00:00.000Z,0.7000,0.7000,0.6900,0.7000,241.00,555257.00,trade,false
2026-01-30T02:00:00.000Z,0.7000,0.7000,0.6900,0.7000,631.00,555272.00,trade,false
2026-01-30T03:00:00.000Z,0.7000,0.7000,0.6900,0.7000,965.00,555287.00,trade,false
2026-01-30T04:00:00.000Z,0.7000,0.7000,0.6900,0.7000,565.00,555292.00,trade,false
2026-01-30T05:00:00.000Z,0.7000,0.7000,0.6900,0.7000,507.00,555292.00,trade,false
2026-01-30T06:00:00.000Z,0.7000,0.7000,0.6900,0.7000,1189.00,555327.00,trade,false
2026-01-30T07:00:00.000Z,0.6900,0.6900,0.6900,0.7000,83.00,555376.00,trade,false
2026-01-30T08:00:00.000Z,0.7000,0.7000,0.6900,0.7000,34.00,555390.00,trade,false
2026-01-30T09:00:00.000Z,0.7000,0.7000,0.6900,0.7000,17.00,555407.00,trade,false
2026-01-30T10:00:00.000Z,0.7000,0.7000,0.6900,0.7000,28.00,555435.00,trade,false
2026-01-30T11:00:00.000Z,0.7000,0.7000,0.6900,0.7000,60.00,555495.00,trade,false
2026-01-30T12:00:00.000Z,0.7000,0.7000,0.6900,0.7000,11.00,555501.00,trade,false
2026-01-30T13:00:00.000Z,0.7000,0.7000,0.6900,0.7000,822.00,555735.00,trade,false
2026-01-30T14:00:00.000Z,0.6900,0.6900,0.6900,0.7000,57.00,555780.00,trade,false
2026-01-30T15:00:00.000Z,0.7000,0.7000,0.6900,0.7000,1143.00,556900.00,trade,false
2026-01-30T16:00:00.000Z,0.7000,0.7000,0.6900,0.7000,183.00,557083.00,trade,false
2026-01-30T17:00:00.000Z,0.6900,0.6900,0.6900,0.7000,95.00,557160.00,trade,false
2026-01-30T18:00:00.000Z,0.7000,0.7000,0.6900,0.7000,65.00,557223.00,trade,false
2026-01-30T19:00:00.000Z,0.6900,0.6900,0.6900,0.7000,539.00,557746.00,trade,false
2026-01-30T20:00:00.000Z,0.6900,0.6900,0.6900,0.7000,50.00,557755.00,trade,false
2026-01-30T21:00:00.000Z,0.7000,0.7000,0.6900,0.7000,1475.00,559174.00,trade,false
2026-01-30T22:00:00.000Z,0.7000,0.7000,0.6900,0.7000,353.00,559480.00,trade,false
2026-01-30T23:00:00.000Z,0.7000,0.7000,0.6900,0.7000,239.00,559667.00,trade,false
2026-01-31T00:00:00.000Z,0.7000,0.7000,0.6900,0.7000,4444.00,564103.00,trade,false
2026-01-31T01:00:00.000Z,0.7000,0.7000,0.6900,0.7000,4091.00,564041.00,trade,false
2026-01-31T02:00:00.000Z,0.7000,0.7000,0.6900,0.7000,464.00,564243.00,trade,false
2026-01-31T03:00:00.000Z,0.7000,0.7000,0.6900,0.7000,248.00,564486.00,trade,false
2026-01-31T04:00:00.000Z,0.7000,0.7000,0.6900,0.7000,582.00,565020.00,trade,false
2026-01-31T05:00:00.000Z,0.7000,0.7000,0.6900,0.7000,342.00,565201.00,trade,false
2026-01-31T06:00:00.000Z,0.6900,0.6900,0.6900,0.7000,80.00,565204.00,trade,false
2026-01-31T07:00:00.000Z,0.7000,0.7000,0.6900,0.7000,20.00,565201.00,trade,false
2026-01-31T08:00:00.000Z,0.7000,0.7000,0.6900,0.7000,49.00,565196.00,trade,false
2026-01-31T09:00:00.000Z,0.7000,0.7000,0.6900,0.7000,90.00,565286.00,trade,false
2026-01-31T10:00:00.000Z,0.7000,0.7000,0.6900,0.7000,323.00,565586.00,trade,false
2026-01-31T11:00:00.000Z,0.6950,,0.6900,0.7000,0.00,565586.00,midpoint,false
2026-01-31T12:00:00.000Z,0.6950,,0.6900,0.7000,0.00,565586.00,midpoint,false
2026-01-31T13:00:00.000Z,0.7000,0.7000,0.6900,0.7000,81.00,565562.00,trade,false
2026-01-31T14:00:00.000Z,0.7000,0.7000,0.6900,0.7000,175.00,565555.00,trade,false
2026-01-31T15:00:00.000Z,0.7000,0.7000,0.6900,0.7000,1824.00,567377.00,trade,false
2026-01-31T16:00:00.000Z,0.7000,0.7000,0.6900,0.7000,464.00,567841.00,trade,false
2026-01-31T17:00:00.000Z,0.7000,0.7000,0.6900,0.7000,97.00,567928.00,trade,false
2026-01-31T18:00:00.000Z,0.7000,0.7000,0.6900,0.7000,491.00,568419.00,trade,false
2026-01-31T19:00:00.000Z,0.7000,0.7000,0.6900,0.7000,1384.00,569519.00,trade,false
2026-01-31T20:00:00.000Z,0.7000,0.7000,0.6900,0.7000,3422.00,569800.00,trade,false
2026-01-31T21:00:00.000Z,0.7000,0.7000,0.6900,0.7000,1122.00,569988.00,trade,false
2026-01-31T22:00:00.000Z,0.7000,0.7000,0.6900,0.7000,920.00,570908.00,trade,false
2026-01-31T23:00:00.000Z,0.7000,0.7000,0.6900,0.7000,388.00,570996.00,trade,false
2026-02-01T00:00:00.000Z,0.6900,0.6900,0.6900,0.7000,94.00,571090.00,trade,false
2026-02-01T01:00:00.000Z,0.7000,0.7000,0.6900,0.7000,661.00,571726.00,trade,false
2026-02-01T02:00:00.000Z,0.6900,0.6900,0.6800,0.6900,3250.00,573924.00,trade,false
2026-02-01T03:00:00.000Z,0.6900,0.6900,0.6900,0.7000,488.00,574230.00,trade,false
2026-02-01T04:00:00.000Z,0.7000,0.7000,0.6900,0.7000,3736.00,577835.00,trade,false
2026-02-01T05:00:00.000Z,0.6800,0.6800,0.6800,0.6900,2632.00,579612.00,trade,false
2026-02-01T06:00:00.000Z,0.6900,0.6900,0.6800,0.6900,187.00,579723.00,trade,false
2026-02-01T07:00:00.000Z,0.7000,0.7000,0.6800,0.7000,545.00,580268.00,trade,false
2026-02-01T08:00:00.000Z,0.6900,0.6900,0.6800,0.6900,58.00,580312.00,trade,false
2026-02-01T09:00:00.000Z,0.6900,0.6900,0.6800,0.6900,85.00,580333.00,trade,false
2026-02-01T10:00:00.000Z,0.6900,0.6900,0.6800,0.6900,19.00,580340.00,trade,false
2026-02-01T11:00:00.000Z,0.6900,0.6900,0.6800,0.7000,7.00,580347.00,trade,false
2026-02-01T12:00:00.000Z,0.6900,0.6900,0.6800,0.6900,14.00,580361.00,trade,false
2026-02-01T13:00:00.000Z,0.7000,0.7000,0.6900,0.7000,15.00,580366.00,trade,false
2026-02-01T14:00:00.000Z,0.7000,0.7000,0.6800,0.6900,64.00,580422.00,trade,false
2026-02-01T15:00:00.000Z,0.6900,0.6900,0.6800,0.6900,121.00,580508.00,trade,false
2026-02-01T16:00:00.000Z,0.6800,0.6800,0.6800,0.6900,463.00,580967.00,trade,false
2026-02-01T17:00:00.000Z,0.6900,0.6900,0.6900,0.7000,744.00,581697.00,trade,false
2026-02-01T18:00:00.000Z,0.7000,0.7000,0.6900,0.7000,155.00,581852.00,trade,false
2026-02-01T19:00:00.000Z,0.7000,0.7000,0.6900,0.7000,883.00,582430.00,trade,false
2026-02-01T20:00:00.000Z,0.6900,0.6900,0.6800,0.6900,939.00,582824.00,trade,false
2026-02-01T21:00:00.000Z,0.6900,0.6900,0.6800,0.6900,4580.00,587239.00,trade,false
2026-02-01T22:00:00.000Z,0.6900,0.6900,0.6800,0.6900,182.00,587401.00,trade,false
2026-02-01T23:00:00.000Z,0.7000,0.7000,0.6900,0.7000,920.00,588306.00,trade,false
2026-02-02T00:00:00.000Z,0.7000,0.7000,0.6900,0.7000,666.00,588861.00,trade,false
2026-02-02T01:00:00.000Z,0.7100,0.7100,0.6900,0.7100,1793.00,590627.00,trade,false
2026-02-02T02:00:00.000Z,0.7000,0.7000,0.7000,0.7100,2038.00,592068.00,trade,false
2026-02-02T03:00:00.000Z,0.7100,0.7100,0.7000,0.7100,755.00,592513.00,trade,false
2026-02-02T04:00:00.000Z,0.7100,0.7100,0.7000,0.7100,1041.00,592312.00,trade,false
2026-02-02T05:00:00.000Z,0.7100,0.7100,0.7000,0.7100,1087.00,592900.00,trade,false
2026-02-02T06:00:00.000Z,0.7100,0.7100,0.7000,0.7100,3631.00,596288.00,trade,false
2026-02-02T07:00:00.000Z,0.7100,0.7100,0.7000,0.7100,422.00,596566.00,trade,false
2026-02-02T08:00:00.000Z,0.7100,0.7100,0.7000,0.7100,291.00,596836.00,trade,false
2026-02-02T09:00:00.000Z,0.7100,0.7100,0.7000,0.7100,484.00,597320.00,trade,false
2026-02-02T10:00:00.000Z,0.7000,0.7000,0.7000,0.7100,78.00,597376.00,trade,false
2026-02-02T11:00:00.000Z,0.7100,0.7100,0.7000,0.7100,1.00,597377.00,trade,false
2026-02-02T12:00:00.000Z,0.7050,,0.7000,0.7100,0.00,597377.00,midpoint,false
2026-02-02T13:00:00.000Z,0.7000,0.7000,0.6900,0.7000,146.00,597433.00,trade,false
2026-02-02T14:00:00.000Z,0.7000,0.7000,0.6900,0.7000,385.00,597804.00,trade,false
2026-02-02T15:00:00.000Z,0.7100,0.7100,0.7000,0.7100,775.00,598564.00,trade,false
2026-02-02T16:00:00.000Z,0.7000,0.7000,0.6900,0.7000,1424.00,599707.00,trade,false
2026-02-02T17:00:00.000Z,0.7100,0.7100,0.7000,0.7100,5143.00,604840.00,trade,false
2026-02-02T18:00:00.000Z,0.7000,0.7000,0.7000,0.7100,423.00,605038.00,trade,false
2026-02-02T19:00:00.000Z,0.7100,0.7100,0.7000,0.7100,635.00,605279.00,trade,false
2026-02-02T20:00:00.000Z,0.7100,0.7100,0.7000,0.7100,522.00,605707.00,trade,false
2026-02-02T21:00:00.000Z,0.7000,0.7000,0.7000,0.7100,641.00,606345.00,trade,false
2026-02-02T22:00:00.000Z,0.7100,0.7100,0.7000,0.7100,361.00,606706.00,trade,false
2026-02-02T23:00:00.000Z,0.7000,0.7000,0.6900,0.7000,3307.00,605780.00,trade,false
2026-02-03T00:00:00.000Z,0.7000,0.7000,0.6900,0.7000,367.00,605679.00,trade,false
2026-02-03T01:00:00.000Z,0.7000,0.7000,0.6900,0.7000,638.00,605639.00,trade,false
2026-02-03T02:00:00.000Z,0.7000,0.7000,0.6900,0.7000,2030.00,605617.00,trade,false
2026-02-03T03:00:00.000Z,0.7000,0.7000,0.6900,0.7000,1218.00,605233.00,trade,false
2026-02-03T04:00:00.000Z,0.7000,0.7000,0.6900,0.7000,183.00,605231.00,trade,false
2026-02-03T05:00:00.000Z,0.6900,0.6900,0.6900,0.7000,231.00,605194.00,trade,false
2026-02-03T06:00:00.000Z,0.7000,0.7000,0.6900,0.7000,372.00,605163.00,trade,false
2026-02-03T07:00:00.000Z,0.6900,0.6900,0.6900,0.7000,44.00,605163.00,trade,false
2026-02-03T08:00:00.000Z,0.7000,0.7000,0.6900,0.7000,421.00,605163.00,trade,false
2026-02-03T09:00:00.000Z,0.7000,0.7000,0.6900,0.7000,105.00,605163.00,trade,false
2026-02-03T10:00:00.000Z,0.7000,0.7000,0.6900,0.7000,13.00,605163.00,trade,false
2026-02-03T11:00:00.000Z,0.7000,0.7000,0.6900,0.7000,72.00,605163.00,trade,false
2026-02-03T12:00:00.000Z,0.7000,0.7000,0.6900,0.7000,166.00,605163.00,trade,false
2026-02-03T13:00:00.000Z,0.6950,,0.6900,0.7000,0.00,605163.00,midpoint,false
2026-02-03T14:00:00.000Z,0.7000,0.7000,0.6900,0.7000,173.00,605163.00,trade,false
2026-02-03T15:00:00.000Z,0.6900,0.6900,0.6900,0.7000,673.00,605238.00,trade,false
2026-02-03T16:00:00.000Z,0.7000,0.7000,0.6900,0.7000,337.00,605238.00,trade,false
2026-02-03T17:00:00.000Z,0.7000,0.7000,0.6900,0.7000,390.00,605241.00,trade,false
2026-02-03T18:00:00.000Z,0.6900,0.6900,0.6900,0.7000,236.00,605241.00,trade,false
2026-02-03T19:00:00.000Z,0.6900,0.6900,0.6900,0.7000,804.00,605209.00,trade,false
2026-02-03T20:00:00.000Z,0.7000,0.7000,0.6900,0.7000,146.00,605178.00,trade,false
2026-02-03T21:00:00.000Z,0.7000,0.7000,0.6900,0.7000,283.00,605089.00,trade,false
2026-02-03T22:00:00.000Z,0.7000,0.7000,0.6900,0.7000,192.00,605089.00,trade,false
2026-02-03T23:00:00.000Z,0.7000,0.7000,0.6900,0.7000,310.00,605095.00,trade,false
2026-02-04T00:00:00.000Z,0.7000,0.7000,0.6900,0.7000,386.00,605104.00,trade,false
2026-02-04T01:00:00.000Z,0.7000,0.7000,0.6900,0.7000,820.00,605207.00,trade,false
2026-02-04T02:00:00.000Z,0.7000,0.7000,0.6900,0.7000,680.00,605462.00,trade,false
2026-02-04T03:00:00.000Z,0.7000,0.7000,0.6900,0.7000,62.00,605477.00,trade,false
2026-02-04T04:00:00.000Z,0.7000,0.7000,0.6900,0.7000,206.00,605522.00,trade,false
2026-02-04T05:00:00.000Z,0.6900,0.6900,0.6900,0.7000,72.00,605552.00,trade,false
2026-02-04T06:00:00.000Z,0.7000,0.7000,0.6900,0.7000,91.00,605552.00,trade,false
2026-02-04T07:00:00.000Z,0.6900,0.6900,0.6900,0.7000,394.00,605552.00,trade,false
2026-02-04T08:00:00.000Z,0.6900,0.6900,0.6900,0.7000,882.00,605971.00,trade,false
2026-02-04T09:00:00.000Z,0.7000,0.7000,0.6900,0.7000,44.00,606005.00,trade,false
2026-02-04T10:00:00.000Z,0.7000,0.7000,0.6900,0.7000,52.00,606057.00,trade,false
2026-02-04T11:00:00.000Z,0.7000,0.7000,0.6900,0.7000,47.00,606104.00,trade,false
2026-02-04T12:00:00.000Z,0.7000,0.7000,0.6900,0.7000,6.00,606110.00,trade,false
2026-02-04T13:00:00.000Z,0.6900,0.6900,0.6900,0.7000,62.00,606172.00,trade,false
2026-02-04T14:00:00.000Z,0.7000,0.7000,0.6900,0.7000,10469.00,616356.00,trade,false
2026-02-04T15:00:00.000Z,0.6900,0.6900,0.6900,0.7000,623.00,616974.00,trade,false
2026-02-04T16:00:00.000Z,0.7000,0.7000,0.6900,0.7000,1656.00,617744.00,trade,false
2026-02-04T17:00:00.000Z,0.7000,0.7000,0.6900,0.7000,3125.00,620828.00,trade,false
2026-02-04T18:00:00.000Z,0.6900,0.6900,0.6900,0.7000,48.00,620848.00,trade,false
2026-02-04T19:00:00.000Z,0.7000,0.7000,0.6900,0.7000,523.00,621371.00,trade,false
2026-02-04T20:00:00.000Z,0.6900,0.6900,0.6900,0.7000,461.00,621832.00,trade,false
2026-02-04T21:00:00.000Z,0.7000,0.7000,0.7000,0.7100,1538.00,623017.00,trade,false
2026-02-04T22:00:00.000Z,0.7100,0.7100,0.7000,0.7100,162.00,623076.00,trade,false
2026-02-04T23:00:00.000Z,0.7100,0.7100,0.7000,0.7100,2115.00,625108.00,trade,false
2026-02-05T00:00:00.000Z,0.7100,0.7100,0.7000,0.7100,92.00,625199.00,trade,false
2026-02-05T01:00:00.000Z,0.7100,0.7100,0.7000,0.7100,379.00,625578.00,trade,false
2026-02-05T02:00:00.000Z,0.7100,0.7100,0.7000,0.7100,96.00,625674.00,trade,false
2026-02-05T03:00:00.000Z,0.7100,0.7100,0.7000,0.7100,192.00,625726.00,trade,false
2026-02-05T04:00:00.000Z,0.7100,0.7100,0.7000,0.7100,202.00,625832.00,trade,false
2026-02-05T05:00:00.000Z,0.7000,0.7000,0.7000,0.7100,124.00,625913.00,trade,false
2026-02-05T06:00:00.000Z,0.7100,0.7100,0.7000,0.7100,191.00,626091.00,trade,false
2026-02-05T07:00:00.000Z,0.7000,0.7000,0.7000,0.7100,258.00,626261.00,trade,false
2026-02-05T08:00:00.000Z,0.7100,0.7100,0.7000,0.7100,214.00,626471.00,trade,false
2026-02-05T09:00:00.000Z,0.7050,,0.7000,0.7100,0.00,626471.00,midpoint,false
2026-02-05T10:00:00.000Z,0.7050,,0.7000,0.7100,0.00,626471.00,midpoint,false
2026-02-05T11:00:00.000Z,0.7100,0.7100,0.7000,0.7100,1.00,626472.00,trade,false
2026-02-05T12:00:00.000Z,0.7100,0.7100,0.7000,0.7100,60.00,626526.00,trade,false
2026-02-05T13:00:00.000Z,0.7100,0.7100,0.7000,0.7100,75.00,626601.00,trade,false
2026-02-05T14:00:00.000Z,0.7100,0.7100,0.7000,0.7100,54.00,626645.00,trade,false
2026-02-05T15:00:00.000Z,0.7100,0.7100,0.7000,0.7100,98.00,626743.00,trade,false
2026-02-05T16:00:00.000Z,0.7100,0.7100,0.7000,0.7100,444.00,626789.00,trade,false
2026-02-05T17:00:00.000Z,0.7100,0.7100,0.7000,0.7100,183.00,626938.00,trade,false
2026-02-05T18:00:00.000Z,0.7100,0.7100,0.7000,0.7100,382.00,627307.00,trade,false
2026-02-05T19:00:00.000Z,0.7100,0.7100,0.7000,0.7100,22.00,627329.00,trade,false
2026-02-05T20:00:00.000Z,0.7000,0.7000,0.6900,0.7000,5092.00,624344.00,trade,false
2026-02-05T21:00:00.000Z,0.7000,0.7000,0.6900,0.7000,406.00,624207.00,trade,false
2026-02-05T22:00:00.000Z,0.7000,0.7000,0.6900,0.7000,154.00,624201.00,trade,false
2026-02-05T23:00:00.000Z,0.7000,0.7000,0.6900,0.7000,41.00,624198.00,trade,false
2026-02-06T00:00:00.000Z,0.7100,0.7100,0.7000,0.7100,2798.00,624705.00,trade,false
2026-02-06T01:00:00.000Z,0.7100,0.7100,0.7000,0.7100,216.00,624908.00,trade,false
2026-02-06T02:00:00.000Z,0.7100,0.7100,0.7000,0.7100,1076.00,625877.00,trade,false
2026-02-06T03:00:00.000Z,0.7100,0.7100,0.7000,0.7100,164.00,626041.00,trade,false
2026-02-06T04:00:00.000Z,0.7100,0.7100,0.7000,0.7100,357.00,626398.00,trade,false
2026-02-06T05:00:00.000Z,0.7100,0.7100,0.7000,0.7100,1454.00,627464.00,trade,false
2026-02-06T06:00:00.000Z,0.7100,0.7100,0.7000,0.7100,347.00,627811.00,trade,false
2026-02-06T07:00:00.000Z,0.7000,0.7000,0.7000,0.7100,39.00,627849.00,trade,false
2026-02-06T08:00:00.000Z,0.7100,0.7100,0.7000,0.7100,19.00,627868.00,trade,false
2026-02-06T09:00:00.000Z,0.7100,0.7100,0.7000,0.7100,30.00,627898.00,trade,false
2026-02-06T10:00:00.000Z,0.7100,0.7100,0.7000,0.7100,17.00,627897.00,trade,false
2026-02-06T11:00:00.000Z,0.7000,0.7000,0.7000,0.7100,431.00,628318.00,trade,false
2026-02-06T12:00:00.000Z,0.7000,0.7000,0.7000,0.7100,226.00,628536.00,trade,false
2026-02-06T13:00:00.000Z,0.7100,0.7100,0.7000,0.7100,1437.00,629973.00,trade,false
2026-02-06T14:00:00.000Z,0.7100,0.7100,0.7000,0.7100,32.00,629989.00,trade,false
2026-02-06T15:00:00.000Z,0.7100,0.7100,0.7000,0.7100,203.00,629930.00,trade,false
2026-02-06T16:00:00.000Z,0.7100,0.7100,0.7000,0.7100,19.00,629949.00,trade,false
2026-02-06T17:00:00.000Z,0.7100,0.7100,0.7000,0.7100,1407.00,631356.00,trade,false
2026-02-06T18:00:00.000Z,0.7100,0.7100,0.7000,0.7100,72.00,631428.00,trade,false
2026-02-06T19:00:00.000Z,0.7000,0.7000,0.6900,0.7000,3510.00,633313.00,trade,false
2026-02-06T20:00:00.000Z,0.7000,0.7000,0.6900,0.7000,169.00,633384.00,trade,false
2026-02-06T21:00:00.000Z,0.7000,0.7000,0.6900,0.7000,5503.00,638749.00,trade,false
2026-02-06T22:00:00.000Z,0.7000,0.7000,0.6900,0.7000,150.00,638719.00,trade,false
2026-02-06T23:00:00.000Z,0.7000,0.7000,0.6900,0.7000,1082.00,638700.00,trade,false
2026-02-07T00:00:00.000Z,0.7000,0.7000,0.6900,0.7000,11.00,638700.00,trade,false
2026-02-07T01:00:00.000Z,0.7000,0.7000,0.6900,0.7000,408.00,638497.00,trade,false
2026-02-07T02:00:00.000Z,0.7000,0.7000,0.6900,0.7000,2986.00,636892.00,trade,false
2026-02-07T03:00:00.000Z,0.7000,0.7000,0.6900,0.7000,168.00,636907.00,trade,false
2026-02-07T04:00:00.000Z,0.7000,0.7000,0.6900,0.7000,110.00,636907.00,trade,false
2026-02-07T05:00:00.000Z,0.7000,0.7000,0.6900,0.7000,804.00,636907.00,trade,false
2026-02-07T06:00:00.000Z,0.7000,0.7000,0.6900,0.7000,55.00,636920.00,trade,false
2026-02-07T07:00:00.000Z,0.7000,0.7000,0.6900,0.7000,124.00,636920.00,trade,false
2026-02-07T08:00:00.000Z,0.7000,0.7000,0.6900,0.7000,197.00,636920.00,trade,false
2026-02-07T09:00:00.000Z,0.7000,0.7000,0.6900,0.7000,27.00,636920.00,trade,false
2026-02-07T10:00:00.000Z,0.6950,,0.6900,0.7000,0.00,636920.00,midpoint,false
2026-02-07T11:00:00.000Z,0.7000,0.7000,0.6900,0.7000,27.00,636920.00,trade,false
2026-02-07T12:00:00.000Z,0.6900,0.6900,0.6900,0.7000,32.00,636925.00,trade,false
2026-02-07T13:00:00.000Z,0.6900,0.6900,0.6900,0.7000,200.00,636925.00,trade,false
2026-02-07T14:00:00.000Z,0.7000,0.7000,0.6900,0.7000,2.00,636925.00,trade,false
2026-02-07T15:00:00.000Z,0.7000,0.7000,0.6900,0.7000,240.00,636925.00,trade,false
2026-02-07T16:00:00.000Z,0.7000,0.7000,0.6900,0.7000,679.00,636991.00,trade,false
2026-02-07T17:00:00.000Z,0.7000,0.7000,0.6900,0.7000,670.00,637661.00,trade,false
2026-02-07T18:00:00.000Z,0.7200,0.7200,0.7100,0.7200,28174.00,661368.00,trade,false
2026-02-07T19:00:00.000Z,0.7300,0.7300,0.7200,0.7300,11070.00,660317.00,trade,false
2026-02-07T20:00:00.000Z,0.7100,0.7100,0.7100,0.7200,382.00,660358.00,trade,false
2026-02-07T21:00:00.000Z,0.7300,0.7300,0.7100,0.7300,86.00,660378.00,trade,false
2026-02-07T22:00:00.000Z,0.7300,0.7300,0.7200,0.7300,221.00,660599.00,trade,false
2026-02-07T23:00:00.000Z,0.7300,0.7300,0.7200,0.7300,952.00,661541.00,trade,false
2026-02-08T00:00:00.000Z,0.7300,0.7300,0.7200,0.7300,1011.00,662157.00,trade,false
2026-02-08T01:00:00.000Z,0.7200,0.7200,0.7200,0.7300,1359.00,663429.00,trade,false
2026-02-08T02:00:00.000Z,0.7300,0.7300,0.7200,0.7300,287.00,663716.00,trade,false
2026-02-08T03:00:00.000Z,0.7100,0.7100,0.7100,0.7200,299.00,663898.00,trade,false
2026-02-08T04:00:00.000Z,0.7300,0.7300,0.7200,0.7300,2397.00,665946.00,trade,false
2026-02-08T05:00:00.000Z,0.7300,0.7300,0.7200,0.7300,34.00,665980.00,trade,false
2026-02-08T06:00:00.000Z,0.7300,0.7300,0.7200,0.7300,1301.00,666633.00,trade,false
2026-02-08T07:00:00.000Z,0.7400,0.7400,0.7300,0.7400,9876.00,675604.00,trade,false
2026-02-08T08:00:00.000Z,0.7400,0.7400,0.7300,0.7400,125.00,675709.00,trade,false
2026-02-08T09:00:00.000Z,0.7200,0.7200,0.7200,0.7300,381.00,675461.00,trade,false
2026-02-08T10:00:00.000Z,0.7400,0.7400,0.7300,0.7400,97.00,675488.00,trade,false
2026-02-08T11:00:00.000Z,0.7350,,0.7300,0.7400,0.00,675488.00,midpoint,false
2026-02-08T12:00:00.000Z,0.7200,0.7200,0.7200,0.7400,31.00,675493.00,trade,false
2026-02-08T13:00:00.000Z,0.7200,0.7200,0.7200,0.7400,6.00,675493.00,trade,false
2026-02-08T14:00:00.000Z,0.7400,0.7400,0.7300,0.7400,645.00,676121.00,trade,false
2026-02-08T15:00:00.000Z,0.7300,0.7300,0.7200,0.7300,477.00,676150.00,trade,false
2026-02-08T16:00:00.000Z,0.7300,0.7300,0.7200,0.7300,1386.00,676508.00,trade,false
2026-02-08T17:00:00.000Z,0.7200,0.7200,0.7200,0.7300,277.00,676785.00,trade,false
2026-02-08T18:00:00.000Z,0.7200,0.7200,0.7200,0.7300,700.00,677223.00,trade,false
2026-02-08T19:00:00.000Z,0.7200,0.7200,0.7200,0.7300,349.00,677534.00,trade,false
2026-02-08T20:00:00.000Z,0.7300,0.7300,0.7200,0.7300,1487.00,678866.00,trade,false
2026-02-08T21:00:00.000Z,0.7300,0.7300,0.7200,0.7300,1886.00,680693.00,trade,false
2026-02-08T22:00:00.000Z,0.7300,0.7300,0.7200,0.7300,634.00,680886.00,trade,false
2026-02-08T23:00:00.000Z,0.7200,0.7200,0.7200,0.7300,2049.00,680995.00,trade,false
2026-02-09T00:00:00.000Z,0.7200,0.7200,0.7200,0.7300,668.00,680487.00,trade,false
2026-02-09T01:00:00.000Z,0.7200,0.7200,0.7100,0.7200,359.00,680339.00,trade,false
2026-02-09T02:00:00.000Z,0.7200,0.7200,0.7100,0.7200,484.00,680593.00,trade,false
2026-02-09T03:00:00.000Z,0.7200,0.7200,0.7100,0.7200,5361.00,685408.00,trade,false
2026-02-09T04:00:00.000Z,0.7400,0.7400,0.7300,0.7400,2053.00,687369.00,trade,false
2026-02-09T05:00:00.000Z,0.7300,0.7300,0.7200,0.7300,5303.00,692663.00,trade,false
2026-02-09T06:00:00.000Z,0.7300,0.7300,0.7300,0.7400,6372.00,698763.00,trade,false
2026-02-09T07:00:00.000Z,0.7300,0.7300,0.7200,0.7300,1119.00,699852.00,trade,false
2026-02-09T08:00:00.000Z,0.7200,0.7200,0.7200,0.7300,1169.00,699951.00,trade,false
2026-02-09T09:00:00.000Z,0.7300,0.7300,0.7100,0.7300,323.00,700220.00,trade,false
2026-02-09T10:00:00.000Z,0.7100,0.7100,0.7100,0.7300,113.00,700319.00,trade,false
2026-02-09T11:00:00.000Z,0.7400,0.7400,0.7300,0.7400,110.00,700399.00,trade,false
2026-02-09T12:00:00.000Z,0.7300,0.7300,0.7300,0.7400,274.00,700655.00,trade,false
2026-02-09T13:00:00.000Z,0.7400,0.7400,0.7300,0.7400,115.00,700765.00,trade,false
2026-02-09T14:00:00.000Z,0.7300,0.7300,0.7300,0.7400,1557.00,702262.00,trade,false
2026-02-09T15:00:00.000Z,0.7400,0.7400,0.7300,0.7400,922.00,702974.00,trade,false
2026-02-09T16:00:00.000Z,0.7300,0.7300,0.7300,0.7400,975.00,703949.00,trade,false
2026-02-09T17:00:00.000Z,0.7400,0.7400,0.7300,0.7400,917.00,704793.00,trade,false
2026-02-09T18:00:00.000Z,0.7400,0.7400,0.7300,0.7400,530.00,705146.00,trade,false
2026-02-09T19:00:00.000Z,0.7300,0.7300,0.7300,0.7400,3602.00,708586.00,trade,false
2026-02-09T20:00:00.000Z,0.7300,0.7300,0.7300,0.7400,15302.00,723787.00,trade,false
2026-02-09T21:00:00.000Z,0.7400,0.7400,0.7300,0.7400,871.00,724479.00,trade,false
2026-02-09T22:00:00.000Z,0.7400,0.7400,0.7300,0.7400,4954.00,729348.00,trade,false
2026-02-09T23:00:00.000Z,0.7500,0.7500,0.7400,0.7500,2493.00,731679.00,trade,false
2026-02-10T00:00:00.000Z,0.7500,0.7500,0.7400,0.7500,1923.00,732863.00,trade,false
2026-02-10T01:00:00.000Z,0.7400,0.7400,0.7400,0.7500,713.00,733518.00,trade,false
2026-02-10T02:00:00.000Z,0.7400,0.7400,0.7400,0.7500,2965.00,736483.00,trade,false
2026-02-10T03:00:00.000Z,0.7500,0.7500,0.7400,0.7500,3690.00,738943.00,trade,false
2026-02-10T04:00:00.000Z,0.7300,0.7300,0.7300,0.7500,627.00,739482.00,trade,false
2026-02-10T05:00:00.000Z,0.7400,0.7400,0.7300,0.7400,2276.00,740364.00,trade,false
2026-02-10T06:00:00.000Z,0.7500,0.7500,0.7300,0.7500,1021.00,741267.00,trade,false
2026-02-10T07:00:00.000Z,0.7300,0.7300,0.7300,0.7400,649.00,741620.00,trade,false
2026-02-10T08:00:00.000Z,0.7400,0.7400,0.7300,0.7400,8192.00,745043.00,trade,false
2026-02-10T09:00:00.000Z,0.7300,0.7300,0.7300,0.7400,199.00,745232.00,trade,false
2026-02-10T10:00:00.000Z,0.7400,0.7400,0.7300,0.7400,70.00,745302.00,trade,false
2026-02-10T11:00:00.000Z,0.7300,0.7300,0.7300,0.7400,1611.00,746687.00,trade,false
2026-02-10T12:00:00.000Z,0.7300,0.7300,0.7300,0.7400,187.00,746848.00,trade,false
2026-02-10T13:00:00.000Z,0.7400,0.7400,0.7300,0.7400,605.00,747353.00,trade,false
2026-02-10T14:00:00.000Z,0.7400,0.7400,0.7300,0.7400,284.00,747478.00,trade,false
2026-02-10T15:00:00.000Z,0.7300,0.7300,0.7200,0.7300,265.00,747671.00,trade,false
2026-02-10T16:00:00.000Z,0.7300,0.7300,0.7200,0.7300,320.00,747870.00,trade,false
2026-02-10T17:00:00.000Z,0.7300,0.7300,0.7200,0.7300,250.00,748120.00,trade,false
2026-02-10T18:00:00.000Z,0.7200,0.7200,0.7200,0.7300,1614.00,749212.00,trade,false
2026-02-10T19:00:00.000Z,0.7300,0.7300,0.7200,0.7300,356.00,749552.00,trade,false
2026-02-10T20:00:00.000Z,0.7300,0.7300,0.7200,0.7300,254.00,749722.00,trade,false
2026-02-10T21:00:00.000Z,0.7300,0.7300,0.7200,0.7300,455.00,750176.00,trade,false
2026-02-10T22:00:00.000Z,0.7300,0.7300,0.7200,0.7300,484.00,750630.00,trade,false
2026-02-10T23:00:00.000Z,0.7300,0.7300,0.7300,0.7400,2915.00,753038.00,trade,false
2026-02-11T00:00:00.000Z,0.7300,0.7300,0.7300,0.7400,562.00,753418.00,trade,false
2026-02-11T01:00:00.000Z,0.7400,0.7400,0.7300,0.7400,2493.00,755730.00,trade,false
2026-02-11T02:00:00.000Z,0.7400,0.7400,0.7400,0.7500,3779.00,759255.00,trade,false
2026-02-11T03:00:00.000Z,0.7500,0.7500,0.7400,0.7500,1622.00,760144.00,trade,false
2026-02-11T04:00:00.000Z,0.7500,0.7500,0.7400,0.7500,868.00,760452.00,trade,false
2026-02-11T05:00:00.000Z,0.7400,0.7400,0.7400,0.7500,695.00,760879.00,trade,false
2026-02-11T06:00:00.000Z,0.7400,0.7400,0.7400,0.7500,363.00,760674.00,trade,false
2026-02-11T07:00:00.000Z,0.7500,0.7500,0.7400,0.7500,364.00,761012.00,trade,false
2026-02-11T08:00:00.000Z,0.7400,0.7400,0.7300,0.7400,6591.00,766278.00,trade,false
2026-02-11T09:00:00.000Z,0.7300,0.7300,0.7200,0.7300,2858.00,764162.00,trade,false
2026-02-11T10:00:00.000Z,0.7300,0.7300,0.7300,0.7400,360.00,764168.00,trade,false
2026-02-11T11:00:00.000Z,0.7400,0.7400,0.7300,0.7400,452.00,764620.00,trade,false
2026-02-11T12:00:00.000Z,0.7400,0.7400,0.7300,0.7400,511.00,765126.00,trade,false
2026-02-11T13:00:00.000Z,0.7300,0.7300,0.7300,0.7400,24.00,765132.00,trade,false
2026-02-11T14:00:00.000Z,0.7400,0.7400,0.7300,0.7400,302.00,765430.00,trade,false
2026-02-11T15:00:00.000Z,0.7300,0.7300,0.7300,0.7400,1652.00,766952.00,trade,false
2026-02-11T16:00:00.000Z,0.7400,0.7400,0.7300,0.7400,1006.00,767954.00,trade,false
2026-02-11T17:00:00.000Z,0.7300,0.7300,0.7300,0.7400,1335.00,769269.00,trade,false
2026-02-11T18:00:00.000Z,0.7400,0.7400,0.7300,0.7400,446.00,769546.00,trade,false
2026-02-11T19:00:00.000Z,0.7300,0.7300,0.7300,0.7400,684.00,770224.00,trade,false
2026-02-11T20:00:00.000Z,0.7300,0.7300,0.7300,0.7400,3836.00,774010.00,trade,false
2026-02-11T21:00:00.000Z,0.7400,0.7400,0.7300,0.7400,132.00,774105.00,trade,false
2026-02-11T22:00:00.000Z,0.7300,0.7300,0.7300,0.7400,21280.00,794361.00,trade,false
2026-02-11T23:00:00.000Z,0.7300,0.7300,0.7300,0.7400,707.00,794955.00,trade,false
2026-02-12T00:00:00.000Z,0.7400,0.7400,0.7300,0.7400,750.00,795384.00,trade,false
2026-02-12T01:00:00.000Z,0.7400,0.7400,0.7300,0.7400,446.00,795803.00,trade,false
2026-02-12T02:00:00.000Z,0.7300,0.7300,0.7300,0.7400,1529.00,796419.00,trade,false
2026-02-12T03:00:00.000Z,0.7400,0.7400,0.7300,0.7400,788.00,797207.00,trade,false
2026-02-12T04:00:00.000Z,0.7400,0.7400,0.7300,0.7400,356.00,797562.00,trade,false
2026-02-12T05:00:00.000Z,0.7400,0.7400,0.7300,0.7400,372.00,797900.00,trade,false
2026-02-12T06:00:00.000Z,0.7300,0.7300,0.7300,0.7400,617.00,798187.00,trade,false
2026-02-12T07:00:00.000Z,0.7400,0.7400,0.7300,0.7400,4593.00,802670.00,trade,false
2026-02-12T08:00:00.000Z,0.7400,0.7400,0.7300,0.7400,47.00,802717.00,trade,false
2026-02-12T10:00:00.000Z,0.7350,,0.7300,0.7400,0.00,802717.00,midpoint,false
2026-02-12T11:00:00.000Z,0.7300,0.7300,0.7300,0.7400,111.00,802828.00,trade,false
2026-02-12T12:00:00.000Z,0.7400,0.7400,0.7300,0.7400,271.00,802885.00,trade,false
2026-02-12T13:00:00.000Z,0.7400,0.7400,0.7300,0.7400,478.00,803362.00,trade,false
2026-02-12T14:00:00.000Z,0.7400,0.7400,0.7300,0.7400,263.00,803618.00,trade,false
2026-02-12T15:00:00.000Z,0.7400,0.7400,0.7300,0.7400,264.00,803826.00,trade,false
2026-02-12T16:00:00.000Z,0.7400,0.7400,0.7300,0.7400,1533.00,805332.00,trade,false
2026-02-12T17:00:00.000Z,0.7400,0.7400,0.7300,0.7400,536.00,805823.00,trade,false
2026-02-12T18:00:00.000Z,0.7400,0.7400,0.7300,0.7400,11528.00,817336.00,trade,false
2026-02-12T19:00:00.000Z,0.7300,0.7300,0.7300,0.7500,353.00,817687.00,trade,false
2026-02-12T20:00:00.000Z,0.7400,0.7400,0.7300,0.7400,862.00,817816.00,trade,false
2026-02-12T21:00:00.000Z,0.7400,0.7400,0.7300,0.7400,6757.00,816622.00,trade,false
2026-02-12T22:00:00.000Z,0.7400,0.7400,0.7300,0.7400,199.00,816821.00,trade,false
2026-02-12T23:00:00.000Z,0.7400,0.7400,0.7300,0.7400,166.00,816960.00,trade,false
2026-02-13T00:00:00.000Z,0.7500,0.7500,0.7400,0.7500,9942.00,826433.00,trade,false
2026-02-13T01:00:00.000Z,0.7500,0.7500,0.7400,0.7500,2377.00,828553.00,trade,false
2026-02-13T02:00:00.000Z,0.7400,0.7400,0.7400,0.7500,955.00,829410.00,trade,false
2026-02-13T03:00:00.000Z,0.7500,0.7500,0.7400,0.7500,516.00,829863.00,trade,false
2026-02-13T04:00:00.000Z,0.7400,0.7400,0.7400,0.7500,565.00,830322.00,trade,false
2026-02-13T05:00:00.000Z,0.7400,0.7400,0.7400,0.7500,612.00,830514.00,trade,false
2026-02-13T06:00:00.000Z,0.7500,0.7500,0.7400,0.7500,1573.00,832074.00,trade,false
2026-02-13T07:00:00.000Z,0.7500,0.7500,0.7400,0.7500,239.00,832299.00,trade,false
2026-02-13T08:00:00.000Z,0.7500,0.7500,0.7400,0.7500,50.00,832336.00,trade,false
2026-02-13T09:00:00.000Z,0.7400,0.7400,0.7400,0.7500,15.00,832336.00,trade,false
2026-02-13T10:00:00.000Z,0.7400,0.7400,0.7400,0.7500,266.00,832336.00,trade,false
2026-02-13T11:00:00.000Z,0.7400,0.7400,0.7400,0.7500,149.00,832412.00,trade,false
2026-02-13T12:00:00.000Z,0.7400,0.7400,0.7400,0.7500,1792.00,834170.00,trade,false
2026-02-13T13:00:00.000Z,0.7400,0.7400,0.7400,0.7500,1473.00,835604.00,trade,false
2026-02-13T14:00:00.000Z,0.7400,0.7400,0.7400,0.7500,265.00,835685.00,trade,false
2026-02-13T15:00:00.000Z,0.7500,0.7500,0.7400,0.7500,270.00,835950.00,trade,false
2026-02-13T16:00:00.000Z,0.7400,0.7400,0.7400,0.7500,115.00,836008.00,trade,false
2026-02-13T17:00:00.000Z,0.7400,0.7400,0.7400,0.7500,297.00,836134.00,trade,false
2026-02-13T18:00:00.000Z,0.7400,0.7400,0.7400,0.7500,136.00,836263.00,trade,false
2026-02-13T19:00:00.000Z,0.7500,0.7500,0.7400,0.7500,117.00,836346.00,trade,false
2026-02-13T20:00:00.000Z,0.7500,0.7500,0.7400,0.7500,21625.00,855226.00,trade,false
2026-02-13T21:00:00.000Z,0.7400,0.7400,0.7400,0.7500,454.00,855313.00,trade,false
2026-02-13T22:00:00.000Z,0.7500,0.7500,0.7400,0.7500,308.00,855552.00,trade,false
2026-02-13T23:00:00.000Z,0.7500,0.7500,0.7400,0.7500,181.00,855659.00,trade,false
2026-02-14T00:00:00.000Z,0.7500,0.7500,0.7400,0.7500,818.00,856406.00,trade,false
2026-02-14T01:00:00.000Z,0.7400,0.7400,0.7400,0.7500,2357.00,858651.00,trade,false
2026-02-14T02:00:00.000Z,0.7400,0.7400,0.7400,0.7500,733.00,859205.00,trade,false
2026-02-14T03:00:00.000Z,0.7500,0.7500,0.7400,0.7500,314.00,859503.00,trade,false
2026-02-14T04:00:00.000Z,0.7500,0.7500,0.7400,0.7500,335.00,859812.00,trade,false
2026-02-14T05:00:00.000Z,0.7500,0.7500,0.7400,0.7500,649.00,860397.00,trade,false
2026-02-14T06:00:00.000Z,0.7500,0.7500,0.7400,0.7500,299.00,860583.00,trade,false
2026-02-14T07:00:00.000Z,0.7400,0.7400,0.7400,0.7500,136.00,860707.00,trade,false
2026-02-14T08:00:00.000Z,0.7400,0.7400,0.7400,0.7500,1033.00,861560.00,trade,false
2026-02-14T09:00:00.000Z,0.7500,0.7500,0.7400,0.7500,393.00,861953.00,trade,false
2026-02-14T10:00:00.000Z,0.7500,0.7500,0.7400,0.7500,105.00,862058.00,trade,false
2026-02-14T11:00:00.000Z,0.7400,0.7400,0.7400,0.7500,85.00,862136.00,trade,false
2026-02-14T12:00:00.000Z,0.7500,0.7500,0.7400,0.7500,169.00,862305.00,trade,false
2026-02-14T13:00:00.000Z,0.7500,0.7500,0.7400,0.7500,117.00,862348.00,trade,false
2026-02-14T14:00:00.000Z,0.7500,0.7500,0.7400,0.7500,6.00,862352.00,trade,false
2026-02-14T15:00:00.000Z,0.7500,0.7500,0.7400,0.7500,543.00,862883.00,trade,false
2026-02-14T16:00:00.000Z,0.7500,0.7500,0.7400,0.7500,1527.00,863371.00,trade,false
2026-02-14T17:00:00.000Z,0.7500,0.7500,0.7400,0.7500,653.00,863955.00,trade,false
2026-02-14T18:00:00.000Z,0.7400,0.7400,0.7400,0.7500,2109.00,866000.00,trade,false
2026-02-14T19:00:00.000Z,0.7500,0.7500,0.7400,0.7500,298.00,866296.00,trade,false
2026-02-14T20:00:00.000Z,0.7500,0.7500,0.7400,0.7500,360.00,866445.00,trade,false
2026-02-14T21:00:00.000Z,0.7400,0.7400,0.7400,0.7500,97.00,866502.00,trade,false
2026-02-14T22:00:00.000Z,0.7500,0.7500,0.7400,0.7500,2454.00,868910.00,trade,false
2026-02-14T23:00:00.000Z,0.7500,0.7500,0.7400,0.7500,889.00,869656.00,trade,false
2026-02-15T00:00:00.000Z,0.7400,0.7400,0.7400,0.7500,379.00,869988.00,trade,false
2026-02-15T01:00:00.000Z,0.7500,0.7500,0.7400,0.7500,203.00,870012.00,trade,false
2026-02-15T02:00:00.000Z,0.7500,0.7500,0.7400,0.7500,589.00,870340.00,trade,false
2026-02-15T03:00:00.000Z,0.7400,0.7400,0.7300,0.7400,9453.00,871715.00,trade,false
2026-02-15T04:00:00.000Z,0.7400,0.7400,0.7300,0.7400,711.00,872330.00,trade,false
2026-02-15T05:00:00.000Z,0.7300,0.7300,0.7300,0.7400,1627.00,873913.00,trade,false
2026-02-15T06:00:00.000Z,0.7400,0.7400,0.7300,0.7400,3058.00,876800.00,trade,false
2026-02-15T07:00:00.000Z,0.7400,0.7400,0.7300,0.7400,8.00,876808.00,trade,false
2026-02-15T08:00:00.000Z,0.7400,0.7400,0.7300,0.7400,241.00,877049.00,trade,false
2026-02-15T09:00:00.000Z,0.7400,0.7400,0.7300,0.7400,37.00,877086.00,trade,false
2026-02-15T10:00:00.000Z,0.7400,0.7400,0.7300,0.7400,39.00,877125.00,trade,false
2026-02-15T11:00:00.000Z,0.7400,0.7400,0.7300,0.7400,566.00,877691.00,trade,false
2026-02-15T12:00:00.000Z,0.7300,0.7300,0.7300,0.7400,108.00,877797.00,trade,false
2026-02-15T13:00:00.000Z,0.7300,0.7300,0.7300,0.7400,136.00,877933.00,trade,false
2026-02-15T14:00:00.000Z,0.7400,0.7400,0.7300,0.7400,30.00,877963.00,trade,false
2026-02-15T15:00:00.000Z,0.7400,0.7400,0.7300,0.7400,229.00,878152.00,trade,false
2026-02-15T16:00:00.000Z,0.7400,0.7400,0.7300,0.7400,4067.00,882219.00,trade,false
2026-02-15T17:00:00.000Z,0.7400,0.7400,0.7300,0.7400,461.00,882663.00,trade,false
2026-02-15T18:00:00.000Z,0.7400,0.7400,0.7300,0.7400,1036.00,883699.00,trade,false
2026-02-15T19:00:00.000Z,0.7400,0.7400,0.7300,0.7400,325.00,884017.00,trade,false
2026-02-15T20:00:00.000Z,0.7400,0.7400,0.7300,0.7400,1585.00,885236.00,trade,false
2026-02-15T21:00:00.000Z,0.7400,0.7400,0.7300,0.7400,734.00,885936.00,trade,false
2026-02-15T22:00:00.000Z,0.7300,0.7300,0.7300,0.7400,721.00,886583.00,trade,false
2026-02-15T23:00:00.000Z,0.7400,0.7400,0.7300,0.7400,538.00,887043.00,trade,false
2026-02-16T00:00:00.000Z,0.7400,0.7400,0.7300,0.7400,4617.00,891636.00,trade,false
2026-02-16T01:00:00.000Z,0.7400,0.7400,0.7300,0.7400,429.00,892029.00,trade,false
2026-02-16T02:00:00.000Z,0.7400,0.7400,0.7300,0.7400,341.00,892326.00,trade,false
2026-02-16T03:00:00.000Z,0.7400,0.7400,0.7300,0.7400,513.00,892629.00,trade,false
2026-02-16T04:00:00.000Z,0.7400,0.7400,0.7300,0.7400,896.00,893400.00,trade,false
2026-02-16T05:00:00.000Z,0.7400,0.7400,0.7300,0.7400,1373.00,894019.00,trade,false
2026-02-16T06:00:00.000Z,0.7400,0.7400,0.7300,0.7400,2140.00,896145.00,trade,false
2026-02-16T07:00:00.000Z,0.7400,0.7400,0.7300,0.7400,252.00,896297.00,trade,false
2026-02-16T08:00:00.000Z,0.7400,0.7400,0.7300,0.7400,172.00,896273.00,trade,false
2026-02-16T09:00:00.000Z,0.7400,0.7400,0.7300,0.7400,176.00,896436.00,trade,false
2026-02-16T10:00:00.000Z,0.7400,0.7400,0.7300,0.7400,38.00,896448.00,trade,false
2026-02-16T11:00:00.000Z,0.7300,0.7300,0.7300,0.7400,218.00,896666.00,trade,false
2026-02-16T12:00:00.000Z,0.7400,0.7400,0.7300,0.7400,132.00,896798.00,trade,false
2026-02-16T13:00:00.000Z,0.7400,0.7400,0.7300,0.7400,96.00,896894.00,trade,false
2026-02-16T14:00:00.000Z,0.7400,0.7400,0.7300,0.7400,143.00,897037.00,trade,false
2026-02-16T15:00:00.000Z,0.7400,0.7400,0.7300,0.7400,725.00,897762.00,trade,false
2026-02-16T16:00:00.000Z,0.7400,0.7400,0.7300,0.7400,237.00,897973.00,trade,false
2026-02-16T17:00:00.000Z,0.7400,0.7400,0.7300,0.7400,563.00,898467.00,trade,false
2026-02-16T18:00:00.000Z,0.7400,0.7400,0.7300,0.7400,1794.00,900182.00,trade,false
2026-02-16T19:00:00.000Z,0.7400,0.7400,0.7300,0.7400,157.00,900339.00,trade,false
2026-02-16T20:00:00.000Z,0.7300,0.7300,0.7300,0.7400,771.00,900628.00,trade,false
2026-02-16T21:00:00.000Z,0.7400,0.7400,0.7300,0.7400,553.00,901133.00,trade,false
2026-02-16T22:00:00.000Z,0.7400,0.7400,0.7300,0.7400,2605.00,903648.00,trade,false
2026-02-16T23:00:00.000Z,0.7400,0.7400,0.7300,0.7400,204.00,903831.00,trade,false
2026-02-17T00:00:00.000Z,0.7300,0.7300,0.7300,0.7400,1365.00,905154.00,trade,false
2026-02-17T01:00:00.000Z,0.7400,0.7400,0.7300,0.7400,714.00,905868.00,trade,false
2026-02-17T02:00:00.000Z,0.7400,0.7400,0.7300,0.7400,187.00,905906.00,trade,false
2026-02-17T03:00:00.000Z,0.7400,0.7400,0.7300,0.7400,880.00,906756.00,trade,false
2026-02-17T04:00:00.000Z,0.7400,0.7400,0.7300,0.7400,346.00,907035.00,trade,false
2026-02-17T05:00:00.000Z,0.7300,0.7300,0.7300,0.7400,3699.00,910633.00,trade,false
2026-02-17T06:00:00.000Z,0.7300,0.7300,0.7300,0.7400,117.00,910750.00,trade,false
2026-02-17T07:00:00.000Z,0.7400,0.7400,0.7300,0.7400,4506.00,915256.00,trade,false
2026-02-17T08:00:00.000Z,0.7400,0.7400,0.7300,0.7400,183.00,915439.00,trade,false
2026-02-17T09:00:00.000Z,0.7400,0.7400,0.7300,0.7400,2631.00,918070.00,trade,false
2026-02-17T10:00:00.000Z,0.7400,0.7400,0.7300,0.7400,45.00,918114.00,trade,false
2026-02-17T11:00:00.000Z,0.7400,0.7400,0.7300,0.7400,37.00,918151.00,trade,false
2026-02-17T12:00:00.000Z,0.7400,0.7400,0.7300,0.7400,39.00,918190.00,trade,false
2026-02-17T13:00:00.000Z,0.7400,0.7400,0.7300,0.7400,26.00,918216.00,trade,false
2026-02-17T14:00:00.000Z,0.7400,0.7400,0.7300,0.7400,170.00,918386.00,trade,false
2026-02-17T15:00:00.000Z,0.7400,0.7400,0.7300,0.7400,163.00,918548.00,trade,false
2026-02-17T16:00:00.000Z,0.7300,0.7300,0.7300,0.7400,48.00,918574.00,trade,false
2026-02-17T17:00:00.000Z,0.7400,0.7400,0.7300,0.7400,184.00,918692.00,trade,false
2026-02-17T18:00:00.000Z,0.7400,0.7400,0.7300,0.7400,889.00,919399.00,trade,false
2026-02-17T19:00:00.000Z,0.7300,0.7300,0.7300,0.7400,1537.00,919619.00,trade,false
2026-02-17T20:00:00.000Z,0.7300,0.7300,0.7300,0.7400,2181.00,919800.00,trade,false
2026-02-17T21:00:00.000Z,0.7400,0.7400,0.7300,0.7400,330.00,920130.00,trade,false
2026-02-17T22:00:00.000Z,0.7400,0.7400,0.7300,0.7400,7374.00,923935.00,trade,false
2026-02-17T23:00:00.000Z,0.7400,0.7400,0.7300,0.7400,246.00,923984.00,trade,false
2026-02-18T00:00:00.000Z,0.7300,0.7300,0.7300,0.7400,5665.00,929568.00,trade,false
2026-02-18T01:00:00.000Z,0.7400,0.7400,0.7300,0.7400,441.00,929985.00,trade,false
2026-02-18T02:00:00.000Z,0.7400,0.7400,0.7300,0.7400,3376.00,930011.00,trade,false
2026-02-18T03:00:00.000Z,0.7400,0.7400,0.7300,0.7400,720.00,930662.00,trade,false
2026-02-18T04:00:00.000Z,0.7400,0.7400,0.7300,0.7400,422.00,930754.00,trade,false
2026-02-18T05:00:00.000Z,0.7400,0.7400,0.7300,0.7400,879.00,931620.00,trade,false
2026-02-18T06:00:00.000Z,0.7300,0.7300,0.7300,0.7400,735.00,932180.00,trade,false
2026-02-18T07:00:00.000Z,0.7300,0.7300,0.7300,0.7400,1031.00,932982.00,trade,false
2026-02-18T08:00:00.000Z,0.7400,0.7400,0.7300,0.7400,265.00,933247.00,trade,false
2026-02-18T09:00:00.000Z,0.7400,0.7400,0.7300,0.7400,1424.00,934671.00,trade,false
2026-02-18T10:00:00.000Z,0.7300,0.7300,0.7300,0.7400,10.00,934671.00,trade,false
2026-02-18T11:00:00.000Z,0.7400,0.7400,0.7300,0.7400,37.00,934698.00,trade,false
2026-02-18T12:00:00.000Z,0.7400,0.7400,0.7300,0.7400,20.00,934718.00,trade,false
2026-02-18T13:00:00.000Z,0.7400,0.7400,0.7300,0.7400,160.00,934851.00,trade,false
2026-02-18T14:00:00.000Z,0.7400,0.7400,0.7300,0.7400,222.00,935073.00,trade,false
2026-02-18T15:00:00.000Z,0.7400,0.7400,0.7300,0.7400,206.00,935155.00,trade,false
2026-02-18T16:00:00.000Z,0.7400,0.7400,0.7300,0.7400,198.00,935327.00,trade,false
2026-02-18T17:00:00.000Z,0.7400,0.7400,0.7300,0.7400,60.00,935385.00,trade,false
2026-02-18T18:00:00.000Z,0.7400,0.7400,0.7300,0.7400,842.00,936162.00,trade,false
2026-02-18T19:00:00.000Z,0.7400,0.7400,0.7300,0.7400,66.00,936228.00,trade,false
2026-02-18T20:00:00.000Z,0.7400,0.7400,0.7300,0.7400,332.00,936486.00,trade,false
2026-02-18T21:00:00.000Z,0.7400,0.7400,0.7300,0.7400,4685.00,936544.00,trade,false
2026-02-18T22:00:00.000Z,0.7400,0.7400,0.7300,0.7400,158.00,936701.00,trade,false
2026-02-18T23:00:00.000Z,0.7300,0.7300,0.7300,0.7400,252.00,936818.00,trade,false
2026-02-19T00:00:00.000Z,0.7400,0.7400,0.7300,0.7400,155.00,936907.00,trade,false
2026-02-19T01:00:00.000Z,0.7400,0.7400,0.7300,0.7400,1547.00,938301.00,trade,false
2026-02-19T02:00:00.000Z,0.7400,0.7400,0.7300,0.7400,606.00,938894.00,trade,false
2026-02-19T03:00:00.000Z,0.7400,0.7400,0.7300,0.7400,199.00,939073.00,trade,false
2026-02-19T04:00:00.000Z,0.7400,0.7400,0.7300,0.7400,1843.00,940916.00,trade,false
2026-02-19T05:00:00.000Z,0.7400,0.7400,0.7300,0.7400,1129.00,941341.00,trade,false
2026-02-19T06:00:00.000Z,0.7300,0.7300,0.7300,0.7400,596.00,941886.00,trade,false
2026-02-19T07:00:00.000Z,0.7400,0.7400,0.7300,0.7400,700.00,942236.00,trade,false
2026-02-19T08:00:00.000Z,0.7300,0.7300,0.7300,0.7400,184.00,942250.00,trade,false
2026-02-19T09:00:00.000Z,0.7350,,0.7300,0.7400,0.00,942250.00,midpoint,false
2026-02-19T11:00:00.000Z,0.7400,0.7400,0.7300,0.7400,13.00,942263.00,trade,false
2026-02-19T12:00:00.000Z,0.7300,0.7300,0.7300,0.7400,77.00,942269.00,trade,false
2026-02-19T13:00:00.000Z,0.7300,0.7300,0.7300,0.7400,8.00,942270.00,trade,false
2026-02-19T14:00:00.000Z,0.7400,0.7400,0.7300,0.7400,12.00,942281.00,trade,false
2026-02-19T15:00:00.000Z,0.7400,0.7400,0.7300,0.7400,37.00,942312.00,trade,false
2026-02-19T16:00:00.000Z,0.7400,0.7400,0.7300,0.7400,365.00,942559.00,trade,false
2026-02-19T17:00:00.000Z,0.7400,0.7400,0.7300,0.7400,18.00,942577.00,trade,false
2026-02-19T18:00:00.000Z,0.7400,0.7400,0.7300,0.7400,59.00,942620.00,trade,false
2026-02-19T19:00:00.000Z,0.7300,0.7300,0.7300,0.7400,427.00,942934.00,trade,false
2026-02-19T20:00:00.000Z,0.7400,0.7400,0.7300,0.7400,31.00,942964.00,trade,false
2026-02-19T21:00:00.000Z,0.7400,0.7400,0.7300,0.7400,324.00,943288.00,trade,false
2026-02-19T22:00:00.000Z,0.7400,0.7400,0.7300,0.7400,1231.00,944263.00,trade,false
2026-02-19T23:00:00.000Z,0.7400,0.7400,0.7300,0.7400,1377.00,945625.00,trade,false
2026-02-20T00:00:00.000Z,0.7400,0.7400,0.7300,0.7400,199.00,945674.00,trade,false
2026-02-20T01:00:00.000Z,0.7300,0.7300,0.7300,0.7400,331.00,945687.00,trade,false
2026-02-20T02:00:00.000Z,0.7300,0.7300,0.7300,0.7400,228.00,945831.00,trade,false
2026-02-20T03:00:00.000Z,0.7400,0.7400,0.7300,0.7400,128.00,945831.00,trade,false
2026-02-20T04:00:00.000Z,0.7400,0.7400,0.7300,0.7400,619.00,946450.00,trade,false
2026-02-20T05:00:00.000Z,0.7300,0.7300,0.7300,0.7400,450.00,946837.00,trade,false
2026-02-20T06:00:00.000Z,0.7300,0.7300,0.7300,0.7400,202.00,946719.00,trade,false
2026-02-20T07:00:00.000Z,0.7400,0.7400,0.7300,0.7400,1456.00,948017.00,trade,false
2026-02-20T08:00:00.000Z,0.7400,0.7400,0.7300,0.7400,76.00,947971.00,trade,false
2026-02-20T09:00:00.000Z,0.7300,0.7300,0.7300,0.7400,6.00,947965.00,trade,false
2026-02-20T10:00:00.000Z,0.7400,0.7400,0.7300,0.7400,149.00,948110.00,trade,false
2026-02-20T11:00:00.000Z,0.7350,,0.7300,0.7400,0.00,948110.00,midpoint,false
2026-02-20T12:00:00.000Z,0.7400,0.7400,0.7300,0.7400,154.00,948264.00,trade,false
2026-02-20T13:00:00.000Z,0.7400,0.7400,0.7300,0.7400,148.00,948410.00,trade,false
2026-02-20T14:00:00.000Z,0.7300,0.7300,0.7300,0.7400,99.00,948354.00,trade,false
2026-02-20T15:00:00.000Z,0.7400,0.7400,0.7300,0.7400,512.00,948833.00,trade,false
2026-02-20T16:00:00.000Z,0.7300,0.7300,0.7300,0.7400,194.00,948954.00,trade,false
2026-02-20T17:00:00.000Z,0.7400,0.7400,0.7300,0.7400,382.00,949287.00,trade,false
2026-02-20T18:00:00.000Z,0.7400,0.7400,0.7300,0.7400,387.00,949375.00,trade,false
2026-02-20T19:00:00.000Z,0.7300,0.7300,0.7300,0.7400,419.00,949675.00,trade,false
2026-02-20T20:00:00.000Z,0.7400,0.7400,0.7300,0.7400,96.00,949631.00,trade,false
2026-02-20T21:00:00.000Z,0.7400,0.7400,0.7300,0.7400,193.00,949794.00,trade,false
2026-02-20T22:00:00.000Z,0.7400,0.7400,0.7300,0.7400,2485.00,949737.00,trade,false
2026-02-20T23:00:00.000Z,0.7400,0.7400,0.7300,0.7400,397.00,950134.00,trade,false
2026-02-21T00:00:00.000Z,0.7400,0.7400,0.7300,0.7400,76.00,950210.00,trade,false
2026-02-21T01:00:00.000Z,0.7400,0.7400,0.7300,0.7400,342.00,950245.00,trade,false
2026-02-21T02:00:00.000Z,0.7400,0.7400,0.7300,0.7400,845.00,950998.00,trade,false
2026-02-21T03:00:00.000Z,0.7300,0.7300,0.7300,0.7400,79.00,951077.00,trade,false
2026-02-21T04:00:00.000Z,0.7300,0.7300,0.7300,0.7400,1661.00,952732.00,trade,false
2026-02-21T05:00:00.000Z,0.7400,0.7400,0.7300,0.7400,444.00,952994.00,trade,false
2026-02-21T06:00:00.000Z,0.7400,0.7400,0.7300,0.7400,414.00,953408.00,trade,false
2026-02-21T07:00:00.000Z,0.7400,0.7400,0.7300,0.7400,15.00,953416.00,trade,false
2026-02-21T08:00:00.000Z,0.7400,0.7400,0.7300,0.7400,150.00,953506.00,trade,false
2026-02-21T09:00:00.000Z,0.7400,0.7400,0.7300,0.7400,2.00,953508.00,trade,false
2026-02-21T10:00:00.000Z,0.7400,0.7400,0.7300,0.7400,8.00,953516.00,trade,false
2026-02-21T11:00:00.000Z,0.7400,0.7400,0.7300,0.7400,200.00,953716.00,trade,false
2026-02-21T12:00:00.000Z,0.7400,0.7400,0.7300,0.7400,5.00,953721.00,trade,false
2026-02-21T13:00:00.000Z,0.7400,0.7400,0.7300,0.7400,516.00,954237.00,trade,false
2026-02-21T14:00:00.000Z,0.7400,0.7400,0.7300,0.7400,112.00,954349.00,trade,false
2026-02-21T15:00:00.000Z,0.7400,0.7400,0.7300,0.7400,252.00,954601.00,trade,false
2026-02-21T16:00:00.000Z,0.7400,0.7400,0.7300,0.7400,206.00,954687.00,trade,false
2026-02-21T17:00:00.000Z,0.7400,0.7400,0.7300,0.7400,404.00,954944.00,trade,false
2026-02-21T18:00:00.000Z,0.7400,0.7400,0.7300,0.7400,561.00,955505.00,trade,false
2026-02-21T19:00:00.000Z,0.7400,0.7400,0.7300,0.7400,1605.00,957063.00,trade,false
2026-02-21T20:00:00.000Z,0.7400,0.7400,0.7300,0.7400,12668.00,959185.00,trade,false
2026-02-21T21:00:00.000Z,0.7400,0.7400,0.7300,0.7400,288.00,959473.00,trade,false
2026-02-21T22:00:00.000Z,0.7300,0.7300,0.7300,0.7400,159.00,959561.00,trade,false
2026-02-21T23:00:00.000Z,0.7400,0.7400,0.7300,0.7400,308.00,959832.00,trade,false
2026-02-22T00:00:00.000Z,0.7300,0.7300,0.7300,0.7400,71.00,959898.00,trade,false
2026-02-22T01:00:00.000Z,0.7300,0.7300,0.7300,0.7400,349.00,960143.00,trade,false
2026-02-22T02:00:00.000Z,0.7400,0.7400,0.7300,0.7400,251.00,960271.00,trade,false
2026-02-22T03:00:00.000Z,0.7400,0.7400,0.7300,0.7400,10441.00,970681.00,trade,false
2026-02-22T04:00:00.000Z,0.7300,0.7300,0.7300,0.7400,323.00,970964.00,trade,false
2026-02-22T05:00:00.000Z,0.7400,0.7400,0.7300,0.7400,542.00,971424.00,trade,false
2026-02-22T06:00:00.000Z,0.7400,0.7400,0.7300,0.7400,76.00,971498.00,trade,false
2026-02-22T07:00:00.000Z,0.7400,0.7400,0.7300,0.7400,479.00,971977.00,trade,false
2026-02-22T08:00:00.000Z,0.7300,0.7300,0.7300,0.7400,3652.00,975494.00,trade,false
2026-02-22T09:00:00.000Z,0.7300,0.7300,0.7300,0.7400,86.00,975546.00,trade,false
2026-02-22T11:00:00.000Z,0.7400,0.7400,0.7300,0.7400,343.00,975884.00,trade,false
2026-02-22T12:00:00.000Z,0.7400,0.7400,0.7300,0.7400,479.00,975885.00,trade,false
2026-02-22T13:00:00.000Z,0.7300,0.7300,0.7300,0.7400,132.00,976013.00,trade,false
2026-02-22T14:00:00.000Z,0.7400,0.7400,0.7300,0.7400,135.00,976148.00,trade,false
2026-02-22T15:00:00.000Z,0.7400,0.7400,0.7300,0.7400,1366.00,977514.00,trade,false
2026-02-22T16:00:00.000Z,0.7300,0.7300,0.7300,0.7400,20229.00,997685.00,trade,false
2026-02-22T17:00:00.000Z,0.7300,0.7300,0.7300,0.7400,457.00,998099.00,trade,false
2026-02-22T18:00:00.000Z,0.7400,0.7400,0.7300,0.7400,761.00,998860.00,trade,false
2026-02-22T19:00:00.000Z,0.7400,0.7400,0.7300,0.7400,466.00,999162.00,trade,false
2026-02-22T20:00:00.000Z,0.7400,0.7400,0.7300,0.7400,3699.00,1002453.00,trade,false
2026-02-22T21:00:00.000Z,0.7700,0.7700,0.7600,0.7700,24505.00,1025691.00,trade,false
2026-02-22T22:00:00.000Z,0.7700,0.7700,0.7600,0.7700,279.00,1025934.00,trade,false
2026-02-22T23:00:00.000Z,0.7700,0.7700,0.7600,0.7700,4703.00,1029822.00,trade,false
2026-02-23T00:00:00.000Z,0.7800,0.7800,0.7700,0.7800,6665.00,1035096.00,trade,false
2026-02-23T01:00:00.000Z,0.7800,0.7800,0.7700,0.7800,1270.00,1036363.00,trade,false
2026-02-23T02:00:00.000Z,0.7800,0.7800,0.7700,0.7800,8037.00,1044328.00,trade,false
2026-02-23T03:00:00.000Z,0.7800,0.7800,0.7700,0.7800,589.00,1044740.00,trade,false
2026-02-23T04:00:00.000Z,0.7800,0.7800,0.7700,0.7800,1133.00,1045804.00,trade,false
2026-02-23T05:00:00.000Z,0.7800,0.7800,0.7700,0.7800,1095.00,1046847.00,trade,false
2026-02-23T06:00:00.000Z,0.7700,0.7700,0.7700,0.7800,3293.00,1050071.00,trade,false
2026-02-23T07:00:00.000Z,0.7800,0.7800,0.7700,0.7800,35.00,1050092.00,trade,false
2026-02-23T08:00:00.000Z,0.7800,0.7800,0.7700,0.7800,169.00,1050261.00,trade,false
2026-02-23T09:00:00.000Z,0.7800,0.7800,0.7700,0.7800,236.00,1050497.00,trade,false
2026-02-23T10:00:00.000Z,0.7800,0.7800,0.7700,0.7800,314.00,1050811.00,trade,false
2026-02-23T11:00:00.000Z,0.7800,0.7800,0.7700,0.7800,25.00,1050836.00,trade,false
2026-02-23T12:00:00.000Z,0.7800,0.7800,0.7700,0.7800,79.00,1050915.00,trade,false
2026-02-23T13:00:00.000Z,0.7800,0.7800,0.7700,0.7800,85.00,1051000.00,trade,false
2026-02-23T14:00:00.000Z,0.7800,0.7800,0.7700,0.7800,127.00,1051084.00,trade,false
2026-02-23T15:00:00.000Z,0.7700,0.7700,0.7700,0.7800,185.00,1051248.00,trade,false
2026-02-23T16:00:00.000Z,0.7800,0.7800,0.7700,0.7800,44.00,1051290.00,trade,false
2026-02-23T17:00:00.000Z,0.7700,0.7700,0.7700,0.7800,447.00,1051422.00,trade,false
2026-02-23T18:00:00.000Z,0.7800,0.7800,0.7700,0.7800,179.00,1051539.00,trade,false
2026-02-23T19:00:00.000Z,0.7800,0.7800,0.7700,0.7800,4715.00,1055603.00,trade,false
2026-02-23T20:00:00.000Z,0.7800,0.7800,0.7700,0.7800,402.00,1055985.00,trade,false
2026-02-23T21:00:00.000Z,0.7700,0.7700,0.7700,0.7800,1577.00,1057472.00,trade,false
2026-02-23T22:00:00.000Z,0.7800,0.7800,0.7700,0.7800,654.00,1058023.00,trade,false
2026-02-23T23:00:00.000Z,0.7700,0.7700,0.7700,0.7800,346.00,1058102.00,trade,false
2026-02-24T00:00:00.000Z,0.7800,0.7800,0.7700,0.7800,145.00,1058136.00,trade,false
2026-02-24T01:00:00.000Z,0.7800,0.7800,0.7700,0.7800,642.00,1058778.00,trade,false
2026-02-24T02:00:00.000Z,0.7800,0.7800,0.7700,0.7800,491.00,1058911.00,trade,false
2026-02-24T03:00:00.000Z,0.7700,0.7700,0.7700,0.7800,4564.00,1063386.00,trade,false
2026-02-24T04:00:00.000Z,0.7800,0.7800,0.7700,0.7800,3538.00,1066831.00,trade,false
2026-02-24T05:00:00.000Z,0.7800,0.7800,0.7700,0.7800,124.00,1066944.00,trade,false
2026-02-24T06:00:00.000Z,0.7800,0.7800,0.7700,0.7800,1672.00,1068559.00,trade,false
2026-02-24T07:00:00.000Z,0.7700,0.7700,0.7700,0.7800,320.00,1068878.00,trade,false
2026-02-24T08:00:00.000Z,0.7700,0.7700,0.7700,0.7800,22.00,1068878.00,trade,false
2026-02-24T09:00:00.000Z,0.7800,0.7800,0.7700,0.7800,207.00,1069072.00,trade,false
2026-02-24T10:00:00.000Z,0.7700,0.7700,0.7700,0.7800,11.00,1069072.00,trade,false
2026-02-24T11:00:00.000Z,0.7800,0.7800,0.7700,0.7800,18.00,1069090.00,trade,false
2026-02-24T12:00:00.000Z,0.7800,0.7800,0.7700,0.7800,33.00,1069123.00,trade,false
2026-02-24T13:00:00.000Z,0.7800,0.7800,0.7700,0.7800,503.00,1069610.00,trade,false
2026-02-24T14:00:00.000Z,0.7750,,0.7700,0.7800,0.00,1069610.00,midpoint,false
2026-02-24T15:00:00.000Z,0.7700,0.7700,0.7700,0.7800,7026.00,1076626.00,trade,false
2026-02-24T16:00:00.000Z,0.7700,0.7700,0.7700,0.7800,678.00,1076950.00,trade,false
2026-02-24T17:00:00.000Z,0.7800,0.7800,0.7700,0.7800,104.00,1077054.00,trade,false
2026-02-24T18:00:00.000Z,0.7800,0.7800,0.7700,0.7800,273.00,1077190.00,trade,false
2026-02-24T19:00:00.000Z,0.7700,0.7700,0.7700,0.7800,181.00,1077367.00,trade,false
2026-02-24T20:00:00.000Z,0.7800,0.7800,0.7700,0.7800,59.00,1077426.00,trade,false
2026-02-24T21:00:00.000Z,0.7700,0.7700,0.7700,0.7800,140.00,1077488.00,trade,false
2026-02-24T22:00:00.000Z,0.7800,0.7800,0.7700,0.7800,877.00,1078229.00,trade,false
2026-02-24T23:00:00.000Z,0.7700,0.7700,0.7700,0.7800,40.00,1078261.00,trade,false
2026-02-25T00:00:00.000Z,0.7700,0.7700,0.7700,0.7800,100.00,1078355.00,trade,false
2026-02-25T01:00:00.000Z,0.7700,0.7700,0.7700,0.7800,406.00,1078367.00,trade,false
2026-02-25T02:00:00.000Z,0.7800,0.7800,0.7700,0.7800,539.00,1078868.00,trade,false
2026-02-25T03:00:00.000Z,0.7800,0.7800,0.7700,0.7800,192.00,1079014.00,trade,false
2026-02-25T04:00:00.000Z,0.7800,0.7800,0.7700,0.7800,590.00,1079496.00,trade,false
2026-02-25T05:00:00.000Z,0.7800,0.7800,0.7700,0.7800,667.00,1079827.00,trade,false
2026-02-25T06:00:00.000Z,0.7800,0.7800,0.7700,0.7800,1492.00,1081183.00,trade,false
2026-02-25T07:00:00.000Z,0.7800,0.7800,0.7700,0.7800,304.00,1081485.00,trade,false
2026-02-25T08:00:00.000Z,0.7800,0.7800,0.7700,0.7800,844.00,1082329.00,trade,false
2026-02-25T09:00:00.000Z,0.7700,0.7700,0.7700,0.7800,42.00,1082289.00,trade,false
2026-02-25T10:00:00.000Z,0.7800,0.7800,0.7700,0.7800,613.00,1082902.00,trade,false
2026-02-25T11:00:00.000Z,0.7800,0.7800,0.7700,0.7800,356.00,1083217.00,trade,false
2026-02-25T12:00:00.000Z,0.7800,0.7800,0.7700,0.7800,113.00,1083330.00,trade,false
2026-02-25T13:00:00.000Z,0.7800,0.7800,0.7700,0.7800,269.00,1083599.00,trade,false
2026-02-25T14:00:00.000Z,0.7800,0.7800,0.7700,0.7800,63.00,1083642.00,trade,false
2026-02-25T15:00:00.000Z,0.7700,0.7700,0.7700,0.7800,359.00,1083917.00,trade,false
2026-02-25T16:00:00.000Z,0.7800,0.7800,0.7700,0.7800,714.00,1084490.00,trade,false
2026-02-25T17:00:00.000Z,0.7800,0.7800,0.7700,0.7800,84.00,1084534.00,trade,false
2026-02-25T18:00:00.000Z,0.7800,0.7800,0.7700,0.7800,191.00,1084725.00,trade,false
2026-02-25T19:00:00.000Z,0.7700,0.7700,0.7700,0.7800,878.00,1084866.00,trade,false
2026-02-25T20:00:00.000Z,0.7800,0.7800,0.7700,0.7800,135.00,1084959.00,trade,false
2026-02-25T21:00:00.000Z,0.7800,0.7800,0.7700,0.7800,217.00,1085170.00,trade,false
2026-02-25T22:00:00.000Z,0.7800,0.7800,0.7700,0.7800,280.00,1085360.00,trade,false
2026-02-25T23:00:00.000Z,0.7800,0.7800,0.7700,0.7800,964.00,1086084.00,trade,false
2026-02-26T00:00:00.000Z,0.7700,0.7700,0.7700,0.7800,294.00,1086115.00,trade,false
2026-02-26T01:00:00.000Z,0.7700,0.7700,0.7700,0.7800,747.00,1086784.00,trade,false
2026-02-26T02:00:00.000Z,0.7800,0.7800,0.7700,0.7800,115.00,1086840.00,trade,false
2026-02-26T03:00:00.000Z,0.7700,0.7700,0.7700,0.7800,402.00,1086832.00,trade,false
2026-02-26T04:00:00.000Z,0.7800,0.7800,0.7700,0.7800,576.00,1086994.00,trade,false
2026-02-26T05:00:00.000Z,0.7800,0.7800,0.7700,0.7800,631.00,1087125.00,trade,false
2026-02-26T06:00:00.000Z,0.7700,0.7700,0.7700,0.7800,880.00,1087473.00,trade,false
2026-02-26T07:00:00.000Z,0.7800,0.7800,0.7700,0.7800,40.00,1087501.00,trade,false
2026-02-26T08:00:00.000Z,0.7800,0.7800,0.7700,0.7800,34.00,1087535.00,trade,false
2026-02-26T09:00:00.000Z,0.7750,,0.7700,0.7800,0.00,1087535.00,midpoint,false
2026-02-26T10:00:00.000Z,0.7750,,0.7700,0.7800,0.00,1087535.00,midpoint,false
2026-02-26T11:00:00.000Z,0.7800,0.7800,0.7700,0.7800,24.00,1087555.00,trade,false
2026-02-26T12:00:00.000Z,0.7800,0.7800,0.7700,0.7800,8.00,1087563.00,trade,false
2026-02-26T13:00:00.000Z,0.7700,0.7700,0.7700,0.7800,48.00,1087556.00,trade,false
2026-02-26T14:00:00.000Z,0.7800,0.7800,0.7700,0.7800,394.00,1087304.00,trade,false
2026-02-26T15:00:00.000Z,0.7700,0.7700,0.7700,0.7800,38.00,1087322.00,trade,false
2026-02-26T16:00:00.000Z,0.7700,0.7700,0.7700,0.7800,550.00,1086872.00,trade,false
2026-02-26T17:00:00.000Z,0.7700,0.7700,0.7700,0.7800,174.00,1086796.00,trade,false
2026-02-26T18:00:00.000Z,0.7800,0.7800,0.7700,0.7800,861.00,1087383.00,trade,false
2026-02-26T19:00:00.000Z,0.7800,0.7800,0.7700,0.7800,509.00,1087892.00,trade,false
2026-02-26T20:00:00.000Z,0.7800,0.7800,0.7700,0.7800,1969.00,1089596.00,trade,false
2026-02-26T21:00:00.000Z,0.7700,0.7700,0.7700,0.7800,939.00,1090117.00,trade,false
2026-02-26T22:00:00.000Z,0.7700,0.7700,0.7700,0.7800,209.00,1090058.00,trade,false
2026-02-26T23:00:00.000Z,0.7800,0.7800,0.7700,0.7800,250.00,1090044.00,trade,false
2026-02-27T00:00:00.000Z,0.7800,0.7800,0.7700,0.7800,604.00,1090342.00,trade,false
2026-02-27T01:00:00.000Z,0.7700,0.7700,0.7700,0.7800,7.00,1090339.00,trade,false
2026-02-27T02:00:00.000Z,0.7700,0.7700,0.7700,0.7800,589.00,1090852.00,trade,false
2026-02-27T03:00:00.000Z,0.7700,0.7700,0.7700,0.7800,97.00,1090923.00,trade,false
2026-02-27T04:00:00.000Z,0.7700,0.7700,0.7700,0.7800,938.00,1091604.00,trade,false
2026-02-27T05:00:00.000Z,0.7800,0.7800,0.7700,0.7800,705.00,1090973.00,trade,false
2026-02-27T06:00:00.000Z,0.7800,0.7800,0.7700,0.7800,86.00,1091055.00,trade,false
2026-02-27T07:00:00.000Z,0.7800,0.7800,0.7700,0.7800,775.00,1091746.00,trade,false
2026-02-27T08:00:00.000Z,0.7800,0.7800,0.7700,0.7800,800.00,1092539.00,trade,false
2026-02-27T09:00:00.000Z,0.7700,0.7700,0.7700,0.7800,18.00,1092533.00,trade,false
2026-02-27T10:00:00.000Z,0.7800,0.7800,0.7700,0.7800,126.00,1092659.00,trade,false
2026-02-27T11:00:00.000Z,0.7750,,0.7700,0.7800,0.00,1092659.00,midpoint,false
2026-02-27T12:00:00.000Z,0.7800,0.7800,0.7700,0.7800,1.00,1092660.00,trade,false
2026-02-27T13:00:00.000Z,0.7800,0.7800,0.7700,0.7800,359.00,1092639.00,trade,false
2026-02-27T14:00:00.000Z,0.7800,0.7800,0.7700,0.7800,11.00,1092650.00,trade,false
2026-02-27T15:00:00.000Z,0.7700,0.7700,0.7600,0.7700,1588.00,1093749.00,trade,false
2026-02-27T16:00:00.000Z,0.7600,0.7600,0.7600,0.7700,100.00,1093774.00,trade,false
2026-02-27T17:00:00.000Z,0.7700,0.7700,0.7600,0.7700,91.00,1093845.00,trade,false
2026-02-27T18:00:00.000Z,0.7700,0.7700,0.7600,0.7700,133.00,1093976.00,trade,false
2026-02-27T19:00:00.000Z,0.7700,0.7700,0.7600,0.7700,763.00,1094739.00,trade,false
2026-02-27T20:00:00.000Z,0.7700,0.7700,0.7600,0.7700,842.00,1095431.00,trade,false
2026-02-27T21:00:00.000Z,0.7600,0.7600,0.7500,0.7600,24541.00,1104063.00,trade,false
2026-02-27T22:00:00.000Z,0.7500,0.7500,0.7500,0.7600,674.00,1104037.00,trade,false
2026-02-27T23:00:00.000Z,0.7600,0.7600,0.7500,0.7600,1420.00,1104029.00,trade,false
2026-02-28T00:00:00.000Z,0.7600,0.7600,0.7500,0.7600,604.00,1104020.00,trade,false
2026-02-28T01:00:00.000Z,0.7550,,0.7500,0.7600,0.00,1104020.00,midpoint,false
2026-02-28T02:00:00.000Z,0.7600,0.7600,0.7500,0.7600,63.00,1104018.00,trade,false
2026-02-28T03:00:00.000Z,0.7500,0.7500,0.7500,0.7600,640.00,1103789.00,trade,false
2026-02-28T04:00:00.000Z,0.7600,0.7600,0.7500,0.7600,65.00,1103764.00,trade,false
2026-02-28T05:00:00.000Z,0.7600,0.7600,0.7500,0.7600,54.00,1103764.00,trade,false
2026-02-28T06:00:00.000Z,0.7500,0.7500,0.7400,0.7500,3496.00,1103643.00,trade,false
2026-02-28T07:00:00.000Z,0.7400,0.7400,0.7400,0.7500,27.00,1103649.00,trade,false
2026-02-28T08:00:00.000Z,0.7400,0.7400,0.7400,0.7500,2835.00,1102158.00,trade,false
2026-02-28T09:00:00.000Z,0.7500,0.7500,0.7400,0.7500,172.00,1102294.00,trade,false
2026-02-28T10:00:00.000Z,0.7500,0.7500,0.7400,0.7500,6.00,1102300.00,trade,false
2026-02-28T11:00:00.000Z,0.7500,0.7500,0.7400,0.7500,113.00,1102313.00,trade,false
2026-02-28T12:00:00.000Z,0.7500,0.7500,0.7400,0.7500,10.00,1102323.00,trade,false
2026-02-28T13:00:00.000Z,0.7400,0.7400,0.7400,0.7500,1.00,1102322.00,trade,false
2026-02-28T14:00:00.000Z,0.7500,0.7500,0.7400,0.7500,59.00,1102381.00,trade,false
2026-02-28T15:00:00.000Z,0.7500,0.7500,0.7400,0.7500,116.00,1102495.00,trade,false
2026-02-28T16:00:00.000Z,0.7500,0.7500,0.7400,0.7500,15409.00,1100306.00,trade,false
2026-02-28T17:00:00.000Z,0.7500,0.7500,0.7400,0.7500,1749.00,1100620.00,trade,false
2026-02-28T18:00:00.000Z,0.7400,0.7400,0.7400,0.7500,5346.00,1102329.00,trade,false
2026-02-28T19:00:00.000Z,0.7600,0.7600,0.7500,0.7600,2063.00,1104135.00,trade,false
2026-02-28T20:00:00.000Z,0.7600,0.7600,0.7500,0.7600,445.00,1104534.00,trade,false
2026-02-28T21:00:00.000Z,0.7600,0.7600,0.7500,0.7600,285.00,1104444.00,trade,false
2026-02-28T22:00:00.000Z,0.7600,0.7600,0.7500,0.7600,10284.00,1113034.00,trade,false
2026-02-28T23:00:00.000Z,0.7500,0.7500,0.7500,0.7600,123.00,1113071.00,trade,false
2026-03-01T00:00:00.000Z,0.7700,0.7700,0.7500,0.7700,260.00,1113321.00,trade,false
2026-03-01T01:00:00.000Z,0.7600,0.7600,0.7500,0.7600,1534.00,1114842.00,trade,false
2026-03-01T02:00:00.000Z,0.7600,0.7600,0.7500,0.7600,142.00,1114970.00,trade,false
2026-03-01T03:00:00.000Z,0.7600,0.7600,0.7500,0.7600,168.00,1115090.00,trade,false
2026-03-01T04:00:00.000Z,0.7600,0.7600,0.7500,0.7600,3565.00,1118399.00,trade,false
2026-03-01T05:00:00.000Z,0.7600,0.7600,0.7500,0.7600,15382.00,1132788.00,trade,false
2026-03-01T06:00:00.000Z,0.7400,0.7400,0.7400,0.7500,852.00,1133288.00,trade,false
2026-03-01T07:00:00.000Z,0.8900,0.8900,0.8800,0.8900,130392.00,1196191.00,trade,false
2026-03-01T08:00:00.000Z,0.8900,0.8900,0.8800,0.8900,13788.00,1209509.00,trade,false
2026-03-01T09:00:00.000Z,0.8900,0.8900,0.8800,0.8900,5.00,1209509.00,trade,false
2026-03-01T10:00:00.000Z,0.8800,0.8800,0.8700,0.8800,309.00,1209378.00,trade,false
2026-03-01T11:00:00.000Z,0.8800,0.8800,0.8700,0.8800,30.00,1209402.00,trade,false
2026-03-01T12:00:00.000Z,0.8700,0.8700,0.8700,0.8800,125.00,1209412.00,trade,false
2026-03-01T13:00:00.000Z,0.8800,0.8800,0.8700,0.8800,151.00,1209414.00,trade,false
2026-03-01T14:00:00.000Z,0.8800,0.8800,0.8700,0.8800,109.00,1209464.00,trade,false
2026-03-01T15:00:00.000Z,0.8700,0.8700,0.8700,0.8800,504.00,1209936.00,trade,false
2026-03-01T16:00:00.000Z,0.8800,0.8800,0.8700,0.8800,2290.00,1210673.00,trade,false
2026-03-01T17:00:00.000Z,0.8700,0.8700,0.8700,0.8800,837.00,1211330.00,trade,false
2026-03-01T18:00:00.000Z,0.8700,0.8700,0.8700,0.8800,339.00,1211589.00,trade,false
2026-03-01T19:00:00.000Z,0.8700,0.8700,0.8600,0.8700,9512.00,1219766.00,trade,false
2026-03-01T20:00:00.000Z,0.8600,0.8600,0.8500,0.8600,6200.00,1219924.00,trade,false
2026-03-01T21:00:00.000Z,0.8500,0.8500,0.8500,0.8600,1521.00,1219924.00,trade,false
2026-03-01T22:00:00.000Z,0.8600,0.8600,0.8500,0.8600,375.00,1219967.00,trade,false
2026-03-01T23:00:00.000Z,0.8500,0.8500,0.8500,0.8600,1232.00,1220006.00,trade,false
2026-03-02T00:00:00.000Z,0.8600,0.8600,0.8500,0.8600,868.00,1219960.00,trade,false
2026-03-02T01:00:00.000Z,0.8500,0.8500,0.8500,0.8600,902.00,1219991.00,trade,false
2026-03-02T02:00:00.000Z,0.8500,0.8500,0.8500,0.8600,540.00,1220336.00,trade,false
2026-03-02T03:00:00.000Z,0.8400,0.8400,0.8400,0.8500,20163.00,1219706.00,trade,false
2026-03-02T04:00:00.000Z,0.8000,0.8000,0.8000,0.8100,17135.00,1220743.00,trade,false
2026-03-02T05:00:00.000Z,0.8100,0.8100,0.8000,0.8100,4386.00,1223828.00,trade,false
2026-03-02T06:00:00.000Z,0.8000,0.8000,0.8000,0.8100,6897.00,1229961.00,trade,false
2026-03-02T07:00:00.000Z,0.8100,0.8100,0.8100,0.8200,2065.00,1231394.00,trade,false
2026-03-02T08:00:00.000Z,0.8100,0.8100,0.8100,0.8200,11640.00,1242934.00,trade,false
2026-03-02T09:00:00.000Z,0.8200,0.8200,0.8100,0.8200,214.00,1243097.00,trade,false
2026-03-02T10:00:00.000Z,0.8100,0.8100,0.8100,0.8200,222.00,1243239.00,trade,false
2026-03-02T11:00:00.000Z,0.8200,0.8200,0.8100,0.8200,2.00,1243239.00,trade,false
2026-03-02T12:00:00.000Z,0.8100,0.8100,0.8100,0.8200,235.00,1243132.00,trade,false
2026-03-02T13:00:00.000Z,0.8200,0.8200,0.8100,0.8200,453.00,1243565.00,trade,false
2026-03-02T14:00:00.000Z,0.8200,0.8200,0.8100,0.8200,343.00,1243623.00,trade,false
2026-03-02T15:00:00.000Z,0.8100,0.8100,0.8100,0.8200,1584.00,1243606.00,trade,false
2026-03-02T16:00:00.000Z,0.8000,0.8000,0.8000,0.8100,5222.00,1243476.00,trade,false
2026-03-02T17:00:00.000Z,0.7900,0.7900,0.7900,0.8000,16283.00,1243275.00,trade,false
2026-03-02T18:00:00.000Z,0.8000,0.8000,0.7900,0.8000,456.00,1243556.00,trade,false
2026-03-02T19:00:00.000Z,0.8000,0.8000,0.7900,0.8000,1675.00,1245215.00,trade,false
2026-03-02T20:00:00.000Z,0.7900,0.7900,0.7900,0.8000,350.00,1245525.00,trade,false
2026-03-02T21:00:00.000Z,0.8000,0.8000,0.7900,0.8000,290.00,1245771.00,trade,false
2026-03-02T22:00:00.000Z,0.8000,0.8000,0.7900,0.8000,537.00,1246259.00,trade,false
2026-03-02T23:00:00.000Z,0.7900,0.7900,0.7900,0.8000,152.00,1246400.00,trade,false
2026-03-03T00:00:00.000Z,0.8000,0.8000,0.7900,0.8000,152.00,1246400.00,trade,false
2026-03-03T01:00:00.000Z,0.8000,0.8000,0.7900,0.8000,554.00,1246862.00,trade,false
2026-03-03T02:00:00.000Z,0.8000,0.8000,0.7900,0.8000,508.00,1247130.00,trade,false
2026-03-03T03:00:00.000Z,0.8000,0.8000,0.7900,0.8000,349.00,1247400.00,trade,false
2026-03-03T04:00:00.000Z,0.8000,0.8000,0.7900,0.8000,1069.00,1248414.00,trade,false
2026-03-03T05:00:00.000Z,0.8000,0.8000,0.7900,0.8000,235.00,1248496.00,trade,false
2026-03-03T06:00:00.000Z,0.8000,0.8000,0.7900,0.8000,1856.00,1249756.00,trade,false
2026-03-03T07:00:00.000Z,0.8000,0.8000,0.7900,0.8000,51.00,1249764.00,trade,false
2026-03-03T08:00:00.000Z,0.8000,0.8000,0.7900,0.8000,293.00,1249777.00,trade,false
2026-03-03T09:00:00.000Z,0.7900,0.7900,0.7900,0.8000,51.00,1249799.00,trade,false
2026-03-03T10:00:00.000Z,0.8000,0.8000,0.7900,0.8000,42.00,1249841.00,trade,false
2026-03-03T11:00:00.000Z,0.7950,,0.7900,0.8000,0.00,1249841.00,midpoint,false
2026-03-03T12:00:00.000Z,0.8000,0.8000,0.7900,0.8000,25.00,1249866.00,trade,false
2026-03-03T13:00:00.000Z,0.8000,0.8000,0.7900,0.8000,1356.00,1251213.00,trade,false
2026-03-03T14:00:00.000Z,0.8000,0.8000,0.7900,0.8000,10185.00,1260809.00,trade,false
2026-03-03T15:00:00.000Z,0.8000,0.8000,0.7900,0.8000,1805.00,1259936.00,trade,false
2026-03-03T16:00:00.000Z,0.8000,0.8000,0.7900,0.8000,383.00,1260197.00,trade,false
2026-03-03T17:00:00.000Z,0.7900,0.7900,0.7900,0.8000,480.00,1260480.00,trade,false
2026-03-03T18:00:00.000Z,0.8000,0.8000,0.7900,0.8000,677.00,1260765.00,trade,false
2026-03-03T19:00:00.000Z,0.7900,0.7900,0.7900,0.8000,255.00,1260866.00,trade,false
2026-03-03T20:00:00.000Z,0.8000,0.8000,0.7900,0.8000,882.00,1261337.00,trade,false
2026-03-03T21:00:00.000Z,0.7800,0.7800,0.7800,0.7900,3900.00,1260587.00,trade,false
2026-03-03T22:00:00.000Z,0.7800,0.7800,0.7700,0.7800,1151.00,1261508.00,trade,false
2026-03-03T23:00:00.000Z,0.7700,0.7700,0.7700,0.7800,443.00,1261777.00,trade,false
2026-03-04T00:00:00.000Z,0.7700,0.7700,0.7700,0.7800,840.00,1262530.00,trade,false
2026-03-04T01:00:00.000Z,0.7800,0.7800,0.7700,0.7800,1214.00,1263744.00,trade,false
2026-03-04T02:00:00.000Z,0.7800,0.7800,0.7700,0.7800,476.00,1264208.00,trade,false
2026-03-04T03:00:00.000Z,0.7800,0.7800,0.7700,0.7800,2509.00,1266612.00,trade,false
2026-03-04T04:00:00.000Z,0.7800,0.7800,0.7700,0.7800,3288.00,1269297.00,trade,false
2026-03-04T05:00:00.000Z,0.7800,0.7800,0.7700,0.7800,368.00,1269644.00,trade,false
2026-03-04T06:00:00.000Z,0.7800,0.7800,0.7700,0.7800,1662.00,1269873.00,trade,false
2026-03-04T07:00:00.000Z,0.7800,0.7800,0.7700,0.7800,929.00,1270802.00,trade,false
2026-03-04T08:00:00.000Z,0.7700,0.7700,0.7700,0.7800,26.00,1270828.00,trade,false
2026-03-04T09:00:00.000Z,0.7800,0.7800,0.7700,0.7800,63.00,1270891.00,trade,false
2026-03-04T10:00:00.000Z,0.7800,0.7800,0.7700,0.7800,883.00,1271774.00,trade,false
2026-03-04T11:00:00.000Z,0.7800,0.7800,0.7800,0.7900,11004.00,1271133.00,trade,false
2026-03-04T12:00:00.000Z,0.7700,0.7700,0.7700,0.7900,1459.00,1270560.00,trade,false
2026-03-04T13:00:00.000Z,0.7800,0.7800,0.7700,0.7900,40.00,1270566.00,trade,false
2026-03-04T14:00:00.000Z,0.7700,0.7700,0.7700,0.7900,324.00,1270847.00,trade,false
2026-03-04T15:00:00.000Z,0.7900,0.7900,0.7700,0.7900,294.00,1271097.00,trade,false
2026-03-04T16:00:00.000Z,0.7900,0.7900,0.7800,0.7900,431.00,1271094.00,trade,false
2026-03-04T17:00:00.000Z,0.7800,0.7800,0.7700,0.7800,3669.00,1274145.00,trade,false
2026-03-04T18:00:00.000Z,0.7700,0.7700,0.7700,0.7800,411.00,1274494.00,trade,false
2026-03-04T19:00:00.000Z,0.7700,0.7700,0.7700,0.7800,245.00,1274708.00,trade,false
2026-03-04T20:00:00.000Z,0.7800,0.7800,0.7700,0.7800,239.00,1274919.00,trade,false
2026-03-04T21:00:00.000Z,0.7800,0.7800,0.7700,0.7800,335.00,1275090.00,trade,false
2026-03-04T22:00:00.000Z,0.7800,0.7800,0.7700,0.7800,164.00,1275118.00,trade,false
2026-03-04T23:00:00.000Z,0.7800,0.7800,0.7700,0.7800,1032.00,1276130.00,trade,false
2026-03-05T00:00:00.000Z,0.7700,0.7700,0.7700,0.7800,572.00,1276696.00,trade,false
2026-03-05T01:00:00.000Z,0.7800,0.7800,0.7700,0.7800,318.00,1276993.00,trade,false
2026-03-05T02:00:00.000Z,0.7700,0.7700,0.7700,0.7800,243.00,1277194.00,trade,false
2026-03-05T03:00:00.000Z,0.7700,0.7700,0.7700,0.7800,451.00,1277638.00,trade,false
2026-03-05T04:00:00.000Z,0.7800,0.7800,0.7700,0.7800,1201.00,1278813.00,trade,false
2026-03-05T05:00:00.000Z,0.7700,0.7700,0.7700,0.7800,149.00,1278910.00,trade,false
2026-03-05T06:00:00.000Z,0.7700,0.7700,0.7700,0.7800,202.00,1279111.00,trade,false
2026-03-05T07:00:00.000Z,0.7800,0.7800,0.7700,0.7800,1093.00,1279092.00,trade,false
2026-03-05T08:00:00.000Z,0.7700,0.7700,0.7700,0.7800,580.00,1279592.00,trade,false
2026-03-05T10:00:00.000Z,0.7750,,0.7700,0.7800,0.00,1279592.00,midpoint,false
2026-03-05T11:00:00.000Z,0.7800,0.7800,0.7700,0.7800,81.00,1279673.00,trade,false
2026-03-05T12:00:00.000Z,0.7800,0.7800,0.7700,0.7800,607.00,1279650.00,trade,false
2026-03-05T13:00:00.000Z,0.7700,0.7700,0.7700,0.7800,125.00,1279673.00,trade,false
2026-03-05T14:00:00.000Z,0.7800,0.7800,0.7700,0.7800,358.00,1280028.00,trade,false
2026-03-05T15:00:00.000Z,0.7800,0.7800,0.7700,0.7800,464.00,1280474.00,trade,false
2026-03-05T16:00:00.000Z,0.7800,0.7800,0.7700,0.7800,2019.00,1282291.00,trade,false
2026-03-05T17:00:00.000Z,0.7700,0.7700,0.7700,0.7800,887.00,1283081.00,trade,false
2026-03-05T18:00:00.000Z,0.7800,0.7800,0.7700,0.7800,1134.00,1284215.00,trade,false
2026-03-05T19:00:00.000Z,0.7800,0.7800,0.7700,0.7800,2818.00,1286967.00,trade,false
2026-03-05T20:00:00.000Z,0.7700,0.7700,0.7700,0.7800,1214.00,1288057.00,trade,false
2026-03-05T21:00:00.000Z,0.7800,0.7800,0.7700,0.7800,423.00,1288442.00,trade,false
2026-03-05T22:00:00.000Z,0.7700,0.7700,0.7700,0.7800,3372.00,1291744.00,trade,false
2026-03-05T23:00:00.000Z,0.7800,0.7800,0.7700,0.7800,465.00,1292177.00,trade,false
2026-03-06T00:00:00.000Z,0.7800,0.7800,0.7700,0.7800,1670.00,1293803.00,trade,false
2026-03-06T01:00:00.000Z,0.7700,0.7700,0.7700,0.7800,127.00,1293902.00,trade,false
2026-03-06T02:00:00.000Z,0.7800,0.7800,0.7700,0.7800,340.00,1294184.00,trade,false
2026-03-06T03:00:00.000Z,0.7800,0.7800,0.7700,0.7800,3036.00,1297051.00,trade,false
2026-03-06T04:00:00.000Z,0.7800,0.7800,0.7700,0.7800,144.00,1297183.00,trade,false
2026-03-06T05:00:00.000Z,0.7800,0.7800,0.7700,0.7800,1751.00,1298875.00,trade,false
2026-03-06T06:00:00.000Z,0.7800,0.7800,0.7700,0.7800,5.00,1298879.00,trade,false
2026-03-06T07:00:00.000Z,0.7700,0.7700,0.7700,0.7800,168.00,1298946.00,trade,false
2026-03-06T08:00:00.000Z,0.7800,0.7800,0.7700,0.7800,16987.00,1299120.00,trade,false
2026-03-06T09:00:00.000Z,0.7800,0.7800,0.7700,0.7800,17.00,1299137.00,trade,false
2026-03-06T10:00:00.000Z,0.7800,0.7800,0.7700,0.7800,299.00,1299436.00,trade,false
2026-03-06T11:00:00.000Z,0.7750,,0.7700,0.7800,0.00,1299436.00,midpoint,false
2026-03-06T12:00:00.000Z,0.7600,0.7600,0.7600,0.7700,950.00,1299994.00,trade,false
2026-03-06T13:00:00.000Z,0.7700,0.7700,0.7600,0.7700,2.00,1299996.00,trade,false
2026-03-06T14:00:00.000Z,0.7700,0.7700,0.7600,0.7700,534.00,1300509.00,trade,false
2026-03-06T15:00:00.000Z,0.7600,0.7600,0.7500,0.7600,3878.00,1301962.00,trade,false
2026-03-06T16:00:00.000Z,0.7500,0.7500,0.7500,0.7600,71.00,1301991.00,trade,false
2026-03-06T17:00:00.000Z,0.7500,0.7500,0.7500,0.7600,1104.00,1302947.00,trade,false
2026-03-06T18:00:00.000Z,0.7400,0.7400,0.7400,0.7500,5722.00,1306365.00,trade,false
2026-03-06T19:00:00.000Z,0.7500,0.7500,0.7400,0.7500,9199.00,1314557.00,trade,false
2026-03-06T20:00:00.000Z,0.7400,0.7400,0.7300,0.7400,11619.00,1315992.00,trade,false
2026-03-06T21:00:00.000Z,0.7400,0.7400,0.7300,0.7400,13991.00,1315952.00,trade,false
2026-03-06T22:00:00.000Z,0.7400,0.7400,0.7300,0.7400,213.00,1315952.00,trade,false
2026-03-06T23:00:00.000Z,0.7300,0.7300,0.7300,0.7400,298.00,1316079.00,trade,false
2026-03-07T00:00:00.000Z,0.7300,0.7300,0.7200,0.7300,10163.00,1325013.00,trade,false
2026-03-07T01:00:00.000Z,0.7300,0.7300,0.7200,0.7300,15491.00,1326418.00,trade,false
2026-03-07T02:00:00.000Z,0.7300,0.7300,0.7200,0.7300,873.00,1326095.00,trade,false
2026-03-07T03:00:00.000Z,0.7300,0.7300,0.7200,0.7300,79.00,1326169.00,trade,false
2026-03-07T04:00:00.000Z,0.7300,0.7300,0.7200,0.7300,750.00,1326659.00,trade,false
2026-03-07T05:00:00.000Z,0.7300,0.7300,0.7200,0.7300,1738.00,1328322.00,trade,false
2026-03-07T06:00:00.000Z,0.7300,0.7300,0.7200,0.7300,1364.00,1329686.00,trade,false
2026-03-07T07:00:00.000Z,0.7300,0.7300,0.7200,0.7300,639.00,1330306.00,trade,false
2026-03-07T08:00:00.000Z,0.7300,0.7300,0.7200,0.7300,762.00,1331040.00,trade,false
2026-03-07T09:00:00.000Z,0.7300,0.7300,0.7200,0.7300,160.00,1331094.00,trade,false
2026-03-07T10:00:00.000Z,0.7300,0.7300,0.7200,0.7300,47.00,1331140.00,trade,false
2026-03-07T11:00:00.000Z,0.7200,0.7200,0.7200,0.7300,27.00,1331141.00,trade,false
2026-03-07T12:00:00.000Z,0.7300,0.7300,0.7200,0.7300,6.00,1331147.00,trade,false
2026-03-07T13:00:00.000Z,0.7300,0.7300,0.7200,0.7300,134.00,1331181.00,trade,false
2026-03-07T14:00:00.000Z,0.7300,0.7300,0.7200,0.7300,32478.00,1344094.00,trade,false
2026-03-07T15:00:00.000Z,0.7300,0.7300,0.7200,0.7300,322.00,1344097.00,trade,false
2026-03-07T16:00:00.000Z,0.7400,0.7400,0.7300,0.7400,27671.00,1370624.00,trade,false
2026-03-07T17:00:00.000Z,0.7400,0.7400,0.7300,0.7400,583.00,1370596.00,trade,false
2026-03-07T18:00:00.000Z,0.7400,0.7400,0.7300,0.7400,1065.00,1370726.00,trade,false
2026-03-07T19:00:00.000Z,0.7400,0.7400,0.7300,0.7400,1020.00,1371623.00,trade,false
2026-03-07T20:00:00.000Z,0.7400,0.7400,0.7300,0.7400,46.00,1371668.00,trade,false
2026-03-07T21:00:00.000Z,0.7400,0.7400,0.7300,0.7400,180.00,1371848.00,trade,false
2026-03-07T22:00:00.000Z,0.7400,0.7400,0.7300,0.7400,3394.00,1375237.00,trade,false
2026-03-07T23:00:00.000Z,0.7300,0.7300,0.7300,0.7400,163.00,1375181.00,trade,false
2026-03-08T00:00:00.000Z,0.7400,0.7400,0.7300,0.7400,129.00,1375246.00,trade,false
2026-03-08T01:00:00.000Z,0.7300,0.7300,0.7300,0.7400,1244.00,1374805.00,trade,false
2026-03-08T02:00:00.000Z,0.7400,0.7400,0.7300,0.7400,1845.00,1376650.00,trade,false
2026-03-08T03:00:00.000Z,0.7400,0.7400,0.7400,0.7500,27955.00,1403991.00,trade,false
2026-03-08T04:00:00.000Z,0.7300,0.7300,0.7300,0.7400,173.00,1404023.00,trade,false
2026-03-08T05:00:00.000Z,0.7300,0.7300,0.7300,0.7400,403.00,1404354.00,trade,false
2026-03-08T06:00:00.000Z,0.7400,0.7400,0.7300,0.7400,1439.00,1405710.00,trade,false
2026-03-08T07:00:00.000Z,0.7400,0.7400,0.7300,0.7400,300.00,1405741.00,trade,false
2026-03-08T08:00:00.000Z,0.7500,0.7500,0.7300,0.7500,304.00,1406045.00,trade,false
2026-03-08T09:00:00.000Z,0.7500,0.7500,0.7300,0.7500,647.00,1406692.00,trade,false
2026-03-08T10:00:00.000Z,0.7500,0.7500,0.7300,0.7500,252.00,1406944.00,trade,false
2026-03-08T11:00:00.000Z,0.7300,0.7300,0.7300,0.7400,554.00,1407456.00,trade,false
2026-03-08T12:00:00.000Z,0.7500,0.7500,0.7300,0.7400,275.00,1407410.00,trade,false
2026-03-08T13:00:00.000Z,0.7400,0.7400,0.7300,0.7400,4562.00,1406269.00,trade,false
2026-03-08T14:00:00.000Z,0.7400,0.7400,0.7300,0.7400,140.00,1406300.00,trade,false
2026-03-08T15:00:00.000Z,0.7500,0.7500,0.7300,0.7400,141.00,1406387.00,trade,false
2026-03-08T16:00:00.000Z,0.7300,0.7300,0.7200,0.7300,1086.00,1407446.00,trade,false
2026-03-08T17:00:00.000Z,0.7500,0.7500,0.7300,0.7500,1412.00,1408708.00,trade,false
2026-03-08T18:00:00.000Z,0.7500,0.7500,0.7300,0.7400,953.00,1409530.00,trade,false
2026-03-08T19:00:00.000Z,0.7400,0.7400,0.7300,0.7400,1067.00,1410288.00,trade,false
2026-03-08T20:00:00.000Z,0.7400,0.7400,0.7300,0.7400,721.00,1410924.00,trade,false
2026-03-08T21:00:00.000Z,0.7400,0.7400,0.7300,0.7400,846.00,1411630.00,trade,false
2026-03-08T22:00:00.000Z,0.7400,0.7400,0.7300,0.7400,1004.00,1412576.00,trade,false
2026-03-08T23:00:00.000Z,0.7500,0.7500,0.7400,0.7500,1425.00,1413998.00,trade,false
2026-03-09T00:00:00.000Z,0.7500,0.7500,0.7400,0.7500,154.00,1413937.00,trade,false
2026-03-09T01:00:00.000Z,0.7500,0.7500,0.7400,0.7500,785.00,1414458.00,trade,false
2026-03-09T02:00:00.000Z,0.7500,0.7500,0.7400,0.7500,852.00,1415219.00,trade,false
2026-03-09T03:00:00.000Z,0.7400,0.7400,0.7400,0.7500,730.00,1415239.00,trade,false
2026-03-09T04:00:00.000Z,0.7500,0.7500,0.7400,0.7500,101.00,1415324.00,trade,false
2026-03-09T05:00:00.000Z,0.7400,0.7400,0.7400,0.7500,1163.00,1415509.00,trade,false
2026-03-09T06:00:00.000Z,0.7400,0.7400,0.7400,0.7500,302.00,1415639.00,trade,false
2026-03-09T07:00:00.000Z,0.7500,0.7500,0.7400,0.7500,391.00,1416013.00,trade,false
2026-03-09T08:00:00.000Z,0.7500,0.7500,0.7400,0.7500,72.00,1416085.00,trade,false
2026-03-09T09:00:00.000Z,0.7500,0.7500,0.7400,0.7500,25.00,1416110.00,trade,false
2026-03-09T10:00:00.000Z,0.7500,0.7500,0.7400,0.7500,13.00,1416123.00,trade,false
2026-03-09T11:00:00.000Z,0.7500,0.7500,0.7400,0.7500,13.00,1416134.00,trade,false
2026-03-09T12:00:00.000Z,0.7500,0.7500,0.7400,0.7500,3.00,1416135.00,trade,false
2026-03-09T13:00:00.000Z,0.7500,0.7500,0.7400,0.7500,73.00,1416208.00,trade,false
2026-03-09T14:00:00.000Z,0.7400,0.7400,0.7400,0.7500,188.00,1416261.00,trade,false
2026-03-09T15:00:00.000Z,0.7400,0.7400,0.7400,0.7500,12511.00,1427327.00,trade,false
2026-03-09T16:00:00.000Z,0.7400,0.7400,0.7400,0.7500,749.00,1428076.00,trade,false
2026-03-09T17:00:00.000Z,0.7500,0.7500,0.7400,0.7500,248.00,1428324.00,trade,false
2026-03-09T18:00:00.000Z,0.7500,0.7500,0.7400,0.7500,1722.00,1429533.00,trade,false
2026-03-09T19:00:00.000Z,0.7400,0.7400,0.7400,0.7500,129.00,1429640.00,trade,false
2026-03-09T20:00:00.000Z,0.7500,0.7500,0.7400,0.7500,1685.00,1431325.00,trade,false
2026-03-09T21:00:00.000Z,0.7500,0.7500,0.7400,0.7500,514.00,1431671.00,trade,false
2026-03-09T22:00:00.000Z,0.7500,0.7500,0.7400,0.7500,307.00,1431967.00,trade,false
2026-03-09T23:00:00.000Z,0.7500,0.7500,0.7400,0.7500,1426.00,1433343.00,trade,false
2026-03-10T00:00:00.000Z,0.7500,0.7500,0.7400,0.7500,759.00,1434088.00,trade,false
2026-03-10T01:00:00.000Z,0.7400,0.7400,0.7300,0.7400,5601.00,1435004.00,trade,false
2026-03-10T02:00:00.000Z,0.7400,0.7400,0.7300,0.7400,877.00,1434916.00,trade,false
2026-03-10T03:00:00.000Z,0.7400,0.7400,0.7300,0.7400,374.00,1435171.00,trade,false
2026-03-10T04:00:00.000Z,0.7300,0.7300,0.7300,0.7400,551.00,1435690.00,trade,false
2026-03-10T05:00:00.000Z,0.7300,0.7300,0.7300,0.7400,446.00,1435960.00,trade,false
2026-03-10T06:00:00.000Z,0.7400,0.7400,0.7300,0.7400,122.00,1436076.00,trade,false
2026-03-10T07:00:00.000Z,0.7400,0.7400,0.7300,0.7400,82.00,1436103.00,trade,false
2026-03-10T08:00:00.000Z,0.7400,0.7400,0.7300,0.7400,2706.00,1436509.00,trade,false
2026-03-10T09:00:00.000Z,0.7400,0.7400,0.7300,0.7400,1.00,1436509.00,trade,false
2026-03-10T10:00:00.000Z,0.7400,0.7400,0.7300,0.7400,92.00,1436509.00,trade,false
2026-03-10T11:00:00.000Z,0.7400,0.7400,0.7300,0.7400,173.00,1436509.00,trade,false
2026-03-10T12:00:00.000Z,0.7400,0.7400,0.7300,0.7400,770.00,1436509.00,trade,false
2026-03-10T13:00:00.000Z,0.7400,0.7400,0.7300,0.7400,3049.00,1436509.00,trade,false
2026-03-10T14:00:00.000Z,0.7400,0.7400,0.7300,0.7400,34.00,1436509.00,trade,false
2026-03-10T15:00:00.000Z,0.7300,0.7300,0.7300,0.7400,470.00,1436359.00,trade,false
2026-03-10T16:00:00.000Z,0.7400,0.7400,0.7300,0.7400,654.00,1436321.00,trade,false
2026-03-10T17:00:00.000Z,0.7400,0.7400,0.7300,0.7400,755.00,1436540.00,trade,false
2026-03-10T18:00:00.000Z,0.7500,0.7500,0.7500,0.7600,106449.00,1518104.00,trade,false
2026-03-10T19:00:00.000Z,0.7700,0.7700,0.7600,0.7700,2928.00,1520970.00,trade,false
2026-03-10T20:00:00.000Z,0.7500,0.7500,0.7500,0.7600,1255.00,1521516.00,trade,false
2026-03-10T21:00:00.000Z,0.7500,0.7500,0.7500,0.7600,2832.00,1524334.00,trade,false
2026-03-10T22:00:00.000Z,0.7600,0.7600,0.7500,0.7600,1401.00,1525186.00,trade,false
2026-03-10T23:00:00.000Z,0.7600,0.7600,0.7500,0.7600,991.00,1524771.00,trade,false
2026-03-11T00:00:00.000Z,0.7500,0.7500,0.7500,0.7600,739.00,1524711.00,trade,false
2026-03-11T01:00:00.000Z,0.7600,0.7600,0.7500,0.7600,669.00,1524697.00,trade,false
2026-03-11T02:00:00.000Z,0.7500,0.7500,0.7400,0.7500,1616.00,1524480.00,trade,false
2026-03-11T03:00:00.000Z,0.7500,0.7500,0.7400,0.7500,1702.00,1525319.00,trade,false
2026-03-11T04:00:00.000Z,0.7500,0.7500,0.7400,0.7500,1187.00,1526469.00,trade,false
2026-03-11T05:00:00.000Z,0.7400,0.7400,0.7400,0.7500,1196.00,1527030.00,trade,false
2026-03-11T06:00:00.000Z,0.7400,0.7400,0.7400,0.7500,5012.00,1532009.00,trade,false
2026-03-11T07:00:00.000Z,0.7600,0.7600,0.7500,0.7600,2084.00,1532523.00,trade,false
2026-03-11T08:00:00.000Z,0.7500,0.7500,0.7400,0.7500,201.00,1532469.00,trade,false
2026-03-11T09:00:00.000Z,0.7400,0.7400,0.7400,0.7500,66.00,1532522.00,trade,false
2026-03-11T10:00:00.000Z,0.7500,0.7500,0.7400,0.7500,136.00,1532522.00,trade,false
2026-03-11T11:00:00.000Z,0.7500,0.7500,0.7400,0.7500,136.00,1532522.00,trade,false
2026-03-11T12:00:00.000Z,0.7500,0.7500,0.7400,0.7500,1552.00,1532606.00,trade,false
2026-03-11T13:00:00.000Z,0.7500,0.7500,0.7400,0.7500,181.00,1532606.00,trade,false
2026-03-11T14:00:00.000Z,0.7500,0.7500,0.7400,0.7500,745.00,1532778.00,trade,false
2026-03-11T15:00:00.000Z,0.7500,0.7500,0.7400,0.7500,1667.00,1532811.00,trade,false
2026-03-11T16:00:00.000Z,0.7500,0.7500,0.7400,0.7500,5036.00,1532948.00,trade,false
2026-03-11T17:00:00.000Z,0.7500,0.7500,0.7400,0.7500,709.00,1532909.00,trade,false
2026-03-11T18:00:00.000Z,0.7500,0.7500,0.7400,0.7500,328.00,1532909.00,trade,false
2026-03-11T19:00:00.000Z,0.7400,0.7400,0.7400,0.7500,644.00,1532893.00,trade,false
2026-03-11T20:00:00.000Z,0.7500,0.7500,0.7400,0.7500,1028.00,1532886.00,trade,false
2026-03-11T21:00:00.000Z,0.7500,0.7500,0.7400,0.7500,2664.00,1532849.00,trade,false
2026-03-11T22:00:00.000Z,0.7500,0.7500,0.7400,0.7500,3150.00,1532811.00,trade,false
2026-03-11T23:00:00.000Z,0.7500,0.7500,0.7400,0.7500,410.00,1532806.00,trade,false
2026-03-12T00:00:00.000Z,0.7500,0.7500,0.7400,0.7500,990.00,1532771.00,trade,false
2026-03-12T01:00:00.000Z,0.7500,0.7500,0.7400,0.7500,776.00,1532494.00,trade,false
2026-03-12T02:00:00.000Z,0.7500,0.7500,0.7400,0.7500,910.00,1532484.00,trade,false
2026-03-12T03:00:00.000Z,0.7500,0.7500,0.7400,0.7500,1879.00,1532424.00,trade,false
2026-03-12T04:00:00.000Z,0.7400,0.7400,0.7400,0.7500,1022.00,1532295.00,trade,false
2026-03-12T05:00:00.000Z,0.7500,0.7500,0.7400,0.7500,2995.00,1531154.00,trade,false
2026-03-12T06:00:00.000Z,0.7500,0.7500,0.7400,0.7500,261.00,1531149.00,trade,false
2026-03-12T07:00:00.000Z,0.7500,0.7500,0.7400,0.7500,575.00,1531064.00,trade,false
2026-03-12T08:00:00.000Z,0.7450,,0.7400,0.7500,0.00,1531064.00,midpoint,false
2026-03-12T10:00:00.000Z,0.7500,0.7500,0.7400,0.7500,628.00,1530803.00,trade,false
2026-03-12T11:00:00.000Z,0.7500,0.7500,0.7400,0.7500,484.00,1531233.00,trade,false
2026-03-12T12:00:00.000Z,0.7500,0.7500,0.7400,0.7500,1295.00,1532364.00,trade,false
2026-03-12T13:00:00.000Z,0.7500,0.7500,0.7400,0.7500,343.00,1532665.00,trade,false
2026-03-12T14:00:00.000Z,0.7500,0.7500,0.7400,0.7500,2253.00,1533463.00,trade,false
2026-03-12T15:00:00.000Z,0.7500,0.7500,0.7400,0.7500,3794.00,1533848.00,trade,false
2026-03-12T16:00:00.000Z,0.7500,0.7500,0.7400,0.7500,596.00,1533842.00,trade,false
2026-03-12T17:00:00.000Z,0.7500,0.7500,0.7400,0.7500,3253.00,1532174.00,trade,false
2026-03-12T18:00:00.000Z,0.7400,0.7400,0.7400,0.7500,6384.00,1532115.00,trade,false
2026-03-12T19:00:00.000Z,0.7500,0.7500,0.7400,0.7500,2250.00,1531956.00,trade,false
2026-03-12T20:00:00.000Z,0.7500,0.7500,0.7400,0.7500,1895.00,1531955.00,trade,false
2026-03-12T21:00:00.000Z,0.7500,0.7500,0.7400,0.7500,5180.00,1532991.00,trade,false
2026-03-12T22:00:00.000Z,0.7500,0.7500,0.7400,0.7500,1993.00,1533009.00,trade,false
2026-03-12T23:00:00.000Z,0.7500,0.7500,0.7400,0.7500,4144.00,1531765.00,trade,false
2026-03-13T00:00:00.000Z,0.7500,0.7500,0.7400,0.7500,633.00,1531780.00,trade,false
2026-03-13T01:00:00.000Z,0.7500,0.7500,0.7400,0.7500,598.00,1531780.00,trade,false
2026-03-13T02:00:00.000Z,0.7500,0.7500,0.7400,0.7500,881.00,1531969.00,trade,false
2026-03-13T03:00:00.000Z,0.7500,0.7500,0.7400,0.7500,1159.00,1531969.00,trade,false
2026-03-13T04:00:00.000Z,0.7600,0.7600,0.7500,0.7600,49079.00,1577740.00,trade,false
2026-03-13T05:00:00.000Z,0.7600,0.7600,0.7500,0.7600,895.00,1578634.00,trade,false
2026-03-13T06:00:00.000Z,0.7600,0.7600,0.7500,0.7600,532.00,1579106.00,trade,false
2026-03-13T07:00:00.000Z,0.7600,0.7600,0.7500,0.7600,832.00,1579855.00,trade,false
2026-03-13T08:00:00.000Z,0.7600,0.7600,0.7500,0.7600,166.00,1579938.00,trade,false
2026-03-13T09:00:00.000Z,0.7600,0.7600,0.7500,0.7600,952.00,1580565.00,trade,false
2026-03-13T10:00:00.000Z,0.7600,0.7600,0.7500,0.7600,1404.00,1581969.00,trade,false
2026-03-13T11:00:00.000Z,0.7600,0.7600,0.7500,0.7600,7.00,1581976.00,trade,false
2026-03-13T12:00:00.000Z,0.7600,0.7600,0.7500,0.7600,519.00,1582483.00,trade,false
2026-03-13T13:00:00.000Z,0.7600,0.7600,0.7500,0.7600,579.00,1583016.00,trade,false
2026-03-13T14:00:00.000Z,0.7600,0.7600,0.7500,0.7600,3815.00,1586566.00,trade,false
2026-03-13T15:00:00.000Z,0.7600,0.7600,0.7500,0.7600,502.00,1586963.00,trade,false
2026-03-13T16:00:00.000Z,0.7600,0.7600,0.7500,0.7600,4675.00,1591558.00,trade,false
2026-03-13T17:00:00.000Z,0.7600,0.7600,0.7500,0.7600,1576.00,1592768.00,trade,false
2026-03-13T18:00:00.000Z,0.7600,0.7600,0.7500,0.7600,7750.00,1594854.00,trade,false
2026-03-13T19:00:00.000Z,0.7600,0.7600,0.7500,0.7600,647.00,1595464.00,trade,false
2026-03-13T20:00:00.000Z,0.7600,0.7600,0.7500,0.7600,3053.00,1598513.00,trade,false
2026-03-13T21:00:00.000Z,0.7500,0.7500,0.7500,0.7600,1470.00,1599831.00,trade,false
2026-03-13T22:00:00.000Z,0.7500,0.7500,0.7500,0.7600,2546.00,1601638.00,trade,false
2026-03-13T23:00:00.000Z,0.7600,0.7600,0.7500,0.7600,741.00,1602236.00,trade,false
2026-03-14T00:00:00.000Z,0.7500,0.7500,0.7500,0.7600,3462.00,1605591.00,trade,false
2026-03-14T01:00:00.000Z,0.7600,0.7600,0.7500,0.7600,3269.00,1607713.00,trade,false
2026-03-14T02:00:00.000Z,0.7600,0.7600,0.7500,0.7600,6468.00,1614131.00,trade,false
2026-03-14T03:00:00.000Z,0.7600,0.7600,0.7500,0.7600,2338.00,1616455.00,trade,false
2026-03-14T04:00:00.000Z,0.7600,0.7600,0.7500,0.7600,886.00,1617329.00,trade,false
2026-03-14T05:00:00.000Z,0.7500,0.7500,0.7500,0.7600,1345.00,1618574.00,trade,false
2026-03-14T06:00:00.000Z,0.7600,0.7600,0.7500,0.7600,1680.00,1620150.00,trade,false
2026-03-14T07:00:00.000Z,0.7700,0.7700,0.7600,0.7700,78955.00,1695399.00,trade,false
2026-03-14T08:00:00.000Z,0.7600,0.7600,0.7600,0.7700,339.00,1695668.00,trade,false
2026-03-14T09:00:00.000Z,0.7700,0.7700,0.7600,0.7700,231.00,1695889.00,trade,false
2026-03-14T10:00:00.000Z,0.7600,0.7600,0.7600,0.7700,1524.00,1697326.00,trade,false
2026-03-14T11:00:00.000Z,0.7700,0.7700,0.7600,0.7700,524.00,1697850.00,trade,false
2026-03-14T12:00:00.000Z,0.7700,0.7700,0.7600,0.7700,1609.00,1699459.00,trade,false
2026-03-14T13:00:00.000Z,0.7700,0.7700,0.7600,0.7700,713.00,1700060.00,trade,false
2026-03-14T14:00:00.000Z,0.7600,0.7600,0.7600,0.7700,3342.00,1703349.00,trade,false
2026-03-14T15:00:00.000Z,0.7700,0.7700,0.7600,0.7700,1510.00,1704795.00,trade,false
2026-03-14T16:00:00.000Z,0.7700,0.7700,0.7600,0.7700,4899.00,1709600.00,trade,false
2026-03-14T17:00:00.000Z,0.7600,0.7600,0.7600,0.7700,5899.00,1715072.00,trade,false
2026-03-14T18:00:00.000Z,0.7700,0.7700,0.7600,0.7700,5093.00,1719948.00,trade,false
2026-03-14T19:00:00.000Z,0.7700,0.7700,0.7600,0.7700,1894.00,1721606.00,trade,false
2026-03-14T20:00:00.000Z,0.7700,0.7700,0.7600,0.7700,1166.00,1722401.00,trade,false
2026-03-14T21:00:00.000Z,0.7700,0.7700,0.7600,0.7700,3323.00,1725665.00,trade,false
2026-03-14T22:00:00.000Z,0.7700,0.7700,0.7600,0.7700,3150.00,1728661.00,trade,false
2026-03-14T23:00:00.000Z,0.7700,0.7700,0.7600,0.7700,3715.00,1731527.00,trade,false
2026-03-15T00:00:00.000Z,0.7600,0.7600,0.7600,0.7700,2525.00,1734010.00,trade,false
2026-03-15T01:00:00.000Z,0.7600,0.7600,0.7600,0.7700,56306.00,1786174.00,trade,false
2026-03-15T02:00:00.000Z,0.7700,0.7700,0.7600,0.7700,2521.00,1788641.00,trade,false
2026-03-15T03:00:00.000Z,0.7700,0.7700,0.7600,0.7700,6573.00,1791017.00,trade,false
2026-03-15T04:00:00.000Z,0.7700,0.7700,0.7600,0.7700,8215.00,1799050.00,trade,false
2026-03-15T05:00:00.000Z,0.7700,0.7700,0.7600,0.7700,3988.00,1802808.00,trade,false
2026-03-15T06:00:00.000Z,0.7700,0.7700,0.7600,0.7700,11818.00,1814512.00,trade,false
2026-03-15T07:00:00.000Z,0.7700,0.7700,0.7600,0.7700,4674.00,1818043.00,trade,false
2026-03-15T08:00:00.000Z,0.7600,0.7600,0.7600,0.7700,7598.00,1825332.00,trade,false
2026-03-15T09:00:00.000Z,0.7700,0.7700,0.7600,0.7700,1642.00,1826958.00,trade,false
2026-03-15T10:00:00.000Z,0.7600,0.7600,0.7600,0.7700,2783.00,1829737.00,trade,false
2026-03-15T11:00:00.000Z,0.7700,0.7700,0.7600,0.7700,382.00,1830087.00,trade,false
2026-03-15T12:00:00.000Z,0.7700,0.7700,0.7600,0.7700,12944.00,1842923.00,trade,false
2026-03-15T13:00:00.000Z,0.7700,0.7700,0.7600,0.7700,17377.00,1860251.00,trade,false
2026-03-15T14:00:00.000Z,0.7800,0.7800,0.7700,0.7800,9549.00,1868582.00,trade,false
2026-03-15T15:00:00.000Z,0.7800,0.7800,0.7700,0.7800,7085.00,1875061.00,trade,false
2026-03-15T16:00:00.000Z,0.7800,0.7800,0.7700,0.7800,8523.00,1883542.00,trade,false
2026-03-15T17:00:00.000Z,0.7800,0.7800,0.7700,0.7800,12035.00,1895520.00,trade,false
2026-03-15T18:00:00.000Z,0.7800,0.7800,0.7700,0.7800,42419.00,1937827.00,trade,false
2026-03-15T19:00:00.000Z,0.7800,0.7800,0.7700,0.7800,23868.00,1960496.00,trade,false
2026-03-15T20:00:00.000Z,0.7800,0.7800,0.7700,0.7800,20075.00,1977492.00,trade,false
2026-03-15T21:00:00.000Z,0.7800,0.7800,0.7700,0.7800,23904.00,1998611.00,trade,false
2026-03-15T22:00:00.000Z,0.7700,0.7700,0.7700,0.7800,61587.00,2058799.00,trade,false
2026-03-15T23:00:00.000Z,0.7700,0.7700,0.7700,0.7800,121688.00,2178511.00,trade,false
2026-03-16T00:00:00.000Z,0.7800,0.7800,0.7700,0.7800,202586.00,2375670.00,trade,false
2026-03-16T01:00:00.000Z,0.9000,0.9000,0.8900,0.9000,721851.00,2910475.00,trade,false
2026-03-16T02:00:00.000Z,0.7700,0.7700,0.7600,0.7700,290868.00,3148036.00,trade,false
2026-03-16T03:00:00.000Z,0.9900,0.9900,0.9900,1.0000,644462.00,3501221.00,trade,false
